user_input,retrieved_contexts,response,reference,ragas_faithfulness,ragas_answer_relevancy,ragas_context_relevancy
botulinum definition,"['medical Definition of botulinum toxin : a very powerful neurotoxin that causes botulism and is produced by the botulinum bacterium (Clostridium botulinum); also: botulinum toxin type a Note: Botulinum toxin acts primarily on the parasympathetic nervous system.', 'Botulism is a rare but deadly form of food poisoning caused by Clostridium botulinum, which is found almost everywhere, including in soil and water. Low acid foods, such as meat, fish, poultry, or vegetables, that are improperly canned or improperly preserved may be breeding grounds for this bacteria.otulism is a rare but deadly form of food poisoning caused by Clostridium botulinum, which is found almost everywhere, including in soil and water. Low acid foods, such as meat, fish, poultry, or vegetables, that are improperly canned or improperly preserved may be breeding grounds for this bacteria.', 'There are five main kinds of botulism: 1 Foodborne botulism can happen by eating foods that have been contaminated with botulinum toxin. 2 Wound botulism can happen if the spores of the bacteria get into a wound and make a toxin. 3 Infant botulism can happen if the spores of the bacteria get into an infantâ\x80\x99s intestines.', 'Although the bacterial spores that cause infant botulism are known to occasionally be present in honey, even if a mother was to eat botulism spores in honey, the spores are far too large to pass through her body and into breast milk. Also, botulinum toxin does not pass into breast milk.', 'Cosmetic Uses of Botox. Doctors have been using Botox for years to successfully treat wrinkles and facial creases. Botox is a brand name of a toxin produced by the bacterium Clostridium botulinum. There are also other brand names, such as Dysport and Xeomin.']",Botulinum toxin is a very powerful neurotoxin that causes botulism and is produced by the botulinum bacterium (Clostridium botulinum); it acts primarily on the parasympathetic nervous system.,,1.0,0.6895200203525457,0.0
central city definition,"['Definition of central city. : a city that constitutes the densely populated center of a metropolitan area.', 'Centralia, Illinois. Centralia is a city in Clinton, Jefferson, Marion, and Washington counties in the U.S. state of Illinois. The population was 13,032 as of the 2010 census, down from 14,136 in 2000. The current mayor is Tom Ashby.', 'The definition of centrally is near the center, or equal distance from various points. An example of centrally used as an adverb is in the phrase centrally located, which means near the center. noun', 'Central Jersey. Central Jersey is the central region of the U.S. state of New Jersey. The designation of central New Jersey with a distinct toponym is a colloquial one rather than an administrative one, with no official definition and even a contentious taxonomic existence.', 'Central Time Zone in the United States. 1 The Central Time Zone, includes that part of the United States that is west of the boundary line between the eastern and central standard time zones (view) and east of the boundary line between the central and mountain standard time zones described (view). Five states are in both the eastern and central time zones.']",A central city is a city that constitutes the densely populated center of a metropolitan area.,,1.0,0.9110079422043438,0.0
hotels in thornton co,"['Thornton Hotels. Candlewood Suites Denver North - Thornton. Welcome to the Candlewood Suites Thornton serving Northglenn, Westminster, Brighton, Commerce City, Broomfield, and Thornton. We are minutes from downtown Denver, many RTD stations, Water World, downtown Louisville, and the Broomfield event center.', 'Econo Lodge Thornton -Denver North, a Thornton hotel near Downtown Denver. 1 For everything you need while on the road, book with our Econo LodgeÂ® Thornton-Denver North hotel in Thornton, CO near Downtown Denver to explore Colorado with ease. Visit these popular attractions near this pet-friendly discount hotel in Thornton during your stay in Colorado: Denver Botanic Gardens.', ""4. Hampton Inn Denver-North/Thornton. From Business: Property Location With a stay at Hampton Inn Denver Thornton in Thornton, you'll be close to Boondocks Food and Fun and Thorncreek Golf Course. This hotel is withâ\x80¦. Add to mybookRemove from mybook."", 'We come to Carlisle quite often to visit family my husband had wanted to stay at this hotel for quite awhile the reviews on hotel sites and TripAdvisor were not good but we booked anyway it was very cheap ,and to be honest we did have quite a nice room hotel staff were really friendly and room was quiet as...', 'My wife and I stayed four nights at the SLS Las Vegas Hotel & Casino in April of 2017. We stayed in a non-smoking king bed room. I would not recommend this hotel to anyone.']","The hotels in Thornton, CO mentioned in the context are Candlewood Suites Denver North - Thornton, Econo Lodge Thornton - Denver North, and Hampton Inn Denver-North/Thornton.",,1.0,0.9346010636640752,0.9999999999666667
how bicycle tire tubes are sized,"['Inspect the sidewall of the bicycle tire that needs a new tube. The sidewall is the area of the tire next to the rim on either side that does not touch the ground when the bike is in motion. The tire size will be printed there in raised numbers along with the recommended tire pressure and possibly other information.', 'The numbers on the sidewall of you tyre are the best place to look for your tyre and tube size information. Most tyres will show both an ETRTO size and a Metric or Imperial size. See below images for examples of two of the most common tyre sizes. Mountain Bike 54-559 ETRTO or 26 x 2.1. Road Bike 23-622 ETRTO or 700 x 23c.', '29er (bicycle) a mountain bike with wheels that are approximately 29 inches in diameter, including a 2-inch-wide tire, and are based on ISO 622 mm (aka 700C) rims. 3:1 rule. a UCI rule stating the length and the width of the bicycle tubes cannot exceed the ratio of 3:1.', 'A narrower rear tire like you have is a common setup for mountain biking. Since you bought the bike used, Iâ\x80\x99m betting it originally came with 1.95â\x80³ tires front and rear. That would have been typical for that style bike.', ""Inflate the tire using an air compressor or CO2 canister. While you can't keep an air compressor with you on your next ride, you can store a small CO2 canister in your tool kit. Do not attempt to inflate the tire using a standard hand pump. Mounting and inflating tubeless bicycle tires requires a rapid burst of air pressure.""]","Bicycle tire tubes are sized based on the numbers printed on the sidewall of the tire, which typically include both an ETRTO size and a Metric or Imperial size.",,1.0,0.9777605058672326,0.49999999995
"synonyms for the word, decline","['decline | definition: grow worse | synonyms: retrogress, slip, tumble, deprive, fall away, drop away, degenerate, fail, suffer, come down, sicken, worsen, deteriorate, lose, impoverish, inflame, turn down, drop off, drop, turn, retrograde, regress, devolve, change state| antonyms: better, enrich, recuperate, progress, advisable', 'impending. English Collins Dictionary-English synonyms & Thesaurus. See also: impend, impinge, impedingly, impendence. Add your entry in the Collaborative Dictionary.', ""abjure, renounce, forswear, recant, retract mean to withdraw one's word or professed belief. abjure implies a firm and final rejecting or abandoning often made under oath. abjured the errors of his former faith renounce may carry the meaning of disclaim or disown."", 'English Collins Dictionary-English synonyms & Thesaurus. See also: dim., dim sum, simmer dim, take a dim or poor view of. Add your entry in the Collaborative Dictionary.', 'Synonyms: 1 attempt. 2 try. 3 trial. endeavour. 4 endeavor. effort.']","retrogress, slip, tumble, deprive, fall away, drop away, degenerate, fail, suffer, come down, sicken, worsen, deteriorate, lose, impoverish, inflame, turn down, drop off, drop, turn, retrograde, regress, devolve, change state",,1.0,0.9678318937954188,0.0
causes for uti in women,"[""The National Women's Health Information Center lists these common causes of urinary tract infections in women: 1 Wiping from back to front after a bowel movement. 2 Having sex. 3 Holding urine for too long. Being 1 diabetic. Having a kidney stone or other factor that makes it difficult to urinate. Producing less estrogen, such as after menopause."", ""Each year, about 8.1 million people see a doctor about a urinary tract infection. Women tend to be more prone to UTIs than men, for two reasons: their urethra is shorter, allowing easier access for bacteria to get into the bladder, and ; a woman's urethral opening is close to the anus and vagina which are sources of bacteria."", ""Symptoms may include itching, burning, and painful urination. The National Women's Health Information Center lists these common causes of urinary tract infections in women: 1 Wiping from back to front after a bowel movement. 2 Having sex. Holding urine for too long."", 'UTIs may also be asymptomatic (without symptoms), found on urine analysis and culture. Recurrent UTIs may be related to a variety of sources including kidney stones, fecal incontinence, urinary incontinence, urinary retention, cystocele, rectocele, enterocele or uterine prolapse. In some women, UTIs may occur after intercourse. A prolapse may cause incomplete bladder emptying allowing for stagnation of urine and bacterial growth.', 'When bacteria enter into the urinary tract, this can result in an infection. Escherichia coli (E. coli) is the bacteria that causes the vast majority of UTIs. However, other bacterial pathogens can also cause UTIs. A urine culture can help isolate the bacteria responsible for a particular UTI.']","The common causes of urinary tract infections (UTIs) in women include: 1) Wiping from back to front after a bowel movement, 2) Having sex, 3) Holding urine for too long, 4) Being diabetic, 5) Having a kidney stone or other factors that make it difficult to urinate, and 6) Producing less estrogen, such as after menopause.",,0.5714285714285714,0.844993303885727,0.9999999999
how long does respite last,"[""At assisted living communities, temporary care respite stays are usually less than one month long, and can cost between $75 to $200 per day, according to 2012 Genworth.com data. It's important to keep in mind that the cost of respite care varies with the type of agency and services the person needs."", ""Managing your life. One important function of respite care is that it allows you to take a break from being a caregiver so that you can manage the other important responsibilities in your life. The Alzheimer's Association said that people often use respite care to give them time to run errands during the week."", 'After an individual is admitted to an acute rehabilitation setting, the length of time that they stay in that setting is determined by their ability to benefit from at least 3 hours per day of rehabilitation therapy (including physical therapy, occupational therapy, and speech-language pathology).', 'Aspirin [See IG, p. 46 â\x80\x93 I. Specific Medications] Airway Management, Respiration, and Artificial Ventilation (75 minutes â\x80\x93 1 hr 15 min.) Anatomy and Physiology 0 min -- 1. Not applicable Airway Management 30 min â\x80\x93 Essential 1.', 'Long term inpatient treatment translates to anywhere from 60 to 90 days or longer. The average length of a stay in an inpatient treatment center is about 28 days. This is about the time it takes to break a habit, receive the appropriate therapy and return to a productive life.']",Respite stays are usually less than one month long.,,1.0,0.8805754248418446,0.0
task definition,"['Definition of task: The smallest identifiable and essential piece of a job that serves as a unit of work, and as a means of differentiating between the various components of a project. Dictionary Term of Day Articles Subjects Sign Up', 'Fulfill your obligations. Doing your duty means more than carrying out your assigned tasks. Duty means being able to accomplish tasks as part of a team. The work of the U.S. Army is a complex combination of missions, tasks and responsibilities â\x80\x94 all in constant motion.', 'The definition of sisyphean is a task that is endless and cannot ever be completed. An example of a Sisyphean task is a task that will never be done no matter how long you work at it. Sisyphean', 'remit - the topic that a person, committee, or piece of research is expected to deal with or has authority to deal with; they set up a group with a remit to suggest ways for strengthening family life.', ""problem solving. The process of working through details of a problem to reach a solution. Problem solving may include mathematical or systematic operations and can be a gauge of an individual's critical thinking skills. Use 'problem solving' in a Sentence.""]","The smallest identifiable and essential piece of a job that serves as a unit of work, and as a means of differentiating between the various components of a project.",,1.0,0.341334267786128,0.0
technology working group definition,"[""Looking for the definition of DWG? Find out what is the full meaning of DWG on Abbreviations.com! 'Device Working Group' is one option -- get in to view more @ The Web's largest and most authoritative acronyms and abbreviations resource."", 'DISCOVER | CONNECT | GROW. Since 1994, DCG has focused its efforts in DISCOVERing collaborative learning solutions to expand your core foundation of knowledge. DCG offers a variety of professional development training and expertise in technology platforms, designed to CONNECT with and GROW the skills of individuals, teams and organizations.', 'Technology can be most broadly defined as the entities, both material and immaterial, created by the application of mental and physical effort in order to achieve some value. In this usage, technology refers to tools and machines that may be used to solve real-world problems.', 'THE NEW ISG. ISG is the worldâ\x80\x99s leading global technology research and advisory firm. Through the combination of world-class advisors, research and strategic acquisitions, ISG continues to expand its value, capabilities and offerings to help enterprises in their pursuit of operational excellence and faster growth.', 'After the requirements workshop, elaborate the details of the requirements model, and link the model to development tasks. You can do this by linking work items in Team Foundation to elements in the model. To learn how to do this, see Link model elements and work items. You can link any element to work items, but the most useful elements are as follows: Use cases. You can link a use case to the development tasks that will implement it.']",I cannot answer from the given context.,,0.0,0.0,0.0
temperature in clearwater florida per month,"['Clearwater Beach: Annual Weather Averages. January is the hottest month in Clearwater Beach with an average temperature of 59 Â°F (15 Â°C) and the coldest is January at 59 Â°F (15 Â°C). Average Temperature: Clearwater Beach Loading weather data.', ""Clearwater enjoys moderately hot temperatures in summer with highs in the 80s or 90s Fahrenheit. The 90-degree weather can show up anytime from May to October. But it normally doesn't get any hotter than 100 Â°F (38 Â°C) at this vacation destination. Days per month in Clearwater of at least 70, 80 or 90 Â°F."", ""Clearwater Beach, Florida. Â© Visit St. Petersburg/Clearwater. Clearwater Beach, located on Central Florida's West Coast and home to the nightly Pier 60 Sunset Celebration, has an overall average high temperature of 83Â° and an average low of 63Â°.learwater Beach, Florida. Â© Visit St. Petersburg/Clearwater. Clearwater Beach, located on Central Florida's West Coast and home to the nightly Pier 60 Sunset Celebration, has an overall average high temperature of 83Â° and an average low of 63Â°."", 'The warmest month of the year is July with an average maximum temperature of 89.30 degrees Fahrenheit, while the coldest month of the year is January with an average minimum temperature of 31.40 degrees Fahrenheit.', 'The hottest day of the year is August 6, with an average high of 83Â°F and low of 73Â°F. The cold season lasts for 3.1 months, from December 2 to March 5, with an average daily high temperature below 41Â°F. The coldest day of the year is January 18, with an average low of 19Â°F and high of 31Â°F.']",I cannot answer from the given context.,,0.0,-0.0,0.0
the cast of emoji movie,"[""The Emoji Movie is a 2017 American 3D computer-animated comedy film directed by Tony Leondis, and written by Leondis, Eric Siegel and Mike White, based on the trend of emojis. It stars the voices of T. J. Miller, James Corden, Anna Faris, Maya Rudolph, Steven Wright, Rob Riggle, Jennifer Coolidge, Christina Aguilera, SofÃ\xada Vergara, Sean Hayes and Patrick Stewart. The film centers on Gene, a multi-expressional emoji who lives in a teenager's phone, and who sets out on a journey to become a ..."", ""Heath Ledger, Christopher Plummer, Andrew Garfield, Lily Cole, Verne Troyer, and Tom Waits star in the film, though Ledger's death one-third of the way through filming caused production to be temporarily suspended."", 'Charlie Day, Ice Cube, Tracy Morgan, Dean Norris, Jillian Bell. The pic is in the tone of â\x80\x9980s cult hit Three Oâ\x80\x99Clock High but a grown-up version: Day plays a mild-mannered English teacher who is put to the test when a colleague (Ice Cube) who thinks he is trying to get him fired challenges him to a fist fight after school.', 'Leonardo DiCaprio, Ken Watanabe, Joseph Gordon-Levitt, Marion Cotillard, Ellen Page, Tom Hardy. Inception Synopsis. Acclaimed filmmaker Christopher Nolan directs an international cast in an original sci-fi actioner that travels around the globe and into the intimate and infinite world of dreams.', ""Cast and characters. 1 Seth Green as Eli Sachs, Warner's business partner. 2 Giovanni Ribisi as Warner Whittemore, Eli's business partner. 3 Peter Riegert as David Sachs, Eli's dad. Martin Mull as Crawford Whittemore, Warner's 1 dad. Brenda Song as Veronica, Eli's and Warner's assistant. Tonita Castro as Edna, Eli's maid.""]","The cast of The Emoji Movie includes T. J. Miller, James Corden, Anna Faris, Maya Rudolph, Steven Wright, Rob Riggle, Jennifer Coolidge, Christina Aguilera, Sofía Vergara, Sean Hayes, and Patrick Stewart.",,1.0,0.9273459532189394,0.0
the economics is or are,"['The ceteris paribus rule. Economics is a social science, and, unlike the physical sciences, cannot engage in controlled experimentation to demonstrate how variables are connected. In the real world, economic variables such as price and income, are constantly changing, and this creates a problem in demonstrating the relationship between variables.', 'Multiple Choice Questions. 1. Economics is the study of: A. increasing the level of productive resources so there is maximum output in society. B. increasing the level of productive resources so there is a minimum level of income. C. how people, institutions, and society make choices under conditions of scarcity. D. the efficient use of scarce resources paid for at the minimum level of cost to consumers and businesses.', ""Key Points. 1 Natural resource economics focuses on the supply, demand, and allocation of the Earth's natural resources. 2 Every man-made product in an economy is composed of natural resources to some degree. 3 Natural resources can be classified as potential, actual, reserve, or stock resources based on their stage of development."", 'Boisot and Sanchez (2010) suggest that both specific and generic forms of economic. organization can be understood as instances of nexus of rules and routines that emerge from. the recurrent interactions of economic decision makers.', 'And how the discipline should change to avoid the mistakes of the past. OF ALL the economic bubbles that have been pricked, few have burst more spectacularly than the reputation of economics itself. A few years ago, the dismal science was being acclaimed as a way of explaining ever more forms of human behaviour, from drug-dealing to sumo-wrestling.']",I cannot answer from the given context.,,0.0,0.0,0.0
britne oldford worth,"['Britne Oldford Net Worth is $100,000 Britne Oldford Biography 19 Synopsis: Twenty-three yrs . old Britne Oldford is certainly a Canadian film and television actress, whoâ\x80\x99s best known on her behalf attractive function as Eddie Campbell on the American remarks of Skins.', 'Net Worth: $50 Million. About Bo Derek. American film actress and model, Mary Cathleen â\x80\x9cBo Derekâ\x80\x9d Collins has an estimated net worth of $50 million. An aspiring model, 16-year-old Bo Derek was introduced to actor and cinematographer John Derek in 1971.', 'With that in mind, you might be wondering how much Britney Spears is actually worth. As of 2018, Britney Spears is worth $200 million. Letâ\x80\x99s take a look at how hard sheâ\x80\x99s hustled for that pretty sum, shall we?', 'Born on October 30, 1983 in Memphis, Tennessee, United States. Moneybagg Yoâ\x80\x99s net worth is estimated at 150 thousand dollars. Real name: Demario White. Moneybagg Yoâ\x80\x99s Height: Nationality: American.', 'Kate Middleton Net Worth. Kate Middleton net worth is estimated at $1 million. Kate Middleton, also known by her royal title of â\x80\x9cThe Duchess of Cambridgeâ\x80\x9d is the wife of Prince William and a member of the British Royal family.']","Britne Oldford Net Worth is $100,000.",,1.0,0.8713915281453181,0.0
does flomax cause liver damage,"['Lipitor (atorvastatin) is a cholesterol-lowering statin created by Pfizer that has been linked to liver damage, elevated liver enzyme levels, liver failure, and death. The U.S. Food and Drug Administration (FDA) warned about the risk of liver damage in 2009 and again in 2012.', ""Tell your doctor right away if you have any serious side effects, including: unusual bruising/bleeding, signs of kidney problems (such as change in the amount of urine), signs of liver problems (such as nausea/vomiting that doesn't stop, loss of appetite, stomach/abdominal pain, yellowing eyes/skin, dark urine)."", 'FDA has found that liver injury associated with statin use is rare but can occur. Patients are advised to consult their health care professional if they have symptoms that include unusual fatigue, loss of appetite, right upper abdominal discomfort, dark urine or yellowing of the skin or whites of the eyes.', 'Lipitor and High Liver Enzymes. Doctors measure liver enzymes to see if a person has liver damage; however, liver enzymes alone do not measure how well the liver is working.arnings and Precautions With Lipitor. Because Lipitor can affect the liver, it should be used with caution in people who drink more than a moderate amount of alcohol or who have a history of liver disease. Doctors do not normally recommend this medication for people with liver disease or high liver enzymes.', 'Fluoroquinolones, including Cipro IV, have been associated with an increased risk of central nervous system (CNS) effects, including convulsions, increased intracranial pressure (including pseudotumor cerebri), and toxic psychosis Cipro IV may also cause central nervous system (CNS) events including: nervousness, agitation, insomnia, anxiety, nightmares, paranoia, dizziness, confusion, tremors, hallucinations, depression, and, psychotic reactions have progressed to suicidal ideations ...']",I cannot answer from the given context.,,1.0,-0.0,0.0
united home life insurance phone number,"['United Home Life Insurance Company(UHL) 225 S. East St Indianapolis, IN 46202 : Phone: 1-800-428-3001 : Website: www.unitedhomelife.com * A.M. Best: A- (Excellent) BBB: A-About: United Home Life Insurance Company was formed in 1948. They specialize in life insurance policies with simplified underwriting. This means there are no medical exam and no bodily fluids required for underwriting your policy.', ""This People's United Bank phone number is ranked #3 out of 6 because 774 People's United Bank customers tried our tools and information and gave us feedback after they called. The reason customers call 800-525-9248 is to reach the People's United Bank Customer Service department for problems like Setup an account, Question, Complaint."", 'Call our shortcut number Shortcut Number (Opens Pop-up Layer) to reach. us from a mobile phone. 210-531-USAA (or 210-531-8722) Phone Menu Tips for Auto and Property Insurance Claims(Opens Pop-up Layer) 800-531-USAA (or 800-531-8722) Phone Menu Tips for Auto and Property Insurance Claims(Opens Pop-up Layer)', 'Contact us: Appointments. Appointments Information. If you would like to make an appointment, please call the physician referral office at 305-243-4000, or visit our secure online appointment form. International patients, please visit UHealth International, or call 305-243-9100 to request an appointment.', ""If you have a Twitter account, you can reach Hulu customer service at the handle @hulu_support. Hulu customer service phone number. Try reaching Hulu customer service at these phone numbers: 877-485-8411. 1-877-719-2773. 1-888-265-6650 . Those are some ways that you can get in contact with Hulu! We hope that you're able to fix your issue with Hulu!""]",1-800-428-3001,,1.0,0.43830035541247553,0.0
us estate tax for canadians,"['Given the lack of details beyond the above statement, it is natural for people to wonder what this proposal really means and how the changes will impact them, particularly for Canadians. As a reminder, US estate tax, which Trump calls the death tax, is a federal estate tax that applies at a rate of 40% on individual estates over $5.49million or $10.98million for married couples. The US estate tax affects Canadians who are dual US citizens and even Canadians who own US situs property, which includes both real property and US-based securities (whether registered or not).', 'Technically the first tax bracket is $0 to $44,701, but Iâ\x80\x99ve included the effect on marginal tax rate from the federal basic personal amount of $11,327 and the Alberta basic personal amount of $18,214. 1 Up to $11,327 â\x80\x93 tax rate of 0%.', ""This exemption applies to the death benefits on virtually all forms of traditional life insurance and most forms of life assurance. If your spouse has a term life insurance policy that's worth $300,000, you won't have to pay taxes on any portion of its eventual payout.Different rules may apply to pre-death payouts. If your spouse's policy is structured as a whole life insurance plan, its death benefit won't be subject to taxation.his exemption applies to the death benefits on virtually all forms of traditional life insurance and most forms of life assurance. If your spouse has a term life insurance policy that's worth $300,000, you won't have to pay taxes on any portion of its eventual payout. Different rules may apply to pre-death payouts."", '1 Any taxable money you gift an heir during your lifetime will count toward the estate that you leave them upon your death. For example, if you give your child $200,000 each year for ten years for a total of ten years, and upon death leave them 5 million, your total gift will have a value of $7 million for tax purposes.', 'File Form ET-706, New York State Estate Tax Return. Be sure to use a return designated for dates of death on or after April 1, 2014. Be sure to include federal Form 706, United States Estate Tax Return. You must complete and include Form 706 even if the estate is not required to file a federal estate tax return.']","The US estate tax, which Trump calls the death tax, is a federal estate tax that applies at a rate of 40% on individual estates over $5.49 million or $10.98 million for married couples. The US estate tax affects Canadians who are dual US citizens and even Canadians who own US situs property, which includes both real property and US-based securities (whether registered or not).",,1.0,0.6578529959098343,0.0
cadillac meaning,"['Cadillac definition: The definition of a Cadillac is a car brand produced by General Motors, or something that is the highest quality of its kind. (noun) An example of a Cadillac is the most expensive and well made designer bag on the market....', 'Certified Pre-Owned: No Transmission: 6-Speed Manual Color: Radiant Silver Metallic Description: Used 2016 Cadillac ATS-V Sedan for sale - $46,977, 8,760 miles with Navigation System, Leather Seats.', 'Armored car (valuables) Prosegur armored car in Barcelona. An armored Garda car, in Ypsilanti Township, Michigan. A common meaning of armored car (or armored cash transport car, security van) is an armored van or truck, used in transporting valuables, such as large quantities of money (especially for banks or retail companies).', 'By KBB.com Editors. Fast-living rappers and bling-dazzled celebrities swooned over the original Escalade, but, in addition to more power and a greater length, the 2009 Cadillac Escalade stresses finesse over flashiness. Refinements are easily noticeable inside and out, and the newest Escalade behaves more admirably on the road than its predecessor.', 'SERVING Raleigh & Durham CUSTOMERS - Hendrick Buick GMC Cadillac IN Cary. Welcome to our Buick and GMC vehicle showroom - Hendrick Buick GMC Cadillac - at the Cary Auto Mall. We are proud to be your new and pre-owned car, truck and SUV dealer. At Hendrick, we have one of the largest inventories of any car dealership near Raleigh!']","The definition of a Cadillac is a car brand produced by General Motors, or something that is the highest quality of its kind.",,1.0,0.8438018020246679,0.0
calculation of geometric mean,"['How to calculate Geometric Mean. The Geometric mean of a set of data can be derived from the formula Geometric Mean Calculation Example For example, to find the geometric mean of 9, 27 and 66; The first step is to multiplying the given numbers 9 x 27 x 66 will yield the result 16038. By taking cube root of the result 16038 gives the resulting Geometric Mean 25.2184.', 'Sum of the Terms of a Geometric Sequence (Geometric Series) To find the sum of the first n terms of a geometric sequence use the formula, S n = a 1 ( 1 â\x88\x92 r n ) 1 â\x88\x92 r , r â\x89 1 , where n is the number of terms, a 1 is the first term and r is the common ratio .', 'A ratio of two sides of a right triangle. In a right triangle, the ratio of the length of the leg opposiâ\x80¦. In a right triangle, the ratio of the length of the leg adjaceâ\x80¦. Geometric mean. In the example shown, side CD is what we would call the ______â\x80¦.', 'There are 9 numbers in the series, so the mean is: Mean = 135/9 = 15. A quick way to check if your answer is reasonable is to see if your answer is somewhere between the lowest and greatest number in the series. In our case, 11 is the lowest and 20 is the greatest.', 'Example 2: Find the first five terms and the common ratio of the geometric sequence . Since a geometric sequence is a sequence, you find the terms exactly the same way that you do a sequence. n is our term number and we plug the term number into the function to find the value of the term.']","The geometric mean of a set of data can be derived from the formula by multiplying the given numbers and then taking the cube root of the result. For example, to find the geometric mean of 9, 27, and 66, you multiply them (9 x 27 x 66) to get 16038, and then take the cube root of 16038, which gives the resulting geometric mean of 25.2184.",,1.0,0.7793423255327485,0.0
weather in avon in,"['The lowest monthly average temperature in Avon for February is 30 degrees. The most monthly precipitation in Avon occurs in June with 5.1 inches. The air quality index in Avon is 18% worse than the national average. The pollution index in Avon is 53% better than the national average.', ""Avon is used chiefly in the English language and its origin is Celtic. The name's meaning is river. Avan, Aven, Avin, Avun, and Avyn are variants of Avon. Avon is rarely used as a baby name for boys. It is not listed in the top 1000 names."", '58Â° Overcast North Andover, MA (01845) Today Sunshine and clouds mixed. High around 60F. Winds NE at 10 to 15 mph.. Tonight Cloudy with occasional rain late. Low around 45F. Winds ENE at 10 to 15 mph. Chance of rain 100%.', 'Avondale Homes for Sale and MLS Search. The city of Avondale is in Maricopa County and adjacent to Phoenix. It has a population of 76,238 and covers an area of 41.3 square miles. It was incorporated in 1946. Avondale is a sports mecca. Home to the Phoenix International Raceway it hosts two NASCAR races every year and is near many Cactus League stadiums.', 'A steady rain arriving overnight. Low 62F. Winds E at 5 to 10 mph. Chance of rain 80%. A shower or two around the area in the morning, then partly cloudy in the afternoon. High 69F. Winds NNE at 10 to 15 mph.']",I cannot answer from the given context.,,0.0,-0.0,0.19999999998
what are bound fields connected to,"['Field Stops. The element that limits the size or angular breadth of an object that can be imaged by the system is called the field stop. For cameras, the size of the film or CCD detector determines the maximum image size and serves as the field stop.', 'Subform: Use to display data from more than one table on a form or report. ï\x82· Bound Controls are connected to a data source (like a combo box that lets you choose the customer. for an order.) In Design View, they display the name of the bound field; in Form or Layout View, they. display database records.', 'End fittings provide specific surfaces for connecting vessels in hydraulic systems. 1 Clamp ends are fittings which allow hoses or tubes to be clamped over the part. 2 Plain ends are fittings with surfaces which allow pipes or tubes to be connected by adhesive, solder, welding, or other permanent means.', ""Land in open range that is designated as part of a herd district reverses liabilities, requiring an animal's owner to fence it in or otherwise keep it on the person's own property. Most eastern states and jurisdictions in Canada require owners to fence in or herd their livestock.n the north, overgrazing stressed the open range, leading to insufficient winter forage for the cattle and starvation, particularly during the harsh winter of 1886â\x80\x931887, when hundreds of thousands of cattle died across the Northwest, leading to collapse of the cattle industry."", 'Directly, ligaments tether bone to bone. However, indirectly (and directly) muscular attachments and tendons also help reinforce the connections and provide stability to joints and allow for mobility.']",Bound Controls are connected to a data source.,,1.0,0.5678500593156579,0.0
what are cuban links,"['To shine in any situation, you need some statement jewelry, and nothing makes a statement quite like a 14k gold Cuban link chain. The Cuban link, also called a concave curb link, is a variation of the traditional cable chain, which is the most common type of jewelry chain. A basic cable chain comprises individual links that interlock in a uniform pattern, with each link at 90 degrees to the two adjacent links.', 'Via Canada[edit] A common practice for US citizens travelling to Cuba via Canada is a two-leg flight: a flight booking for a flight to (and from) Canada and then a separate booking for the flight to (and from) Cuba.', 'The Cuban Convertible Peso is the currency of Cuba. Our currency rankings show that the most popular Cuba Convertible Peso exchange rate is the CUC to CAD rate. The currency code for Convertible Pesos is CUC, and the currency symbol is CUC$.', ""These are big-ticket items of Cuba's economy. GAESA is a family firm. It is headed by Luis Alberto Rodriguez, Raul's son-in-law. He's also an army general and Raul, of course, is the comandante en jefe. If you want to make money in Cuba, Rodriguez holds the keys to the vault. This all represents Cuba's emerging profile as a family-military dictatorship."", 'Some activities in Cuba are much more fun than the ones here. For example, my Cuban friends and I race around on 4-wheelers, we ride bikes to the ocean, and take dips in a refreshing pool. I never get worried about playing outside and getting hit by a car or annoyed by a potential kidnapper.']","Cuban links, also called a concave curb link, are a variation of the traditional cable chain, which is the most common type of jewelry chain.",,1.0,0.7552778958935072,0.0
calories in soy oil,"['The 126 calories in one serving of soy oil are equivalent to the calories burned while: Running (6 mph) for 10 minutes; Stationary rowing for 22 minutes; Chopping wood for 16 minutes; Sleeping for 1 hour and 51 minutes (Calculations are based on a 150-lb person.)', 'There are 120 calories in 1 tablespoon of Vegetable Oil. Calorie Breakdown: 100% fat, 0% carbs, 0% prot.', 'No matter what type of fat you consume, every gram contains 9 calories. To convert fat calories into grams of fat, just divide the calories by nine. For example, a tablespoon of olive oil has 119 calories, all of which come from fat.', 'One tablespoon of peanut butter has 94 calories, 4 grams protein, and 8 grams of total fat, and a little less fiber than almond butter. But the difference is slight, and you can save a lot of money buying peanut butter instead.', 'There are 359 calories in 1 cup of Home Fries. Get full nutrition facts and other common serving sizes of Home Fries including 1 oz, raw, yields and 1 slice. Register | Sign In']",126 calories in one serving of soy oil.,,1.0,0.9135410740649222,0.0
what are investigators and special agents responsible for ?,"['In fact, dozens of Federal agencies have their own law enforcement authority, and special agents who use that authority every day. Social Security is no different. We have criminal investigatorsâ\x80\x94aka special agentsâ\x80\x94who are responsible for investigating violations of the laws that govern Social Securityâ\x80\x99s programs. Currently, about 230 special agents work in 66 offices across the United States.', 'Our internal investigations and corporate compliance team regularly assists clients with: 1 Crisis management. 2 Responding to allegations of financial fraud and accounting irregularities, antitrust violations, breach of fiduciary duty and a host of other challenges. 3 Conducting internal audits and forensic investigations.', 'In addition to rulemaking and enforcing various aspects of administrative law, some independent agencies that operate alongside the United States Federal Government will perform audits or investigations of larger governmental bodies.', 'The Secret Service, a division of the Treasury Department, also investigates financial fraud such as counterfeiting--its original mission when it was founded in 1865. More is spent on protection than fraud investigations, but the Secret Service does not reveal the actual breakdown.', '1 Works with law enforcement officers in the investigation of criminal cases. 2 Provides legal advice to the Commissioners Court and to other elected officials. Brings civil enforcement actions on behalf of the state or county.']",Investigators and special agents are responsible for investigating violations of the laws that govern Social Security’s programs.,,1.0,0.7313192129831396,0.0
what are mesas,"[""Mesa has a larger top than the sides, whereas a Butte's sides are higher than the top area."", 'Mesa is a city in Maricopa County, in the U.S. state of Arizona. It is a suburb located about 20 miles east of Phoenix. Mesa is the central city of the East Valley section of the Phoenix Metropolitan Area. It is bordered by Tempe on the west, the Salt River Pima-Maricopa Indian Community on the north, Chandler and Gilbert on the south along with Queen Creek, and Apache Junction on the east. Mesa is the third-largest city in Arizona, after Phoenix and Tucson, and the 38th-largest city in the US. The city is home to 439,041 people as of 2010 according to the Census Bureau. Mesa is home to numerous higher education facilities including the Polytechnic campus of Arizona State University', 'Mesa County, Colorado (CO) County population in 2014: 148,255 (87% urban, 13% rural); it was 116,255 in 2000. County owner-occupied with a mortgage or a loan houses and condos in 2010: 29,788. County owner-occupied free and clear houses and condos in 2010: 11,718. County owner-occupied houses and condos in 2000: 33,306.', ""things to do in mesa In Mesa, Arizona it's easy to find adventure. Packed with excitement, the Mesa area offers visitors an explosion of educational, cultural and outdoor attractions."", ""The scraping and plucking of glacial erosion creates a number of distinct landforms and features. If the glacier erodes into a mountain, it can create a cirque, which is a round hollow with steep sides. It's as if the glacier scoops out the side of the mountain like an ice cream scooper.""]",Mesas are landforms that have a larger top than the sides.,,1.0,0.9614240794533535,0.0
what are the five basic chart forms,"['The basic types of price charts are bar, candlestick, line, and point and figure. One of the most common types of charts used is a bar chart, where each bar represents one point in time. Though a bar typically represents one day, bar charts can be used to show longer periods, where one bar might represent an entire week or month.', 'About the Stock Charts Page. The default chart is 1 year Open/High/Low/Close (OHLC) chart for an individual stock. The intervals (aside from the Intraday) are for 5 days, 1 Month, 3 Months, 6 Months and from 1 to 10 years (if the company has 10 years of price and volume data available). The historical charts include the last sale from the current day.', 'Spreadsheet programs such as Excel and the alternatives from GoogleDocs and OpenOffice typically contain visualization tools. This means you can select a data set and transform it into a graphical display. The type of display you use in any individual case depends on the nature of the data. In Excel, users can choose form a wide range of options including bar charts, line charts, pie charts, scatter charts and bubble charts among many others.', 'Chart and Diagram Slides for PowerPoint - Beautifully designed chart and diagram s for PowerPoint with visually stunning graphics and animation effects. Our new CrystalGraphics Chart and Diagram Slides for PowerPoint is a collection of over 1000 impressively designed data-driven chart and editable diagram s guaranteed to impress any audience.', 'The format of this document is designed to be succinct yet also present a complete and. accurate description of the subject. Short paragraphs, bullet format, diagrams and appendices are. used to convey general or generic, vice specific, information. Numbers, ranges, sizes and speeds.']",I cannot answer from the given context.,,0.0,0.0,0.0
what are the salaries of big bang actors,"['If The Big Bang Theory actors are working roughly 40 hours a week, that would translate to $25,000 an hour. Even if you give the actors the benefit of the doubt and say they work 60 hours a week (12 hours a day), that still comes out to more than $16,000 an hour.', 'Actress Salary. Actress average salary is $90,538, median salary is $68,794 with a salary range from $25,709 to $208,000. Actress salaries are collected from government agencies and companies.', 'The Bureau of Labor Statistics has revealed that in May 2009 the average astronomer was bringing home nothing under $102,740 which rounded out to $49.40 per hour. The median salary of astronomers was revealed to be $104,720 which rounded out to be $50.53 per hour.', 'â\x80\x9cThe Big Bang Theoryâ\x80\x9d spinoff is making movement, setting its core cast, including the young star who will play the childhood version of Sheldon has been cast, Variety has learned.', 'A NASA astronaut is paid $89,693 to $122,336 per year based on education and experience level. Read on below to see how this number was calculated. Astronauts are required to be in peak physical and mental condition, they have to endure long periods of time away from home, and they have to complete grueling training.']",I cannot answer from the given context.,,0.0,0.0,0.0
what caused the greco roman war,"['Peloponnesian wars were a result of the lack of understanding between Athens and Sparta. Both were cities in Greece. There was a truce period of 30 years before the Peloponnesian wars started between Athens and Sparta.', 'The First Greco-Persian War. Because Greece was mountainous and did not have a great deal of land available for farming, many city-states sponsored the creation of colonies, new cities outside of the Greek mainland, populated by Greeks, which would often be allied to one of the major city-states.', 'Over the course of the next century, these three major conflicts between Rome and Carthage would determine the course of Western civilization. The wars included a Carthaginian invasion led by Hannibal, which nearly prevented the rise of the Roman Empire.', ""Failing Economy and High Inflation Unemployment working class The 'Mob' and the cost of the Gladiatorial Games Decline in Ethics and Values Slave Labor Natural Disasters Christianity Barbarian Invasion Major Causes For The Empire to Decline One of the main causes for the fall of the Roman Empire were problems between the Senate and the Emperor."", ""The Battle of Pharsalus was the decisive battle of Caesar's Civil War that ultimately sent Pompey to his deathbed after he fled to Egypt. On 9 August 48 BC at Pharsalus in central Greece, Gaius Julius Caesar and his allies formed up opposite the army of the Republic under the command of Gnaeus Pompeius Magnus (Pompey the Great).""]",I cannot answer from the given context.,,1.0,0.0,0.0
"what county is millville, pa in","['Millville, Pennsylvania. Millville is a borough in Columbia County, Pennsylvania, United States. As of the 2010 census it had a population of 948.[1] It is part of the Bloomsburgâ\x80\x93Berwick Micropolitan Statistical Area.', 'Airville, Pennsylvania. Airville is an unincorporated community in York County, Pennsylvania, United States. Airville is located in the southeastern part of the county where Pennsylvania Route 74 and Pennsylvania Route 425 intersect and is about 4 miles outside Woodbine.', 'Hawley is a borough in Wayne County, Pennsylvania, United States. The population was 1,211 at the 2010 census. The borough was named for Irad Hawley, first president of the Pennsylvania Coal Company. Early industry centered around the transportation and support of nearby coal mining operations along with manufacturing facilities.', 'Sponsored Topics. Lewisberry is a borough in York County, Pennsylvania, United States. The population was 385 at the 2000 census. Lewisberry is located at 40Â°8â\x80²7â\x80³N 76Â°51â\x80²38â\x80³W / 40.13528Â°N 76.86056Â°W / 40.13528; -76.86056 (40.135300, -76.860504). According to the United States Census Bureau, the borough has a total area of 0.1 square miles (0.3 kmÂ²), all of it land.', 'Narvon is an unincorporated community in Salisbury Township in Lancaster County, Pennsylvania, United States. It has a sizeable Amish population.[2]']","Millville, Pennsylvania is in Columbia County.",,1.0,0.9510985074474317,0.0
what do goblins represent in literature,"['A goblin is a legendary evil or mischievous creature; a grotesquely evil or evil-like phantom. They are attributed with various abilities, temperaments and appearances depending on the story and country of origin.', 'Zhok and his Orcs had recently conquered the Night Goblins that lived in and under Thunder Mountain. Many of the Broken Axe Goblins felt they should run from the larger Orcs or submit to their rule. Grom, however, had other ideas. Grom set out alone, his axe slung over his mighty shoulder.', 'In modern fiction, the term has often been used for a certain kind of undead monster. By extension, the word ghoul is also used in a derogatory sense to refer to a person who delights in the macabre, or whose profession is linked directly to death, such as a gravedigger or graverobber.n modern fiction, the term has often been used for a certain kind of undead monster. By extension, the word ghoul is also used in a derogatory sense to refer to a person who delights in the macabre, or whose profession is linked directly to death, such as a gravedigger or graverobber.', 'Uncle Wiggily is only one of many recurring characters in the series. For example, the Pipsisewah is an unsavory bully that appears as a rhinoceros-like creature.ncle Wiggily is only one of many recurring characters in the series. For example, the Pipsisewah is an unsavory bully that appears as a rhinoceros-like creature.', ""The serpent or snake is revered worldwide. It's shown over and over again as a potent deity. The snake is associated with both negative and positive, or duality, even in Christianity. This is shown in the Bible in the story of Adam and Eve.""]","Goblins represent legendary evil or mischievous creatures; they are depicted as grotesquely evil or evil-like phantoms, with various abilities, temperaments, and appearances depending on the story and country of origin.",,1.0,0.8548781151343826,0.9999999999
what do you mean by parsing,"['Parsing means to recognize information in text and build an in memory representation. Very simple examples of parsing are: * recognizing that the integer value represented by the string â\x80\x9c123â\x80\x9d is the number 123 * recognizing the date represented in...', 'The purpose of this specification is to define a concise and familiar syntax for defining tree structures with attributes. A generic but well defined syntax enables a community of independent parsers and syntax highlighters to conform to a single specification.', 'In computer science, an interpreter is a computer program that directly executes, i.e. performs, instructions written in a programming or scripting language, without requiring them previously to have been compiled into a machine language program. An interpreter generally uses one of the following strategies for program execution: parse the source code and perform its behavior directly; translate source code into some efficient intermediate representation and immediately execute this; explicitly', 'English grammar is the way in which meanings are encoded into wordings in the English language. This includes the structure of words, phrases, clauses, and sentences, right up to the structure of whole texts.', '* You must be logged in to import a list to your account. CCSS Anchor Standard. Determine or clarify the meaning of unknown and multiple-meaning words and phrases by using context clues, analyzing meaningful word parts, and consulting general and specialized reference materials, as appropriate. VocabularySpellingCityÂ® is a registered trademark.']",Parsing means to recognize information in text and build an in-memory representation.,,1.0,0.9158395066216408,0.0
what does a common cold remedies do,"[""When an infected cell dies, new virus particles are released and go on to infect other cells. Some of the symptoms of a cold are caused by the actions of the virus. For example, destruction of cells lining the respiratory tract or throat can cause sore throat, cough, and runny nose.Other symptoms are caused by the body's immune reaction to the virus.ear Healthy and wanting to stay that way, The common cold, also known as an upper respiratory infection (URI), can be caused by any of more than 200 viruses. These viruses attack and multiply in the cells that line the nose and throat. Colds are often spread through touch."", 'A cold remedy used in many cultures, taking in warm liquids, such as chicken soup, tea, or warm apple juice, might be soothing and might ease congestion by increasing mucus flow. Add moisture to the air. A cool mist vaporizer or humidifier can add moisture to your home, which might help loosen congestion.', 'More than 200 different types of viruses are known to cause the common cold, with rhinovirus causing approximately 10%-40% of all adult colds. Other commonly implicated viruses include coronavirus, adenovirus, respiratory syncytial virus, and parainfluenza virus.', ""Four Methods:Curing Your Cold FastDecongesting Your SinusesGiving Your Body a BreakTreating Your Other SymptomsCommunity Q&A. Although it's not a very serious virus, the common cold can make you feel miserable. The key to curing a cold fast is early detection. If you think you've contracted a cold, you need to take precautionary measures immediately. Increase your vitamins."", ""4. Vitamin E. This antioxidant vitamin, another immune system booster, won't do much, if anything, to shorten a cold, but it could keep you from getting one. In one year-long, high-quality study from Tufts University, 451 adults age 65 and older were given either 200 IU of vitamin E each day or a placebo.""]","A common cold remedy, such as taking in warm liquids, might be soothing and might ease congestion by increasing mucus flow. Additionally, adding moisture to the air with a cool mist vaporizer or humidifier can help loosen congestion.",,1.0,0.0,0.0
what does a t with a dot over it mean on a prescription,"['Symbol given to nurse by doctors on prescriptions for patient. The medication prescription the doctor gave to my nurse to give to me on leaving the hospital has a sign, like a T with a dot over it. It has something to do with pills. Does anyone know exactly what this symbol means?', 'richka, the symbol T with a dot over it would mean one pill. A symbol for 2 pills would have 2 vertical lines crossed at the top with a horizonal line (like a double TT) and have 2 dots on top, 3 pills would be TTT with 3 dots on top.', '3. What does the symbol Â® mean? The symbol Â® is a notice of registered ownership used in many countries or regions to advise the public that a trademark or service mark is registered and to provide constructive notice of the legal ownership status of the mark with which it is used.he symbol SM functions similarly to the symbol TM, in that it is used to provide notice of a claim of common-law rights in a mark; however, it is used in connection with a service mark, covering services, such as banking or legal services, rather than tangible goods.', 'The two dots on the letter i are a French diacritic sign. The two dots in the French spelling naif / naÃ¯f naive naÃ¯ve show that ai has not its normal pronunciation but is spoken as two /separate-vowels/. A I in english you can write naive. Or Naive naÃ¯ve the french term for the two/dots/on e i. u is trema trÃ©ma', 'T82.111A is a billable/specific ICD-10-CM code that can be used to indicate a diagnosis for reimbursement purposes. This is the American ICD-10-CM version of T82.111A. Other international versions of ICD-10 T82.111A may differ.']",The symbol T with a dot over it means one pill.,,1.0,0.7526290401286726,0.0
cause of computer overheating,"['HP Desktop PCs - Computer Overheating Prevention. Heat buildup can cause problems for any computer. Generally, when temperatures inside the computer case rise above 35 degrees Celsius (95 degrees Fahrenheit), the risk of damaging important internal components increases greatly. The most common cause of a computer getting too hot is the accumulation of dust inside the computer.', 'This internal cooling system may not function properly if you are not drinking enough water, which can cause heat cramps, a quickened pulse, dizziness, lightheadedness, severe weariness, and feelings of being too hot or cold. In severe cases, heat stoke can occur, which can be life-threatening.', 'If you exercise vigorously and do not sweat AT ALL, or donâ\x80\x99t sweat during extremely high temperatures, this could be an indication of a health condition called anhidrosis. This condition can lead to overheating, so if you suspect you could have it, consult a physician.', 'How to lower my CPU temperature? Its really high as you can see below my CPU is 65C at IDLE temperature ! I have replaced the stock heatsink and fan and all the other fans in my pc with new expensive ones. The new heatsink i got is the ASUS silent Knight II. What else can i do too fix this ? because that hasnt helped.', '1. Misfiring. Misfiring in the engine system can cause the catalytic converter to overheat. Alternatively, an exceptionally rich fuel mixture will exhibit similar symptoms. When there is a presence of an extra rich fuel mixture, raw fuel enters the catalytic converter and is ignited.']",The most common cause of a computer getting too hot is the accumulation of dust inside the computer.,,1.0,0.793426225768821,0.0
aol email helpline number,"['There is no hesitation or even a single hint of doubt that AOL helpline has been one of the finest free email support providers, with services which care about you and are simply awesome, but still there are chances that you might counter a range of problems with AOL mail and in that case you can Contact AOL Email Customer Support or their AOL helpline Phone Number (+1) 800-721-0104.', 'Require help, call our AOL Customer Support Team at (+1) 844-502-0074. To resolve your all technical issues with AOL account, contact our AOL help phone number to get instant resolution. Our experienced team of AOL mail support experts at our AOL customer care can handle all types of AOL mail problems.', 'Contact Yahoo Customer Service at @(+1)-800-946-8199@. Yahoo email services are availed by a large number of folks these days because of its high security and performance. Yahoo mail services were very popular before Gmail came into existence.', 'So, we offer necessary third party Yahoo email technical support, you just have to call our Yahoo Customer Service Number (866-688-6581). we assure you to give you complete,quick & professional assistance to remove all the problems & issue with your yahoo account. Its a toll free Yahoo Contact number.', ""If you're having trouble with your AOL Desktop Software, or if you receive an error message while using the Desktop Software, the solutions below can help you fix the problem. After trying a solution, please see if the problem with your AOL Desktop Software is fixed.""]",The AOL email helpline number is (+1) 800-721-0104.,,1.0,0.932311630090896,0.0
cause of the bipolar disorder,"['But it occurs more often in relatives of people with bipolar disorder. In most people with bipolar disorder, there is no clear cause for the periods (episodes) of extreme happiness and high activity or energy (mania) or depression and low activity or energy (depression). The following may trigger a manic episode: Childbirth.', 'Can bipolar disorder be caused by a shortage of lithium in the brain or dog bites in childhood? Not surprisingly, there is a great deal of misinformation to be had when it comes to talking about the possible causes of bipolar disorder. To add to the confusion, scientific research continues to publish new information and theories. Theories of the Cause(s) of Bipolar Disorder. Has anyone found the true cause of bipolar disorder?', 'The causes of borderline personality disorder are not fully understood, but scientists agree that it is the result of a combination of factors: 1 Genetics. 2 Environmental factors. 3 Brain function.', 'Bipolar Disorder. Definition. Bipolar disorder, also known as manic-depressive illness, is a brain disorder that causes unusual shifts in mood, energy, activity levels, and the ability to carry out day-to-day tasks. There are four basic types of bipolar disorder; all of them involve clear changes in mood, energy, and activity levels.', 'the erratic behavior of creative people is often attributed to this condition since bipolar disorder is characterized by disabling mood swings during which a person goes from a high manic phase to a low depressed one']",I cannot answer from the given context.,,1.0,0.0,0.0
what does executive privilege mean,"['Hereâ\x80\x99s a little background on the exercise of executive privilege and what this move potentially means for the continuing investigationâ\x80¦ In the U.S. government, executive privilege is a power claimed by the president and other members of the executive branch to resist certain subpoenas and interventions by the legislative and judicial branches.', 'Executive privilege is the constitutional principle that permits the president and high-level executive branch officers to withhold information from Congress, the courts, and ultimately the public. This presidential power is controversial because it is nowhere mentioned in the U.S. Constitution.That fact has led some scholars (Berger 1974; Prakash, 1999) to suggest that executive privilege does not exist and that the congressional power of inquiry is absolute.here are generally four areas that an executive branch claim of privilege is based: 1) presidential communications privilege; 2) deliberative process privilege; 3) national security, foreign relations or military affairs, and 4) an ongoing law enforcement investigation.', 'Executive definition, a person or group of persons having administrative or supervisory authority in an organization. See more.', 'June 20, 2012. President Obamaâ\x80\x99s decision Wednesday to assert executive privilege to shield his attorney general and the Justice Department from congressional investigators reignited a long-running Washington debate over the limits of White House power in which Obama has argued both sides.', 'Executive agreements. an agreement between the United States and a foreign government that is less formal than a treaty and is not subject to the constitutional requirement for ratification by two-thirds of the U.S. Senate.xecutive agreements. an agreement between the United States and a foreign government that is less formal than a treaty and is not subject to the constitutional requirement for ratification by two-thirds of the U.S. Senate.']","Executive privilege is the constitutional principle that permits the president and high-level executive branch officers to withhold information from Congress, the courts, and ultimately the public.",,1.0,0.9681603540806963,0.0
what does fc barcelona stand for,"['â\x80\x9cThis will be one of the best games of the entire International Champions Cup,â\x80\x9d said Charlie Stillitano, Chairman of Relevent Sports. â\x80\x9cChelsea and Barcelona are two of the most well-known and respected clubs in the entire world and both are having outstanding seasons.', 'The Barcelona Card offers free entry to museums, free travel on public transport and more than 70 discounts in Barcelonaâ\x80\x99s foremost visitor attractions! The Barcelona Card puts Barcelona at your fingertips!', 'â\x80\x9cFCâ\x80\x9d is usually a suffix for English clubs, and it stands for Football Club, such as Liverpool Football Club, Chelsea Football Club and Burnley Football Club. In Spanish, â\x80\x9cFCâ\x80\x9d is a prefix which stands for Futbol Club, such as Futbol Club Barcelona and Futbol Club Cartagena.', ""Updated 2015. Getting to Barcelona Airport and how to get from Barcelona's biggest airport to and from the Barcelona city centre. Barcelona airport is called El Prat."", 'How Real Madrid Will Line Up Against Barcelona. 1 The BBC will be decisive in El Clasico.Frank Augstein/Associated Press. 2 Carlo Ancelotti and Zinedine Zidane know a win would blow Barca out of the title race.Andres Kudacki/Associated Press.']",FC Barcelona stands for Futbol Club Barcelona.,,1.0,0.9396184674751741,0.0
what does hair tint do,"['Hair tint is a type of hair dye that changes the hair color permanently. If you want to change the color of your permanently then you should do hair tinting. It is a hair dye available in many forms. The tint can be a shampoo based hair color or a veggie dye.', ""Lighten With Lemons. Lemon juice + the sun = highlights! This is great for blondes who wanna lighten and brighten up. Just add 1/4 cup of lemon juice to 3/4 cup of water, put it in a spray bottle and spritz it on your hair-but NOT on your scalp.uppa Chamomile. Listen up brunette babes, cuz here's a natural way to bring golden highlights to your hair! All ya have to do is boil a pot of chamomile tea and let it cool. Rinse your freshly washed and conditioned hair in the brew and relax in the sun."", 'Roman women would dye their hair with a mixture of boiled walnuts and leeks to give their locks a shiny, dark sheen. Perhaps because of its rarity in nature, however, men and women throughout history have long sought to achieve blond tresses, sometimes with famously poor results.', 'Always condition color-treated hair after shampooing, even if your hair is fine. If the conditioner is making your hair flat, you donâ\x80\x99t have the right conditioner for your hair. Always use 20 volume (6%) peroxide, if you want to cover gray hairs. Always add a little gold to your formula.', 'Adding a few highlights might be better than a total bleach out on your entire head of hair. Keep in mind that bleach and perm solutions are strong chemicals that open and swell your hair cuticle. The more you swell the cuticle, the more rough and frizzy it can appear.']",Hair tint is a type of hair dye that changes the hair color permanently.,,1.0,0.8994972549480663,0.0
what does hispanic mean?,"['The term Hispanic broadly refers to the people, nations, and cultures that have a historical link to Spain. It commonly applies to countries once owned by the Spanish Empire in the Americas and Asia, particularly the countries of Hispanic America and the Philippines. It could be argued that the term should apply to all Spanish-speaking cultures or countries, as the historical roots of the word specifically pertain to the Iberian region. It is difficult to label a nation or culture with one term,', 'The term Latino denotes all persons living in the United States whose origins can be traced to the Spanish-speaking regions of Latin American, including the Caribbean, Mexico, Central American, and South America.', 'Latina noun [C] uk / Ë\x8clÃ¦tË\x88iË\x90.nÉ\x99 / us / Ë\x8clÃ¦tË\x88iË\x90.nÉ\x99 / US â\x80º a woman or girl who lives in the US and who comes from, or whose family comes from, Latin America', 'Chicano English A variety of English spoken by many people of Hispanic descent in the Southwestern United States and California. It differs in systematic ways from Standard American English. Chicano English is not just English spoken by people who speak Spanish as a native language and who are still acquiring English.', 'In the U.S., a Latino historically is not white since Latinos by definition are a mixture of Spanish, indigenous, African and Asian blood. Yet in Puerto Rico, a Latino is white if they have just one white ancestor.']","The term Hispanic broadly refers to the people, nations, and cultures that have a historical link to Spain. It commonly applies to countries once owned by the Spanish Empire in the Americas and Asia, particularly the countries of Hispanic America and the Philippines.",,1.0,0.915161162009611,0.0
what does i mean to wear your heart on your sleeve,"[""Answer . 'Wearing your heart on your sleeves' means instead of keeping a secret heart (loving one or others without communication) the person shows and communicates verballâ\x80¦y to those around them how much they love and respect others thus, 'wearing your heart on your sleeve.'. You do this by outwardly showing your emotions."", ""4. Your Heart is Not on the Left Side of Your Chest. Although most of us place our right hand on our left chest when we pledge allegiance to the flag, we really should be placing it over the center of our chest, because that's where our hearts sit."", 'Word Origin and History for cuff Expand. n. bottom of a sleeve, mid-14c., cuffe hand covering, mitten, glove, perhaps somehow from Medieval Latin cuffia head covering, of uncertain origin. Sense of band around the sleeve is first attested 1520s; sense of hem of trousers is 1911. Off the cuff extemporaneously is 1938 American English colloquial, suggesting an actor or speaker reading from notes jotted on his shirt sleeves rather than learned lines. Cuff links is from 1897.', 'Never reveal all that you know to others: They might become shrewder than you. (Bhutanese proverb). A bite from a lion is better the look of envy. (Arabic proverb). An understanding person needs only half a word..', 'This process of penetration is a gradual one, in which each communicator reveals layers of personal depth. As a way of visualizing this process, Altman and Taylor use the metaphor of an onion and its layers of rings. Disclosure begins on the outer layer and proceeds to the core of the onion.']","""Wearing your heart on your sleeve"" means to outwardly show and communicate your emotions, particularly love and respect for others, instead of keeping those feelings secret.",,1.0,0.9345038701186925,0.0
what does lsa stand for in oil and gas,"['NORM (LSA) Management. Naturally occurring (NORM) deposits have been identified and recognised within the oil and gas exploration and production industry, for a number of decades. NORM is also known as LSA (Low Specific Activity Scale).', 'Leed Fabrication Services, Inc. A leading innovator and provider of oil and gas production equipment and field services in the United States, Leed Fabrication Services, Inc. is dedicated to turning inventive solutions into leading products and services.', 'pressure to maximize unit throughput, improve product quality and yields while operating safely and with low environmental impact. Ever tightening legislation on gasoline quality and in-creasing public and regulatory scruti-Process collaboration Hydrofluoric acid alkylation 1 The HF alkylation unit operational objectives Maximize thoughput Olefin feed', ""A: ISO VG 46 hydraulic oil is a lubricant that meets the physical properties outlined by the International Standards Organization's requirements for viscosity grade 46. The number 46 refers to the oil's kinematic viscosity in centistrokes at 40 degrees Celsius, with a 10 percent margin of tolerance allowed."", ""You've probably heard the expression California emissions.. This is simply shorthand for the state standards defined by California's Air Resources Board (CARB). Today, CARB's level of enforcement, known as LEV (Low-Emission Vehicle) 2, makes the EPA's standard look like an easy Sunday drive.f you're confused by the alphabet soup of automotive emissions acronyms, you're not alone. The regulation of automotive tailpipe emissions is an exceedingly complex subject, rife with legal definitions, caveats and jargon.""]",LSA stands for Low Specific Activity Scale in the context of oil and gas.,,1.0,0.9463614752764852,0.0
what does mpid stand for military,"['What does MPID mean in Police? This page is about the meanings of the acronym/abbreviation/shorthand MPID in the Governmental field in general and in the Police terminology in particular. Military Police Investigations Division Governmental Â» Police', 'hm fleet marine force reconnaissance corpsman fleet marine force reconnaissance independent duty corpsman idc provide medical and operational services for marine reconnaissance personnel engaged in direct action and reconnaissance operations independent of a medical officer', 'Analysis and Critique. The Navy Marine Corps Intranet (NMCI) project, undertaken by Electronic Data Communications (EDC) is the biggest government undertaking of its kind. It aims to provide a single seamless network which would provide a centralized communication to the Navy and Marine.', 'MilSim is simply an abbreviation for â\x80\x9cMilitary Simulationâ\x80\x9d and is usually conducted by civilians for entertainment and competition purposes which simulate military scenarios, reenactment of military operations and tactics. There are 3 forms of â\x80\x9cMilSimâ\x80\x9d by popularity: Airsoft games, paintball games and video games.', ""The United States Military Entrance Processing Command (USMEPCOM) is a Major Command of the U.S. Department of Defense, which screens and processes applicants into the United States Armed Forces. USMEPCOM is headquartered in North Chicago, Illinois and operates 65 Military Entrance Processing Stations (MEPS) located throughout the United States. The command's motto is Freedom's Front Door, signifying that a service member's career starts when they walk through the doors of the MEPS.""]",MPID stands for Military Police Investigations Division.,,1.0,0.8894017433417223,0.0
what does qhs stand for,"['The QI Plan is a visible. sign of management support and commitment to quality throughout the organization. The QI Plan is a basic guidance document about how a public health department will manage, deploy, and review quality throughout the organization. The main focus is on how we deliver. our products and services to our customers and how we ensure that they are aligned with. customersâ\x80\x99 needs.', ""Penn FanThe O-T LoungeMember since May 200830438 posts Online. re: What does HHS stand for (Posted by heypaul on 4/16/10 at 3:13 pm to Longbaugh). quote:If she's drunk texting you at 3 in the afternoon, then she wants to frick.why did i just start singing.enn FanThe O-T LoungeMember since May 200830438 posts Online. re: What does HHS stand for (Posted by heypaul on 4/16/10 at 3:13 pm to Longbaugh). quote:If she's drunk texting you at 3 in the afternoon, then she wants to frick. why did i just start singing."", ""The term long QT refers to an abnormal pattern seen on an EKG (electrocardiogram). An EKG is a test that detects and records the heart's electrical activity."", 'A type of QIO (an organization of doctors and other health care experts under contract with Medicare) that uses doctors and other health care experts to review complaints and quality of care for people with Medicare.', ""Long QT syndrome (LQTS) is a disorder of the heart's electrical activity. It can cause sudden, uncontrollable, dangerous arrhythmias (ah-RITH-me-ahs) in response to exercise or stress. Arrhythmias are problems with the rate or rhythm of the heartbeat.People who have LQTS also can have arrhythmias for no known reason.he timing of the heart's electrical activity is complex, and the body carefully controls it. Normally the QT interval is about a third of each heartbeat cycle. However, in people who have LQTS, the QT interval lasts longer than normal.""]",I cannot answer from the given context.,,0.0,0.0,0.0
what does the letters tnt stand for?,"['what do the letters in TNT dynamite stand for? The KGB Agent answer: The letters TNT stand for Trinitrotoluene. The explosive yield of TNT is considered to be the standard measure of strength of bombs and other explosives. Tags: trinitrotoluene, bombs.', ""T N T = Trinitrotoluene, an explosive. ----- Also, Turner Network Television - Formerly the name of a syndication service, now a cable television network created by Ted Turner and owned today by Time Warner. Uh duh! It stands for 'Teen Ninja Turtles';) Or Trinitrotoluene and even in some circles 2-Methyl-1,3,5-trinitrobenzen"", 'PostNL N.V. was confirmed as the new name for the remainder of TNT N.V. PostNL retained a 29.9% stake in TNT Express on completion of the breakup. Peter Bakker, chief executive officer of TNT since 2001, stepped down at the end of May 2011 with Harry Koorstra becoming CEO of PostNL.', 'Abbreviations and terms used in this regulation are explained in the glossary. Commanders will ensure any portable space heater used at U.S. Army Training and Doctrine Command (TRADOC) activities, organizations, or units meet the requirements of this circular.', 'Tn is a â\x80\x9cnaturalâ\x80\x9d (static) wet-bulb temperature, observed by thermometer A, Tg is a â\x80\x9cglobeâ\x80\x9d temperature, observed by thermometer B, and T is the ambient air temperature, observed by dry-bulb thermometer C (Fig. 1).']",The letters TNT stand for Trinitrotoluene.,,1.0,0.9983314179573494,0.0
what does the state bird mean in louisiana,"[""The state bird of Louisiana is unique among the world's seven species of pelicans. The brown pelican is found along the ocean shores and not on inland lakes. It is the only dark pelican, and also the only one that plunges from the air into the water to catch its food."", 'All about pheasants â\x80\x93 Beautiful birds that look a bit like chickens with long tail feathers and beautiful mottled colors. Pheasants are often a symbol of good luck. Legend has it that a Burmese hunter once found an emerald in a pheasant. When he went back to the pheasantâ\x80\x99s home, he found an emerald mine.', ""The mocking bird's ability to mimic, or mock the songs of other birds makes it a rare bird. It can sing more than 200 songs, mocking the sounds of not only other birds, but also insects, amphibians and even non-organic sounds made by machinery. The state's game bird is the bobtail quail."", 'NEW ORLEANS, Louisiana, November 11, 2009 (ENS) â\x80\x93 The brown pelican, a species once nearly exterminated by hunting and the pesticide DDT, has recovered and is being removed from the federal list of threatened and endangered species, wildlife officials said today.', 'The Jefferson Parish, Louisiana sales tax is 8.75% , consisting of 4.00% Louisiana state sales tax and 4.75% Jefferson Parish local sales taxes.The local sales tax consists of a 4.75% county sales tax.']",I cannot answer from the given context.,,0.0,0.0,0.0
what happens when electrons are passed down the electron transport chain?,"['The final acceptor of electrons in the electron transport chain is molecular oxygen. Electron transport chains are used for extracting energy via redox reactions from sunlight in photosynthesis or, such as in the case of the oxidation of sugars, cellular respiration.lectron transport chains are redox reactions that transfer electrons from an electron donor to an electron acceptor. The transfer of electrons is coupled to the translocation of protons across a membrane, producing a proton gradient. The proton gradient is used to produce useful work.', 'Electrons are passed rapidly from one component to the next to the endpoint of the chain, where the electrons reduce molecular oxygen, producing water. This requirement for oxygen in the final stages of the chain can be seen in the overall equation for cellular respiration, which requires both glucose and oxygen.', 'The final acceptor of electrons in the electron transport chain is molecular oxygen. Electron transport chains are used for extracting energy via redox reactions from sunlight in photosynthesis or, such as in the case of the oxidation of sugars, cellular respiration.n the mitochondrial electron transport chain electrons move from an electron donor (NADH or QH 2) to a terminal electron acceptor (O 2) via a series of redox reactions.', 'During photosystem I, light is absorbed. Electrons move from chlorophyll A molecules to another primary electron acceptor. The electrons lost from photosystem I are replaced by electrons that have passed through the electron transport chain from photosystem II. When electrons start losing their energy from photosystem II they move onto Photosystem I.', '7. What is the function of the electron transport chain in cellular respiration? The electron transport chain breaks the fall of electrons to oxygen into several energy-releasing steps. 8. Show the normal, downhill route most electrons follow in cellular respiration. glucose ! NADH ! electron transport chain ! oxygen 10. Explain how the electron transport chain is utilized in oxidative phosphorylation. In the third stage of respiration, the electron transport chain accepts electrons from the breakdown products of the first two stages (most often via NADH) and passes these electrons from one molecule to another. At the end of the chain, the electrons are combined with molecular oxygen and hydrogen ions, forming water.']","When electrons are passed down the electron transport chain, they are transferred from one component to the next, ultimately reducing molecular oxygen and producing water. This process is coupled to the translocation of protons across a membrane, creating a proton gradient that is used to produce useful work.",,1.0,0.935317872967962,0.0
what iowa law determines inheritance exceptions?,"['In contrast, the inheritance tax is based on the value of property that each beneficiary receives from the person who died. In Iowa and in other states the relationship between the individual beneficiary and the decedent determines whether the tax will be owed. That relationship also affects the rate of tax in Iowa.', 'It initially proposed a $700,000 homestead exemption regardless of age or marital status. It has recently been amended down to $300,000. Texas, Florida, Iowa, South Dakota, Kansas, and Oklahoma have some of the broadest homestead protections in the US, in terms of the value of property that can be protected.', ""Richard Kent, a family lawyer at Fairfield, Conn.-based Meyers Breiner & Kent, frequently goes to courtroom battle for grandparents seeking visitation with, or custody of, grandchildren. The state of grandparents' rights is terrible, says Kent. Under the current laws, if a couple's adult daughter dies, he says, those grandparents could be denied visitation with their grandchild by the child's father."", 'If your inheritance is deemed to be property of the bankruptcy estate, the trustee can take it unless you can exempt its full value. (To learn how exemptions work, see our Bankruptcy Exemptions area.)', '(5) Every assignment, sale, transfer, pledge, or mortgage of the wages or salary of an individual which is. exempted by this section, to the extent of the exemption provided by this section, shall be void and. unenforceable by any process of law.']",I cannot answer from the given context.,,0.0,0.0,0.0
what is a enemy combatant,"['Q: What is an enemy combatant? A: â\x80\x9cEnemy combatantâ\x80\x9d is shorthand for people who are fighting unlawfully. But no one is quite sure exactly what that means. FULL QUESTION. In relation to the current political debate over the Guantanamo prison, what is the legal definition of â\x80\x9cenemy combatantâ\x80\x9d? FULL ANSWER', 'Function of Antagonist. Conflict is a basic element of any plot. The presence of an antagonist alongside a protagonist is vital for the typical formula of a plot. The antagonist opposes the protagonist in his endeavors, and thus the conflict ensues. The protagonist struggles against the antagonist, taking the plot to a climax.', 'â\x80\x98And of course, â\x80\x98know thine enemyâ\x80\x99 is a classic maxim used by all engaged in battle in order to get the upper hand and defeat their enemy.â\x80\x99 â\x80\x98Remember, Jesus says â\x80\x98I come not to bring peace but a swordâ\x80\x99, and â\x80\x98if thine eye offend you, gouge it outâ\x80\x99 - all very jolly, I must say.â\x80\x99', ""1 I'm an urban warfare tactics trainer specializing in tracking. 2 Ikir, they're using our tactics against us. 3 His tactics would never earn anything but scorn from Kris, but they worked. 4 They were too â\x80¦ different, too unlike the tactics and war planning taught by Anshan or anyone in the Five Galaxies."", 'The problem was particularly significant given the difficulty many individuals in and out of the military have often had recognizing the important difference between techniques such as terror or guerrilla warfare, which can be used by parties on all points of the political spectrum in all kinds of conflicts, and the types of conflicts in which those techniques are used, conflicts which are more properly defined in terms of their aims, such as wars of national liberation and revolutions.']",“Enemy combatant” is shorthand for people who are fighting unlawfully. But no one is quite sure exactly what that means.,,1.0,0.0,0.0
what is a guaranteed general fund investment,"[""What is 'Guaranteed Investment Fund (GIF)' Guaranteed investment income is a type of investment product offered by insurance companies that allows its client to invest in an equity, bond and/or index fund while providing a promise of a predefined minimum value of the fund (usually, the initial investment amount) will be available at the fund's maturity or when the client dies."", 'The investment seeks long-term growth of capital. The fund invests its assets primarily in a diversified portfolio of equity securities selected for their growth potential. Although the fund will invest primarily in U.S. securities, it may invest up to 20% of its total assets in foreign securities including securities issued in emerging markets. Purchase Information.', 'There are five core funds in the TSP and a family of Lifecycle funds that invest in the core funds. The core funds are: G Fund: a uniquely attractive bond fund that provides yields similar to an intermediate-term Treasury bond fund, but with the stability of principal of a money market fund, and no default risk.', 'This is a feature of permanent life insurance which is not enjoyed by owners of term life insurance. Guaranteed Cash Value. This is determined based on the applicable surrender charge of the policy and its base amount. At times, contracts explicitly state the guaranteed cash values of the purchased policy.', 'General Mills, Inc. (the â\x80\x9cCompanyâ\x80\x9d) hereby establishes a Deferred Compensation Plan (the â\x80\x9cPlanâ\x80\x9d) for a select group of the key management and highly compensated employees of the Company and its affiliates as a means of sheltering a portion of income from current taxation while accumulating resources for future investments or retirement.']",I cannot answer from the given context.,,0.0,0.0,0.0
what is a home plan for parole,"['Home Plan Approval. If the inmate is in state prison or county jail serving a state sentence and is approaching his or her minimum sentence date: Approximately eight months before the minimum sentence date, the inmate should be given a Statement of Residence and a Statement of Employment form.', 'The agency. The NSW State Parole Authority (SPA) is an independent statutory authority. The Authority considers the release to parole of offenders who have sentences of more than three years with a non-parole period, sets the conditions of release and makes determinations on parole, Intensive Correction, Periodic Detention or Home Detention orders.', 'The cost effectiveness of house arrest with electronic monitoring in Pima County (Ariz.) was examined using data from all 170 cases of electronic monitoring by the probation department between March 1990 and May 1991. Abstract: Data were collected from official records and covered the success/failure rates and the cost effectiveness.', 'Community Release Centers and Community Supervision Centers provide the Parole Board and Courts with a structured, residential program to better assist and supervise offenders transitioning from prison to the community or offenders who are at risk of revocation from community supervision.', 'Youâ\x80\x99ll Have To Pay. House arrest is cheaper for the court system than putting you in jail. Incarcerating a person in prison can cost over $20,000 a year. Confining a person at home can be as cheap as $6,000 a year. Plus, youâ\x80\x99ll be paying some of the costs.']",I cannot answer from the given context.,,0.0,0.0,0.9999999999
what is a position paper in research,"['Writing a Position Paper A position paper (also called a point of view paper) is an essay that presents the authorâ\x80\x99s opinion about an issue. Like a debate, a position paper presents one side of an arguable opinion about an issue.', 'A research paper requires students to locate information about a topic (that is, to conduct research), take a stand on that topic, and provide support (or evidence) for that position in an organized report. (See tips and guidelines below.) Also called a term paper, research project, or research report. (2) The term research paper may also refer to a scholarly article that contains the results of original research or an evaluation of research conducted by others. Most scholarly articles must undergo a process of peer review before they can be accepted for publication in an academic journal.', ""The research paper. There will come a time in most students' careers when they are assigned a research paper. Such an assignment often creates a great deal of unneeded anxiety in the student, which may result in procrastination and a feeling of confusion and inadequacy.his handout will include the following sections related to the process of writing a research paper: 1 Genre-This section will provide an overview for understanding the difference between an analytical and argumentative research paper."", 'This post is devoted to the genre of research articles. (If you need a brief introduction to what I mean by genre, read Pros have contextualized knowledge.) The ultimate proving ground for researchers outside the humanities, where books and essays may still be king, is publication of articles in peer-reviewed journals or conference collections.', 'In financial trading, a position is a binding commitment to buy or sell a given amount of financial instruments, such as securities, currencies or commodities, for a given price. 1 Trading and financial assets 1.1 Long position. 1.2 Short position.']",I cannot answer from the given context.,,0.0,0.0,0.0
what is a studio room in assisted living,"['A typical assisted living facility resident would usually be a senior citizen who does not need the level of care offered by a nursing home but prefers more companionship and needs some assistance in day-to-day living. Age groups will vary with every facility.', 'The assisted living industry is a segment of the senior housing industry and assisted living services can be delivered in stand-alone facilities or as part of multi-level senior living community. The industry is fragmented and dominated by for-profit providers.', 'Sunroom Cost Guides. A sunroom is a room where the light comes in through many windows. Some sunrooms are more like greenhouses, with full walls of windows while others are more like enclosed porches. Still others are just light filled rooms facing the back yard.', 'The lanai room is an extension of the interior living space in many Hawaiian homes. It is often considered the Hawaiian version of the veranda, which is an outdoor living space with open size. A lanai is often furnished with seating, tables and other furniture so that residents can enjoy the views outdoors.', '2 answers. The king leisure room is an open floor plan that comes standard with pillow-top mattress, chaise chair, work desk, ceiling fan, flat panel television, microwave, mini refrigerator, and laptop safe. Our King Executive is mid-level room with all the amenities of the leisure plus a sitting area with sleeper sofa and coffee table.']",I cannot answer from the given context.,,1.0,0.0,0.0
colors in code,"[""Colors are identified in HTML and CSS by their hexadecimal codes. If you're creating a webpage or other HTML project and want to include an element that matches a particular color in an image, website, or program window on your computer screen, you'll need to find the color's hex code. There are a few ways to hunt that code downâ\x80\x94without needing to dig into any source code."", 'This page lists over 500 colours by colour name, Hex value, RGB value and Microsoft Access code number. You cannot specify these colours in HTML and CSS by their colour name but you can use their RGB hexadecimal value, eg: In HTML4 you can type: <font color=#800080>. In HTML5 you should use: <p style=color: #800080>.', 'The simple explanation is that every color used for electrical wiring has a specific meaning, with different colors indicating different circuit types and purposes. Electrical contractors and electricians understand the color codes, but a simple guide can help you understand their significance.', 'In HTML, a color can be specified using hue, saturation, and lightness (HSL) in the form: hsl(hue, saturation, lightness) Hue is a degree on the color wheel from 0 to 360. 0 is red, 120 is green, and 240 is blue. Saturation is a percentage value, 0% means a shade of gray, and 100% is the full color.', ""The #afeeee HTML color code is made up of 175 Red, 238 Green, and 238 Blue. This color could be named as Pale Turquoise. This color's complement is #eeafaf, which is the opposite on the color wheel. The hue is at 180 degrees, with a saturation value at 64.95 percent and a lightness value of 80.98 percent.""]","Colors are identified in HTML and CSS by their hexadecimal codes. In HTML, a color can be specified using hue, saturation, and lightness (HSL) as well. Specific colors can be represented by their RGB hexadecimal values, and examples include using <font color=#800080> in HTML4 or <p style=color: #800080> in HTML5.",,1.0,0.6218627429042295,0.0
what is an covenant,"['Covenant. The word covenant, infrequently heard in conversation, is quite commonly used in legal, social (marriage), and religious and theological contexts. The Idea of Covenant. The term covenant is of Latin origin (con venire), meaning a coming together.', 'That is found in Ephesians 6:5 in one little word. He says, Slaves, be obedient to those who are your masters according to the flesh, with fear and trembling, in the sincerity of your heart, as to Christ.. The word sincerity, haplotes, is the word that speaks of the virtue of someone who is free from any pretense.', 'Under English law a pledge is effectively the delivery of possession of an asset by one party (the pledgor) to the creditor (the pledgee) by way of security but with ownership of the asset remaining with the pledgor.', 'John Calvin: We must not imagine that the coming of Christ has freed us from the authority of the law; for it is the eternal rule of a devout and holy life, and must, therefore, be as unchangeable as the justice of God (Commentaries on the Gospels, Vol. 1, p. 277).', 'a combination, reconciliation, or coalescence of varying, often mutually opposed beliefs, principles, or practices, esp. those of various religions, into a new conglomerate whole typically marked by internal inconsistencies.']","A covenant is a term of Latin origin (con venire), meaning a coming together, and is commonly used in legal, social (marriage), and religious and theological contexts.",,1.0,0.882054197384417,0.0
what is clockspring,"[""How to Repair the Air Bag Clockspring The air bag clockspring or coil is part of your car's steering wheel. It retracts and expands while you turn your steering wheel. As for its connection with the airbag, it provides electrical continuity for it as well as your radio, cruise control, horn, and other electronic vehicular features."", '1 Self-setting Projection Clock with Indoor Temperature - Stars & Stripes Special... 2 Travel Clock Companion CP100 Black - Bluetooth, microphone, alarm, built-in sleep s... 3 PROJI Projection Clock - Grey. 4 PROJI Projection Clock - Rose Gold. 5 Radio Controlled Projection Alarm Clock - Grey. 6 Radio Controlled Alarm Clock - Grey.', ""It's random. I suppose you could run your own server and use the server commands to speed up the day time. THere are commands such as 'midnight' 'dusk' 'dawn' and I think 'noon' so you can speed through the day. If I recall correctly you'll get the warrning at 1am and 3 more warnings after that at 2am, 3am, 4am."", 'The Alliance AT-10c web based time clock is designed to connect to your web based employee account to transfer punches in Real-Time for accurate attendance reporting. No software installation or configuration required - free setup and lifetime support included.', ""Control your computer resume from power-off state (hibernation). Wake up your computer from sleep mode (standby). Playback a keyboard and mouse macro, a useful feature for such as TV record. Run programs, close programs, open files and open URL at any specified time.Logs on system automatically (Win XP/Vista/7/8/8.1). Shutdown or reboot, log off, lock session, close monitor, make computer enter sleep mode (standby/hibernation) at any time. Synchronize your PC's time with an atomic clock server.More Features: Easy to use, install and configure the software in 2-10 minutes.un programs, close programs, open files and open URL at any specified time. Logs on system automatically (Win XP/Vista/7/8/8.1). Shutdown or reboot, log off, lock session, close monitor, make computer enter sleep mode (standby/hibernation) at any time. Synchronize your PC's time with an atomic clock server.""]","The air bag clockspring or coil is part of your car's steering wheel. It retracts and expands while you turn your steering wheel and provides electrical continuity for the airbag as well as other electronic vehicular features like your radio, cruise control, and horn.",,1.0,0.47395341436803023,0.0
what is collier investments inc,"['Find 1 listings related to Collier Investments Inc in Shreveport on YP.com. See reviews, photos, directions, phone numbers and more for Collier Investments Inc locations in Shreveport, LA. Start your search by typing in the business name below. What do you want to find?', 'Collier Row is an area in north east London in the London Borough of Havering.', 'You are now leaving the Brinker Capital website and entering the Crystal Strategy Fund website. Information provided for these Collective Investment Trusts is intended for use solely by retirement plan sponsors, their consultants, and advisors. Participation in these Collective Investment Trusts is governed by the Declaration of Trust, and is limited to Eligible Trusts that are accepted by Benefit Trust Company.', 'From the business. Specialties. Community Trust and Investment Company, headquartered in Lexington, KY, is a wholly owned subsidiary of Community Trust Bancorp, Inc. We stress a diversified approach to investing, always keeping at the forefront your unique needs while carefully managing and growing your assets.', 'An investment company prospectus contains important information about its fees and expenses, investment objectives, investment strategies, risks, performance, pricing, and more. A UITâ\x80\x99s prospectus (but not a mutual fundâ\x80\x99s or closed-end fundâ\x80\x99s prospectus) will also typically list the securities that the UIT holds.']",I cannot answer from the given context.,,0.0,-0.0,0.0
what is county mean,"['The definition of county refers to an administrative division in a state or country. An example of county used as an adjective is in the phrase county court, which means a court of that particular geographic area. A county is defined as an administrative division of a state or country. An example of a county is Suffolk County on Long Island in New York.', 'County in Hollywood on YP.com. See reviews, photos, directions, phone numbers and more for the best County & Parish Government in Hollywood, FL. Start your search by typing in the business name below. What do you want to find?', 'District courts are the state trial courts of general jurisdiction. The geographical area served by each district court is established by the specific statute. creating that court. In addition to these state courts, the Texas Constitution provides for a county court in each county, presided over by the county judge. The county judge also serves as head of the county commissioners court, the governing body of the county. To aid the constitutional county court with its judicial', 'Welcome to the official Placer County website. Placer County is special with its breath-taking scenery, rich history, and year-round recreation. This website will help you locate various county services and amenities and youâ\x80\x99ll see why more than 360,000 people call Placer County â\x80\x9cHome.â\x80\x9d.', 'County Jail. Woodford County Jail is a County Jail used by the jurisdictions of Woodford to confine inmates for short periods while awaiting trial or processing. As inmates are staying for only a short period, it has fewer amenities than a jail or prison.']",A county refers to an administrative division in a state or country.,,1.0,0.9333028130216126,0.0
what is diflorasone diacetate cream used for,"['What Is Diflorasone Diacetate Used For? Diflorasone diacetate is a prescription skin medication used to treat inflammation and itching due to a wide variety of different conditions. Such conditions include but are not limited to: Atopic dermatitis. Contact dermatitis. Eczema. Psoriasis. Poison ivy. Seborrhea.', 'Voltaren Gel contains diclofenac,a nonsteroidal anti-inflammatory drug (NSAID). Diclofenac works by reducing substances in the body that cause pain and inflammation. Voltaren Gel is used to treat joint pain caused by osteoarthritis in the hands, wrists, elbows, knees, ankles, or feet. Voltaren Gel may not be effective in treating arthritis pain elsewhere in the body.', 'It relieves inflammation (swelling, heat, redness, and pain) and is used to treat certain forms of arthritis; skin, blood, kidney, eye, thyroid, and intestinal disorders (e.g., colitis); severe allergies; and asthma. Dexamethasone is also used to treat certain types of cancer.', 'More Info: DulcoeaseÂ® stool softener provides relief when bowel movement is painful or difficult. It can be used when you have constipation, piles or anal fissure. It works by helping hard, dry stools soak up natural fluids.', 'DMSO relieves pain, reduces swelling, inflammation and much more. See 30 DMSO uses, from burns to scleroderma, plus directions, side effects, safety. DMSO pain relief is most frequently for muscles and joints. Applied to the skin, DMSO is an excellent anti-inflammatory and has many uses as a general pain reliever. It has been used with varying degrees of success in a great variety of medical ailments. Possible applications include:']","Diflorasone diacetate is used to treat inflammation and itching due to conditions such as atopic dermatitis, contact dermatitis, eczema, psoriasis, poison ivy, and seborrhea.",,1.0,0.7573585636396755,0.0
what is does un stands for,"['Save. The formation of the United Nations was a lengthy and difficult political process, particularly for the United States. It began as The League of Nations in 1919 after World War One and was a key component in the Treaty of Versailles.', 'All about the United Nations Budget June 2006. Background. The United Nations receives its annual funding from the governments of its 191 member states. Countries are assessed an amount to pay biannually to certain budgets while other contributions to the UN system are considered optional.', ""Corrections. By protecting the rights of prisoners, UN Peacekeeping promotes faith in a countryâ\x80\x99s legal system and the long-term stability it fosters. UN Photo. UN Corrections Officers and Sudanese officials talk to female inmates in the women's section of the Torit prison in Southern Sudan."", 'The Congress of Vienna, widely considered the precursor to today s United Nations, was the international conference called by the victorious allied nations for the purpose of redrawing the map of Europe and restoring disenfranchised monarchies after their defeat of Napoleon.', '189 meanings of UN acronym and UN abbreviation. Get the definition of UN by All Acronyms dictionary. Top Definition: United Nations']",UN stands for United Nations.,,1.0,0.9543506065378593,0.0
what is full recourse guaranty,"[""What is 'Full Recourse Debt' A full recourse debt is a guarantee that no matter what happens, the borrower will repay the debt. Typically with a full recourse loan no occurrence, such as loss of job or sickness, can get the borrower out of the debt obligation."", ""a guarantor of another's obligation. SURETY, contracts. A person who binds himself for the payment of a sum of money or for the performance of something else, for another, who is already bound for the same. A surety differs from a guarantor, and the latter cannot be sued until after a suit against the principal. 10 Watts, 258."", 'In contrast, full CAS coverage applies to any contractor business unit that: 1 received a single CAS-covered contract award of $25 million or more; or. 2 received $25 million or more in net CAS-covered awards during its preceding cost accounting period, provided that at least one award exceeded $1 million.', 'Such loans would be subject to a rebuttable presumption that the lender satisfied the ATR requirements. These cover the lenderâ\x80\x99s butt like a bikini bottom. 3) Non-QM loans which afford the lender no legal protection against suit by the borrowers. These cover the lenderâ\x80\x99s butt like a thong.', 'A type of right given to shareholders of an acquired company (or a company facing major restructuring) that ensures they receive additional benefit if a specified event occurs.']",I cannot answer from the given context.,,0.0,0.0,0.0
what is grievances,"['Grievance (labour) A grievance is a formal complaint that is raised by an employee towards an employer in the workplace. There are many reasons as to why a grievance can be raised, and also many ways to go about dealing with such a scenario.', ""Definition of GRAVAMEN: The burden or gist of a charge; the grievance or injury specially complained of.In English ecclesiastical law. A grievance complained of by the clergy befo The Law Dictionary Featuring Black's Law Dictionary Free Online Legal Dictionary 2nd Ed."", ""Here you can express your grievances with the YouTube-based video game channel: Game Grumps; its shows/episodes; its members; the games they play, the games they don't play; the gameplay, the lack of gameplay; the successes, the failures; the wins, the losses; the good, the bad, the ugly; and much, much more!"", 'Clerk is the person you go to for court forms. The clerk also files your papers in your court file. The clerk sets the time for conferences and hearings. Complaint is one of the court forms you file and serve, to start your divorce or parental rights case. Contested hearing is a formal court hearing, held when the parties do not agree on one or more issues. A Judge or Magistrate hears both parties tell their stories and then makes a decision.', 'An Act Declaring the Rights and Liberties of the Subject and Settling the Succession of the Crown. And that for redress of all grievances, and for the amending, strengthening and preserving of the laws, Parliaments ought to be held frequently.']",A grievance is a formal complaint that is raised by an employee towards an employer in the workplace.,,1.0,0.5596117678334216,0.0
what is guarantee bond,"['The distinction between performance bonds and guarantees is not always clear. Mark Clinton reports. It is a sign of the times that performance bonds have become commonplace again on projects. The last thing you want is a dispute over whether you can claim under them when you need to.', 'The BMC-84 is the form used for the surety bond option, which only costs a percentage of the required bond amount. The surety bond is a form of surety credit to you, as the surety company is guaranteeing you will follow FMCSA regulations.', 'The most common types of bonds include municipal bonds and corporate bonds. The bond is a debt security, under which the issuer owes the holders a debt and (depending on the terms of the bond) is obliged to pay them interest (the coupon) and/or to repay the principal at a later date, termed the maturity date.', ""What is 'Guaranteed Investment Fund (GIF)' Guaranteed investment income is a type of investment product offered by insurance companies that allows its client to invest in an equity, bond and/or index fund while providing a promise of a predefined minimum value of the fund (usually, the initial investment amount) will be available at the fund's maturity or when the client dies."", 'Fidelity bonds can provide insurance against some of the risks you may be concerned about when hiring employees that may have a felony charge on record, or other high risk markers. In some states, this coverage is free of charge for the first six months, as an additional incentive.']",I cannot answer from the given context.,,0.0,0.0,0.0
what is ibm chat,"[""Open iTunes to buy and download apps. IBM Connections Chat is the official app for presence, instant messaging, audio and video chat, and telephony for IBM's award-winning Connections platform. IBM Connections Chat delivers new and exciting capabilities that give you access to your people networks from the comfort of your iPhone, iPad, or iPod Touch."", 'Cisco Jabber describes the Cisco Unified Communications (UC) client capabilities which enable users to have easy access to presence, instant messaging (IM), voice, video, voice messaging, desktop sharing, and conferencing via their desktop, phone, tablet or browser.', 'Google Hangouts. Google Hangouts is a communication platform developed by Google which includes instant messaging, video chat, SMS and VOIP features. It replaces three messaging products that Google had implemented concurrently within its services, including Google Talk, Google+ Messenger (formerly: Huddle), and Hangouts, a video chat system present within Google+.', 'From the New menu at the bottom of the portal, select Everything. Youâ\x80\x99ll have the option to select from a library of preconfigured virtual machine images. Select the appropriate IBM software image from this list and click Create to continue through the virtual machine creation process.', ""Facebook says a BlackBerry version will be available soon. The hidden service is in the iPhone and Android versions of the app. Facebook has been hard at work improving the social network's messaging capabilities. In October, the company introduced text-based group chat for the new version of Facebook groups.""]","IBM Connections Chat is the official app for presence, instant messaging, audio and video chat, and telephony for IBM's award-winning Connections platform. It provides access to people networks from iPhone, iPad, or iPod Touch.",,1.0,0.8382652411619745,0.0
cost alternative to restasis,"['page: 5 of 27 Using Total Cost of Ownership to Determine Optimal PC Refresh Lifecycles Firms with large PC fleets are interested in reducing power consumption. Optimizing PC refreshes by retiring older systems and deploying new Intel Core vPro processor-based PCs support this goal.', 'Cruise ship refurbishment tends to be the best value-for-money strategy and a highly successful policy for major cruise line companies in a time of world-wide economic uncertainty. For your convenience, this link goes directly to cruise ship refurbishments 2017-2018 schedule.', 'Did you or anyone else obtain a more palatible cost for Reclast? I had the fifteen minute infusion treatment this past April and was billed $6443.50 for the pharmaceutical charge alone. Blue Cross Blue Shield did reduce the cost by $2598, but this is still an outrageous cost in my mind for this drug.', 'Slows Down the Pace of Life. Restorative yoga is an excellent opportunity to disconnect from the frenetic activity of daily life and let your speedometer return to 0 mph. It offers a welcome respite among all the turbulence of life and helps to prepare the mind and body for the inward stroke of meditation and deepened awareness.', 'Definition of reflation. : restoration of deflated prices to a desirable level.']",I cannot answer from the given context.,,0.0,0.0,0.0
what is lmis,"['What is LMIS The national Labour Market Information System (LMIS) is a job matching facility as well as a database of qualitative and quantitative information. The information is collected from a number of labour market information producers and disseminated via the web site in order to improve access.', '(Redirected from IMIS) The Institute for the Management of Information Systems (IMIS), previously called the Institute of Data Processing Management (IDPM), is the leading international association promoting excellence in the field of Information Systems Management through professional association and education.', 'What is Litmos LMS? Litmos LMS is one of the leading corporate learning systems on the market, and a traditional Salesforce partner for sales and service training and secure data exchange. It won our Expertâ\x80\x99s Choice Award for 2017 as well as the Supreme Software Award.', 'The LOINC (Logical Observation Identifier Names and Codes) vocabulary is a set of more than 10,000 names and codes developed for use as observation identifiers in standardized messages exchanged between clinical computer systems.', 'NORM (LSA) Management. Naturally occurring (NORM) deposits have been identified and recognised within the oil and gas exploration and production industry, for a number of decades. NORM is also known as LSA (Low Specific Activity Scale).']",The national Labour Market Information System (LMIS) is a job matching facility as well as a database of qualitative and quantitative information. The information is collected from a number of labour market information producers and disseminated via the web site in order to improve access.,,1.0,0.49383882061900963,0.9999999999
cost for child cineplex,"['[Costco] Costco Cineplex Child Movie Package $9.99, Great escape 2 adult tickets $25.99. Search this thread', 'DVD Delivery + Streaming: If you already have the DVD delivery service from Netflixâ\x80\x99s past, you pay $7.99/month for the service, depending on how many DVDs you receive each time. If you want to add the streaming service, you can add it for the same price, $7.99, which will bring your total to $15.98.', 'Ticket price at North American movie theaters â\x80\x93 additional information Going to a movie theater has been a growing expense since 2001 when admission cost 5.66 U.S. dollars. However, to watch celebrities on silver screen in 2016, an average American needed to pay a over 8.50 U.S. dollars.', '1 Home day care or a babysitter before and after school typically costs $2-$12 or more an hour, or $125-$775 a month for about three hours a day, depending on location, total number of children cared for, and whether snacks, homework assistance or planned activities are included.', '1 If you merely want a consultation from a child proofing professional, expect to pay around $50 to $100. 2 This service includes safety solution recommendations, but you are responsible for actually purchasing and installing any equipment. 3 Complete child proofing services cost approximately $300 to $1,500.hild Proofing Service Prices. The leading cause of death among children in the United States is accidental injury. Many of these fatal accidents are preventable, however, especially when parents abandon the â\x80\x9cnot my childâ\x80\x9d belief and take steps to keep their children safe.']",$9.99,,1.0,0.24985704092788028,0.0
what is medical aki,"['Acute kidney injury (AKI) is a condition where your kidneys suddenly stop working properly. Usually this happens when you are unwell from another illness.... Acute kidney injury (AKI) is a condition where your kidneys suddenly stop working properly. Usually this happens when you are unwell from another illness.... Patient Access', 'While there is no evidence that converting patients from oliguric to nonoliguric renal failure has a beneficial effect on mortality or recovery of renal function after AKI, avoiding fluid overload and inducing a net negative fluid balance correlate with better outcomes after AKI.', 'Dr. Sankar Kausik, MD is an urology specialist in Bel Air, MD and has been practicing for 16 years. He graduated from Albany Medical College in 1996 and specializes in urology. Leave a Review', 'Covered health care providers and all health plans and health care clearinghouses must use the NPIs in the administrative and financial transactions adopted under HIPAA. The NPI is a 10-position, intelligence-free numeric identifier (10-digit number).This means that the numbers do not carry other information about healthcare providers, such as the state in which they live or their medical specialty.s outlined in the Federal Regulation, The Health Insurance Portability and Accountability Act of 1996 (HIPAA), covered providers must also share their NPI with other providers, health plans, clearinghouses, and any entity that may need it for billing purposes.', 'In all, the incidence of P-AKI has probably decreased, but its fetal and maternal morbidity remain unacceptably high, even in developed countries. Pregnancy hypertensive complications, notably HELLP syndrome, are the leading cause of P-AKI. P-TMA is a clinically challenging cause of P-AKI.ther causes include postabortum (first trimester) or puerperal sepsis, ante-or postpartum hemorrhage, intrauterine death, acute fatty liver, and thrombotic microangiopathy (TMA). The main causes of P-AKI are shown in Figure 1 according to their predominant timing of occurrence during pregnancy.']",I cannot answer from the given context.,,0.0,0.0,0.0
what is nabumetone used to treat,"['Nabumetone is a nonsteroidal anti-inflammatory drug (NSAID) used to treat mild to moderate pain and help relieve symptoms of arthritis (osteoarthritis and rheumatoid arthritis), such as inflammation, swelling, stiffness, and joint pain. This medicine does not cure arthritis and will help you only as long as you continue to take it .', 'Salbutamol, also known as albuterol and marketed as Ventolin among other names, is a medication that opens up the medium and large airways in the lungs. It is used to treat asthma, exercise-induced bronchospasm, and chronic obstructive pulmonary disease (COPD). It may also be used to treat high blood potassium levels.', 'NARCANÂ® Nasal Spray is a prescription medicine used for the treatment of an opioid emergency such as an overdose or a possible opioid overdose with signs of breathing problems and severe sleepiness or not being able to respond. NARCANÂ® Nasal Spray is to be given right away and does not take the place of emergency medical care.', 'By John M. Grohol, Psy.D. ~ 2 min read. The U.S. Food and Drug Administration (FDA) approved a new medication Monday to treat clinical depression called Brintellix (vortioxetine).It has been approved for use in adults only.Since medications affect everyone differently, it is important to have a variety of treatment options available for patients who suffer from depression.â\x80\x9d. A total of six clinical studies were conducted to garner FDAâ\x80\x99s drug approval.', 'Sodium iodide is used to treat or prevent iodine deficiency caused by poor nutrition or poor absorption by the body. Sodium iodide may also be used to treat a thyroid disorder. Sodium iodide may also be used for purposes not listed in this medication guide. Follow all directions on your medicine label and package.']","Nabumetone is used to treat mild to moderate pain and help relieve symptoms of arthritis (osteoarthritis and rheumatoid arthritis), such as inflammation, swelling, stiffness, and joint pain.",,1.0,0.906024154209831,0.0
cost of attendance eastern illinois university,"['Eastern Illinois University has roughly 8,000 students. Admission is selective. Tuition is approximately $8,550 per year for residents of Illinois and other bordering states, while it is $10,680 for non-residents. Additional fees amount to $2,762.32. The university estimates its average cost-of-attendance to be approximately $24,640 per academic year. Tuition is expected to increase in the 2016-2017 academic year.', 'Undergraduate Tuition. University of Iowa tuition is $6,678 per year for in-state residents. This is 4% more expensive than the national average public four year tuition of $6,429. The cost is $15,438 and 70% cheaper than the average Iowa tuition of $22,116 for 4 year colleges. Tuition ranks 3rd in Iowa amongst 4 year colleges for affordability and is the 43rd most expensive 4 year college in the state. If attending from out-of-state, the tuition is $26,008 which represents a 289% premium.', 'Tuition for Lewis University is $27,830 for the 2014/2015 academic year. This is 10% more expensive than the national average private non-profit four year college tuition of $25,229.The cost is $5,873 and 27% more expensive than the average Illinois tuition of $21,957 for 4 year colleges.Tuition ranks 61st in Illinois amongst 4 year colleges for affordability and is the 25th most expensive 4 year college in the state.Price does not vary by residence.uition for Lewis University is $27,830 for the 2014/2015 academic year. This is 10% more expensive than the national average private non-profit four year college tuition of $25,229.', '1 Based on 12-18 semester hours (one academic year, two semesters for a full-time student). Program and special course fees are additional. A $456 per-credit-hour fee applies to all enrolled semester hours above 18 credits.2 Based on a standard double room and basic board plan. Other room types and board plans at different prices are available.rogram and special course fees are additional. A $456 per-credit-hour fee applies to all enrolled semester hours above 18 credits. 2 Based on a standard double room and basic board plan. Other room types and board plans at different prices are available.', 'Optional Fees (housing, meal plans, parking, etc.) Property Deposit $100 fee for new, transfer, or re-admitted students, or ones without one on file. International Student Admin Fee of $200â\x80\x93$500 per semester charged to third-party sponsored students. International Student Services Fee of $46 per semester.']","The average cost-of-attendance at Eastern Illinois University is approximately $24,640 per academic year.",,1.0,0.8541016493284932,0.0
what is nyu ranked,"[""NYU ranked 7th among the World's top 100 universities for producing millionaires, as compiled by Times Higher Education World University Rankings. NYU ranked 5th globally among universities with the highest number of alumni worth $30 million or more, as compiled by ABC News. CNBC ranked NYU 4th globally among universities with the most billionaire graduates. Student life Student government. The Student Senators Council is the governing student body at NYU."", 'About NYU. Excellence and opportunity abound at the prestigious New York University (NYU) in New York City. NYU is the sought-after destination for undergraduate and graduate students working in and seeking to study an array of disciplines.', 'Improve your rank in the classroom, and on the court. Tennis players at American universities compete against players of similar levels, and move up in the rankings by defeating players with a better rating. Before you can charge the net, youâ\x80\x99ll need to attend our 10-day Showcase (held every July in Florida).', 'Colleges with the Highest Standardized Test Scores Scores on the SAT and ACT are critical for college applicants. Using data from the National Center for Education Statistics, StartClass ranked the schools with the highest standardized test scores.', ""University of Michigan Hospitals and Health Centers in Ann Arbor, MI is nationally ranked in 15 adult specialties and 10 pediatric specialties. Nationally Ranked in 15 Specialties & 10 Children's Specialties""]","NYU is ranked 7th among the World's top 100 universities for producing millionaires, 5th globally among universities with the highest number of alumni worth $30 million or more, and 4th globally among universities with the most billionaire graduates.",,1.0,0.7283076541709411,0.0
what is on the outside of dna,"['The sugar-phosphate backbone is on the outside and the four different bases are on the inside of the DNA molecule. The two strands of the double helix are anti-parallel, which means that they run in opposite directions.', 'With the discovery of the structure of DNA, a number of fascinating properties of the molecule were revealed. Not only can the molecule replicate itself, but the information stored in the base sequence of a single DNA strand stores all of the genetic information in your body.', 'The Structure of DNA . Nucleic acids are made up of chains of many repeating units called nucleotides (see bottom left of Figure 1 below). The DNA molecule actually consists of two such chains that spiral around an imaginary axis to form a double helix (spiral.)', 'After the primer is in place on a single, unwound polynucleotide strand, DNA polymerase wraps itself around that strand, and it attaches new nucleotides to the exposed nitrogenous bases. In this way, the polymerase assembles a new DNA strand on top of the existing one (Figure 3).', 'The shaded part is a codon and unshaded part is an anticodon. d. One of the parts has been newly synthesized and the other was part of a pre-existing DNA molecule.']",The sugar-phosphate backbone is on the outside of the DNA molecule.,,1.0,0.5561776798934059,0.0
what is pimple,"['A pimple, also called a blemish or a zit, is a small swelling in the skin caused by a blockage of a pore. Recurrent or multiple pimples are termed acne. Many people view blemishes as unsightly, and try to avoid getting them, if possible.', ""They are pearly penile papules, small in size (approximately 1-2 mm) and they look just like pimples, but are not pimples. They are actually tinny glands, and you shouldn't pick on them. They occur around the margin of the penis head, and can be seen when foreskin is pulled back. They usually develop in teenage years, but may occur up to the age of 40. They are visible in some men, while in others are less noticeable. Around 10% of men is affected by pearly penile papules."", 'Photo: Levi Brown/Trunk Archive. Acne is a complex issueâ\x80\x94thereâ\x80\x99s no single cause of breakouts, and what triggers a pimple in one person might be benign to another. With that said, if topical treatments havenâ\x80\x99t made a difference, it may be time to change what you eat.', 'Position your pin. Hold the pin parallel to the surface of your skin, and gently pierce the very tip of the zitâ\x80\x99s white center. 6. Using your fingers, or a cotton swab, softly squeeze the pimple. Press around (not on) the white tip of the zit. If the pus doesnâ\x80\x99t come out easily, the pimple isnâ\x80\x99t ready to be popped.', 'It is also possible for dogs to suffer from more than one type of allergy. 1 Flea Bite Sensitivity: The most common cause of dog skin inflammation. Dog Flea Allergy Dermatitis. 2 Dog Food Allergy: Skin reaction to one of the 40 ingredients in the typical dog food can cause dog skin pimples. Symptoms can start even if a dog has been using the same food or treat for one or more years. Dog Skin Food Allergy on Neck. Red dog skin and pimples due to food allergy.']","A pimple, also called a blemish or a zit, is a small swelling in the skin caused by a blockage of a pore.",,1.0,0.9456685190351898,0.0
what is ring around the rosie,"['The nursery rhyme Ring around the Rosie came about during the time of the Black Death. Here are what the lyrics mean: Ring around the rosie is a reference to the black sores that would appear on your body as part of the plague. Your rosie is around the center of the back of your hand. A pocket full of posies is a reference to people would carrying posies (flowers) around to not smell the sickening scent of dead bodies everywhere.', 'Ask Us Anything! The History of the O-Ring. An O-ring is a loop of elastomer with a round (O-shaped) cross section used as a mechanical seal. They are designed to be seated in a groove and compressed during assembly between two or more parts, creating a seal at the interface.', ""The One Ring is an artefact that appears as the central plot element in J. R. R. Tolkien's The Lord of the Rings (1954â\x80\x9355). It is described in an earlier story, The Hobbit (1937), as a magic ring of invisibility."", 'Vaginal rings (also known as intravaginal rings, or V-Rings) are polymeric drug delivery devices designed to provide controlled release of drugs for intravaginal administration over extended periods of time. The ring is inserted into the vagina and provides contraception protection.', ""The ring: A vintage-style, square-cut diamond engagement ring with an 18-carat stone created by Mr Timberlake in collaboration with Leor Yerushalmi of The Jewelers of Las Vegas. The ring also features two aquamarine elements representing Ms Biel's birthstone.""]",Ring around the rosie is a reference to the black sores that would appear on your body as part of the plague. Your rosie is around the center of the back of your hand. A pocket full of posies is a reference to people carrying posies (flowers) around to not smell the sickening scent of dead bodies everywhere.,,1.0,0.8037553828138863,0.0
har-co credit union routing number,"['HAR-CO Credit Union Website Home Page HAR-CO Credit Union Online Banking Website Credit Union Mobile Application Click here Routing Number: 255076892. Find us on Twitter and Facebook! Phone Number 410-838-9090. More Information. HAR-CO Credit Union of Bel Air, Maryland has been serving its members for more than 59 years, currently from 3 locations. Classified as a state-chartered natural person credit union. Checking services include no cost share drafts, share certificates with low minimum balance requirements, bill pay services and overdraft lines of credit.', ""LANSING, KS 66043. Credit Union Of Leavenworth County's routing number (the leftmost number on the bottom of a check) is 301179041. Sometimes, banks have multiple routing numbers for different branches or uses. Please make sure this is the correct routing number for your branch!"", 'BEST REWARD CREDIT UNION - You have the WRONG ABA Routing Number for us. Please change to 241073951 or contact me if you need additional information. Thank you, Jennifer Cole - Jennifer Cole. KEY BANK - I need a routing number from Key Bank to setup ACH payments.', 'Bank of America NA - Dartmouth-Hitchcock Med. Ctr. A routing number is a 9 digit code for identifying a financial institution for the purpose of routing of checks (cheques), fund transfers, direct deposits, e-payments, online payments, and other payments to the correct bank branch.', '262277260 is a routing number of TUSCALOOSA CREDIT UNION. Check detailed information about 262277260. This bank routing number is required for electronic funds transfer. Bank routing number of TUSCALOOSA CREDIT UNION is the first nine digits of the number along the bottom left section of your check. The routing number for checking, savings and money market accounts identifies the financial institution where the account was opened and is located.']",The routing number for HAR-CO Credit Union is 255076892.,,1.0,0.9367361940111628,0.0
what is sealaska corporation,"[""A Native-owned corporation with more than 16,500 shareholders, Sealaska Corporation is the largest private landholder in southeast Alaska. The company's principal investments include forest products, financial markets, telecommunications, entertainment, plastics, and minerals development."", 'JosÃ© E. Almeida, Chairman And CEO Of Baxter International, Elected To Walgreens Boots Alliance Board Of Directors. Walgreens Boots Alliance, Inc. (Nasdaq: WBA) today announced that JosÃ© (Joe) E.', ""Alcoa Corporation (from aluminum company of America) is an American industrial corporation. It is the world's sixth largest producer of aluminum, with corporate headquarters in Pittsburgh, Pennsylvania. Alcoa conducts operations in 10 countries."", 'What is a SEAL? He is a common man with uncommon desire to succeed. A SEALâ\x80\x99s unflinching commitment to accomplish his mission is something that cannot be taught. Beyond his rigorous physical training, mental discipline and technological resources, it is his extraordinary, innate force of will that ensures a SEALâ\x80\x99s place amongst the pinnacle of elite warriors.', 'Mary T. Barra. Mary Barra is Chairman and Chief Executive Officer of General Motors Company. Barra was elected Chairman of the GM Board of Directors on January 4, 2016, and has served as CEO of GM since January 15, 2014.']","Sealaska Corporation is a Native-owned corporation with more than 16,500 shareholders and is the largest private landholder in southeast Alaska. The company's principal investments include forest products, financial markets, telecommunications, entertainment, plastics, and minerals development.",,1.0,0.826903685520486,0.0
what is the current ratio for restaurants industry,"['Current Ratio = $32,000/$28,000 = 1.14 This means that there is $1.14 of current assets for every $1.00 of current liabilities and is a rough measure of your ability to pay your outstanding bills. In most industries a ratio of 1:1 is considered to be reasonable. Restaurants typically have lower ratios because they maintain relatively small inventory levels combined with a quick cash turnover (meals are paid for the same day as they are served).', ""I don't know how applicable this is over here but in Australia franchisees are going to the wall largely due to an enforced $4.95 pizza war between Dominoes and Pizza Hut. The franchisees took YUM the parent company to court but so far have lost the first round."", 'For example the median expected annual pay for a typical Assistant Restaurant Manager in the United States is $39,956, so 50% of the people who perform the job of Assistant Restaurant Manager in the United States are expected to make less than $39,956.Source: HR Reported data as of October 2015. 1 Salary. 2 Salary + Bonus.ur team of Certified Compensation Professionals has analyzed survey data collected from thousands of HR departments at companies of all sizes and industries to present this range of annual salaries for people with the job title Assistant Restaurant Manager in the United States.', 'The starters entering the industry earn roughly $27,000 per year. An additional $500 or more is earned through bonuses and profit sharing. The salaries range between roughly $21000 and $53,600 per year. Of course, the salary handed out depends on the experience of the restaurant manager.Someone with four or more years of experience has the capacity to earn at least $50,000 a year.Of course, another component of the salary depends on the location.hoenix, Arizona sees high earners gain roughly $73,000 per year while Charlotte, North Carolina pays $84,000 per year on average to its restaurant managers. If the restaurant is located in a tourism area, the staff earns more. Also, the Restaurant Management Salary is higher if the clients are of sophisticated nature.', 'This average includes higher-paying titles, however, such as restaurant general managers. According to food service industry website FoodChefJobs.com, the average pay for an assistant restaurant manager is about $40,000 per year. Salary website Indeed.com concurs, listing $41,000 as the national average salary for an assistant restaurant manager.']",I cannot answer from the given context.,,0.0,0.0,0.0
what is the educational system of sweden,"['The educational system in Sweden is based on a nine-year primary school, or Grundskola, with mandatory attendance. Following this comes an elective three-year secondary school, or Gymnasieskola, which is divided in two instances where you either prepare for higher education or receive vocational education.', 'Sweden, officially known as the Kingdom of Sweden, is a constitutional monarchy situated in Northern Europe, bordering the Baltic Sea, Gulf of Bothnia, Kattegat, and Skagerrak, between Scandinavian Finland and Norway. With a total area of 173,745 square miles, Sweden is slightly larger than California.', 'Today, Sweden is a constitutional monarchy and a parliamentary democracy, with the Monarch as the head of state. The capital city is Stockholm, which is also the most populous city in the country. Legislative power is vested in the 349-member unicameral Riksdag.Executive power is exercised by the Government, chaired by the Prime Minister. Sweden is a unitary state, currently divided into 21 counties and 290 municipalities.weden has been a member of the European Union since 1 January 1995, but declined Eurozone membership following a referendum. It is also a member of the United Nations, the Nordic Council, Council of Europe, the World Trade Organization and the Organisation for Economic Co-operation and Development (OECD).', 'I work as an English and Swedish teacher in Sweden. Most Swedes regard English as a natural part of their lives, not all speak it well, it depends on their ability and willingness to study and improve of course. Today, every single kid learn English by the age of ten, if not earlier, and study it until the age of 18-19.inns are not â\x80\x9ctrying to be part of Europe and Scandinaviaâ\x80\x9d, since they are already very much part of Europe and northern Europe/Nordic countries. Finland is not part of Scandinavia, despite many similarities, and no-one is interested in that anyway. Finns do speak good English.', ""Sweden. Sweden has a much milder climate than most other regions of the world that lie as far north. Sweden's climate is influenced by the Gulf Stream, a warm ocean stream that flows off Norway's west coast.Sweden's many lakes and the gulfs of Bothnia give Sweden generally a relatively mild climate.July temperatures in Sweden average 13 to 17Â°C. February is usually Sweden's coldest month, with temperatures from - 22 to -3Â°C.weden's many lakes and the gulfs of Bothnia give Sweden generally a relatively mild climate. July temperatures in Sweden average 13 to 17Â°C. February is usually Sweden's coldest month, with temperatures from - 22 to -3Â°C.""]","The educational system in Sweden is based on a nine-year primary school, or Grundskola, with mandatory attendance. Following this, there is an elective three-year secondary school, or Gymnasieskola, which is divided into two instances: one that prepares students for higher education and another that provides vocational education.",,1.0,0.8497917521746393,0.0
what is the effect of third person omniscient,"['Third person omniscient is a point of view where the narrator knows all the thoughts, actions, and feelings of all characters. The author may move from character to character to show how each one contributes to the plot. An author may use third person omniscient so the audience can experience the story through several different characters.', 'Third-Person Limited: When a narrator uses third-person limited perspective, the narratorâ\x80\x99s perspective is limited to the internal workings of one character. In other words, the narrator reveals the thoughts and feelings of one character through explicit narration.', 'We often think of point-of-view as being the characterâ\x80\x99s perspective (and it is), but itâ\x80\x99s also about the readerâ\x80\x99s perspective. A third-person narrative has the camera outside the action â\x80\x94 maybe hovering over one character, maybe pulling back all the way to the corner.', 'Third person limited gives your readers access to a characterâ\x80\x99s inner thoughts and emotions the way first person narration does, but unlike first person, where the narrator and protagonist are one entity, a limited third person viewpoint puts a critical sliver of distance between protagonist and narrator.', 'Looking Glass Self. Looking glass self is a term coined by the sociologist Charles Horton Cooley, and refers to his proposal that the individualâ\x80\x99s perception of himself is based on how he believes that others perceive him. According to Cooley, this process has three steps. First, we imagine how we appear to another person.']","The effect of third person omniscient is that the audience can experience the story through several different characters, as the narrator knows all the thoughts, actions, and feelings of all characters.",,1.0,0.8462503195260634,0.0
what is the goal for the child with a cognitive impairment?,"['Promoting optimum development. The goal for children with cognitive impairment is the promotion of optimum social, physical, cognitive, and adaptive development as individuals within a family and community. Vocational skills are only one part of that goal. The focus must also be on the family and other aspects of development.', 'But for the caregiver, thereâ\x80\x99s a lot of common ground, too. The fact is, taking care of someone who suffers from cognitive problems -- rather than physical ones -- requires different expectations and a special set of caregiving skills.', 'Our Arizona Developmentally Disabled (DD) Program addresses the specific needs of children and adults with conditions such as autism, cerebral palsy or other cognitive disabilities. Members can choose their own doctor. And they get many services to help the family manage their care. Choose â\x80\x9cView Planâ\x80\x9d to see what our plan offers.', '1 Poor executive functioning (the ability to absorb and interpret information and make decisions based on that information) 2 An inability to stay focused. Problems with working memory (the ability to keep recently-learned information in mind and use it right away).', ""As a caregiver for someone with a neurobiological disorder (NBD formerly known as 'mental' illness) you may think: Since the other person needs so much done, I'll do absolutely everything I can for as long as I can..""]","The goal for children with cognitive impairment is the promotion of optimum social, physical, cognitive, and adaptive development as individuals within a family and community.",,0.0,0.9655966657066548,0.0
what is the greatest source of bank income?,"['A: The largest source of income for banks are the deposits they receive from account holders. These deposits from the general public are proportioned into securities, such as checking, savings and money market accounts. Banks are lending institutions, and their revenue derives from the interest they make from lending money.', 'A Federal Reserve study from the Diary of Consumer Payment Choice found that cash makes up the largest share of consumer transaction activity (40 percent), followed by debit card transactions (25 percent), and then credit card transactions at 17 percent.', ""An estate's bank accounts are often its primary source of liquid cash, which the executor may use to pay the estate's debts, according to the Gloucester County, New Jersey Probate Court."", '1. Sources of foreign exchange earnings. Tourism industry is the main influential type of industry in the world. Nepal has also taken tourism industry as its major sector of income in the fiscal year 2009/11. Tourism industry is also one of the influential sectors.', 'By creating money in this way, banks have increased the amount of money in the economy by an average of 11.5% a year over the last 40 years. This has pushed up the prices of houses and priced out an entire generation.']",The greatest source of bank income is the deposits they receive from account holders.,,1.0,0.9999999999998149,0.0
creta car price in pune,"['Creta Price in Pune. Hyundai Creta price in Pune starts at â\x82¹ 10.37 Lakhs and goes upto â\x82¹ 16.85 Lakhs. Petrol Creta price in Pune starts at â\x82¹ 10.37 Lakhs. Diesel Creta price in Pune starts at â\x82¹ 11.48 Lakhs.', 'Photo by JIM FETS. Ferrari has set the price of the 458 Spider at $257,000, with U.S. sales to start in January, In Europe, the sports car will cost 226,800 euros, or $309,000 at current exchange rate.', 'The government said that at current prices they were making about 30 sen per litre in sales. Then again on 3 December, petrol prices were reduced further. Gasoline prices were reduced 10 sen to MYR 1.90 per litre and as for diesel, they were reduced 10 sen to MYR 1.80 per litre.', 'Rs.15000. 35% on the OD Premium of the vehicle, subject to a maximum of Rs.2500/-. You can save on your insurance premium for your car and two wheeler when you maintain a claim free record as the No Claim Bonus which you accumulate and get it translated into discount on the Own Damage Premium.', 'If you are planning to purchase Honda Activa in Gujarat and want to have complete details of Ex-showroom price and On Road price associated with its three major models i.e. Activa i, Activa 3G and Activa 125, then visiting our portal is must.']",Hyundai Creta price in Pune starts at ₹10.37 Lakhs and goes up to ₹16.85 Lakhs. Petrol Creta price in Pune starts at ₹10.37 Lakhs. Diesel Creta price in Pune starts at ₹11.48 Lakhs.,,1.0,0.8512087451124257,0.9999999999
what is the legal definition of deposit,"['Definition of deposit. 1 1 : the state of being deposited. 2 2 : something placed for safekeeping: such asa : money deposited in a bank making a deposit or a withdrawal a deposit of $3,000b : money given as a pledge or down payment put down a deposit on a new house. 3 3 : a place of deposit : depository.', 'Definition of deposit for Students. 1 1 : the state of being deposited money on deposit. 2 2 : money that is deposited. 3 3 : something given as a pledge or as part payment He put a deposit of ten dollars on a new bicycle. 4 4 : something laid or thrown down A deposit of mud was left by the flood. 5 5 : mineral matter built up in nature a coal deposit.', 'A depository is a place in which things or assets are deposited for the purpose of safekeeping. You can take Libraries as a Depositories as they are responsible for maintaining and safekeeping of books & information. In terms of business, a depository is known as a financial institution or organization that accepts deposits and holds securities and other financial assets.', 'The security. deposit is a payment that is held by the landlord and. that is used to protect the landlord from damages to. the apartment that may be caused by the tenant during. the lease period and that may be used by the landlord. for unpaid rent. A security deposit is not applied to the. rent bill but is completely.', 'Legal Definition of investment. 1 1 : the outlay of money usually for income or profit : capital outlay; also : the sum invested or the property purchased. 2 2 : the commitment of funds with a view to minimizing risk and safeguarding capital while earning a return â\x80\x94 compare speculation.']",I cannot answer from the given context.,,0.0,0.0,0.0
what is the main source of energy for most process at earth's surace,"['The Sun: Earthâ\x80\x99s Primary Energy Source Astronaut photograph ISS015-E-10469, courtesy NASA/JSC Gateway to Astronaut Photography of Earth. Climate Literacy: The Essential Principles of Climate Sciences summarizes the most important principles and concepts of the climate sciences.', ""Renewable Energy. There are many forms of renewable energy. Most of these renewable energies depend in one way or another on sunlight. Wind and hydroelectric power are the direct result of differential heating of the Earth's surface which leads to air moving about (wind) and precipitation forming as the air is lifted.iomass energy is stored sunlight contained in plants. Other renewable energies that do not depend on sunlight are geothermal energy, which is a result of radioactive decay in the crust combined with the original heat of accreting the Earth, and tidal energy, which is a conversion of gravitational energy. Solar."", 'Electricity from chemical reactions may not be from the sun as in batteries but if they are recharged than that energy is probably from the sun.] What has taken millions of years and a lot of matter we might use up in about 200 years for oil and maybe 600 years for coal (start to finish.)', 'The ultimate source of energy (for most ecosystems) is the sun. The ultimate fate of energy in ecosystems is for it to be lost as heat. Energy and nutrients are passed from organism to organism through the food chain as one organism eats another. Decomposers remove the last energy from the remains of organisms.', 'The primary source of energy for hydrothermal vent communities is. A) reduction of sulfates in the vent water. B) reduction of carbon dioxide in the vent water. C) oxidation of petroleum compounds in the vent water. D) the heat of the water emerging from the vents.']",The main source of energy for most processes at Earth's surface is the sun.,,1.0,0.855393643691322,0.9999999999
what is the max dose for allopurinol,"['Dosage for Gout To help avoid a flare-up of gout attacks (which can occur when starting allopurinol), it is recommended to start at a low dosage for treating gout: allopurinol 100 mg once daily. After that, your healthcare provider may increase your dose by 100 mg per day each week, until the maximum dose is reached (800 mg daily) or until your uric acid levels are under control (are 6 mg/dL or less). People with kidney disease should take a lower dose, depending on the severity of their kidney problems.', 'Start: 500 mg/day (bid, DR; qday, ER); increase dose as quickly as tolerated to clinical effect. Target plasma level : 75 to 100 mcg/mL (DR) & 85 -125 mcg/ml (ER). Multiple black box warnings including for hepatotoxicity, pancreatitis, and teratogenicity (need to inform women of childbearing age of this risk ).', '1 Adultsâ\x80\x94At first, 500 mg to 1000 milligrams (mg) per day, divided into 2 doses. 2 Your doctor may increase your dose as needed. 3 However, the dose is usually not more than 3000 mg per day. 4 Children 6 years of age and olderâ\x80\x94Dose is based on body weight and must be determined by your doctor.', 'Starting dose: 1 mg PO q12hr initially; adjust maintenance dose to achieve trough whole blood concentrations of 3-5 ng/mL by 3 weeks after first dose of everolimus and through 12 months.', '1 However, the dose is usually not more than 100 mg per day. Children 3 to 12 years of age or weighing 15 to 40 kilograms (kg)â\x80\x94Dose is based on body weight and must be determined by your doctor. The usual dose is 50 to 150 micrograms per kg per day, given in divided doses two or three times a day. Your doctor may increase your dose if needed.']",The maximum dose for allopurinol is 800 mg daily.,,1.0,0.955121605455763,0.0
what is the meaning of chicken rice?,"['Hainanese chicken rice is a common dish in Thailand where it is called khao man kai (Thai: à¸\x82à¹\x89à¸²à¸§à¸¡à¸±à¸\x99à¹\x84à¸\x81à¹\x88), literally meaning chicken-oil rice. The chickens used in Thailand for this dish can be free range chickens of local breeds, resulting in a leaner and tastier dish, but increasingly meat chickens from large scale poultry farms are being used.', 'vietnamese rice noodle soup. the soup that consumes like dinner. rice noodles in meat broth, with scallions, cilantro, onions, and types of beef as toppings. usually served with part of natural bean sprouts, mint leaves, and a slice of lime. gotta consume it with sriracha.', 'Rustic Italian One-Pot Chicken and Rice - This one-pot wonder packs healthy protein, whole grains, and vegetables in a comfort food disguise.', '157 g White rice (long-grain, cooked) 1 g Salt Please note that some foods may not be suitable for some people and you are urged to seek the advice of a physician before beginning any weight loss effort or diet regimen.', 'Saffron, the spice that also turns the rice a wonderful golden color is an essential part of the dish. From its beginnings, Paella has been a dish that gathers families and friends, or entire towns to celebrate events. Paella is truly a dish for festivities.']",I cannot answer from the given context.,,0.0,0.0,0.0
what is the most common treatment for balanitis?,"['The treatment depends on the cause of the balanitis. 1 The following are often given: 2 An anti-yeast cream or a course of anti-yeast tablets is a common treatment if the balanitis is caused by candida. 3 Antibiotics will clear infection caused by germs (bacteria), including certain STIs.', 'Symptoms and signs are pain, rapidly spreading erythema, and edema; fever may occur, and regional lymph nodes may enlarge. Diagnosis is by appearance; cultures are sometimes helpful, but awaiting these results should not delay empiric therapy. Treatment is with antibiotics. Prognosis is excellent with timely treatment.', 'Treatment of elephantiasis involves a combination of medical and surgical measures depending on the severity of the condition. Podoconiosis treatment largely depends on hygiene and avoiding contact with the soil, as well as other conservative measures like compression and elevation of the legs.', 'Other specific manifestations of Lyme disease are generally treated with intravenous antibiotics, most often ceftriaxone 2 gm twice daily for 14 to 30 days, and these include Lyme meningitis, neuroborreliosis, arthritis not responsive to doxycycline, and severe cardiac manifestations.', 'How Tinea Versicolor Is Treated. Treatment of tinea versicolor can consist of creams, lotions, or shampoos that are put on the skin. It can also include medication given as pills. The type of treatment will depend on the size, location, and thickness of the infected area.']",An anti-yeast cream or a course of anti-yeast tablets is a common treatment if the balanitis is caused by candida.,,1.0,0.8105807901993861,0.0
what is the new trend for kitchen cabinets,"['Modern style kitchen trends are incorporating brightly colored painted cupboards into the design as a unique focal point. One popular kitchen color ideas painting cabinets is red with white or black countertops. With this type of paint schemes for kitchens it is best to keep the rest of the space simple.', 'Get the most out of your kitchen cabinets with accessories that help maximize storage and reduce clutter on countertops. 1 Pull-out shelf: Provides quick access to everything on the shelf. 2 Two-tiered cutlery/flatware dividers: Store nearly twice as many utensils and flatware.', ""The Natural Maple Cabinets is used on the base of the islands and the cabinets, allowing the eye to keep moving throughout. The bookshelves create a visual barrier to the stove and sink areas. Design ideas for a kitchen in Dc Metro. â\x80\x94 Houzz. I like red oak flooring with light cabinets, don't like the yellow-ish floor."", 'Light Rail: The bottom of wall cabinets is usually decorated with a piece of molding, to give a finished look or to hide under-cabinet lighting. A â\x80¢ B â\x80¢ C â\x80¢ D â\x80¢ E â\x80¢ F â\x80¢ G â\x80¢ H â\x80¢ I â\x80¢ J â\x80¢ K â\x80¢ L â\x80¢ M â\x80¢ N â\x80¢ O â\x80¢ P â\x80¢ Q â\x80¢ R â\x80¢ S â\x80¢ T â\x80¢ U â\x80¢ V â\x80¢ W â\x80¢ X â\x80¢ Y â\x80¢ Z.', 'Nobody beats our prices on semi-custom cabinets. You pay wholesale prices because we cut out the home center markup. Buy directly from our factory and save thousands of dollars.']","The new trend for kitchen cabinets is incorporating brightly colored painted cupboards, with red being a popular choice, often paired with white or black countertops.",,1.0,0.9637037946496793,0.0
what is the priceline customer service number?,"['Priceline Customer Service Phone Number. 800-259-2091 is the customer service phone number of the Priceline. customer service number enables the customers of the Priceline company to convey their complaints or suggestions. If you want to reach a live person, you have to follow below steps : This is a direct number to a live person.', 'Phone Support: 1-800-541-5555. The Telephone Service Center (TSC) is available 8 a.m. to 5 p.m., Monday through Friday, except holidays (border providers and out-of-state billers billing for in-state providers, call [916] 636-1200).', 'Call and talk with our technical and billing experts. Follow this link for more information on how to contact our agents who are here to help you 7 days a week, 365 days a year.', 'Cox Technical Support: 1-888-269-9693 (24/7) Cox Communications. Your call maybe monitored or recorded to ensure quality service. If you already have an account with Cox communications press 1 Please enter the ten digit phone number associated with your account.', 'Please use the contact details below to email, call or write to us in the United States. We aim to deal with your inquiries as quickly as possible. For comments or complaints about our service stations and retail outlets in the U.S., please contact us via phone: +1 800 333 3991 or via email: bpconsum@bp.com. To find your nearest BP station, please visit mybpstation.com.']",800-259-2091,,1.0,0.5970916052659089,0.0
what is the purpose of a conceptual model for advanced practice nursing,"['The conceptual and theoretical nursing models help to provide knowledge to improve practice, guide research and curriculum and identify the goals of nursing practice. Nursing knowledge is the inclusive total of the philosophies, theories, research, and practice wisdom of the discipline.As a professional discipline this knowledge is important for guiding practice.(Smith & Liehr, 2008).', 'The theory of Nursing As Caring is a general or grand nursing theory that can be used as a framework to guide nursing practice. The theory is grounded in several key assumptions: 1 persons are caring by virtue of their humanness. 2 persons live their caring moment to moment. persons are whole or complete in the moment.', 'Kathleen R. Stevens, EdD, RN, ANEF, FAAN. The impact of evidence-based practice (EBP) has echoed across nursing practice, education, and science. The call for evidence-based quality improvement and healthcare transformation underscores the need for redesigning care that is effective, safe, and efficient.', 'MSN â\x80\x93 Registered nurses with an interest in becoming an advanced practice nurse, nurse educator, nurse anesthetist or nurse manager, must earn a Masterâ\x80\x99s of Science in Nursing through an accredited graduate degree program.', 'Level II. 1 Develop as a novice professional nurse in the clinician role as care giver by accepting responsibility for individuals and families as clients. 2 Participate as a critical thinker, teacher, collaborator and user of nursing theory in the clinician role as care giver.']",I cannot answer from the given context.,,0.0,0.0,0.0
current time in oakland ca,"['Current Local Time: Oakland, California is in the Pacific Time Zone: The Current Time in Oakland, California is: Thursday 2/15/2018 12:24 PM PST Oakland, California is in the Pacific Time Zone', 'Current Local Time: California is in the Pacific Time Zone: The Current Time in California is: Thursday 1/18/2018 1:06 PM PST California is in the Pacific Time Zone', 'Holtville, California Local Time Details: Time Zone Abbreviations: Pacific Standard Time - is abbreviated as PST Pacific Daylight Time - is abbreviated as PDT: UTC - GMT Offset: Holtville, California is GMT/UTC - 8h during Standard Time Holtville, California is GMT/UTC - 7h during Daylight Saving Time: Daylight Saving Time Usage', 'Current time now in Time Zone: America New York (USA Eastern Time) Newark, New Jersey, Map', 'Los Angeles, California, United States actual time, daylight saving time 2016, GMT offset, time change dates. Current time. UTC/GMT Offset.']","The current time in Oakland, California is Thursday 2/15/2018 12:24 PM PST.",,1.0,0.9328544396456949,0.0
history of nike huarache,"['Model: Nike Running â\x80\x93 Nike Air Huarache Purpose: Running Original Release: 1991 Updates: Nike Running News The Nike Air Huarache is a running shoe that boasted innovative technologies, including the â\x80\x9cHuarache Fit.â\x80\x9d It was first released in 1991 and was inspired by old Native American sandals called Huarache. Stretch grip neoprene and Spandex make the shoe almost mold to the foot. Nike Air Huarache History [ratings] The Nike Air Huaracheâ\x80\x99s look is very simple, and the only Nike branding is shown with lettering at the heel. In 1992, Nike released special versions of the Nike Air Huarache in select color ways with nubuck uppers. In 2000, the original green/royal blue color way was reissued.', 'The company was founded on January 25, 1964, as Blue Ribbon Sports, by Bill Bowerman and Phil Knight, and officially became Nike, Inc. on May 30, 1971. The company takes its name from Nike, the Greek goddess of victory. Nike markets its products under its own brand, as well as Nike Golf, Nike Pro, Nike+, Air Jordan, Nike Blazers, Air Force 1, Nike Dunk, Air Max, Foamposite, Nike Skateboarding, and subsidiaries including Brand Jordan, Hurley International and Converse.', 'In 2006, American traveler Blake Mycoskie befriended children in a village in Argentina. He was disturbed that these children had no shoes to protect their feet. Wanting to help, he created TOMS Shoes, a company that would match every pair of shoes purchased with a pair of new shoes given to a child in need.', ""Transcript of Adidas Marketing Mix Analysis. Overview Marketing Mix (4P) Three Level Of Product The End Adidas is a German manufacturer, A market of sport apparel and the athletic shoes. Product Price Thank you for your attention In 18 August 1949,Adidas is registered as a company, named after. its founder: 'Adi' from Adolf."", 'Nike Cofounder And Chairman Phil Knight Officially Retires From The Board Nike cofounder Phil Knight announced Thursday that he has officially stepped down from his role as chairman of Nikeâ\x80\x99s board, completing the transition he first announced a year ago. As expected, Nike President and CEO Mark Parker will take on the role of chairman, while Knight, 78, will serve as Chairman Emeritus.']","The Nike Air Huarache is a running shoe that was first released in 1991 and was inspired by old Native American sandals called Huarache. It features innovative technologies, including the “Huarache Fit,” and is made from stretch grip neoprene and Spandex, allowing it to mold to the foot. In 1992, special versions of the Nike Air Huarache were released in select color ways with nubuck uppers. The original green/royal blue color way was reissued in 2000.",,1.0,0.8604027561352309,0.0
what is the temperature of water at freezing point,"['What is the freezing point of water? Â« Reply #1 on: 20/11/2011 14:19:04 Â». Pure water has a freezing point of 32oF, 0oC at sea level under normal pressure. Impurities in the water (such as sea salt), pressure and altitude will raise or lower the freezing point. Of course, altitude only makes a difference because at higher altitudes air pressure is less...', 'The resulting solution or solid-solid mixture has a lower freezing point than the pure solvent or solid. This phenomenon is what causes sea water, (a mixture of salt in water) to remain liquid at temperatures below 0 Â°C (32 Â°F), the freezing point of pure water.', 'Alcoholic beverages have a freezing point between the freezing point of water (0Â°C; 32Â°F) and that of pure ethanol (-114Â°C; -173Â°F).', ""The temperature of the ice will continue to decrease until it reaches the same temperature as the outside air which is 20 F. Liquid water has more energy than frozen water. When water freezes it gives up some of the water's energy. This energy that is given up is the latent heat of freezing."", 'Alcoholic beverages will freeze somewhere between -114 Â°C and 0 Â°C depending on the alcohol content. â\x80¦ The kind of alcohol that people can drink is called ethanol and it has a freezing point of -114 degrees Celsius (-114 Â°C).']",The temperature of water at freezing point is 0°C (32°F).,,1.0,0.9503613346940768,0.0
what is the third law,"['The Third Law of Thermodynamics is concerned with the limiting behavior of systems as the temperature approaches absolute zero. Most thermodynamics calculations use only entropy differences, so the zero point of the entropy scale is often not important.', 'There are three mooring hooks for discussions with non-believing neighbors about law. If we moor our conversations on these three hooks, we will usually be all right. The root of the enacted law is the moral law; the root of the moral law is the design of the created order; and the root of the created order is the Creator.â\x80¦ These sound like biblical truths, and they are.', 'Asimovâ\x80\x99s Three Laws of Robotics: 1 A robot may not injure a human being or, through inaction, allow a human being to come to harm. A robot must obey any orders given to it by human beings, except where such orders would conflict with the First Law.', 'Meaning of Number 3. Number 3 is the number of good fortune. The Pythagoreans taught that the number three was the first true number. Three is the first number that forms a geometrical figure â\x80\x93 the triangle. Three was considered the number of harmony, wisdom and understanding. Three is the number of time:', ""Murphy's Original Law. If there are two or more ways to do something, and one of those ways can result in a catastrophe, then someone will do it. Murphy's Law. If anything can go wrong -- it will.Murphy's First Corollary. Left to themselves, things tend to go from bad to worse.dward A. Murphy, Jr. was one of the engineers on the rocket-sled experiments that were done by the U.S. Air Force in 1949 to test human acceleration tolerances (USAF project MX981).""]",I cannot answer from the given context.,,0.0,0.0,0.0
what is the weather in allentown?,"['Guide to Allentown weather in December. The average maximum daytime temperature in Allentown in December is a cold 4Â°C (39Â°F). The average night-time temperature is usually a very cold -4Â°C (25Â°F). There are usually 4 hours of bright sunshine each day, which represents 42% of the 9 hours of daylight.', 'Annual Weather Summary: November 2017 to October 2018. Winter will be milder than normal, with the coldest temperatures in early January, mid- to late January, and early February. Rainfall will be much above normal in the north and slightly above in the south. April and May will be a bit hotter and drier than normal.', ""Yesterday's weather. Chilly. 15 / 30 Â°F Humidity: 56%. Wind: 4 mph â\x86\x91 from Southwest. More weather last week"", ""Yesterday's weather. Overcast. 34 / 45 Â°F Humidity: 86%. Wind: 7 mph â\x86\x91 from North. More weather last week"", ""Yesterday's weather. Clear. 45 / 63 Â°F Humidity: 62%. Wind: 6 mph â\x86\x91 from North. More weather last week""]",I cannot answer from the given context.,,0.0,0.0,0.0
what is the weather in powell wy,"['The highest monthly average temperature in Powell for July is 72 degrees. The lowest monthly average temperature in Powell for December is 24 degrees. The most monthly precipitation in Powell occurs in May with 1.6 inches. The air quality index in Powell is 51% better than the national average. The pollution index in Powell is 95% better than the national average.', 'What is the weather like at Page AZ and Lake Powell? Elevation above sea level and time of the year generally determines average weather and temperatures. The elevation of Page, Arizona and Lake Powell are nearly the same at about 3,700 feet. Since Page and the lake at just a few miles apart, the temperatures are essentially identical.', 'Next 5 Days. 1 Today Sep 2 63Â° /49Â°F. Rain and a thunderstorm. 2 Sun Sep 3 78Â° /60Â°. Pleasant and warmer. 3 Mon Sep 4 68Â° /48Â°. A shower or two; not as warm. 4 Tue Sep 5 56Â° /45Â°. A brief shower or two. 5 Wed Sep 6 56Â° /39Â°. Mostly cloudy, a few showers.', 'Porter Ranch 10 Day Weather. Monday:The Porter Ranch forecast for Aug 28 is 96 degrees and Sunny. There is 28 percentage chance of rain and 4 mph winds from the Southwest. Tuesday:The Porter Ranch forecast for Aug 29 is 100 degrees and Sunny. There is 25 percentage chance of rain and 7 mph winds from the South-Southwest.', ""Yesterday's weather. Chilly. 15 / 30 Â°F Humidity: 56%. Wind: 4 mph â\x86\x91 from Southwest. More weather last week""]",I cannot answer from the given context.,,0.0,-0.0,0.0
what is the wwa,"['WWAHost.exe is a safe and essential process in Windows 8. It acts as a host for Metro app processes similar to how svchost.exe acts as a host for .dll files. This process is safe and is best left alone to continue normal function on a Windows 8 system.', 'Third Party Workers (â\x80\x9cTPWâ\x80\x9d) receive no salary, bonus, group health or life insurance, accrual of. credited service for retirement, paid time-off, or any other employee benefits from USAA, and are. not eligible to participate in any USAA employee welfare, pension, or benefit plans or programs.', 'Distributed Web Application Firewall (also called a dWAF) is a member of the web application firewall (WAF) and Web applications security family of technologies. Purely software-based, the dWAF architecture is designed as separate components able to physically exist in different areas of the network.', 'The Wauwatosa Chamber of Commerce is a business association representing companies in and around the west suburban Milwaukee community. WCC has been actively representing members since 1939. Serving a diverse membership enables us to stay in touch with business needs and concerns. Governed by a volunteer board of directors who represent segments of the membership, our goal is to provide with guidance and networking opportunities to promote the future of your business.', 'Headquartered in Palmer, Alaska, the NTWC is part of an international tsunami warning system (TWS) program and serves as the operational center for TWS of all coastal regions of Canada and the United States, except Hawaii, the Caribbean, and the Gulf of Mexico.']",I cannot answer from the given context.,,0.0,0.0,0.0
home range of american bison,"['American bison range. Historically, the American bison had the widest natural range of any North American herbivore, extending all the way from northern Mexico to Alaska, with central Alberta being the dividing line between the plains bison to the south and the wood bison to the north .', 'The American bison and the European bison (wisent) are the largest terrestrial animals in North America and Europe. Bison are good swimmers and can cross rivers over half a mile (800 meters) wide. They are nomadic grazers and travel in herds.wo extant and four extinct species are recognized. Of the four extinct species, three were North American: Bison antiquus, B. latifrons, and B. occidentalis. The fourth, B. priscus, ranged across steppe environments from Western Europe, through Central Asia, and onto North America.', ""The bison's horns measured 32 inches from tip to tip and 18 and 19 inches individually, giving the animal a hunting score of 140-2/8. The previous record, a bison killed in Yellowstone National Park in 1925, scored 136-4/8. For the record to become official, the bison's head will need to dry for 60 days."", 'Scientists recognize five different species of prairie dogs: black-tailed, Gunnisonâ\x80\x99s, Utah, white-tailed, and Mexican. Four of the species live in western states such as Arizona, Colorado, Nebraska, South Dakota, Utah, and Wyoming; the fifth lives in Mexico.', 'Cattle ranching in the Great Plains of the United States and Canada differs from the raising of beef cattle on small farms farther east. In the Great Plains it is the primary activity, not an adjunct to farming, and it is conducted on horseback (and, more recently, out of a pickup truck).anching, as it developed on the Plains, was well adapted to the physical environment. Cattle were able to consume the nutrient-rich grasses, just as the bison had. Even today, grass is the most important natural resource for ranchers, and little tillage agriculture takes place in order to sustain the herds.']","The American bison had the widest natural range of any North American herbivore, extending all the way from northern Mexico to Alaska, with central Alberta being the dividing line between the plains bison to the south and the wood bison to the north.",,1.0,0.8265650268643118,0.0
what is usta,"['The United States Tennis Association (USTA) is the national governing body for tennis in the United States. A not-for-profit organization with more than 700,000 members, it invests 100% of its proceeds to promote and develop the growth of tennis, from the grass-roots to the professional levels.', 'Call our shortcut number Shortcut Number (Opens Pop-up Layer) to reach. us from a mobile phone. 210-531-USAA (or 210-531-8722) Phone Menu Tips for Auto and Property Insurance Claims(Opens Pop-up Layer) 800-531-USAA (or 800-531-8722) Phone Menu Tips for Auto and Property Insurance Claims(Opens Pop-up Layer)', 'American Funds NVIT Asset Allocation Fund is a Variable Annuity product in the USA. The Fund seeks to provide a high total return consistent with preservation of capital over the long term. The Fund invests all of its assets in the Class 1 shares of the Asset Allocation Fund a series of American Funds Insurance Series, a registered open-end investment company. Address.', ""The Thematic Apperception Test, or TAT, is a projective measure intended to evaluate a person's patterns of thought, attitudes, observational capacity, and emotional responses to ambiguous test materials.esearch. In addition to its application in individual assessments, the TAT is frequently used for research into specific aspects of human personality, most often needs for achievement, fears of failure, hostility and aggression, and interpersonal object relations."", 'TCTA president serves on TEA stakeholder group for teacher equity plans. TCTA President Donna Corbin was in Austin recently for the first meeting of a Texas Education Agency stakeholder group created to give input on state guidance regarding local implementation of federally required teacher equity plans.']","The United States Tennis Association (USTA) is the national governing body for tennis in the United States. A not-for-profit organization with more than 700,000 members, it invests 100% of its proceeds to promote and develop the growth of tennis, from the grass-roots to the professional levels.",,1.0,0.5167940882760379,0.9999999999
what kind of doctor specializes in rehabilitation,"['Patients today can seek consultation with either a neurosurgeon or orthopedic surgeon who is appropriately trained and who has devoted his or her practice to spinal disorders. In other words, you want to seek surgeon who takes care of spine problems day to day, week to week month to month and year to year.', 'A branch of medicine dealing with the development, care and disease of children. Physical Medicine & Rehab. Physical medicine and rehabilitation, also referred to as rehabilitation medicine, is the medical specialty concerned with diagnosing, evaluating, and treating patients with physical disabilities.', 'PM&R physicians are medical doctors who have completed training in the specialty of Physical Medicine and Rehabilitation (PM&R), and may be subspecialty certified in Brain Injury Medicine, Hospice and Palliative Medicine, Neuromuscular Medicine, Pain Medicine, Pediatric Rehabilitation Medicine, Spinal Cord Injury Medicine, and/or Sports Medicine.', 'Sports medicine doctors often work alongside physical therapists to create rehabilitation plans, or with athletic trainers to develop appropriate exercise regimens. While orthopedic surgeons are trained to perform surgery, primary care sports medicine doctors do not operate on athletes but can expedite referral to a surgeon if surgery is required.', 'Our Physician is a specialist in Adult Neurology. Neurologists specialize in the diagnosis and medical treatment of diseases of the brain, spinal cord, and peripheral nerves. Dr. Schultz provides consultations, electrodiagnostic testing and follow-up medical care in the out-patient office setting.']",Physical Medicine & Rehab physicians specialize in rehabilitation.,,1.0,0.7227337769472556,0.3333333333
what kind of exam in aca,"['The core information about the ACA exam is as follows: About the ACA Exam The ACA or the Associate Chartered Accountant Program is a premier course designed by the Institute of Chartered Accountants in England and Wales (ICAEW).', 'The BASIC Examination consists of 250 questions and examinees have 4 hours and 40 minutes to complete the examination. The ABA anesthesia exam pass rate as of November 2015 was 93%.', 'A. A FREE Study Outline is available from the Certifying Board. We recommend you study from textbooks not over three years old. Review Classes are conducted by some CMAA regions and schools. A Review Guide is available from the CCBMA office for $25. It contains 25 quizzes to help you prepare for the exam.', ""The certification exam is similar in content to the CCI's examination, but consists of 200 questions rather than 150. Of those questions, 175 are scored and the remaining 25 are test questions under consideration for future exams."", 'On the test, there will be 120 questions and you will have two hours to take the exam. The exam will cover assessments, exercise techniques, program design, nutrition, client relations, professional responsibility and research questions.']",I cannot answer from the given context.,,0.0,0.0,0.0
what method of penetrant removal is solvent removable,"['Penetrant Removal Method Penetrants are also classified by the method of removing the excess penetrant. â\x80¢Solvent Removable penetrants are removed by wiping with a cloth dampened with solvent. They are supplied in aerosol cans for portability and are primarily used for spot checks. â\x80¢Water Washable penetrants are removed with a course spray of water.', 'The ï¬\x81sts stage consists in the dissolution of. polystyrene with suitable solvents. A good solvent for the recycling. of extruded polystyrene should have high dissolution ability and. high volatility that will allow its removal with minimum tempera-. ture chain degradation.', 'Hot DI spray rinse is the most effective way to remove particles loosened by ultrasonic cleaning. A dump Rinse type tank may be substituted for a spray rinse tank. Spray rinsing is required each time a parts basket is removed from the ultrasonic cleaning tank or from an ultrasonic rinse tank. 3.Ultrasonic Rinse in Hot DI water Ultrasonic rinsing in hot DI water is accomplished by placing the parts in an ultrasonic tank that is equipped with an overflow, [either 1,2or 4 sided.', 'Steps to Remove the Sticker Residue: 1 Select one of the removal products above. 2 Apply the product to the adhesive. 3 Massage the area with your fingers to work the product into the adhesive. Another step to remove the adhesive further is to scrub the area gently with a soft 1 toothbrush. Next, launder the garment as usual.', 'The primary cleaner is normally a wet scrubber,which removes about 90 percent of the remaining particulate. The secondary cleaner is a high-energywet scrubber (usually a venturi) or an electrostatic precipitator, either of which can remove up to 90percent of the particulate that eludes the primary cleaner.']",Solvent removable penetrants are removed by wiping with a cloth dampened with solvent. They are supplied in aerosol cans for portability and are primarily used for spot checks.,,1.0,0.8440556016325642,0.0
what nationality is dr. nowzaradan,"['Dr. Nowzaradan is from Iran and was born on October 11, 1944. That makes Dr. Nowzaradanâ\x80\x99s age 72 with years of experience in treating patients who suffer from life-threatening obesity. Even though Dr. Nowzaradanâ\x80\x99s nationality is Iranian, he has been working in the United States for more than four decades. He is a surgeon, who specializes in gastric bypass surgery. Advertisement', ""Lawrence Nassar, an osteopathic physician, was one of the most famous doctors in the world of gymnastics. As a trainer and doctor he worked with Olympic and national womens' artistic gymnastics teams for more than two decades."", 'My name is Dr. Oscar A. Aguirre and I am the founder of Aguirre Specialty Care â\x80\x93 Pelvic Surgery and Intimate Aesthetics, The Center for Female Pelvic Medicine and Cosmetic Surgery. I am originally from La Paz, Bolivia. I do, however, consider Denver home, as my family and I moved to Denver when I was just 4 years old.', 'Dr. Sankar Kausik, MD is an urology specialist in Bel Air, MD and has been practicing for 16 years. He graduated from Albany Medical College in 1996 and specializes in urology. Leave a Review', 'Dr. Weninger Antal: Az idÅ\x91 partjÃ¡n. JÃ³ga Ã©s szemÃ©lyisÃ©g. 83 likes. Dr. Weninger Antal Ã©s munkÃ¡ssÃ¡ga tisztelÅ\x91inek Ã©s rajongÃ³inak gondolatait vÃ¡rom erre az...']",Dr. Nowzaradan's nationality is Iranian.,,1.0,0.9394348413838589,0.0
ari fleet repair phone number,"['ARI Fleet Customer Service Phone Number Phone Number of ARI Fleet is 856 7781500. ARI Fleet is a largest privately held vehicle fleet management services company which provides the services in United States, Mexico, Canada, United Kingdom, Europe and Hong Kong.', 'One Call Does it All. By calling 800-537-5437, you can schedule one of our service professionals to solve any installation or repair need. We offer service in most areas. To see if we offer service in your area, see our Store Locations.', 'Phone Support: 1-800-541-5555. The Telephone Service Center (TSC) is available 8 a.m. to 5 p.m., Monday through Friday, except holidays (border providers and out-of-state billers billing for in-state providers, call [916] 636-1200).', 'All About Staffing 800-737-8661 ext 1643 Capital 804-549-5900 Central / West Texas 512-901-2777 or 915-621-6622 Continental 303-584-2232 East Florida 888-561-3719 Far West Division 702-938-9740 Gulf Coast 281-325-5499 Hcaps 800-661-3365 ext 7626 LifePoint 855-744-4369 MidAmerica (Midwest/Delta) 816-276-4357 or 615-886-5800 Mountain Division ...', '5 thoughts on â\x80\x9cEPF New Customer Care Number, 24Ã\x977 Toll Free Helpline & Support Email Idâ\x80\x9d. 1 My mobile number missing, i want to get our uan number please suggest. 2 Good after noon sir/ madam, 3 Respected sir, 4 MY DOB & DOJ is mismatch needs to be correct.']",I cannot answer from the given context.,,0.0,-0.0,0.0
what part of the integumentary system does scc,"['The desmosomes occupied a central position in the interspace with taut, thin cytoplasmic strands connecting them to the opposing cells. A diagnosis of SCC is supported by the presence of unequivocal cytoplasmic keratinization, squamous pearls, and desmosomes.', 'They can be the first step on the road to squamous cell carcinoma, and some experts even consider them the earliest form of SCC. From two to ten percent of untreated actinic keratoses (AKs) advance to squamous cell carcinoma, sometimes with two years, according to different studies.', 'General Discussion. Squamous cell carcinoma (SCC) is the second most common skin cancer with between 200,000 and 250,000 cases reported each year. It is a malignant cancer that usually develops from the epidermis and/or the mucous lining of the body cavities (epithelium), but may occur anywhere on the body.quamous cell carcinoma (SCC) is the second most common skin cancer with between 200,000 and 250,000 cases reported each year. It is a malignant cancer that usually develops from the epidermis and/or the mucous lining of the body cavities (epithelium), but may occur anywhere on the body.', 'Major layers of the epidermis and dermis, functions, structures of the integumentary system and their functions, and homeostatic responses to integumentary imbalances.', 'Integumentary System. The integumentary system is an organ system consisting of the skin, hair, nails, and exocrine glands. The skin is only a few millimeters thick yet is by far the largest organ in the body. The average personâ\x80\x99s skin weighs 10 pounds and has a surface area of almost 20 square feet.']",I cannot answer from the given context.,,0.0,0.0,0.0
what percentage of people in the world speak english,"[""The estimated number of people in the world that speak English fluently is about 30 percent of the population. If the world's population is about 7,264,712,400 people. Thiâ\x80¦s would mean that roughly 2,179,413,720 people in the world currently speak English fluently."", ""What percent of people speak English in Germany? Well over 90 percent because in Germany it is very widely looked down upon if you don't become fluent in English as a second language in Germany. In some parts of Germany, it' â\x80¦ s illegal to not be fluent in English by the age of eight."", ""We're here to remind you that not only is it important, it may very well be necessary. It's true that there are more and more people learning and speaking English these days. In fact, English is, according to some measures, the most widely spoken language in the world, the de facto lingua franca. Approximately 1.5 billion people around the world speak English, whether as their native tongue or as a foreign language, and this number is still growing."", ""The 1991 Indian census, which says there are 18 languages spoken by at least 50,000 people in India, has a list of the languages recorded. 0. Hindi is the most widespread language, spoken by about 40 percent of the population, followed by Bengali (8.3 percent), Telugu (7.87 percent) and Marathi (7.45 percent).bout half of the world's countries have at least one official language. The official language is not necessarily the most widely spoken especially when it defines nationalism (eg Ireland) or describes former colonial control (eg Liberia)."", 'It is also the largest native language in Europe, with 144 million native speakers in Russia, Ukraine and Belarus. Russian is the eighth most spoken language in the world by number of native speakers and the seventh by total number of speakers.The language is one of the six official languages of the United Nations.0% of the population was fluent in Russian in 2006, and 2% used it as the main language with family, friends or at work. Russian is spoken by 1.4% of the population according to a 2009 estimate from the World Factbook.']",About 30 percent of the population speaks English fluently.,,1.0,0.8585675521811648,0.0
what processes are needed to form igneous rock,"['In essence, igneous rocks are formed through the cooling and solidification of magma (or lava). As hot, molten rock rises to the surface, it undergoes changes in temperature and pressure that cause it to cool, solidify, and crystallize.', ""Igneous rock is formed through the cooling and solidification of magma or lava. Molten rock is called magma. When it is forced to the Earth's surface it is also called lava. Lava cools quickly on the surface to form igneous rocks with small crystals."", ""Igneous rocks are formed from melted rock that has cooled and solidified. When rocks are buried deep within the Earth, they melt because of the high pressure and temperature; the molten rock (called magma) can then flow upward or even be erupted from a volcano onto the Earth's surface."", ""A rock is any naturally formed, nonliving, firm, and coherent aggregate mass of solid matter that constitutes part of a planet. Igneous rocks-form in two very different environments. All igneous rocks start out as melted rock, (magma) and then crystallize, or freeze. Bowen's Reaction Series is a proposed sequence of mineral crystallization from basaltic magma, based on experimental evidence. Volcanic processes form extrusive igneous rocks. Extrusive rocks cool quickly on or very near the surface of the earth."", 'Intrusive igneous rocks are formed from magma that cools and solidifies within the crust of a planet, surrounded by pre-existing rock (called country rock); the magma cools slowly and, as a result, these rocks are coarse grained. The mineral grains in such rocks can generally be identified with the naked eye.ntrusive igneous rocks are formed from magma that cools and solidifies within the crust of a planet, surrounded by pre-existing rock (called country rock); the magma cools slowly and, as a result, these rocks are coarse grained. The mineral grains in such rocks can generally be identified with the naked eye.']","Igneous rocks are formed through the cooling and solidification of magma or lava. This process involves the melting of rock due to high pressure and temperature, followed by the upward flow of the molten rock (magma) or its eruption onto the Earth's surface as lava. Once at the surface, lava cools quickly, while magma that cools slowly within the Earth's crust results in coarse-grained rocks.",,1.0,0.8459789056387912,0.0
what school subject are needed to become a registered nurse,"['There are many different pathways of education if you wish to become a registered nurse. However, all will culminate into your taking the NCLEX-RN (National Council Licensure Examination) exam. Letâ\x80\x99s take a look at the various pathways you can follow in order to take the NCLEX-RN exam, as well as various other resources you may need if you are thinking about becoming a registered nurse. The Different Education Pathways. You can become a registered nurse using the following educational methods: Undergraduate. The Diploma in Nursing (DiN) was once the most popular way of becoming an RN and getting into nursing. This diploma can be obtained through schools of nursing based in hospitals. Associate Degree in Nursing (ADN). To complete this course, you will need to learn about nursing, anatomy, chemistry, nutrition, microbiology and other specialized subjects.', 'At minimum, a nurse practitioner must earn a Masterâ\x80\x99s of Science degree in nursing before beginning work in the NP role. This degree and a nurse practitioner credential, are only available to those students who have already completed the requirements to work as a registered nurse (RN).', ""If you decide you want to become a registered nurse (RN) in the future, you'll need to earn either an associate's (LPN-to-RN) or bachelor's degree (LP-to-BSN), but your LPN training will count as credit toward your degree. You can find a brief description of each option below.achelor's Degree Programs. For an LPN/LVN looking to become an RN, you have the option to enroll in an LPN-to-BSN program which is geared specifically for LPNs and take about three years. Schools offering these programs tend to focus on nursing courses where students learn better leadership skills."", 'MSN â\x80\x93 Registered nurses with an interest in becoming an advanced practice nurse, nurse educator, nurse anesthetist or nurse manager, must earn a Masterâ\x80\x99s of Science in Nursing through an accredited graduate degree program.', 'The degree must be in nursing or a related field. c. Have current certification as an A.R.N.P. in Florida. d. Have at least two years of full time experience as a nurse educator. 3. Fifty percent (50%) or more of the nursing faculty in a practical nursing program shall hold a bachelorâ\x80\x99s degree in nursing.']","To become a registered nurse, you will need to learn about nursing, anatomy, chemistry, nutrition, microbiology, and other specialized subjects.",,1.0,0.849404851630002,0.0
what temperature damages tomato plants,"['Tomato plants are also susceptible to chilling injury at temperatures between 0 and 5Â° C. Chilling can cause stunted growth, wilting, surface pitting or necrosis of foliage, and increased susceptibility to disease. Low soil temperatures also stunt plant growth and prevent root development.', 'Temperature: Tomato plants drop their flowers under extreme temperature regimes, such as high daytime temperatures (above 85Â°F), high nighttime temperatures (above 70Â°F), or low nighttime temperatures (below 55Â°F) (Table 1). Optimal growing conditions for tomatoes are daytime temperatures between 70Â°F and 85Â°F.', 'These cold climate tomatoes are tomato varieties that are better suited to colder growing climates. Many of these tomato varieties originate from the cooler growing areas in Russia and other northern growing areas.', 'Hornworm Damage. Tomato Hornworms feed on leaves and stems of tomato plants. Ocassionally they will also eat the fruits later in the summer months. They also feed on peppers, eggplant and potatoes. They can defoliate a plant in just a few days. There can be two generations of tomato hornworms every year.', 'Marijuana grown indoors functions better at moderate temperatures between 70 and 75*F (21-23*C) during the light period and a drop of no more than 15*F (9*C) to 60*F (15*C) during the dark period.CO2-enriched plants will produce more at a marginally higher temperature of just under 80*F (27*C).If the temperature drops below 60*F (15*C) during the dark period, plants will grow more slowly and yields will not be as abundant.O2-enriched plants will produce more at a marginally higher temperature of just under 80*F (27*C). If the temperature drops below 60*F (15*C) during the dark period, plants will grow more slowly and yields will not be as abundant.']","Tomato plants drop their flowers under extreme temperature regimes, such as high daytime temperatures (above 85°F), high nighttime temperatures (above 70°F), or low nighttime temperatures (below 55°F).",,1.0,0.6329705793384246,0.9999999999
what town in kansas is home to boot hill,"['Origin of term. Although many towns use the name Boot Hill, the first graveyard named Boot Hill was at Hays, Kansas, 5 years before the founding of Dodge City, Kansas. The term alludes to the fact that many of its occupants were cowboys who died with their boots on, the implication here being they died violently, as in gunfights or by hanging, and not of natural causes.', 'Boot Barnâ\x80\x99s shelves are stocked with the largest selection of all the best brands like Wrangler, Ariat, Justin, Miss Me, Dan Post, Corral and more! Plus, exclusive brands like Cody James and Shyanne.', ""Fort Mill's Confederate Park contains the nation's only monument to African-American slaves who fought on the Confederate side of the Civil War. Rock Hill is the largest city near Fort Mill. Here is a map of the Rock Hill area."", 'For other uses, see Kansas City (disambiguation). Kansas City is the largest city in Missouri and the sixth largest city in the Midwest. According to the U.S. Census Bureau, the city had an estimated population of 475,378 in 2015, making it the 36th largest city by population in the United States.', 'Retreat at Walnut Creek Apartments in Kansas City, MO! The Retreat at Walnut Creek Apartments in Kansas City is sure to become your favorite apartment home ever! Enjoy the finest amenities in the luxury of our apartment homes and the surrounding neighborhood. We offer a variety of 1 & 2 bedroom apartments for rent that will be sure to suit your needs.']","Hays, Kansas.",,1.0,0.4974746370165702,0.0
what tv shows did mark ruffalo star in,"['Mark Alan Ruffalo (/Ë\x88rÊ\x8cfÉ\x99loÊ\x8a/, born November 22, 1967)[1] is an American actor, filmmaker, and social activist. He made his screen debut in an episode of CBS Summer Playhouse (1989), followed by minor film roles.', ""Sitting pretty: Alex stars on the hit CBS series Hawaii Five-O, which is a remake of popular 1960 to '70s show. O'Loughlin has also starred on the TV series Moonlight, as a vampire, and on Three Rivers and appeared opposite Jennifer Lopez in the movie The Back-up Plan."", 'During the run of Seinfeld, he made a guest appearance in Mad About You. After Seinfeld, Richards starred in his own sitcom, The Michael Richards Show, which lasted less than one full season. When Seinfeld ended, Richards returned to stand-up comedy.', ""Indeed, All My Children, on since 1970, and One Life to Live, on since 1968, launched the careers of some of today's biggest stars, including Sarah Michelle Gellar, Michelle Trachtenberg, Melissa Leo, Josh Duhamel, Eva LaRue, Christian Slater, Rosie O'Donnell, Kim Delaney and Amanda Seyfried."", ""The role of The Punisher has been cast for Season 2 of Marvel's Daredevil on Netflix. Per Marvel.com, Walking Dead alum Jon Bernthal will portray Frank Castle - aka The Punisher. Per the press release, he is, One of Marvelâ\x80\x99s most popular characters.""]",I cannot answer from the given context.,,1.0,-0.0,0.0
what type of government does a small group of people rule,"['Best Answer: The government passes laws to protect the rights of its citizens = pluralism. 1. leader works for the good of the people = monarchy. 2. leader works his own benefit = tyranny. 3. a few working for the good of the people = aristocracy. 4. a few working for their own benefit = oligarchy.', ""The existing structure is overthrown by a completely new group. The new group can be very small - such as the military - or very large - as in a popular revolution. After a period of time, this 'becomes' one of the other type of government (unless there is another coup or uprising). Rule by a single political party. Votes for alternative candidates and parties are simply not allowed. Citizens are allowed and 'encouraged' to vote, but only for the government's chosen candidates. A form of government which consists of rule by an elite group who rule in their own interests, especially the accumulation of wealth and privilege."", 'The manner in which sovereignty is exercised in each state. 2. There are three simple forms of government, the democratic, the aristocratic, and monarchical. But these three simple forms may be varied to infinity by the mixture and divisions of their different powers.', 'Pluralist theory a theory of government and politics emphasizing that politics is mainly a competition among groups, each one pressing for its own preferred policies. Elite theory', 'Furthermore, especially in American English, the concepts of the state and the government may be used synonymously to refer to the person or group of people exercising authority over a politically organized territory. Finally, government is also sometimes used in English as a synonym for governance.ule by the rich; a system of governance composed of the wealthy class. Any of the forms of government listed here can be plutocracy. For instance, if all of the elected representatives in a republic are wealthy, then it is a republic and a plutocracy.']",I cannot answer from the given context.,,0.0,0.0,0.0
how can you tell the difference between a wart and a mole on your face,"['The difference between a mole and a wart is that moles are not contagious, but warts are. A mole, or nevus, is a collection of skin pigment cells. When they are small, they look like small brown dots. When the collection is larger, and slightly deeper, it can cause a raised skin colored bump over it. This is called an intradermal nevus because it resides in the dermal layer of the skin.', 'A wart is a small growth with a rough texture that can appear anywhere on the body. It can look like a solid blister or a small cauliflower. Warts are caused by viruses in the human papillomavirus (HPV) family. The appearance of a wart depends on its location on the body and the thickness of the skin. Palmar warts appear on the hand. Plantar warts affect the feet. As many as 1 in 3 children and teenagers are estimated to have warts, but only 3 to 5 percent of adults.', ""You may not have any symptoms in the early stages of melanoma. Or a melanoma may be sore, or it may itch or bleed. Most melanomas start as a new skin growth on unmarked skin. The growth may change color, shape, or size.These types of changes are an early sign that the growth is melanoma.But melanoma can also develop in an existing mole or other mark on the skin. Or it may look like a bruise that isn't healing or show up as a brown or black streak under a fingernail or toenail.he most important warning sign for melanoma is any change in size, shape, or color of a mole or other skin growth, such as a birthmark. Watch for changes that occur over a period of weeks to a month. The ABCDE system tells you what changes to look for. 1 A is for asymmetry."", 'Warts are an infection of the skin caused by the human papillomavirus (HPV). The virus enters the body through a break in the skin (such as a cut) and then forms a rough bump on the surface of the skin. Warts are benign (non-cancerous) growths.', 'The virus that causes warts is known as the human papilloma virus (or. HPV for short) which is a double-stranded DNA virus that causes warts. to develop in the outer layers of the skin when it enters the body. through a cut or abrasion. Once the virus has gained access to the. body, it remains in the inner or lower layers of the epidermis where it. may remain totally unnoticed and benign.']",I cannot answer from the given context.,,0.0,0.0,0.0
what was elvis presley's wife's name,"['Priscilla Presley Elvis Aaron Presley only had one wife, and her name is Priscilla Presley.', 'Born in Fulton, Mississippi on April 19, 1916 and died in Memphis on. June 26, 1979, Vernon elvis Presley was one of six siblings. Vernon. married Gladys Smith on June 7, 1933 at the age of seventeen.', ""Priscilla married Elvis then had Lisa Marie in 1968 when she was 22 years old. Lisa Marie also had children in her earlier 20s-giving birth to Riley when she was 21 and Ben when she was 24.Priscilla (left), holds the hand of one of her twin granddaughters and is followed by her daughter, Lisa Marie (right).The Presley family returned to Memphis to celebrate Elvis' 80th with hundreds of fans.'My gosh, I'm in total shock.riscilla married Elvis then had Lisa Marie in 1968 when she was 22 years old. Lisa Marie also had children in her earlier 20s-giving birth to Riley when she was 21 and Ben when she was 24."", 'When they were married in 1949, the fact that Miss Hayworth was visibly pregnant was widely reported. She divorced Aly Khan two years later and was subsequently married to and divorced from the singer Dick Haymes and then James Hill, a movie producer.', ""Ann Margret talks about Elvis during an interview aired on Feb 11, 1994.It's incredible to see that after so many years (30 actyally) of their romance, Ann never betrayed Elvis memory and preferred to keep some memories and very personal details for herself only.She truly respected Elvis-and still does!nn Margret talks about Elvis during an interview aired on Feb 11, 1994.""]",Priscilla Presley,,1.0,0.7942422552296818,0.0
what was the strawberry kids cereal,"[""Strawberry Shortcake Cereal. Strawberry Shortcake cereal is a crispy, strawberry pink breakfast cereal released in 1983 by General Mills. Just like Strawberry Shortcake dolls, Strawberry Shortcake Cereal smells like strawberries! The cereal is actually quite delicious and the strawberry taste is fantastic. This is really one of those great kids cereals that brings a smile to your face when you eat breakfast. In the commercials, Strawberry Shortcake says It's berry delicious!. The cereal is pink / strawberry colored and round in shape."", ""In 1996, Ty Inc. released a new product called Teenie Beanies, a miniature offshoot of the original Beanie Babies line. They were sold alongside McDonalds Happy Meals to celebrate that product's 17th anniversary."", 'You can grow strawberries from seeds, or you can opt to transplant or purchase strawberry plants for your garden. (If this reference page seems daunting, you can start here first: How to Grow Strawberries in 10 Easy Steps.) It is more difficult if you start with strawberry seeds instead of existing strawberry plants.', 'The facts on strawberry nutrition are impressive. There are 49 calories in one cup of strawberries. Strawberries are also loaded with Vitamin C, 3 grams of fiber, and some calcium, magnesium, and potassium.', 'To ensure freshness all Chocolate-Dipped Strawberries must be shipped using the Next Day or Saturday Overnight Delivery shipping methods. Daily order cut off is 1PM EST for delivery Tuesday through Saturday. To ensure freshness, we cannot deliver on Sunday and Monday.']","The strawberry kids cereal was Strawberry Shortcake Cereal, released in 1983 by General Mills.",,1.0,0.8055532367977398,0.0
what's the iq scale,"[""IQ stands for intelligence quotient. A person's IQ score is computed by dividing a person's mental age by their chronological age and multiplying by 100. So if a 7 year old takes an IQ test and scores the mental age of a 7 year old; 7/7=1 times 100= an IQ of 100.Thus an average IQ would be 100.If a 10 year old scored the mental age of a 5 year old; 5/10= .5 times 100= an IQ of 50 (not so hot).f a five year old took his test, and had the mental age of a three year old, then the school would work harder with him to raise his intelligence. Louis Terman, a Stanford professor, brought this idea to the United States and created the Stanford-Binet IQ test."", 'IQ or intelligence quotient is a measure of relative intelligence determined by a standardized test. Simply put, it is an assessment of your ability to think and reason. William James Sidis', 'Intelligence quotient definition, an intelligence test score that is obtained by dividing mental age, which reflects the age-graded level of performance as derived from population norms, by chronological age and multiplying by 100: a score of 100 thus indicates a performance at exactly the normal level for that age group. See more.', 'Definition of intelligence test. : a test designed to determine the relative mental capacity of a person.', ""That test is bunk. There is no such thing as an IQ test you do in 13 minutes other than the Wonderlic, which isn't a real IQ test either. The test is a gimmick and isn't accurate at all. Normed on 250,000 people, compiled based on real questions from Ravens Advanced Progressive Matrices by Mensa Denmark. Definitely one of the most, if not the most accurate IQ test on the net. Our original IQ test is the most scientifically valid IQ test available on the web today. Previously offered only to corporations, schools, and in certified professional applications, it is now available to you.""]",I cannot answer from the given context.,,0.0,0.0,0.8333333332916666
when is the warm weather in thailand,"['What is the weather like in Thailand? Thailand can best be described as tropical and humid for the majority of the country during most of the year. The area of Thailand north of Bangkok has a climate determined by three seasons whilst the southern peninsular region of Thailand has only two. In northern Thailand the seasons are clearly defined. Between November and May the weather is mostly dry, however this is broken up into the periods November to February and March to May.', ""April is Thailand's midsummer (hottest) month, both in the north and south of the country. If you are touring Thailand primarily for its beaches, you may be able to get better hotel rates because the temperature spikes above 100 degrees tend to deter most visitors.t is not unusual for highs during this season to reach 105 degrees, however. During monsoon season, temperatures dip back to an average of 84 degrees Fahrenheit, but the increase in humidity brings little relief with the 10-degree drop."", ""People are flocking to shopping malls just to soak up the air-conditioning. Authorities are telling people to stay out of the blazing sun to avoid heat stroke. April in Thailand is typically hot and sweaty, but this year's scorching weather has set a record for the longest heat wave in at least 65 years. The average peak temperature each day this month has been above 104 degrees Fahrenheit, with the mercury spiking one day to 111.7 F â\x80\x94 just short of the all-time record."", 'Bangkok: Annual Weather Averages. April is the hottest month in Bangkok with an average temperature of 31Â°C (87Â°F) and the coldest is December at 26Â°C (79Â°F) with the most daily sunshine hours at 9 in December. The wettest month is September with an average of 220mm of rain.', '1 The months May, June, September and October have nice weather with a good average temperature. 2 On average, the warmest month(s) are June, July and August. On average, the warmest month is August.']","The warm weather in Thailand is typically during the months of April, June, July, and August.",,1.0,0.9129584170108007,0.0
when must a trademark be renewed,"['However, the trademark may still be renewed under the 6-month grace period until December 1, 2016 (6 months past June 1, 2016). 10 Year Renewal: Following the 5 / 6 year renewal a trademark must also be renewed on or about every 10th anniversary of its registration. The registration is renewed by filing a Â§8 Declaration of Continued Use as well as a Â§9 Application for Renewal.', 'Real Estate Broker Licensees renewal deadline is April 30, 2014. If you were licensed 90 days prior to the renewal deadline you will be issued a license with the renewal deadline of the next cycle thereby allowing you an additional 2 years to complete your CE.', 'Renewing a Passport. The U.S. government recommends travelers renew their passports at least nine months before it expires, if possible. Passports are renewable by mail if they are undamaged, issued after the age of 16, issued within the last 15 years, and issued in your current name (see Resources).', 'E. Zoning Certificate Expiration. Zoning Certificates issued in accordance with the provisions of this section shall be null and void at the end of six (6) months from the date of issue if the construction, alteration or change of use has not commenced during the six (6) month period.', 'A7. First, log in, or register for online access. If your commission has been expired for 30 days or less, you can submit an online application and the application fee to our office. When your application has been processed, you will be issued a new notary commission.']","A trademark must be renewed on or about every 10th anniversary of its registration, following the 5 / 6 year renewal.",,1.0,0.9065799617263576,0.0
when was iheartradio founded,"['iHeartRadio allows its users to listen to more than 1,500 live radio stations from coast-to-coast, including pop, country, urban, rock, talk, and college. It also enables its users to browse radio stations by music genre and location. iHeartRadio was launched in October 2008 in New York, United States.', 'Innovation in Early Headphone Technology. In the 1930s, Beyerdynamic began marketing some of the worldâ\x80\x99s first headphones designed for use by the public. The company Web site states that they invented the â\x80\x9cfirst dynamic headphonesâ\x80\x9d in 1937 and continue to produce a modified version of that model today. However, Beyerdynamicâ\x80\x99s DT 48, now immensely popular headphones among professionals in video and sound production, were not initially used as they are now.', 'His KMPC (710 AM, now KSPN) was the radio home of the Los Angeles Dodgers, from the time they arrived from Brooklyn, New York in time for the 1958 baseball season, and actually came away from the 1960 Winter Meetings with his own baseball team.', 'The Target Corporation was founded by George Dayton in 1902 (though it was orginally called the Dayton Dry Goods Company). The first store to bear the Target name was opened in 1962, in Roseville, Minnesota.', 'Ham Radio History. In 1873, James Clerk Maxwell presented his theory of the electromagnetic field. In 1901 Guglielmo Marconi communicated across the Atlantic with a radio device using high power and giant antennas. To curb interference, Congress approved the Radio Act of 1912, which required amateurs to be licensed and restricted to the single wavelength of 200 meters.']",iHeartRadio was founded in October 2008.,,1.0,0.9542151012384981,0.0
when was putnam county established,"['Putnam County was first established on 2 February 1842 when the Twenty-fourth General Assembly enacted a measure creating Putnam County from portions of Jackson, Overton, Fentress, and White Counties.', 'Fairfield County was established by an act of the Connecticut General Court in Hartford along with Hartford County, New Haven County, and New London County; which were the first four Connecticut counties, on May 10, 1666.airfield County was established by an act of the Connecticut General Court in Hartford along with Hartford County, New Haven County, and New London County; which were the first four Connecticut counties, on May 10, 1666.', ""On September 6, 1776, the Maryland Constitutional Convention formed Montgomery County from lands that had at one point or another been part of Charles, Prince George's and Frederick Counties, naming it after General Richard Montgomery."", '(706) 638-1453. Walker County originated in 1833. Drawn from the original Cherokee County and part of Murray County, the region owes its name to Major Freeman Walker of Augusta, a lawyer and U.S. senator. Although residents first called the county seat by its Indian name, Chattooga, they later renamed it to honor the Marquis de Lafayette.', 'About Us. The Town of Aurora as a government was founded in 1818, fourteen years after the first settler Jabez Warren obtained a contract from the Holland Land Company for 1,443 acres and made it his familyâ\x80\x99s home in 1804.']",Putnam County was established on 2 February 1842.,,1.0,0.9506387068544345,0.0
where are the most deserts,"['Most deserts lie between 15Â° and 35Â° north and south of the equator. They were created by air that rises over the equator and comes down over the Tropic of Cancer and the Tropic of Capricorn . All over the world many deserts lie in these regions.', 'The Sahara is the largest desert in the world that occupies approximately 10 percent of the African Continent including Algeria, Chad, Egypt, Libya, Mali, Mauritania, Morocco, Niger, Sudan and Tunisia. Hence, the History of the Sahara is as interesting as it sounds.', 'Sahara Desert. Libyan Desert - the northeastern part of the Sahara Desert in Libya and Egypt and Sudan. Africa - the second largest continent; located to the south of Europe and bordered to the west by the South Atlantic and to the east by the Indian Ocean.', 'The Western Desert (a branch of the Libyan... The Western Desert comprises two-thirds of the land surface of Egypt and covers an area of about 262,800 square miles (680,650 square km).', 'Desert Driving. Californiaâ\x80\x99s deserts â\x80\x94 the Mojave, Death Valley, Owens Valley, etc. â\x80\x94 are strange and beautiful, and form a large part of the state; theyâ\x80\x99re also surprisingly accessible, as long as you use some common sense and take a few precautions. Donâ\x80\x99t be intimidated by the idea of driving through the great California deserts.']",Most deserts lie between 15° and 35° north and south of the equator.,,1.0,0.7932618692745671,0.0
where did the ottomans deport the armenians,"['On this day in 1915, in the latest of a disturbing series of Turkish aggressions against Armenians during World War I, Mehmed Talat, the Ottoman minister of the interior, announces that all Armenians living near the battlefield zones in eastern Anatolia (under Ottoman rule) will be deported to Syria and Mosul.', 'At this time, Tbilisi had roughly the same number of Armenians as Georgians, with Russians being the third largest ethnic group. It was here, in the former Caucasus Vice royal Palace, where the independence of three Transcaucasus nations â\x80\x93 Georgia, Armenia and Azerbaijan â\x80\x93 was declared on 26 to 28 May 1918.', 'In the nineteenth century, Iran, the Ottoman Empire, and Russia took an interest in Azerbaijan. Russia invaded Azerbaijan, and with the 1828 treaty borders (almost identical to the current borders), the country was divided between Iran and Russia.zerbaijan is on the western shore of the Caspian Sea. To the north it borders the Russian Federation, in the northwest Georgia, in the west Armenia, and in the south Iran.', 'Russia declared war on the Ottoman Empire on November 5, followed the next day by Britain and France. Within six months, the Ottoman army of about 800,000 men was engaged in a four-front war that became part of the greater conflict of World War I.n the spring of 1915, the Allies undertook naval and land operations in the Dardanelles that were intended to knock the Ottoman Empire out of the war with one blow and to open the straits for the passage of supplies to Russia.', 'Nazi Germany attempted to capture the Caucasus region from Soviet control in 1942 by a two-pronged attack towards both the western bank of the Volga (intending to seize the city of Stalingrad) and by a drive southeast towards Baku, a major center of oil production.n 1813 and 1828 by the Treaty of Gulistan and the Treaty of Turkmenchay, the Persians conceded sovereignty over the Southern Caucasus and Dagestan to Imperial Russia. while Russia conquered and annexed the rest of the Northern Caucasus in the course of the 19th century in the Caucasian Wars (1817â\x80\x931864).']",The Ottomans deported the Armenians to Syria and Mosul.,,1.0,0.891277264934384,0.0
where does microtubule formation occur,"['The microtubules, also called spindle fibers, form from an area of the cell called the centrosome.During interphase, the cell has one centrosome but just before prophase, the centrosome duplicates, producing a second centrosome. During prophase, microtubules radiate from each centrosome.he microtubules, also called spindle fibers, form from an area of the cell called the centrosome.', ""In addition, microtubules are the major components of cilia and flagella, and participate in the formation of spindle fibers during cell division (mitosis). The length of microtubules in the cell varies between 200 nanometers and 25 micrometers, depending upon the task of a particular microtubule and the state of the cell's life cycle. Microtubules are biopolymers that are composed of subunits made from an abundant globular cytoplasmic protein known as tubulin, as illustrated in Figure 1."", 'Here are a series of videos of the cell cycle which highlight the role of microtubules: In animals, quiescent cells and even cells in interphase usually have just one MTOC, called a centrosome, which serves as the central hub for all microtubules in the cell.', 'Microtubules, the polymers that compose the mitotic spindle, and microtubule-based motor proteins have vital roles in mitosis. Several members of the kinesin motor superfamily have been implicated in spindle formation, chromosome movement, and cytokinesis.icrotubules, the polymers that compose the mitotic spindle, and microtubule-based motor proteins have vital roles in mitosis. Several members of the kinesin motor superfamily have been implicated in spindle formation, chromosome movement, and cytokinesis.', 'Long protein fibers called microtubules extend from the centrioles in all possible directions, forming what is called a spindle. Some of the microtubules attach the poles to the chromosomes by connecting to protein complexes called kinetochores.']",Microtubule formation occurs from an area of the cell called the centrosome.,,1.0,0.8898994346532417,0.0
where does wegmans organic chicken come from,"['The barn at Wegmans Organic Farm in Canandaigua PHOTO/Edible Buffalo. In our current issue we profiled the good work going on at the Wegmans Organic Farm in Canandaigua. Recently the folks at Wegmans invited the media to come check out the latest achievements at the farm. One of the exciting items they revealed that day was that theyâ\x80\x99ll open up the farm to the public for tours as well.', ""Wegmans Food Markets, Inc. is a privately held U.S. regional supermarket chain headquartered in Gates, New York, near Rochester. Wegmans has 85 stores in the mid-Atlantic and New England regions, in New York, Pennsylvania, New Jersey, Maryland, Massachusetts, and Virginia.ost of Wegmans' newer stores are of the superstore or megamarket type, with a large area, a variety of foods aimed at an upscale clientele, and in many stores, Market Cafe cafÃ©-in store dining. areas"", 'The farm began in the early 1920s and has been recognized nationally by entities such as Food Network for having the best fried chicken in the world. Facebook/The Original White Fence Farm Restaurant The chicken is pressure cooked and then flash fried for just a few minutes to give it that crunchy outside and juicy inside.', 'For chickens as food, see Chicken (food). For the broader species of which chickens form a subspecies, see Red junglefowl. For other uses, see Chicken (disambiguation), Chooks (disambiguation), or Red junglefowl. The chicken (Gallus gallus domesticus) is a type of domesticated fowl, a subspecies of the red junglefowl. It is one of the most common and widespread domestic animals, with a total population of more than 19 billion as of 2011. Humans keep chickens primarily as a source of food, consuming both their meat and their eggs.', 'The ingredients in the rotisserie chicken are: 1 whole chicken. 2 water. 3 salt. sodium phosphate. modified food 1 starch. sugar. 2 carrageenan. soy lecithin. 3 flavorings. xanthan gum.']",I cannot answer from the given context.,,0.0,0.0,0.0
where is diethanolamine found,"['Diethanolamine found in shampoos may inhibit brain development. An ingredient found in many shampoos and other personal care products appears to interfere with normal brain development in baby mice when applied to the skin of pregnant mice, University of North Carolina at Chapel Hill researchers have discovered.', '5-HTP (5-hydroxytryptophan) is an amino acid that your body naturally manufactures. Itâ\x80\x99s not found in food, but is created from another amino acid, tryptophan. Trytophan is found in high-protein animal foods like meat, poultry, seafood, dairy and eggs.', 'The chemical berberine is found in a handful of plants widely used in botanical medical practice including Goldenseal (Hydrastis canadensis), Oregon grape (Berberis aquifolium), Barberry (Berberis vulgaris), and Chinese Goldthread (Coptis chinensis).he chemical berberine is found in a handful of plants widely used in botanical medical practice including Goldenseal (Hydrastis canadensis), Oregon grape (Berberis aquifolium), Barberry (Berberis vulgaris), and Chinese Goldthread (Coptis chinensis).', 'Tryptophan is a routine constituent of most protein-based foods or dietary proteins. It is particularly plentiful in chocolate, oats, dried dates, milk, yogurt, cottage cheese, red meat, eggs, fish, poultry, sesame, chickpeas, almonds, sunflower seeds, pumpkin seeds, spirulina, bananas, and peanuts.ince tryptophan is converted into 5-hydroxytryptophan (5-HTP) which is subsequently converted into the neurotransmitter serotonin, it has been proposed that consumption of tryptophan or 5-HTP may therefore improve depression symptoms by increasing the level of serotonin in the brain.', '5-HTP is a chemical compound that is naturally produced in your body as it makes serotonin, an important hormone for regulating your mood. Some doctors consider 5-HTP to be the best natural appetite suppressant.his neurotransmitter has many powerful effects on the brain. Not only does it improve mood, it also suppresses hunger and helps to curb weight gain. Physicians suggest taking a 5-HTP supplement instead of a serotonin supplement because 5-HTP can access the brain from the bloodstream, while serotonin cannot.']",Diethanolamine is found in shampoos and other personal care products.,,1.0,0.8064132096128306,0.9999999999
where is jones beach,"['Jones Beach State Park. Jones Beach State Park (colloquially, Jones Beach) is a state park of the U.S. state of New York. It is in southern Nassau County, in the hamlet of Wantagh, on Jones Beach Island, a barrier island linked to Long Island by the Meadowbrook State Parkway, Wantagh State Parkway, and Ocean Parkway.', 'With the whitest sand Iâ\x80\x99ve ever seen against a beautiful backdrop, according to Jemma York of Academy Travel (and the Guinness Book of World Records), Hyams Beach â\x80\x94 located on the south coast of New South Wales â\x80\x94 is the perfect relaxation spot.', 'Beaches on this map. 1 Muir Beach Muir Beach (the beach) is part of Golden Gate National Recreation Area and located in the small town of Muir Beach, California. 2 Stinson Beach Stinson Beach (the beach) is a large public beach within Golden Gate National Recreation Area located in the town of Stinson Beach, California.', 'Gulfside 1402 is a two-bedroom condominium that soars high above the sugar white beach at the exclusive Hidden Dunes Resort in Destinâ\x80\x99s Miramar Beach. A curved partially covered balcony places you front and center overlooking the emerald dappled waters of the glistening gulf.', ""A jewel of South Carolina's Grand Strand. The 2500 acres of Huntington Beach State Park hold a rich bounty of Grand Strand treasures. The park is only fifteen miles from downtown Myrtle Beach but it is a world away from the hustle and bustle of the beaches found to the north. Some do visit Huntington Beach State Park just to enjoy the beautiful and uncrowded beach.""]","Jones Beach State Park is located in southern Nassau County, in the hamlet of Wantagh, on Jones Beach Island, a barrier island linked to Long Island by the Meadowbrook State Parkway, Wantagh State Parkway, and Ocean Parkway.",,1.0,0.801093907653141,0.0
where is montella italy,"['Montella. 32 likes Â· 8 were here. Montella is an Italian town and comune (municipality) in the province of Avellino, Campania, with a population of 8,013. Jump to', 'It is a popular holiday location and is located in northern Italy, about half-way between Brescia and Verona, and between Venice and Milan. Glaciers formed this alpine region at the end of the last Ice Age. Battle of Lake Benacus, in which Roman forces defeated the Alamanni on the shores of Lake Garda, in the year 268. 2 Battle of Rivoli, in 1797 during the French campaign of Napoleon I in Italy against Austria.', 'Venice (/Ë\x88vÉ\x9bnÉªs/ VEN-iss; Italian: Venezia, [veË\x88nÉ\x9bttsja]; Venetian: Venesia, [veË\x88nÉ\x9bsja]) is a city in northeastern Italy and the capital of the Veneto region. It is situated across a group of 118 small islands that are separated by canals and linked by bridges, of which there are 400.', 'Cities and Places in Italy. Rome. The closest airport is Perugia / San Egidio Airport (PEG). Distance from Perugia / San Egidio Airport to CittÃ della Pieve is 44,3 kilometers (27,5 miles). Perugia / San Egidio Airport is located approximately 4,1 kilometers (2,5 miles) northwest of Bastia Umbra and about 8,9 kilometers (5,5 miles) west of Assisi.', 'Pisa, world-famous Italian city located in Tuscany. Pisa is city which is world known for its leaning tower â\x80\x93 The Leaning Tower of Pisa. The city is also a knowledge hub, with approximately 40,000 students for a population of 100,000 inhabitants. Located in Tuscany region, Pisa was an important naval base in the Roman times.']","Montella is an Italian town and comune in the province of Avellino, Campania.",,1.0,0.773929316983735,0.0
where is the corral club located in reliant stadium,"['3/25/2017. First to Review. There are several corral club bars located all over the Houston Livestock Show and Rodeo grounds. This one is located in NRG Park, upstairs and on the top left hand corner. Remember you do need a gold badge to enter. Several tables and chairs set up and lots and lots, I mean lots to drink! From hard liquor to wine to beer to frozen margaritas.', ""Coors Field. Coors Field is a baseball park located in downtown Denver, Colorado. It is the home field of the Colorado Rockies, the city's Major League Baseball (MLB) franchise. It is named for the Coors Brewing Company of Golden, Colorado, which purchased the naming rights to the park prior to its completion in 1995."", 'Across the street front he entrance to the Wrigley Field bleachers, Murphyâ\x80\x99s is an open-air bar that is packed with Hawks fanatics. Before and after Cubs games the outside beer garden is a popular place to be.', 'With year round availability, and its close proximity to downtown, Dodger Stadium is the perfect location to host Convention Groups, Corporate Meetings and Events, Awards Galas, Cocktail Receptions, and a wide variety of other events.', 'RV and bus parking is available for $25 at 22nd and Wazee Streets, and 27th and Blake Streets. Motorcycle parking is available in Lot B. Coors Field parking lots open 2 Â½ hours prior to game time.']",I cannot answer from the given context.,,0.0,-0.0,0.0
where is tiny town,"['Tiny Town is an amazing little playcentre just for children located in Guelph from toddler to kindergarten age to learn, grow, and most importantly play! Tiny Town is an amazing little playcentre just for children located in Guelph from toddler to kindergarten age to learn, grow, and most importantly play! Menu Home', ""Top definition. town. A place where there lives people, and a church, a postoffice, and a place where beer is sold exists. A town is not as big as a city. I buddy, let's cruise down to town. by The boy who picked flowers and made people sing May 20, 2003."", 'United States [edit]. An incorporated town in the United States is an incorporated municipality, that is, one with a charter received from the state, similar to a city.', 'Atlanta City Hall 107 Northeast 1st Street Atlanta IL 61723 12.6 miles from Minier 217-648-2373. Delavan City Hall 219 South Locust Street Delavan IL 61734 13.0 miles from Minier 309-244-7146. Elm Grove Town Hall 14490 County Road 2050 East Pekin IL 61554 13.7 miles from Minier 309-925-3585. Carlock Village Town Hall 300 South Perry Street Carlock IL 61725 14.0 miles from Minier 309-376-2501.', 'The store will be about a fifth the size of Targetâ\x80\x99s smallest format stores to date, and would allow the company to open more locations in dense urban markets, like New York, where 100,000 square feet is hard to come by. version of this article appears in print on January 17, 2014, on page B2 of the New York edition with the headline: Target Tests Small Store for Urban Shoppers as Young People Pick Cities Over Suburbs.']",Tiny Town is located in Guelph.,,1.0,0.9281933411484253,0.0
which memory is also called primary memory,"['The following terms related to memory of a computer or Primary memory: 1. Random Access Memory (RAM): The primary storage is called as Random Access Memory (RAM) because it is possible to randomly select and use any location of the memory, directly store and retrieve data. It takes same time to reach any address of the memory as it takes for the first address. It is also called read / write memory.', 'Examples. 1 An in-memory database is a database that primarily resides in main memory, but is typically backed-up by non-volatile computer data storage. Main memory databases are faster than disk databases, and so are often used where response time is critical, such as in telecommunications network equipment.', 'Note that I used the term â\x80\x9cCMOS memoryâ\x80\x9d in quotes. CMOS (pronounced â\x80\x98See-Mossâ\x80\x99) is a type of transistor memory that requires very little power to store data, so this type of chip was used in the early days for storing semi-permanent data.', 'Alternatively referred to as a Real-Time Clock (RTC), Non-Volatile RAM (NVRAM) or CMOS RAM, CMOS is short for Complementary Metal-Oxide Semiconductor. CMOS is an on-board, battery powered semiconductor chip inside computers that stores information. This information ranges from the system time and date to system hardware settings for your computer. The picture shows an example of the most common CMOS coin cell battery used to power the CMOS memory. The Motorola 146818 chip was the first RTC and CMOS RAM chip to be used in early IBM computers; capable of storing a total of 64 bytes of data. Since the system clock used 14 bytes of RAM, this left an additional 50 bytes for storing system settings.', 'SRAM Performance improves because RAM stored in memory modules (DIMMs) on the motherboard is dynamic RAM or DRAM and memory in a memory cache is static RAM or SRAM. Dynamic RAM loses data rapidly and must be refreshed often. SRAM does not need refreshing and can hold its data as long as power is available.']",Random Access Memory (RAM) is also called primary memory.,,1.0,0.6694378913253797,0.0
which muscle type is involved in the function of the digestive tract and blood vessels?,"['Gastrointestinal motility refers to the contraction of the smooth muscles of the gastrointestinal tract. 1 The gastrointestinal tract is commonly divided into 5 parts: the mouth, esophagus, stomach, small intestine, and large intestine (colon). These parts are separated from each other by special muscles called sphincters which normally stay tightly closed and which regulate themovement of food and food residues from one part to another.', ""But smooth muscles are at work all over your body. In your stomach and digestive system, they contract (tighten up) and relax to allow food to make its journey through the body. Your smooth muscles come in handy if you're sick and you need to throw up."", '**Which muscle type is involved in the function of the digestive tract and blood vessels? Smooth smooth muscle functions in many systems of the body, including the digestive tract and blood vessels. **How does cardiac muscle differ from the other types of muscle? **True or false?', 'To digest food, your digestive tract needs some help from nearby organs, including the liver, gallbladder, and pancreas, that produce or store enzymes and other substances that help break down food.ancreas. The pancreas is a long, thin gland that lies horizontally behind the bottom part of your stomach. It makes digestive enzymes that flow through the pancreatic duct to the small intestine. These enzymes, along with bile from the gallbladder, break down food for use as energy by the body.', 'Once food is chewed and mixed with saliva, the tongue pushes food into the esophagus. This is the only voluntary muscle contraction in the digestive process. After swallowing, involuntary muscles begin pushing the food through the esophagus into the stomach.']",Smooth muscle is involved in the function of the digestive tract and blood vessels.,,1.0,0.6429290083930048,0.49999999995
who is jeconiah,"[""Jeconiah, also known as Coniah and as Jehoiachin, was a king of Judah who was dethroned by the King of Babylon in the 6th century BC and was taken into captivity. He was the son and successor of King Jehoiakim. Most of what is known about Jeconiah is found in the Hebrew Bible. Records of Jeconiah's existence have been found in Iraq, such as the Jehoiachin's Rations Tablets. These tablets were excavated near the Ishtar Gate in Babylon and have been dated to c. 592 BC. Written in cuneiform, they m"", 'JELLAL IS A CHILDHOOD FRIEND OF ERZA SCARLET. HIS COUNTEPART IS MYSTOGAN. HE IS A MALE WHO IS 19 YEARS OLD. HE WAS BORN ON YEAR X765. HIS HAIR COLOUR IS BLUE AND HIS EYE COLOUR IS BROWN. HE IS ACTIVE.', 'EGLANTYNE JEBB. 1876 - 1928. Saving Children. Tomboy. Slim and tall, Eglantyne Jebb was a tomboy with delicate features and copper-red hair. She grew up in a country house with six brothers and sisters and liked to read, ride, daydream and lead her siblings on outings. She read history at Lady Margaret Hall, Oxford, and took honours in modern history before training to become a primary school teacher.', 'The Woman Who Saved the Children: A Biography of Eglantyne Jebb: Founder of Save the Children. $16.95 Free Shipping for Prime Members | Fast, FREE Shipping with Amazon Prime Only 11 left in stock (more on the way). Ships from and sold by Amazon.com. Gift-wrap available.', ""Who Is Yahshua? The Messiah 1838 Characters =~1.7Min. Joshua = JAHshua = YAHshua = Jesus, all the same name. Yahshua is the man whom the New Testament refers to as the Word of YHVH placed in a human body, therefore in a sense the 'son' of YHVH. Being Yah's 'son' does not mean that Yahshua is literally YHVH, or even a clone of YHVH.""]","Jeconiah, also known as Coniah and Jehoiachin, was a king of Judah who was dethroned by the King of Babylon in the 6th century BC and was taken into captivity. He was the son and successor of King Jehoiakim. Most of what is known about Jeconiah is found in the Hebrew Bible.",,1.0,0.8798846588613808,0.0
how early can easy home pregnancy test detect,"['In a 28-day cycle, with ovulation occurring at day 14, hCG can be detected in urine or serum in minute quantities around day 23, or five days before your period is due. Some home pregnancy test kits promise 99 percent accuracy at detecting hCG levels from the day of your expected period.', '1 For the most reliable results, test 1-2 weeks after you have missed your period. 2 You can improve your chances for an accurate result by using your first morning urine for the test. If you think you are pregnant, but your first test was negative, you can take the test again after several days.', 'No special preparation is needed. The test involves urinating into a cup or onto a test strip. Urine HCG tests are a common method of determining if a woman is pregnant. The best time to test for pregnancy at home is after you miss your period. The test is negative if you are not pregnant.', 'If you wait two days (4 days before your period), your hCG level should be around 10 mIU. Depending on the sensitivity of the pregnancy test you are using, you might be able to get a very light positive result at this point. Itâ\x80\x99s not likely, but it is possible.', ""A qualitative blood pregnancy test checks for the presence of the hCG hormone in your blood to confirm whether you're pregnant. This type of blood test provides you with a simple yes or no answer. However, it can take 2 to 3 days before results are ready, and it's more expensive than a urine test. Your doctor can order a qualitative blood test as soon as 10 days following your missed period, according to the NOVA Women's Healthcare website.""]",I cannot answer from the given context.,,0.0,-0.0,0.0
who is the poet of the charge of the light brigade,"['The Charge of the Light Brigade is an 1854 narrative poem by Alfred, Lord Tennyson about the Charge of the Light Brigade at the Battle of Balaclava during the Crimean War. He wrote it on December 2, 1854, and it was published on December 9, 1854 in The Examiner. He was the Poet Laureate of the United Kingdom at the time. The Charge of the Light Brigade 1890 recording by Alfred, Lord Tennyson on Edison wax cylinder Problems playing this file? See media help.', 'WILFRED OWEN Dulce et Decorum Est Best known poem of the First World War (with notes) DULCE ET DECORUM EST(1) Bent double, like old beggars under sacks, Knock-kneed, coughing like hags, we cursed through sludge, Till on the haunting flares(2) we turned our backs And towards our distant rest(3) began to trudge. Men marched asleep.', ""In the war poems published under Sandburg's name during the war, the split in Sandburg's character mirrors more directly the general public attitudes toward the war. Buttons, initially published in the February 1915 Masses, is vitriolic in its attack on the war. The Witmanesque Cool Tombs and Grass, published later and collected in Sandburg's Cornhuskers, remain bitter but are much more resigned to the catastrophe of war. For a sample of Sandburg's gung-ho pro-war poetry of the same period, one which curiously adapts socialist rhetoric of the class war to the world war in Europe, we reprint below Sandburg's long poem The Four Brothers."", 'The poem is an elegy in name but not in form; it employs a style similar to that of contemporary odes, but it embodies a meditation on death, and remembrance after death.legy Written in a Country Churchyard is a poem by Thomas Gray, completed in 1750 and first published in 1751. The poemâ\x80\x99s origins are unknown, but it was partly inspired by Grayâ\x80\x99s thoughts following the death of the poet Richard West in 1742.', 'whitman later came to view this event as a kind of laying on of hands the french hero of the american revolution anointing the future poet of democracy in the energetic city of immigrants where the new nation was being invented day by day']","The poet of the Charge of the Light Brigade is Alfred, Lord Tennyson.",,1.0,0.9469735717774949,0.0
how far away from a fire hydrant parking,"['How Close Can you Park to a Fire Hydrant? Quick answer: Most city fire hydrant parking laws state that you must be parked at least 15 feet away from a fire hydrant (about a full standard sedan car length). The color of both the curb, and the hydrant itself is irrelevant. More details: Youâ\x80\x99re cruising around in the mid-summer heat, and think you just stumbled onto the perfect parking spot.', 'Any parking infraction will do. Q: What will it cost me? A: The ticket for parking too close to a hydrant runs $100. If your car is towed on a fourth-strike, you must pay towing a storage fees to get the car back, which starts at $281 all together and goes up by the day. Q: Why canâ\x80\x99t I park near a fire hydrant?', 'Fire Hydrant Parking Tricks in LA. I saw a fire hydrant the other day where the curb in front of it wasnâ\x80\x99t marked with the customary red â\x80\x9cNo Parkingâ\x80\x9d paint. The curb looked perfectly normal and inviting for my car. There was also no sign indicating I couldnâ\x80\x99t park there. This is very odd for a city with a parking sign roughly every ten feet.', 'In Florida and across the United States, the Bureau of Safety Services is mapping out the locations of fire hydrants through GPS tracking. This is done by manually locating each and every fire hydrant and using GPS to mark its coordinates.', 'The cost of fire hydrant fun. As the city sweated it out during last weekâ\x80\x99s heat wave, the Water Department got approximately 45 calls reporting illegally opened fire hydrants. Sorry to be such spoilsports, but: Those cool-downs came with a price tag for taxpayers. In a 2008 statement, the Water Department said that open fire hydrants cost taxpayers about $1 million a year.']",You must be parked at least 15 feet away from a fire hydrant.,,1.0,0.8792530828415025,0.0
who owns charlotte hilton university place hotel,"['The Hilton Charlotte University Place is owned by UPH Lakeside, LP, and managed by GF Management, LLC, one of the nationâ\x80\x99s leading hospitality management companies based in Center City Philadelphia, PA.', ""Overview. 1 Welcome to Extended Stay America - Charlotte - University Place. Our hotel is designed especially for longer stays with studios featuring fully-equipped kitchens and plenty of work spaceâ\x80¦ amenities you won't find in a typical hotel room. 2 Please note: all suites in this hotel are non-smoking."", 'See Full Restaurant List Make a Reservation at Edgewater Bar & Grille - Hilton Charlotte University Place', 'Welcome to the University Hotel! The University Hotel is located in the heart of Huntsville and on the beautiful and historic campus of Sam Houston State University. Enjoy the convenience and comfort of accommodations right on campus for visits with family members and Sam Houston State athletic events as well as conferences, meetings, seminars or special events.', 'RoseRICHMOND, Directeur gÃ©nÃ©ral at Hilton Moorea Lagoon Resort & Spa, responded to this review. Ia orana Rene2006, First of all, my team and I, would like to thank you for your feedback on our hotel, Hilton Moorea Lagoon Resort & Spa, on TripAdvisor.']","The Hilton Charlotte University Place is owned by UPH Lakeside, LP.",,1.0,0.8794761009985447,0.0
who was the commanding general in north africa,"['THE II CORPS MOVES TO THE NORTH When General Anderson, commanding the First Army, issued his operational orders for the final phase of the Tunisian campaign, the II Corps was completing an action in southern Tunisia.', 'In World War II, the North African campaign was a roughly three-year struggle between Axis and Allied forces for control of the North African portion of the Mediterranean â\x80¦Basin.', 'Most of the line, however, was just open, empty desert. Lieutenant-General William Norrie (GOC XXX Corps) organised the position and started to construct three defended boxes. The first and strongest, at El Alamein on the coast, had been partly wired and mined by 1st South African Division.', ""General Joseph Mobutu, he was not a good leader, he established a socialist dictatorship and almost immediately placed Congo's major resources under state control."", 'General Winfield S. Hancock- Inspiring, bold, and daring, Hancock proved to be an outstanding field commander at Gettysburg. Meade sent Hancock as his representative to Gettysburg on July 1, where he took command of the chaotic situation. The general was everywhere the action was on July 2 and played a prominent role in sending troops to threatened areas.']",I cannot answer from the given context.,,0.0,0.0,0.0
definition of prefect,"[""Prefect. Prefect is a magisterial title of varying definition. A prefect's office, department, or area of control is called a prefecture, but in various post-Roman empire cases there is a prefect without a prefecture or vice versa."", 'Define prefect: any of various high officials or magistrates of differing functions and ranks in ancient Rome; a chief officer or chief magistrate any of various high officials or magistrates of differing functions and ranks in ancient Rome; a chief officer or chief magistrateâ\x80¦', ""1 In France the prefet (prÃ©fet) prefect is a top ranking public servant who belongs to the-so Called corps. 2 Prefectoral prÃ©fectoral the function was created On 17 february 1800 By napoleon napolÃ©on bonaparte after his'successful coup d Etat Ã©tat of 9 november 1799 which Made him head of State With. the title premier consul"", ': one in an official position of command or control: as a: commanding officer b: the presiding officer of a society or organization. 2. : a commissioned officer in the navy or coast guard ranking above a lieutenant commander and below a captain. â\x80\x94 comÂ·mandÂ·erÂ·ship \\-Ë\x8cship\\ noun.', '(comparative more laudable, superlative most laudable) 1 Worthy of being lauded; praiseworthy; commendable; as, laudable motives; laudable actions; laudable ambition. 2 Healthy; salubrious; normal; having a disposition to promote healing; not noxious; as, laudable juices of the body; laudable pus.']","A prefect is any of various high officials or magistrates of differing functions and ranks in ancient Rome; a chief officer or chief magistrate. In France, a préfet is a top-ranking public servant who belongs to a specific corps.",,1.0,0.7563603300885258,0.0
definition of private nuisance,"[""Nuisance may be designated as public or private. A public nuisance is an unreasonable interference with a right common to the general public..... [A] private nuisance is a nontrespassory invasion of another's interest in the private use and enjoyment of land. Unlike a public nuisance, a private nuisance threatens only one or few persons. In order for a private nuisance to be actionable, the invasion must be either (a) intentional and unreasonable or (b) unintentional but caused by negligent, reckless, or abnormally dangerous conduct."", 'Private motor carrier of passengers (nonbusiness) means private motor carrier involved in the interstate transportation of passengers that does not otherwise meet the definition of a private motor carrier of passengers (business).', 'PUBLIC. By the term the public, is meant the whole body politic, or all the citizens of the state; sometimes it signifies the inhabitants of a particular place; as, the New York public.A distinction has been made between the terms public and general, they are sometimes used as synonymous.', 'Personal Property Of Others definition - Property that belongs to someone else, and not the insured. Real estate is included in this term.', ""Princeton's WordNet(0.00 / 0 votes)Rate this definition: 1 disturbance, perturbation, upset(noun) an unhappy and worried mental state. 2 upset, derangement, overthrow(noun) the act of disturbing the mind or body. 3 disorder, upset(noun) a physical condition in which there is a disturbance of normal functioning.""]","A private nuisance is a nontrespassory invasion of another's interest in the private use and enjoyment of land. Unlike a public nuisance, a private nuisance threatens only one or few persons. In order for a private nuisance to be actionable, the invasion must be either (a) intentional and unreasonable or (b) unintentional but caused by negligent, reckless, or abnormally dangerous conduct.",,1.0,0.8929540966295774,0.0
why are jury trials important to court cases like those of felina early v. suzy snoozer,"['Why are jury trials important to court cases like those of Felina Early v. Suzy Snoozer? Jury trials protect the right of the government to require suspect citizens to prove their innocence in a court of law. They help to make the trial process go faster because jury members can split up the evidence to examine.', 'Jurors are an essential part of our justice system. The right to trial by jury in the United States dates from Colonial times and is rooted in English history. It is guaranteed by the Sixth and Seventh Amendments to the Constitution of the United States of America and Article One of New Jerseyâ\x80\x99s State Constitution. People have a right to have matters determined by a jury of their peers.', 'In doingso, the California Supreme Court found that the right to a jury trial under the California Constitution trumps the ability of evensophisticated parties to knowingly waive the right to a jury trial.', 'trial: A court process in which the issues of fact and law are heard and decided according to legal procedures so a judicial officer or jury can make a decision in the case. Can be either (1) a bench trialâ\x80\x94a trial that is heard and decided by a judge, or (2) a jury trialâ\x80\x94a trial that is heard and decided by a jury.', 'In state courts, whether a jury needs to be unanimous depends on the state and the type of trial. For criminal trials, nearly every state requires the jury to produce a unanimous verdict. For civil trials, almost one-third of states only require a majority for a verdict. Some states require a majority if the money at issue in the trial is below a certain amount, and a unanimous verdict all other times.']",Jury trials are important to court cases like those of Felina Early v. Suzy Snoozer because they protect the right of the government to require suspect citizens to prove their innocence in a court of law and help to make the trial process go faster by allowing jury members to split up the evidence to examine.,,1.0,0.9884775001497749,0.0
why are teen crashes a problem,"['Teen crashes are a problem because it is one of the leading causes of death in young adults aged 16-20. Teen car accidents not only affect the driver but also every other driver that can be involved in the accident. Teen crashes are a problem because it is one of the leading causes of death in young adults aged 16-20.', 'Crashes caused by drivers under the influence of alcohol accounted for 18% of the total economic loss from automobile wrecks and cost the nation $49 billion. These crashes were responsible for $199 billion â\x80\x93 or 23% -- of the overall societal harm. â\x80¢Distraction.', 'According to suicide.org, a teen takes his or her own life every 100 minutes. Suicide is the third-leading cause of death for young people ages 15 to 24. Approximately 20 percent of teens experience depression before they reach adulthood, and between 10 to 15 percent suffer from symptoms at any one time.', 'In New York State (NYS), suicide is the leading cause of injury death for children ages 10 to 14 years and the fourth leading cause for children ages 15 to 19 years. Teenage males are much more likely to die by suicide than females. Young males are less likely to seek help or talk about their feelings.', 'Stress, confusion, pressure and worries about self-worth are common problems in many teens that can trigger suicide, according to the American Academy of Child and Adolescent Psychiatry. Teens may have to go through parental divorce, moving in with a new family, living in a new location or going to a different school.']",Teen crashes are a problem because they are one of the leading causes of death in young adults aged 16-20 and they affect not only the driver but also every other driver that can be involved in the accident.,,1.0,0.9614902178814311,0.0
greenhorns meaning,"['Define Greenhorns. Greenhorns synonyms, Greenhorns pronunciation, Greenhorns translation, English dictionary definition of Greenhorns. n. 1. An inexperienced or immature person, especially one who is easily deceived. 2. A newcomer, especially one who is unfamiliar with the ways of a place...', 'Wiktionary(0.00 / 0 votes)Rate this definition: 1 green party(Noun) a political party whose principal concern is the protection of the environment. 2 Green Party(ProperNoun) The particular green party of a country or region.', 'Aggies stands for Graduate Resources and Development for Aggies. It is a compilation of professional development activities, including workshops, seminars, training activities, online resources and more.', 'What is an Aggie? An Aggie is a student at Texas A&M. The term Aggie began to be used in the 1920s, and in 1949, when the yearbook changed its name from The Longhorn to Aggieland, Aggie became the official student body nickname.', 'G4S is the leading global, integrated security company, specialising in the provision of security services and solutions to customers. Our mission is to create material, sustainable value for our customers and shareholders by being the supply partner of choice in all of our markets.']","An inexperienced or immature person, especially one who is easily deceived; a newcomer, especially one who is unfamiliar with the ways of a place.",,1.0,0.07665421441527893,0.0
actress who plays alice on the magicians,"['The Magicians just suffered its first major loss, and this is not going to be an easy one to recover from. Quentin (Jason Ralph), Alice (Olivia Taylor Dudley), Eliot (Hale Appleman), Margo (Summer Bishil), and Penny (Arjun Gupta) spent the first couple of episodes this season preparing to face the Beast again, after their first attempt went so very, very wrong thanks to Julia.', ""Show Summary. Alice was first seen in August of 1976 but was based on the 1975 film, Alice Doesn't Live Here Anymore starring Ellen Burstyn and centering around Alice Hyatt. The television series had Linda Lavin starring as Alice."", 'Amanda Schull (born August 26, 1978) is an American actress and former professional ballet dancer. She is best known for her lead role in the 2000 film Center Stage and for her recurring roles on One Tree Hill, Pretty Little Liars, and Suits. She currently stars in the Syfy television series 12 Monkeys.', 'Alison Schapker is a television producer, supervising producer and story editor. She was a story... Alison Schapker is a television producer, supervising producer and story editor. She was a story editor on the CW Network television series Charmed and co-producer on twelve episodes of the show...', 'Actress | Writer | Soundtrack. Natalia Tena was born on November 1, 1984 in London, England as Natalia Gastiain Tena. She is an actress and writer, known for Harry Potter and the Order of the Phoenix (2007), About a Boy (2002) and Harry Potter and the Deathly Hallows: Part 2 (2011). See full bio Â».']",Olivia Taylor Dudley,,1.0,0.4644046893337767,0.0
how many times the normal radiation,"['the 1000 most exposed residents receive an average external effective radiation dose of 6 msv per year 0 6 rem yr six times the icrp recommended limit for exposure to the public from artificial sources', 'There is no minimum threshold.. Exposure from x-rays or gamma rays is measured in units of roentgens. For example: 1 Total body exposure of 100 roentgens/rad (or 1 Gy) causes radiation sickness. 2 Total body exposure of 400 roentgens/rad (or 4 Gy) causes radiation sickness and death in half the individuals.', 'The commonly used units in the United States for radiation exposure and dose measurements are the ROENTGEN, the RAD, and the REM. NOTE: The unit of Roentgen is no l onger recognized in 10 CFR Part 20, and consequently, the roentgen is being phased out as an official unit for dose of record. It will, however, still be seen on radiation', 'The shallow-dose equivalent is the external dose to the skin of the whole-body or extremities from an external source of ionizing radiation. This value is the dose equivalent at a tissue depth of 0.007 cm averaged over and area of 10 cm 2.', 'The personal ionising radiation dosimeter is of fundamental importance in the disciplines of radiation dosimetry and radiation health physics and is primarily used to estimate the radiation dose deposited in an individual wearing the device.']",The average external effective radiation dose of 6 msv per year is six times the ICRP recommended limit for exposure to the public from artificial sources.,,1.0,0.5264197540645702,0.0
how old is dalton rapattoni,"[""Singer Dalton Rapattoni born on 02 02 1996 in . Until now, Dalton Rapattoni's age is 21 year old and have Aquarius constellation. Count down 341 days will come next birthday of Dalton Rapattoni !"", ""See 11 of Tom Brady and Gisele BÃ¼ndchen's Cutest Family Photos in Honor of His 39th Birthday. Happy birthday, Tom Brady! The New England Patriots quarterback turns 39 years old today, and judging by wife Gisele BÃ¼ndchenâ\x80\x99s Instagram account, the NFL star will be celebrating with his adorable young family."", ""Gil Kaufman 06/26/2006. As far as we know, the Backstreet Boys, unlike Menudo, don't have a mandatory retirement age. So we'll assume the aging boy band's oldest member, 33-year-old Kevin Richardson, really is leaving to pursue other interests.."", 'Daniel Radcliffe: Harry Potter Turns 26 â\x80\x94 Happy Birthday. Happy birthday, Daniel Radcliffe! Daniel turns 26 years-old today, July 23, and we canâ\x80\x99t believe that this accomplished man is the same kid who played Harry Potter for eight films! Daniel Radcliffe is seriously 26 years-old today.', 'Charles Latibeaudiere is 48 years old and was born on 09/12/1969. Currently, he lives in Hermosa Beach, CA; and previously lived in cornwall, NY. Sometimes Charles goes by various nicknames including Charles G Latibeaudiere, Charles G Latiberudiere, C G Latibeaudiere.']",Dalton Rapattoni is 21 years old.,,1.0,0.9227009735894125,0.0
how many steps a day healthy,"['Everyone is saying 10,000 steps a day. But for me that would take 4,000 steps per hour, thus 8,000 steps in two hours, and 10,000 steps would actually take me 2 1/2 hours. This sounds like a lot of time to put aside for exercise.', ""Walking for Weight Loss. About 10,000 steps is the equivalent of exercising strenuously for 30 minutes, or walking five miles per day. By following this routine, you'll expend an additional 2,000 to 3,500 calories per week. One pound of fat equals 3,500 calories.The average American takes 2,300 to 3,000 steps per day.This is a dismal rate compared to the Amish people, who take an average of 19,000 steps per day.bout 10,000 steps is the equivalent of exercising strenuously for 30 minutes, or walking five miles per day. By following this routine, you'll expend an additional 2,000 to 3,500 calories per week."", ""Fitbit and other fitness trackers set a default goal of 10,000 steps a day. But just how valid is this aim if you're trying to stay active, asks Chris Stokel-Walker. Late in the day, as you take a step, your wrist starts buzzing."", 'To maintain optimal cardiovascular health, a good body weight, and a favorable body composition, they have no choice but to conclude that all of us adults need to engage in at least one hour of moderately intensive exercise (or at least 30 minutes of vigorous exercise) each day.', '1 Researchers found that women who were in the normal weight range at the start of the study needed the equivalent of an hour a day of physical activity to stay at a steady weight.(43) If you are exercising mainly to lose weight, 30 minutes or so a day may be effective in conjunction with a healthy diet.']",I cannot answer from the given context.,,0.0,0.0,0.0
cast of monk,"['Monk: Tony Shalhoub, Traylor Howard, Jason Gray-Stanford, Ted Levine, Bitty Schram, Emmy Clarke, Hector Elizondo (I), Kane Ritchotte', 'Recently, Monk star Tony Shalhoub spoke with the AV Club about his experience on the USA Network series. Created by Andy Breckman, the comic-drama starred Shalhoub as Adrian Monk, a private detective with obsessive-compulsive personality disorder. The cast also included Bitty Schram, Jason Gray-Stanford, and Ted Levine. The series ran for eight seasons before ending in 2009. In the interview, Shalhoub said Monk was originally set at ABC: That was at a time, when we first started that, when there were some big changes going on at USA. Kind of a changing of the guard, if you will, but they were in the process of rebranding their network, and the show happened to be a part of that rebranding.', 'Actors starring in the series include, Joel Gretsch, Steve Burton, Eric Close, Heather Donahue, Matt Frewer, Catherine Dent, Ryan Hurst, Adam Kaufman, Karen Austin, Julie Benz, Tina Holmes, Willie Garson, John Hawkes, Jason Gray-Stanford, Andy Powers, Ryan Merriman, Michael Moriarty, Michael Jeter, James McDaniel, James Kirk and Dakota Fanning (who narrates, as well as starring as Allie Keys).', 'Negga is the first actor cast in Preacher, from Sony TV and AMC Studios. Agent Carterâ\x80\x99s Dominic Cooper has been rumored for the lead, Jesse. Rogen and Goldberg developed the project for television and will direct the pilot, written by Sam Catlin who serves as showrunner.', 'Charlie Day, Ice Cube, Tracy Morgan, Dean Norris, Jillian Bell. The pic is in the tone of â\x80\x9980s cult hit Three Oâ\x80\x99Clock High but a grown-up version: Day plays a mild-mannered English teacher who is put to the test when a colleague (Ice Cube) who thinks he is trying to get him fired challenges him to a fist fight after school.']","The cast of Monk includes Tony Shalhoub, Traylor Howard, Jason Gray-Stanford, Ted Levine, Bitty Schram, Emmy Clarke, Hector Elizondo, and Kane Ritchotte.",,0.625,0.9044546611152326,0.0
excel what is a pivot table,"['Many Excel users are not familiar with, or are intimidated by Pivot Tables, one of the most powerful features in Excel. This page describes elementary Pivot Tables. This page was written by Harald Staff, and is included here with his kind permission. A pivot table is a great reporting tool that sorts and sums independent of the original data layout in the spreadsheet. If you never used one, this demo may be of interest.', ""Insert a Pivot Table | Drag fields | Sort | Filter | Change Summary Calculation | Two-dimensional Pivot Table. Pivot tables are one of Excel's most powerful features. A pivot table allows you to extract the significance from a large, detailed data set. Our data set consists of 213 records and 6 fields. Order ID, Product, Category, Amount, Date and Country."", 'As the interface used to create a Pivot Table in Excel is slightly different in Excel 2003, compared to later versions of Excel, we have produced two separate versions of parts 2 & 3 of the tutorial, so that you can work through the guide that relates to your version of Excel.', 'List the Pivot Table Formulas in Excel 2010 and Excel 2013. 1 Select any cell in the pivot table. 2 On the Ribbon, under the PivotTable Tools tab, click the Options tab (Analyze tab in Excel 2013). 3 In the Calculations group, click Fields, Items & Sets. 4 Click List Formulas.', '7. Determine which field you would like to add to your pivot table. 8. Decide how you would like your data to be arranged by that field. 1 In a pivot table, the data is grouped and then arranged by the row and column fields. 2 The data can then be filtered by a Filter Report field.3 Add a field to your pivot table to provide another method by which the data is organized.. Decide how you would like your data to be arranged by that field. 1 In a pivot table, the data is grouped and then arranged by the row and column fields. 2 The data can then be filtered by a Filter Report field. 3 Add a field to your pivot table to provide another method by which the data is organized.']","A pivot table is a great reporting tool in Excel that sorts and sums independent of the original data layout in the spreadsheet. It allows you to extract significance from a large, detailed data set.",,1.0,0.9772719145664368,0.0
calculate the mass in grams of 2.74 l of co gas measured at 33°c and 945 mmhg,"['Answers. Best Answer: p = 945/760=1.24 atm T = 33 + 273 =306 K moles CO = pV/RT = 1.24 x 2.74 / 0.08206 x 306=0.135 mass CO = 0.135 mol x 28.01 g/mol=3.78 g.Source(s): Dr.A Â· 5 years ago. Thumbs up.nswers. Best Answer: p = 945/760=1.24 atm T = 33 + 273 =306 K moles CO = pV/RT = 1.24 x 2.74 / 0.08206 x 306=0.135 mass CO = 0.135 mol x 28.01 g/mol=3.78 g.', 'The Ideal Gas Law can be re-arranged to calculate the molar mass of unknown gases. PV = nRT n = mass (g) molar mass (g/mol) PV = mass (RT) mass x R x T = molar mass molar mass P x V Knowing that the units for density are mass/volume, re-write this equation so that it equates density with molar mass.', '1) Propane, C3H8, is a hydrocarbon that is commonly used as fuel for cooking. (a) Write a balanced equation for the complete combustion of propane gas, which yields CO2(g) and H2O(l).(b) Calculate the volume of air at 30ï\x82°C and 1.00 atmosphere that is needed to burn completely 10.0 grams of propane.Assume that air is 21.0 percent O2 by volume.alculate the heat of formation, ï\x81\x84Hfï\x82°, of propane given that ï\x81\x84Hfï\x82° of H2O(l) = -285.3 kJ/mol and ï\x81\x84Hfï\x82° of CO2(g) = -393.5 kJ/mol. (d) Assuming that all of the heat evolved in burning 60.0 grams of propane is transferred to 8000 grams of water (specific heat = 4.18 J/g.', 'c the ideal gas equation and the combined gas law stp standard temperature and pressure is defined as 1 atmosphere and 0 c this can be expressed as 760 mm hg and 273 k or any equal unit when making calculations the temperature should be in kelvin this will avoid zeros or negative numbers', 'The molar volume of any ideal gas may be calculated at various standard reference conditions as shown below: 1 Vm = 8.3145 Ã\x97 273.15 / 101.325 = 22.414 dm3/mol at 0 Â°C and 101.325 kPa. 2 Vm = 8.3145 Ã\x97 273.15 / 100.000 = 22.711 dm3/mol at 0 Â°C and 100 kPa. 3 Vm = 8.3145 Ã\x97 298.15 / 101.325 = 24.466 dm3/mol at 25 Â°C and 101.325 kPa.']",The mass of 2.74 L of CO gas measured at 33°C and 945 mmHg is 3.78 g.,,1.0,0.876635470335831,0.0
accordian definition,"['Before 1987, the accord between the â\x80\x8bLabour â\x80\x8bgovernment and the â\x80\x8bunions was a â\x80\x8bsimple â\x80\x8baffair. The â\x80\x8bproject is â\x80\x8bcompletely in accord with â\x80\x8bgovernment â\x80\x8bpolicy. of your own accord C2 If you do something of â\x80\x8byour own accord, you do it without being â\x80\x8basked to do it: She came of her own accord.', 'Define academician. academician synonyms, academician pronunciation, academician translation, English dictionary definition of academician. n. 1. An academic. 2. A member of an art, literary, or scientific academy or society. n a member of an academy n. 1. a member of an association or...', 'associate - a person who joins with others in some activity or endeavor; he had to consult his associate before continuing 2. association - the act of consorting with or joining with others; you cannot be convicted of criminal guilt by association social activity - activity considered appropriate on social occasions fraternisation, fraternization - associating with others in a brotherly or friendly way; especially with an enemy', 'Medical Definition of AXIAL. 1. : of, relating to, or having the characteristics of an axis.', 'a person unselfishly concerned for or devoted to the welfare of others (opposed to egoist). Origin of altruist. French. 1865-1870.']",I cannot answer from the given context.,,0.0,0.0,0.0
at what temperature should cooling fans start,"['Mike answered 7 years ago. I am pretty sure that is the correct temperature that the fan should go on - between 215-220 As you start to drive temp should go no lower than 195 as thats where the thermostat should close to keep temp at that temperature. 30 out of 30 people think this is helpful.', 'How to lower my CPU temperature? Its really high as you can see below my CPU is 65C at IDLE temperature ! I have replaced the stock heatsink and fan and all the other fans in my pc with new expensive ones. The new heatsink i got is the ASUS silent Knight II. What else can i do too fix this ? because that hasnt helped.', 'The ideal way to control the operation of an attic fan is with a thermostat and a humidistat. In summer, the thermostat operates the fan when the attic temperature reaches a preset level (usually 90 to 95 degrees F). In winter, the humidistat operates the attic fan when the relative humidity exceeds a preset level (usually 40 to 50%). This reduces attic moisture.', 'HP Desktop PCs - Computer Overheating Prevention. Heat buildup can cause problems for any computer. Generally, when temperatures inside the computer case rise above 35 degrees Celsius (95 degrees Fahrenheit), the risk of damaging important internal components increases greatly. The most common cause of a computer getting too hot is the accumulation of dust inside the computer.', 'I have a core i5 750 and my cpu temp at idle is between 38c and 42c depending on room temp. When I am browsing it will normally be at 42c to 45c.I downloaded a demo of Call of Duty to test the system temps with ASUS PcProbeII. About 25 minutes of playing the game and the cpu temp was 67c.ovember 27, 2011 5:14:24 AM. I have a core i5 750 and my cpu temp at idle is between 38c and 42c depending on room temp. When I am browsing it will normally be at 42c to 45c. I downloaded a demo of Call of Duty to test the system temps with ASUS PcProbeII. About 25 minutes of playing the game and the cpu temp was 67c.']",I cannot answer from the given context.,,0.0,-0.0,0.0
how many taxes do you pay when you withdraw from your ira,"['Unless you qualify for an exception, youâ\x80\x99ll have to pay an additional 10% tax on the amount you withdraw from your SIMPLE IRA. This additional tax increases to 25% if you make the withdrawal within 2 years from when you first participated in the SIMPLE IRA plan. You donâ\x80\x99t have to pay the additional 10% or 25% tax if: Youâ\x80\x99re age 59Â½ or older when you withdraw the money; Your withdrawal is not more than:', 'Ultimate guide to retirement. Your withdrawals from a Roth IRA are tax free as long as you are 59 Â½ or older and your account is at least five years old. Withdrawals from traditional IRAs are taxed as regular income, based on your tax bracket for the year in which you make the withdrawal.ltimate guide to retirement. Your withdrawals from a Roth IRA are tax free as long as you are 59 Â½ or older and your account is at least five years old. Withdrawals from traditional IRAs are taxed as regular income, based on your tax bracket for the year in which you make the withdrawal.', '1 You will still have to include any IRA withdrawal in your adjusted gross income. 2 If you inherit an IRA from a spouse, and you choose to treat it as your own IRA, then any IRA early withdrawal you receive will be subject to the 10% penalty tax. If you inherit an IRA from a non-spouse, even if the IRA owner was under age 59 1/2, you will not have to pay the penalty tax on amounts withdrawn. 2 You will still have to include any IRA withdrawal in your adjusted gross income.', ""In 2001, before he is age 59 1/2, Paul withdraws $10,000 from the Roth IRA. Paul will have no tax to pay on this withdrawal because he paid income taxes on the full $20,000 he converted in 1998; however, he WILL have to pay a 10% penalty (or $1,000) unless one of the IRA early withdrawal exceptions apply.n 2005, Jim's Roth IRA has a balance of $3,500. Jim decides to close his Roth IRA in a non-qualified distribution that year. Since the distribution is non-qualified, Jim will owe taxes on his Roth earnings of $1,500, and will pay tax on this amount at his marginal tax rate."", '1 Under a Roth, earnings withdrawals are tax free if you are over 59 Â½, and have been in a Roth for more than 5 years. 2 Under a Traditional, all your earnings distributions are considered Ordinary Income for tax purposes both over and under age 59 1/2. 3 Then you need to picture your retirement years.']",I cannot answer from the given context.,,0.0,-0.0,0.49999999995
how much does amazon get for ebooks,"['1. To qualify for Amazonâ\x80\x99s 70% royalty option: 1 Your ebook must be priced between $2.99 and $9.99. 2 Your ebook price must be at least 20 percent lower than the lowest list price for the print version of your ebook, if any.', 'Amazon (AMZN) announced the annual membership will now cost $99 a year, up from $79. A student membership will cost $49 annually. In February, Amazon said it was considering raising the price to $119 a year.', 'amazon amzn announced the annual membership will now cost $ 99 a year up from $ 79 a student membership will cost $ 49 annually in february amazon said it was considering raising the price to $ 119 a year', ""The price of a subscription varies depending on what you get per month. $14.95 for one book and one month's subscription to e.g. an NPR program; $21.95 for two books."", '2015-06-12 17:10:42 UTC 2.84436733420894. This is a Kindle subscription charge that basically kicks in without notice or your given permission after one year, for a service kind off similar to Net-Flix.']",I cannot answer from the given context.,,0.0,-0.0,0.0
how to pay back irs taxes,"['The IRS also accepts checks, money orders and credit cards. Penalties and interest are charged on installment agreements so it is important to pay back taxes as quickly as possible. Pay also via the Electronic Federal Tax Payment System, EFTPS. This is the government entity for making IRS payments. You can do so either through eftps.gov or 800-555-4477.', 'Report Abuse. If you want to call the IRS about a tax return question (on an individual return), you can call 1-800-829-1040. If you want to call regarding your refund, dial 1-800-829-4477. You may need to go through the phone selections, but you will get to speak to an actual person! IMP58 Â· 8 years ago. Thumbs up.', ""1-800-829-1040 or rebate hotline 1-866-234-2942 . when u call the rebate hotline press 1 then don't press 1 or 2 at all just wait then you'll be connected to a live person. GOOD LUCK! First, visit the website to get the correct number. It is easier than thumbing through a book. The address is: http://www.irs.gov/localcontacts/index.html Then you call the number, and speak to an automated machine until you reach the correct topic. I want to warn you however, you will probably be on hold for a good 15-20 mins. before actually speaking with someone, and if there are too many callers, they will tell you to call back later."", 'Put IRS scam in the complaint. Report email tax scams to the IRS at phishing@irs.gov. The real contact number for the IRS â\x80\x93 the information you can call to ask about your taxes -- is 1-800-829-1040. View/Post Comments.', 'Example 1.(p17) You made estimated tax payments of $500 and got an automatic extension of time to October 15, 2013, to file your 2012 income tax return. When you filed your return on that date, you paid an additional $200 tax. On October 15, 2016, you filed an amended return and claimed a refund of $700. Because you filed your claim within 3 years after you filed your original return, you can get a refund of up to $700, the tax paid within the 3 years plus the 6-month extension period immediately before you filed the claim.']","You can pay back IRS taxes using checks, money orders, credit cards, or through the Electronic Federal Tax Payment System (EFTPS) at eftps.gov or by calling 800-555-4477. It is important to pay back taxes as quickly as possible to avoid penalties and interest.",,1.0,0.8938632299369402,0.0
how format numbers as social security format,"['The Social Security number is a nine-digit number in the format AAA-GG-SSSS. The number is divided into three parts. The Area Number, the first three digits, is assigned by geographical region.', 'This Social Security phone number is ranked #2 out of 3 because 254,280 Social Security customers tried our tools and information and gave us feedback after they called. The reason customers call 800-269-0271 is to reach the Social Security Fraud Detection department for problems like Missing payment, Replacement card, Change my personal information.', 'We estimate that it will take about 5 minutes to read the instructions, gather the facts, and answer the questions. SEND THECOMPLETED FORM TO YOUR LOCAL SOCIAL SECURITY OFFICE. The office is listed under U. S. Government agencies in your telephonedirectory or you may call Social Security at 1-800-772-1213.e estimate that it will take about 5 minutes to read the instructions, gather the facts, and answer the questions. SEND THECOMPLETED FORM TO YOUR LOCAL SOCIAL SECURITY OFFICE. The office is listed under U. S. Government agencies in your telephonedirectory or you may call Social Security at 1-800-772-1213.', 'Account Number. Please do not use any punctuation in the Account Number. Generally, this is your Social Security Number. If your school uses a different number like a Student Identification Number (SID) or Personal Identification Number (PID), you will need to enter that information.enerally, this is your Social Security Number. If your school uses a different number like a Student Identification Number (SID) or Personal Identification Number (PID), you will need to enter that information.', 'To correct your Social Security earnings record, contact us at 1-800-772-1213 (TTY 1-800-325-0778). It will be helpful to have information such as Forms W-2, pay stubs, etc.']",I cannot answer from the given context.,,0.0,-0.0,0.0
average snowfall in chatsworth ga,"['Chatsworth, Georgia, gets 53 inches of rain per year. The US average is 39. Snowfall is 3 inches. The average US city gets 26 inches of snow per year. The number of days with any measurable precipitation is 68. On average, there are 208 sunny days per year in Chatsworth, Georgia. The July high is around 90 degrees.', 'Among 6,377 official NOAA weather stations that record snowfall in the United States, ten report annual totals that averaged over 300 inches or 25 feet (7.62 metres) from 1981 to 2010.', 'Average Annual Snowfall in Washington. The tables below give yearly averages for snowfall at cities, towns and parks in Washington. The numbers are for the total amount of snow and for how many days it snows at least 0.1 inches (0.25 centimetres). The snowfall totals are annual averages based on weather data collected from 1981 to 2010 for the NOAA National Climatic Data Center.', 'All the numbers are averages, based on weather data gathered from 1981 to 1994 near South Lake Tahoe and the Sierra-at-Tahoe ski resort. This first table lists monthly and yearly totals for amount of snow and how many days it snows at least 0.1 inches (0.25 centimetres).', 'July is the warmest month, with average high temperatures near 90 degrees. Much hotter summers and colder winters (with significant snow) are not uncommon. Annual precipitation amounts range from 35 to 40 inches in the northern half of the state. In the southern areas, amounts nears 50 inches are the norm.']",I cannot answer from the given context.,,0.0,-0.0,0.0
frappe definition,"[""In the Boston area, a frappe (pronounced frap and spelled without the accent) is a thick milkshake with ice cream, derived from the French word frappÃ©. The original Frappuccino beverage was developed, named, trademarked and sold by George Howell's Eastern Massachusetts coffee shop chain, The Coffee Connection."", 'Blend 3/4 cup milk, 3/4 cup cold water, the instant-coffee frappe mix, and sugar in a blender until combined, about 30 seconds. Divide among 3 tall glasses filled with ice. Pour 2 tablespoons milk into each glass. Serve immediately, topped with cotton candy.', 'The name Frasier is an English baby name. In English the meaning of the name Frasier is: French town. Scottish Meaning: The name Frasier is a Scottish baby name. In Scottish the meaning of the name Frasier is: of the forest men.SoulUrge Number: 6. Expression Number: 4. People with this name have a deep inner desire for a stable, loving family or community, and a need to work with others and to be appreciated.n Scottish the meaning of the name Frasier is: of the forest men. SoulUrge Number: 6. Expression Number: 4. People with this name have a deep inner desire for a stable, loving family or community, and a need to work with others and to be appreciated.', 'truffle (plural truffles) 1 Any of various edible fungi, of the genus Tuber, that grow in the soil in southern Europe; the earthnut. 2 Abbreviation of chocolate truffle. (A creamy chocolate confection, in the form of a ball, covered with cocoa powder.)', 'Define Fauve. Fauve synonyms, Fauve pronunciation, Fauve translation, English dictionary definition of Fauve. n one of a group of French painters prominent from 1905, including Matisse, Vlaminck, and Derain, characterized by the use of bright colours and simplified...']","A frappe is a thick milkshake with ice cream, derived from the French word frappé.",,1.0,0.9242462007993829,0.0
exacting definition,"['Definition of exacting. 1 1 : tryingly or unremittingly severe in making demands. 2 2 : requiring careful attention and precision.', 'Between extortion and exaction there is this difference; that in the former case the officer extorts more than his due, when something is due to him; in the latter, he exacts what is not his due, when there is nothing due to him. Wishard; Co. Litt. 368.', ""verb (used with object), imposed, imposing. 1. to lay on or set as something to be borne, endured, obeyed, fulfilled, paid, etc.: to impose taxes. 2. to put or set by or as if by authority: to impose one's personal preference on others. 3. to obtrude or thrust (oneself, one's company, etc.) upon others."", ""Adj. 1. aggravated-made more severe or intense especially in law; aggravated assault. intense-possessing or displaying a distinctive feature to a heightened degree; intense heat; intense anxiety; intense desire; intense emotion; the skunk's intense acrid odor; intense pain; enemy fire was intense."", '2 n-uncount If someone or something performs a task, for example hitting a target, withaccuracy, they do it in an exact way without making a mistake. oft with N (Antonym: inaccuracy) ...weapons that could fire with accuracy at targets 3,000 yards away... Translation English Cobuild Collins Dictionary &nbsp.']",1 : tryingly or unremittingly severe in making demands. 2 : requiring careful attention and precision.,,1.0,0.2141539964379143,0.0
audible phone number customer service,"['Audible Customer Support Service Phone Number The customer support phone number of Audible is 1-888-283-5051 (Click phone number to call). data-ad-slot=7829909793>', 'If you need assistance, please call Customer Care at 1-888-539-7474. Please complete the form below and a member of our Listener Care team will get back to you. If you are an existing Sirius or XM subscriber, please include your ESN and phone number to assist our teamâ\x80\x99s response.', '5 thoughts on â\x80\x9cEPF New Customer Care Number, 24Ã\x977 Toll Free Helpline & Support Email Idâ\x80\x9d. 1 My mobile number missing, i want to get our uan number please suggest. 2 Good after noon sir/ madam, 3 Respected sir, 4 MY DOB & DOJ is mismatch needs to be correct.', 'Phone Support: 1-800-541-5555. The Telephone Service Center (TSC) is available 8 a.m. to 5 p.m., Monday through Friday, except holidays (border providers and out-of-state billers billing for in-state providers, call [916] 636-1200).', 'Require help, call our AOL Customer Support Team at (+1) 844-502-0074. To resolve your all technical issues with AOL account, contact our AOL help phone number to get instant resolution. Our experienced team of AOL mail support experts at our AOL customer care can handle all types of AOL mail problems.']",The customer support phone number of Audible is 1-888-283-5051.,,1.0,0.8946236247802289,0.0
definition of an empath,"['Definitions for empath. Here are all the possible meanings and translations of the word empath. Wiktionary(4.00 / 2 votes)Rate this definition: empath(Noun) One who has the ability to sense emotions; someone who is empathic or practises empathy. empath(Noun) A person with extra-sensory empathic ability, capable of sensing the emotions of others around them in a way unexplained by conventional science and psychology.', 'A sociopath is a person who has antisocial personality disorder. The term sociopath is no longer used to describe this disorder. The sociopath is now described as someone with antisocial personality disorder. The main characteristic of a sociopath is a disregard for the rights of others. Sociopaths are also unable to conform to what society defines as a normal personality. Antisocial tendencies are a big part of the sociopathâ\x80\x99s personality.', 'The third emotional intelligence (EQ) quadrant of social awareness consists of these three essential components: 1 Empathy means trying to understand the viewpoint of others and to see things from their perspective. ( 2 Empathy differs from sympathy, which means feeling sorry for others and their predicament.).', ""So, what's empathy and what does empathy look like in the real world? Empathy is defined as the ability to understand and share the feelings of another person. So, there are two types of empathy, affective empathy and cognitive empathy. Affective empathy, also called emotional empathy, is the kind of empathy that we all have inherently. This is where we react to another person's display of emotions. If someone is crying, we get them a tissue."", 'Definition of emollient. 1 1 : making soft or supple; also : soothing especially to the skin or mucous membrane an emollient hand lotion. 2 2 : making less intense or harsh : mollifying soothe us in our agonies with emollient words â\x80\x94 H. L. Mencken.']","An empath is one who has the ability to sense emotions; someone who is empathic or practices empathy. Additionally, an empath is a person with extra-sensory empathic ability, capable of sensing the emotions of others around them in a way unexplained by conventional science and psychology.",,1.0,0.9563211322668482,0.0
how much does it cost to rewire electricity in a home?,"['Add up the number of additional circuits you desire. A new circuit runs approximately $175 to install. If you need a new electrical panel to service the home, the cost will be between $1,000 to $3,000, depending on the number of circuits. Factor in the cost of the supplies to the estimate. According to Networx, a website for electrical contractors, the copper wire alone for an average rewiring job can run up to $1,000.', ""What is the average cost per kilowatt-hour? As of 2011, the average cost of electricity per kilowatt-hour for residential homes is 11.72 cents. The average varies by state, as Hawaii's average per kilowatt-hour is 31.59 cents at the highest and Idaho's average per kilowatt-hour is 6.44 cents. Full Answer >."", '1 A typical 20V outlet should be less than $200, while a 240V outlet can cost $350 to $700. 2 According to Familyhandyman.com, the cost of a do-it-yourself project of adding an electrical outlet is less than $20. Depending on the complexity of the job and where the outlet has to be installed, the average cost to add an electrical outlet will be between $100 and $700.', ""The average price people in the U.S. pay for electricity is about 12 cents per kilowatt-hour. (Context: A typical U.S. household uses about 908 kWh a month of electricity.).But there's huge variation from state to state. Here's a map of residential electricity prices, according to the Energy Information Administration. People in Hawaii pay the most for electricity, about 33 cents per kWh.A Hawaiian household whose electricity use was around the national average would have a monthly electric bill over $300.The high cost of crude oil used to generate the state's electricity is driving the price, EIA energy economist Tyler Hodge told me. Idaho had the lowest price, at about 8 cents per kWh.So the typical US household would pay about $73 for electricity each month in Idaho. Hawaiian household whose electricity use was around the national average would have a monthly electric bill over $300. The high cost of crude oil used to generate the state's electricity is driving the price, EIA energy economist Tyler Hodge told me. Idaho had the lowest price, at about 8 cents per kWh."", ""The high cost of crude oil used to generate the state's electricity is driving the price, EIA energy economist Tyler Hodge told me. Idaho had the lowest price, at about 8 cents per kWh. So the typical US household would pay about $73 for electricity each month in Idaho.eople in Hawaii pay the most for electricity, about 33 cents per kWh. A Hawaiian household whose electricity use was around the national average would have a monthly electric bill over $300.""]","The cost to rewire electricity in a home can run up to $1,000 for the copper wire alone, and a new circuit runs approximately $175 to install. If a new electrical panel is needed, the cost will be between $1,000 to $3,000, depending on the number of circuits.",,1.0,0.8963340683899944,0.0
can inheritance monies be taken by the trustee in bankruptcy,"['If your inheritance is deemed to be property of the bankruptcy estate, the trustee can take it unless you can exempt its full value. (To learn how exemptions work, see our Bankruptcy Exemptions area.)', 'In fact, many types of property you acquire during your Chapter 13 case (which can last from three to five years) is considered property of the bankruptcy estate. This means that if you receive an inheritance during Chapter 13 bankruptcy, it will usually be part of your bankruptcy estate.', 'Why Creditors Can Get to Assets in a Revocable Living Trust. Revocable living trusts donâ\x80\x99t, however, protect your assets from people with legal claims against you. Thatâ\x80\x99s because although the trust is a legal entity, for legal purposes youâ\x80\x99re treated as the owner of the trust assets.', ""An estate's bank accounts are often its primary source of liquid cash, which the executor may use to pay the estate's debts, according to the Gloucester County, New Jersey Probate Court."", 'The trust may say that the trustee can distribute the assets of the trust to a beneficiary for his education and only his education. The trustee would be bound by those terms. The role of trustee may last for several months or several decades. So, unlike an executor, a trustee may be serving in his role for a long, long time.']","Yes, if your inheritance is deemed to be property of the bankruptcy estate, the trustee can take it unless you can exempt its full value.",,1.0,0.9046880718376084,0.0
cost of slate,"['Slate Roof Cost. Typical costs: Installing a natural slate roof starts around $9-$10 or more a square foot for a basic roof up to $30-$40 or more a square foot, depending on the type of slate used, the installation pattern (some methods use more slate per square foot), the design of the roof, the height of the building, the slope and other factors.', '1 A 1,700-2,100 square foot roof might cost $17,000-$84,000, depending on the location, the quality of the slate and the complexity of the installation process.2 Synthetic slate roof shingles are made from recycled rubber and plastic molded to resemble natural roof slates.late is one of the most durable roofing materials available. A properly installed and maintained slate roof looks beautiful and can last more than 100 years, depending on the type and origin of the slate, the roof style and the climate.', 'Since all slate roofing material is still hand split today, the thickness for each slate varies according to the eye of the splitter. Most producers offer slate in several ranges of thickness: 1 1/ 4â\x80\x9d â\x80\x93 3/8â\x80\x9d about 900 to 1,200 pounds per square. 3/8â\x80\x9d â\x80\x93 1/2â\x80\x9d 1,200 to 1,800 pounds per square.', 'Sweep the slate with a broom to remove any loose dust or soot. Dissolve 1 cup of washing soda (sodium carbonate) into 2 cups of boiling water. Mix well and add in 1/2 cup powdered pumice and 1/2 cup ammonia. Brush this mixture onto the slate and let it sit for 30 minutes.', 'Prices include up to 3 numbers - extra number or letter Â£1.10. Holes can be drilled @ Â£1.10 per hole or you could use one of the many adhesives that there are now available. For larger sizes click here for made to measure slate signs.']","The cost of installing a natural slate roof starts around $9-$10 or more a square foot for a basic roof, and can go up to $30-$40 or more a square foot, depending on various factors. A 1,700-2,100 square foot roof might cost between $17,000 and $84,000, depending on location, quality of the slate, and complexity of the installation process.",,1.0,0.6659353843224829,0.49999999995
how much does a green anaconda weigh,"['As for a Green anaconda(the big breed of Anaconda) they Range from 120-150 pounds on adverage and can get up to 200-350 Being powerfed(Powerfed Feeding huge amounts of food â\x80¦to get snake bigger) No real proof or reports of a Anaconda Exeeding 350,As far as length they Usually get around 15 feet.', 'Green anacondas are found throughout the tropical lowlands of South America. This species is particularly common in the Orinoco basin of eastern Columbia, Amazon River basin of Brazil, and the seasonally flooded Llanos grasslands of Venezuela.', 'Green sea turtles are the worldâ\x80\x99s largest species of hard-shelled sea turtle. OVERVIEW. Green sea turtles are the worldâ\x80\x99s largest species of hard-shelled sea turtle. While most individuals weigh about 300 to 400 pounds (136 to 181 kilograms), some can be as heavy as 440 pounds (204 kilograms).', 'An adult male typically ranges in size from 14 to 22 inches long with a weight of 60 to 120 grams. The appreciably larger female may reach 20 to 33 inches in length and 150 to more than 350 grams in weight (or even larger). The heavy, stout body is covered with keeled scales.', 'Quick Answer. Anacondas eat a wide variety of animals such as wild pigs and goats. The massive snakes also eat a variety of reptiles.']",A green anaconda typically weighs between 120-150 pounds on average and can get up to 200-350 pounds when powerfed.,,1.0,0.8789567264519514,0.0
cost of getting a tattoo,"['Typical Price For A Tattoo. The price for tattoos are basically not cheap unless of course you opt for the temporary tattoo option. The price becomes quite costly if you want larger ones, as the costs can go up to thousands of pounds. The typical cost of tattoos can start anywhere from Â£40 to Â£100 for the tattoo artistâ\x80\x99s rate per hour.', 'What is the average income of a Tattoo Artist? The salary database website payscale.com, which collects wage information from employers throughout the United States, estimates that Tattoo Artists earn between $15,106 and $49,626 annually.', ""The price of Shizens Lip Tattoo is MYR 168 for 8ml. Frankly speaking, it's not worth it for a high moisture lip stain. There's many brands also came out with lip stains as well so I think this product will be very competitive. Shizens Lip Tattoo is not likes korean lips stain where they provide crazy awesome pigment."", 'Average Cost of Nipple Piercing. On average, the typical piercing procedure may cost anywhere from $30-$50, with body jewelry running $10-$50, so expect to spend anywhere from $40-$100 for a single nipple piercing based on both the studio and the body jewelry.imply ask. On average, the typical piercing procedure may cost anywhere from $30-$50, with body jewelry running $10-$50, so expect to spend anywhere from $40-$100 for a single nipple piercing based on both the studio and the body jewelry.', 'depending on the tattoo, the artist will use a liner of 1-9 small needles, and a shader of 4-14 small needles. the needles only go in through the first layer of skin, approc 1/16 - 3/32 in. as for the pain, everyone is different. Source(s): tattoo artist. Crazy Â· 9 years ago.']","The cost of getting a tattoo can start anywhere from £40 to £100 for the tattoo artist's rate per hour, and can become quite costly for larger tattoos, potentially going up to thousands of pounds.",,1.0,0.9015079496928178,0.0
array definition computer,"['CS241 Dr Ghemri 1. Arrays. Definition: An array is a collection of variables of the same type that are referenced by a. common name. -In C++, all arrays consist of contiguous memory locations. -To refer to an element or particular location in the array, we specify the name of. the array and the position number â\x80\x93or index or subscript- of that element.', ""The parentheses tell VBA that you're declaring an array, and the number tells VBA how many elements you'll need in the array. Why 19 instead of 20? Well, each element in the array is assigned a subscript, where the first element's subscript is 0, the second is 1, and so on up to, in this case, 19."", 'In this example, mark[0] is the first element. If the size of an array is n, to access the last element, (n-1) index is used. In this example, mark[4] is the last element. Suppose the starting address of mark[0] is 2120d. Then, the next address, a[1], will be 2124d, address of a[2] will be 2128d and so on.', ""Definition of Matrix. A matrix is a collection of numbers arranged into a fixed number of rows and columns. Usually the numbers are real numbers. In general, matrices can contain complex numbers but we won't see those here.Here is an example of a matrix with three rows and three columns: The top row is row 1.The leftmost column is column 1. This matrix is a 3x3 matrix because it has three rows and three columns. In describing matrices, the format is: rows X columns. Each number that makes up a matrix is called an element of the matrix. The elements in a matrix have specific locations.he top row is row 1. The leftmost column is column 1. This matrix is a 3x3 matrix because it has three rows and three columns. In describing matrices, the format is: rows X columns. Each number that makes up a matrix is called an element of the matrix. The elements in a matrix have specific locations."", 'In this article Iâ\x80\x99m going to explain the basic uses of â\x80\x93 and differences between â\x80\x93 some of the various types of array-like containers you can use in Unity. If you havenâ\x80\x99t heard of arrays before, they can be described as a single variable with a series of â\x80\x9ccompartmentsâ\x80\x9d, where each compartment can contain a value.']","An array is a collection of variables of the same type that are referenced by a common name. In C++, all arrays consist of contiguous memory locations. To refer to an element or particular location in the array, we specify the name of the array and the position number – or index or subscript – of that element.",,1.0,0.7405495376890355,0.0
cost of cbs all access on roku,"[""'Star Trek: Discovery' will have Jason Isaacs as its captain. CBS All Access launches on Roku with live streaming and VOD. CBS All Access streaming service is now available for Roku for $5.99 a month. Roku owners can download the app via the Roku Channel Store and sign up here."", 'Roku Channel Developer: Hulu. The Hulu Plus Channel is available on the Roku Channel Store for free and offer a one week free trial to new users. The pricing of $7.99 per month is detailed on the main screen of the Hulu Plus Roku Channel. From the Roku Channel Store: Hulu Plus offers unlimited instant streaming of current hit shows, classic series and acclaimed movies.', ""There are no exact numbers to the platform's subscriber base but the company confirmed a 200 percent increase since Star Trek: Discovery became part of its program lineup. CBS All Access, however, has not officially green-lighted Star Trek: Discovery for season 2 despite the latest developments."", 'As a CBS All Access subscriber, you can: - Enjoy exclusive CBS All Access Originals, like The Good Fight, the new show from the creators of The Good Wife â\x80\x93 with more subscriber-only Originals on the way! - Choose from 8,500+ episodes, including every episode and every season of top shows.', 'Acrobat DC Pro subscription: $180 annually (which comes out to $15/month) or $25/month. Acrobat DC Standard subscription: $156 annually (which works out to $13/month) or $23/month. Acrobat DC Pro perpetual: $450 ($200 upgrade) Acrobat DC Standard perpetual: $300 ($140 upgrade) Adobe Reader and Fill & Sign are free.']",$5.99 a month.,,1.0,0.4169697175398997,0.0
hamp modification,"['Home Affordable Modification Program (HAMP) The largest program within MHA is the Home Affordable Modification Program (HAMP). HAMPâ\x80\x99s goal is to offer homeowners who are at risk of foreclosure reduced monthly mortgage payments that are affordable and sustainable over the long-term. An ability to make their monthly mortgage payments after a modification.', 'Step-By-Step. 1 1Heat the ham fat and butter together. 2 2Add the flour, salt and pepper. 3 3Stir in the ham drippings, milk and water. 4Cook the ham gravy stirring constantly until well blended, thick and 1 smooth. 5Serve ham gravy along with your favorite biscuits or potatoes.', '1 Place ham in a roasting pan, and press whole cloves into the top at 1 to 2 inch intervals. 2 Pack the top with a layer of brown sugar. 3 Pour enough water into the bottom of the roasting pan to come to a 1 inch depth. 4 Cover the pan tightly with aluminum foil or a lid.', ""1. Leaving ham's inner plastic or foil covering intact, place ham in large container and cover with hot tap water; set aside for 45 minutes. Drain and cover again with hot tap water; set aside for another 45 minutes. 2. Adjust oven rack to lowest position and heat oven to 250 degrees."", 'How to Bake a Ham. If youâ\x80\x99re starting with a fully cooked ham, bake it in a 350 degree F oven for about 10 minutes per pound. If your ham is only partially cooked, bake it for 20 minutes per pound. To help keep your ham moist and juicy, place the ham cut-side down in a baking pan and tent it with foil. Every 20 minutes or so, brush the ham with glaze and baste it with the pan juices. To finish, remove the foil tent, brush the ham with glaze and pan juices one more time, and turn the oven to broil.']",The Home Affordable Modification Program (HAMP) aims to offer homeowners at risk of foreclosure reduced monthly mortgage payments that are affordable and sustainable over the long-term.,,1.0,0.5739950348494389,0.0
how to not bloat after every meal,"['1 To avoid bloating, be aware of these sweeteners in the foods you eat and limit the amount you consume. 2 Dairy products can be a source of intestinal distress and bloating if you have trouble digesting lactose, or milk sugar. Overeating is probably the most common cause of bloating. 2 Smaller portions should ease the pain. 3 Eating rich and fatty food can make you feel uncomfortably stuffed. 4 Fat takes longer to digest than protein or carbohydrates, so it keeps the stomach full longer.', '1. Cheese. If you canâ\x80\x99t keep your hands off cheese, thereâ\x80\x99s actually a plus to this and that embarrassing belly bloat. Cheese contains whey, a type of protein thatâ\x80\x99s been linked to boosting lean body mass. So watch out 6-pack! Plus dairy is a satiating food, which means that it fills you up longer than other foods. Snack on a small bowl of cottage cheese, low fat string cheese, or Greek yogurt to prevent binge snacking.', 'Eating Fruit. You may have seen this tip on the blog before, but just in case you havenâ\x80\x99t, donâ\x80\x99t eat fruit after a meal. Fruit digests the fastest of any type of food, and when you toss it down shortly after a meal, it just sits on top of it and ferments there, creating gas, discomfort, and possibly even weight gain.', 'Here are three common causes of bloating, and how you can avoid them. 1 Overeating is probably the most common cause of bloating. 2 Eating rich and fatty food can make you feel uncomfortably stuffed. 3 Eating too fast adds to the risk of bloating after a meal.eep Bloating at Bay. Here are three common causes of bloating, and how you can avoid them. 1 Overeating is probably the most common cause of bloating. 2 Smaller portions should ease the pain. 3 Eating rich and fatty food can make you feel uncomfortably stuffed.', 'Intestinal gas, abdominal bloating and distension bothers most people occasionally. There are things you can do to reduce gas, bloating, and abdominal distension, for example, eliminating sugar, fructose, milk, and certain vegetables from your diet.']","To avoid bloating after every meal, consider the following tips: 

1. Avoid overeating by consuming smaller portions.
2. Limit the intake of rich and fatty foods, as they can make you feel uncomfortably stuffed.
3. Eat slowly to reduce the risk of bloating.
4. Avoid eating fruit immediately after a meal, as it digests faster and can ferment on top of the food, creating gas and discomfort. 

Additionally, be aware of certain foods that may cause bloating, such as dairy products if you have trouble digesting lactose.",,0.9,0.8993466257454571,0.8055555555287036
foods to eat when diarrhea,"['Commonly doctors advocate the BRAT or BRATTY diet to help relieve diarrhea. BRATTY is an acronym for bananas, rice, applesauce, toast, tea and yogurt. These foods, especially when eaten together, can help to firm bowel movements.', ""BRAT Diet. Following the BRAT diet may help settle your stomach and is particularly helpful if you've had diarrhea episodes. The diet consists of bananas, rice, applesauce and toast. These foods are gentle on the digestive system and also may help you produce firmer stools."", ""1 Instead, fat passes through your intestine, making your diarrhea worse. 2 Try avoiding butter, margarine, cream sauces and fried foods. 3 Limit fiber, if it's a problem food. 4 If you have inflammatory bowel disease, high-fiber foods, such as fresh fruits and vegetables and whole grains, may make your symptoms worse."", 'Tips for controlling diarrhea. 1 Try a low-residue diet. 2 This means more cooked foods, fewer raw fruits and vegetables, and fewer bran-based grains, cereals, and breads. 3 Try to limit the fat in your diet. 4 Add less fat to foods, and choose lower-fat versions of foods.', 'Bananas are good for soothing your stomach with so you should eat a banana. Bananas help counteract the acid that is usually associated with an upset stomach and helps with diarrhea problems as well. Crackers are also good for you to eat when you are suffering from an upset stomach. Choose crackers that are low in sodium. Do not ingest foods like chocolates, greasy food, spicy food, and caffeinated drinks as these will only aggravate the situation.']","Foods to eat when experiencing diarrhea include bananas, rice, applesauce, toast, tea, yogurt, and low-sodium crackers.",,1.0,0.95263687157431,0.0
detox bath ingredients epsom salt,"['Salt Detox Bath Instructions. Dissolve Salt, epsom salt, and baking soda in boiling water in a quart size jar and set aside. Fill tub with warm/hot water and add apple cider vinegar. Pour salt mixture in and add essential oils if using. Soak in bath for 30 minutes or as long as desired.', '1 Clean bathroom grout by mixing equal parts of Epsom salts with liquid dish detergent. 2 Apply the mixture to the grout and scrub away the grime with a brush. 3 Exfoliate your skin by massaging a handful or two of Epsom salts over wet skin. 4 It works great all over ...', 'To help cleanse feet for the prevention of foot ulcers, infections, and inflammations, try this. 1 1 cup of Dead Sea salts or Epsom salts. 2 2 drops lavender oil (Lavendula angustifolia) 3 2 drops tea tree oil (Melaleuca alternifolia) 2 drops eucalyptus oil (Eucalyptus 1 globulus) 2 drops camomile oil (Matricaria recutita)', 'What You Need. 1 1 cup food grade diatomaceous earth. 2 1/8 cup water. 3 2-3 drops essential oil (peppermint or lemon citrus, though we have found that the smell of lemon citrus lasts longer) A container to store your essential oil infused DE.', '10 Oils for Detoxing. 1. Peppermint Oil â\x80\x93 This oil smells just like candy canes or peppermint tea, and can be used topically, or in very small amounts (a drop in a smoothie or a glass of water is fine) to help detox the body. T he plant itself has been used medicinally for thousands of years, often as a wonderful cognitive supporter.']","The ingredients for a detox bath that includes Epsom salt are: Epsom salt, baking soda, apple cider vinegar, and optional essential oils.",,1.0,0.9300124637007122,0.0
how long should i wait to handle my ball python after feeding,"[""Best Answer: I recommend waiting at least 48 hours before handling your snake. If they've had a large meal I wait 72 hours.Sexing a snake at the size yours is, can be accomplished by probing. This should be done by an experienced person..either a breeder or vet.dd your answer. How long do i have to wait to handle my ball python after it eats? i fed it 2 mise fuzzys. and the snake is about 1.5 -2 feet long. and how do i tell if its a boy or girl?"", ""Best Answer: It really depends on the snake. There is always a chance with handling after feeding, that the snake could get a little stressed and regurgitate the food in order to be able to move faster. My ball python seems to be fine after 24hours after feeding, but some snakes need more.Just don't put her through anything stressful after feeding.enerally 48 hours is adequate, but if your python has had an exceptionally large meal and still has a visible lump in it's belly after 48 hours, it may be prudent to wait a bit longer."", 'At around the age of 3 1/2 to 4 weeks of age, we begin to offer mixed vegetables and small pelleted food in bowls in the aquarium along with water, while still maintaining handfeeding. When they reach approximately 6-8 weeks of age, we then offer the larger pelleted food and millet spray.', 'After 14 days, if your pet is still having watery, loose or bloody stool you should contact your veterinarian again for another fecal and further treatment. Usually, coccidia does not influence the animal to where it is weak and does not want to eat.', ""Usually you'll see results within 12 to 24 hours. The dead worms should appear in the dog's stool during that period, and may continue to appear for another day or two.It's always advisable to use the wormer once, then repeat the treatment in 2 weeks to make sure all of the worms are killed.""]","You should wait at least 48 hours before handling your ball python after feeding. If it has had a large meal, it may be prudent to wait longer.",,1.0,0.9846148199998813,0.99999999995
how long has steven gerrard been with liverpool for,"['Steven Gerrard has been with Liverpool for 11 years and he has as of October 19th, 2009 played 341 games and scored 74 goals.', 'THE KOP. The Kop at Anfield dates back to 1905-06. At the end of that season which saw Liverpool lift the second of their league championships the directors at the club decided to reward the loyalty of the fans by building a new brick and cinder banking at the Walton Breck road end of the ground.t the end of that season which saw Liverpool lift the second of their league championships the directors at the club decided to reward the loyalty of the fans by building a new brick and cinder banking at the Walton Breck road end of the ground.', 'With his last club in 2008, Teddy Sheringham was one of the oldest players of all time. His last club was for lower league side Colchester United where he turned 42 years old. This was back in 2008 but it was for another United where he achieved iconic status.', 'Answer 2: It takes way more than 10 years to reach salary full potential even though there are 10 steps. Steps 1-4 take a year, 5-7 take two years, and 8-10 take 3 yearsâ\x80¦. Answer 3: If you start in the government as a GS 5, you could apply for a GS 7 in one year.Then at the end of the next year you could apply for and land a GS 9. And the next year you could apply for and land a GS 11. Then one year later go for a GS 12.nswer 2: It takes way more than 10 years to reach salary full potential even though there are 10 steps. Steps 1-4 take a year, 5-7 take two years, and 8-10 take 3 yearsâ\x80¦. Answer 3: If you start in the government as a GS 5, you could apply for a GS 7 in one year.', ""Steven Seagal's decision to become a Russian citizen is already paying off for the actor, who has scored his biggest role in years with a telephone commercial airing in his new country. The former action star, 64, is front and center in the new campaign for Russian phone provider Megafone.""]",Steven Gerrard has been with Liverpool for 11 years.,,1.0,0.8722856883848618,0.0
how long is a dogs heat cycle,"['How long is each cycle? Heat usually lasts between 2-4 weeks. Early in the cycle, a female dog may not be receptive to male dogs, although some are receptive through the entire cycle. It can be shorter or longer and youâ\x80\x99ll know the cycle is over when all her vulva returns to its normal size and thereâ\x80\x99s no more bleeding or discharge.', 'Hi Winnie, Female Dogs go into heat at any time between 6-12 months usually. The average heat cycle for a dog is approximately 3 weeks but for some dogs it is longer and for others it is shorter. Some as short as 10 days and some as long as 4 weeks or more.', 'Best Answer: It sounds like she is well and truly in heat. Dogs can start coming into estrus (heat/season) for the first time anywhere between 4 1/2 months to 14 months. Generally the larger the dog the later the first estrus, but not always.', 'Quick Answer. Yorkshire terriers are in heat for 2 to 3 weeks, although individual dogs may vary. The beginning of the heat cycle, or estrus, is marked by a swelling of the external vulva. This is followed by vaginal discharge. Estrus has ended when the vulva returns to its normal size and the discharge stops.', 'Best Answer: a lot more then humans, the smaller animal the faster the heartbeat. if your dog is under 30 pounds a normal heat rate is 100-160 beats per minuet, above 30 pounds and the average is 60-100 beats per minuet. cats have really fast heart rates at 160-220, just is case you were wondering.']","The average heat cycle for a dog is approximately 3 weeks, but it can vary from as short as 10 days to as long as 4 weeks or more.",,1.0,0.0,0.0
difference between a spruce and a fir tree,"[""The way that I remember which grows up and which grows down is that I remember the s in spruce means that the cones spray the ground. One of the best and easiest ways to tell the difference between a true spruce and fir tree is to look at the tree's cones. When mature, the cones on a fir tree stand straight up (point towards the sky) while the mature cones on a spruce grow down towards the ground from the bottom side of the branch. The way that I remember which grows up and which grows down is that I remember the s in spruce means that the cones spray the ground."", 'The leaves of conifers are of course their needles. On true pine trees, the needles are arranged and attached to the branches in clusters of two (red pine group), three (yellow pine group), or five (white pine group) needles per cluster. Spruce and fir trees have their needles attached individually to the branches. To tell spruce and fir trees apart, it helps to know that spruce needles are sharply pointed, square and easy to roll between your fingers. Fir needles, on the other hand, are softer, flat and cannot be rolled between your fingers. Spruce needles are attached to small, stalk-like woody projections. When needles are shed, these projections remain. As a result, the branches of spruce trees feel rough.', ""Abies. Forming perfect pyramids, firs bring a bit of mountain magnificence to urban and suburban gardens. This family of long-lived evergreen trees is valued for soft needles, graceful branches, and strong fragrance.It's no wonder that fir cultivars are frequently chosen by the American Conifer Society as Conifer of the Year. Balsam, Fraser, and noble firs are popular Christmas trees.ompact blue alpine fir. Abies lasiocarpa var arizonica 'Glauca Compacta' offers silvery blue needles on a small tree that reaches 15 feet tall and 10 feet wide. Zones 5-6. Abies concolor 'Compacta' is a slow-growing selection with blue-green needles and reaches about 10 feet tall and 6 feet wide."", ""We use the term pine cone to describe any cone from any conifer, but that's not right. Evergreens come in many types: spruce, fir, pine, hemlock, cedar. They are all called conifers because they all bear cones. We should name the cones for the parent trees â\x80\x93 spruce cones, balsam fir cones and so on."", 'Add to Favorites. Every Weeping Norway Spruce has its own personality. Trained to a single leader, this versatile evergreen tree assumes a svelte, vertical habit with arms to its sides. Untrained, it develops a weird, wacky, and wonderful free-form shape, and is sure to be a conversation piece in your garden.']","The difference between a spruce and a fir tree can be identified by their cones and needles. Mature cones on a fir tree stand straight up towards the sky, while mature cones on a spruce grow down towards the ground. Additionally, spruce needles are sharply pointed, square, and easy to roll between your fingers, whereas fir needles are softer, flat, and cannot be rolled between your fingers.",,1.0,0.9318468824486773,0.0
how many units for frown lines,"['Depending on the size and strength of these muscles our physicians will determine how many units are needed. The average amount of Botox used for the Frown lines is around 20-24 Botox units for a female and about 20 to 30 units for male patients as their facial muscles are often larger, thicker and stronger.', 'A Lesson in Lines. A Lesson in Lines. There are two kinds of lines: laugh lines (the folds that run from the nose to each corner of your mouth), which are formed from years of giggling, smiling and even talking, and perioral lines (the fine grooves that appear along the upper lip) caused by pursing your lips or smoking.', 'It can also be used to ease migraines, excessive sweating and a few other conditions. When Botox is injected, it is priced two different ways: By the vial or unit ($12 per unit, $15 per vial) By the area, such as the area between the eyes, where frown lines are often treated with Botox ($450 â\x80\x94 $800 for an area)', ""15. So, it turns out we all have Blaschko's Lines, but theyâ\x80\x99re invisible under normal conditions, until they show up due to a bunch of different disorders that can cause the pigmentation on your skin to change. The lines show up as a v-shape on the back, an s-shape on the front, and weird wavy lines all over your head."", ': â\x80\x93 D expresses great happiness or a victory. 3. Frown. : â\x80\x93 (or :-c represents sadness or disappointment. The latter can also mean great sadness. 4. Wink. ; â\x80\x93) or ,-) or *-) indicates a joke or double entendre in what was said. 5. Tongue. : â\x80\x93 P or : â\x80\x93 p or :-Ã¾ or :-b is an emoticon to tease, often used as a joke. 6. Open mouth. :-O or : â\x80\x93 () stands for surprise or shock.']",The average amount of Botox used for the frown lines is around 20-24 units for a female and about 20 to 30 units for male patients.,,1.0,0.5431312496290382,0.0
determining marginal cost from total cost equation,"['Lesson Summary. Marginal cost is the increase or decrease in total production cost if output is increased by one more unit. The formula to obtain the marginal cost is change in costs/change in quantity. If the price you charge per unit is greater than the marginal cost of producing one more unit, then you should produce that unit.', 'Calculate Marginal Cost. 1 1. Add a column next to Total Cost labeled Marginal Cost.. 2 2. Write down the formula. 3 3. Take the first 2 rows of your chart. 4. Subtract the total output of the first row by the total output of the second 1 row. 5. Enter the data into your formula. 6. Simplify to solve the problem.', 'The cost function is given by: where x is the number of tables. The tables are sold for $200 each. Find. 1 1. 2 The total cost of producing 25 tables. 3 2. 4 The total revenue and total profit from selling 25 tables. 5 3. 6 The approximate cost of producing the 201st table.', ""The problem requires the multiplication of decimal fractions. We would need to multiply the total cost per kwh (0.094 + 0.005 = 0.099) by the number of kwh's used (370) and then add the facility charge (28). Since the cost per kwh is less than a whole dollar, the multiplication is the same as multiplying with fractions."", 'The goal of each cost estimation method is to estimate fixed and variable costs and to describe this estimate in the form of Y = f + v X. That is, Total mixed cost = Total fixed cost + (Unit variable cost Ã\x97 Number of units).uestion: The account analysisA method of cost analysis that requires a review of accounts by an experienced employee or group of employees to determine whether the costs in each account are fixed or variable. approach is perhaps the most common starting point for estimating fixed and variable costs.']",I cannot answer from the given context.,,0.0,0.0,0.49999999995
how close is a meter to a yard?,"['For other length unit conversions, please go to Length Conversion. Imperial length unit yard to metric meters conversion factor is 1.0936133. To find out how many yards in meters, multiply by this conversion factor or instead, use the converter below. 1 Meter = 1.0936133 Yards. Meter is a metric system base length unit and defined as the length of the path travelled by light in vacuum during a time interval of 1/299,792,458 of a second. It is spelled as metre in europe and also commonly mistaken for the device meter. It equals to 3.2808399 feet, 39.3700787 inches.', '1inch=2.5cm 1m=100cm 1m=100/2.5=40inches A meter is 40 inches 1feet=12inches 1inch=1/12 feet 1m=40inches=40/12=3.33 feet a meter is 3.33 feet. KSA Â· 9 years ago.', 'First unit: yard (yd) is used for measuring length. Second: centimeter (cm) is unit of length. The centimeters unit number 91.44 cm converts to 1 yd, one yard. It is the EQUAL length value of 1 yard but in the centimeters length unit alternative.', 'report abuse there are 1760 yards in a mile and 3 feet in a yeard 1760 3 5280 39000 5280 7 4miles to one decimal place gavmel right method but divided by the wrong number 22 miles would be in orbit phil mccracken 8 years ago', 'Since a kilometer is equal to 1000 meters, there is 0.001 kilometer in one meter. A kilometer is the unit of length used in most countries to measure substantial distances.']",A meter is approximately 1.0936133 yards.,,1.0,0.8583884456257526,0.9999999999
definition quint,"['A quintuple combination pumper or quint is a fire service apparatus that serves the dual purpose of an engine and a ladder truck. The name quint is derived from the Latin prefix quinque-, meaning five, and refers to the five functions that a quint provides: pump, water tank, fire hose, aerial device, and ground ladders.', 'Quinine is a white crystalline alkaloid having antipyretic (fever-reducing), antimalarial, analgesic (painkilling), and anti-inflammatory properties and a bitter taste.uinine is also used to treat lupus and arthritis. In the past, quinine was frequently prescribed in the US as an off-label treatment for nocturnal leg cramps, but this has become less prevalent due to a Food and Drug Administration statement warning against the practice.', 'Quercetin /Ë\x88kwÉ\x9crsÉ¨tÉ¨n/ is a flavonol found in many fruits, vegetables, leaves and grains.lthough quercetin is under basic and early-stage clinical research for a variety of disease conditions, there exists no sufficient evidence that it has any beneficial effect in the human body.', 'Definition of GEORGETTE. : a sheer crepe woven from hard-twisted yarns to produce a dull pebbly surface.ADVERTISEMENT.from Georgette, a trademark. a sheer crepe woven from hard-twisted yarns to produce a dull pebbly surface. ADVERTISEMENT. from Georgette, a trademark.', 'HEENT stands for. 1 11. similar. HEENT. 2 5. HEENT. Head, Eyes, Ears, Nose, Throat. 3 4. HEENT. Head, Ears, Eyes, Nose And Throat. 4 4. HEENT. Head Eyes Ears Nose Throat. 5 4. HEENT. Head Ears Eyes Nose Throat. 6 4. HEENT. Head, Eyes, Ears, Nose, and Throat. 7 4. HEENT. HEAD, EYES, EARS, NOSE AND THROAT. 8 3. HEENT. Head, Eye, Ear, Nose And Throat.']","A quintuple combination pumper or quint is a fire service apparatus that serves the dual purpose of an engine and a ladder truck. The name quint is derived from the Latin prefix quinque-, meaning five, and refers to the five functions that a quint provides: pump, water tank, fire hose, aerial device, and ground ladders.",,1.0,0.41304833283263814,0.0
how long does it take to cook dry beans,"['Cover with lid and heat on HIGH for 4-6 hours (soaked beans) or 6-8 hours (unsoaked beans). Older crock pots may take a bit longer, so allow plenty of time the first time you use yours! If you soaked your beans, you also have the option of cooking them on LOW for 8 hours (approximately).', 'While beans are soaking they are also double to tripling in their size. You can cook beans without soaking, but it takes longer, and some people think the beans taste better when soaked. Soak most beans in three times their volume of cold water for six hours before cooking. Dried beans are often soaked too long. Most recipes say overnight. The best way is to put them in cold water; bring them gently to a boil and then with saucepan off the heat, allow them to remain in the water for 1 to 2 hours only.', 'For a faster soak, put the beans and water in a saucepan and bring them to a boil. Allow them to boil for about 2 to 3 minutes. Remove the saucepan from the heat, cover it with a lid and let the beans soak for at least 1 hour.', 'In a large skillet heat olive oil over medium-high heat. Add beans. Cook, stirring occasionally, for 3 to 4 minutes or until heated through. Season with 1/2 teaspoon each salt and black pepper.', 'Bring a pot of salted water to boil and fill a large bowl with ice cubes and water. Add the green beans to the boiling water and cook for 3 minutes. Using a slotted spoon or tongs, strain and transfer beans to the ice water. After 1 minute, drain into a colander and serve. If you would like to store your green beans for later use, you can prepare them for freezing.']","It takes 4-6 hours for soaked beans and 6-8 hours for unsoaked beans when cooked on HIGH. If soaked, beans can also be cooked on LOW for approximately 8 hours.",,1.0,0.808395097658824,0.0
how many units of blood in the body,"['A unit of blood (500 ml) is less than a pint, and the average adult body contains 10 to 12 pints of blood. Your body makes new blood constantly, and the fluid you give will be replaced within hours. Eating a full meal within four hours before donating will help you feel strong after donating.', '1 The average adult has about 10 pints of blood in his body. Roughly 1 pint is given during a donation. 2 A healthy donor may donate red blood cells every 56 days, or double red cells every 112 days. A healthy donor may donate platelets as few as 7 days apart, but a maximum of 24 times a year.', 'How quickly is blood given? A unit (bag) of red blood cells usually takes two to three hours to give. If needed, a unit can be given more rapidly â\x80\x93 for example, to treat severe bleeding. A unit of platelets or plasma is given in 30 to 60 minutes.', 'The components of blood include red blood cells, white blood cells, platelets, and plasma. Some blood cells carry oxygen (necessary for metabolic reactions), some blood cells fight off invading substances that could destroy your cells, and other blood cells help to form clots, which keep your body from losing too much blood.', 'Blood is a specialized body fluid. It has four main components: plasma, red blood cells, white blood cells, and platelets. Blood has many different functions, including: 1 transporting oxygen and nutrients to the lungs and tissues. 2 forming blood clots to prevent excess blood loss.']",The average adult body contains 10 to 12 pints of blood.,,0.6666666666666666,0.6377299113042191,0.0
cast of rock dog,"['Rock Dog - Coming 2016 Huayi Brothers & Mandoo Pictures present, a comedy directed by Academy AwardÂ® Nominated Writer-Director of SURFâ\x80\x99S UP and Co-Director of TOY STORY 2, Ash Brannon. When a radio falls from the sky, a young Tibetan Mastiff is inspired to leave his village in the mountains and move into the big city to become a rock musician. Cast: Luke Wilson, Eddie Izzard, J.K. Simmons, Lewis Black, Kenan Thompson, Mae Whitman, Jorge Garcia, with Matt Dillon and Sam Elliott.', ""Meet the dog star who plays heroic 'Max'. A boy adopts his dead brother's military service dog. Despite some initial hiccups, the two bond and work together to figure out what caused the fallen Marine's death. Five Belgian Malinois dogs were required to shoot the canine adventure Max. But only one dog had the chops to take the lead role: a 3-year-old rebellious spirit named Carlos. Director Boaz Yakin says it was crucial to find a star pooch to headline the film (in theaters June 26)."", 'Daniel Mauger, who was high school friends with Chad, was already up in Jacksonville at the time and joined the band, forming The Dog Apollo. Kenon Seymour was the last member to join the band and was introduced through a mutual friend. â\x80\x9cWe met at Chik-fil-a and the stars kind of aligned,â\x80\x9d said Chad.', 'Charlie Day, Ice Cube, Tracy Morgan, Dean Norris, Jillian Bell. The pic is in the tone of â\x80\x9980s cult hit Three Oâ\x80\x99Clock High but a grown-up version: Day plays a mild-mannered English teacher who is put to the test when a colleague (Ice Cube) who thinks he is trying to get him fired challenges him to a fist fight after school.', 'The dogs were abandoned by their previous owners, who left the dogs in the garage when their North Carolina home was foreclosed. But Berloniâ\x80\x99s most famous trainee is a Terrier mix who plays Sandy in the legendary Broadway musical Annie and co-star of many talented child performers.']","The cast of Rock Dog includes Luke Wilson, Eddie Izzard, J.K. Simmons, Lewis Black, Kenan Thompson, Mae Whitman, Jorge Garcia, with Matt Dillon and Sam Elliott.",,1.0,0.8607970945646971,0.9999999999
how much the social security pay,"['Social Security applies a formula to your average lifetime earnings to calculate the amount of your monthly check. The average SSD payment is currently $1,165. The highest dollar amount you can receive from SSD monthly in 2015 is $2,663. SSI. The SSI program currently pays a maximum benefit of $733 a month if you are single or $1,100 a month for a couple. This is the total amount you are eligible to receive, but it will be reduced by certain other benefits or income you may receive.', 'If your wages are more than $127,200 in 2017, use this figureâ\x80\x94$127,200â\x80\x94times 6.2 percent to arrive at the amount you and your employer must each pay. Anything you earn over this threshold is Social Security taxâ\x80\x93free. What Is the Social Security Tax For? Unlike income taxes, which are paid into the general fund of the United States and can be used for any purpose, Social Security taxes are paid into special trust funds that can only be used to pay for current and future Social Security retirement benefits, as well as disability benefits and benefits for widows and widowers.', 'Usually, the employer and the employee pay the same amount for Social Security tax, but there have been exceptions. For example, the employee rate in 2011 and 2012 was 4.2 percent. Employers paid 6.2 percent. As of the time of publication, employers and employees each pay 6.2 percent.', 'If you will reach full retirement age in 2017, you may earn up to $3,740 per month without losing any of your benefits, up until the month you turn 66. But for every $3 you earn over that amount in any month, you will lose $1 in Social Security benefits.', 'For those who qualify, Social Security SSI provides a monthly payment of up to $733 to an individual, or up to $1,100 to a couple, in addition to supplements paid to residents of most states. Eligibility for SSI depends on four main factors -- disability, resources, income, and citizenship. Disability requirement.']","The average SSD payment is currently $1,165, and the highest dollar amount you can receive from SSD monthly in 2015 is $2,663. For SSI, the maximum benefit is $733 a month if you are single or $1,100 a month for a couple.",,1.0,0.5999091492851256,0.19999999998
deferred action literal definition,"['Deferred action is a more formal way of exercising prosecutorial discretion that is available to USCIS, ICE and CBP. There is no statutory basis for this form of relief, but it is well established as a matter of policy. However, the lack of statutory guidelines makes it especially susceptible to abuse.', 'A deferred sentence (not be to confused with a deferred prosecution) means that a judge has put aside the sentence for a period of time (1-2 years on average depending on the underlying offense) and at the end of the period as long as the defendant has complied with sentence requirements the charge will be dismissed.', 'Defeasance is a substitution of collateral. The borrower uses proceeds from a refinance or sale to purchase securities. The securities are pledged to the lender, who releases the real estate from the mortgage.', '1. to have in mind as something to be done or brought about; plan: We intend to leave in a month. 2. to design or mean for a particular purpose, use, or recipient: a fund intended for emergency use only.', 'The criminal action relates to a Deferred Prosecution Agreement ( the â\x80\x9c Agreement â\x80\x9d ) that General Motors Company ( â\x80\x9c GMâ\x80\x9d ) has entered into with the United States Attorney â\x80\x99s Office for the Southern District of New York , in connection with GM â\x80\x99s failure to disclose , from the spring of 2012 through February 2014 , to its U.S. regulator , the ...']",I cannot answer from the given context.,,0.0,0.0,0.0
what county is hardin ky in,"['Hardin County was established in 1792 from land given by Nelson County. Hardin was the 15th Kentucky county in order of formation. The county is named for Col. John Hardin, a Continental Army officer during the American Revolution and a brother of the Capt. William Hardin who founded Hardinsburg.', 'Premium Search: Public Records. Find Public Records in Anderson County, Kentucky. This page lists public record sources in Anderson County, Kentucky. Additional resources can be found on our Kentucky State Public Records page, on city pages, and on topic pages using the navigation above. Recommend a link for this page.', 'Breckinridge County. Career Training, Employment, and Job Readiness. Kentucky Office of Vocational Rehabilitation Toll Free: 800-372-7172. 275 E. Main Street Phone: 502-564-4440.', 'Complete aeronautical information about Hancock County Airport-Ron Lewis Field (Lewisport, KY, USA), including location, runways, taxiways, navaids, radio frequencies, FBO information, fuel prices, sunrise and sunset times, aerial photo, airport diagram.', ""If you don't have a Facebook account, you can create one to see more of this Page. Message this Page, learn about upcoming events and more. If you don't have a Facebook account, you can create one to see more of this Page. Campbell County News: News and information for Campbell County Kentucky. INVITE join the fun on Friday 3/24 for FREE. hypnotist show at Newp...ort Carnegie visit newportcarnegie.com use promo code PSS513 for 4 free tickets.""]",I cannot answer from the given context.,,1.0,-0.0,0.0
how many calories per gram are in fats,"['No matter what type of fat you consume, every gram contains 9 calories. To convert fat calories into grams of fat, just divide the calories by nine. For example, a tablespoon of olive oil has 119 calories, all of which come from fat.', 'Each gram of fat contains 9 calories. Compare this to protein or carbohydrates, which each contain 4 calories per gram, and you can see why a diet high in fat can lead to weight gain. Do remember, however, that fat is still an essential part of a healthy diet. Just try to choose healthy fats like those found in nuts, olive oil, canola oil, and avocados.', 'Since fat provides 9 calories per gram, women following a 1,600-calorie diet need 36 to 62 grams of fat, women eating 2,000 calories need 44 to 78 grams and women consuming 2,400-calorie diets need about 53 to 93 grams of fat each day.', ""So if you're on a 2,000-calorie-a-day diet, 400 to 700 calories can come from dietary fat, which translates to between 44 and 78 fat grams a day. The latest Dietary Guidelines for Americans recommends keeping saturated fat to less than 10 percent of calories a day. For a 2,000-calorie-a-day diet, that's 200 calories or about 22 grams of saturated fat. Use the Nutrition Facts label to find out how much fat is in the foods you eat. The Nutrition Facts label shows the amount of total fat, saturated fat and trans fat in one serving."", 'Monounsaturated fat, which is most abundant in foods like nuts and various plant oils (olive oil, canola oil, etc.), will most often end up comprising the majority of your total fat intake. For the most part, this is a good thing.']",Each gram of fat contains 9 calories.,,1.0,0.9114509189190093,0.9999999999
phone number for los charros in east moline illinois,"['A: The phone number for Los Charros is (309) 755-1111. Q: How big is Los Charros in East Moline, IL? A: The company has approximately 11 people at this location and generates an estimated $243,924 USD in annual revenue.', 'springfield: mo: 65807-0000 (417) 887-1983: 040912: 286582834 : educational community credit union: 1221 east grand: springfield: mo: 65804-0003 (417) 831-0534: 051512: 286582850 : foundation credit union: 1726 w. elfindale: springfield: mo: 65807-0000 (417) 895-2770: 022113: 286582876 : telcomm credit union: 2155 e. sunshine: springfield: mo: 65804-0000 (417) 886-5355: 070908: 286586254', 'Fax orders 24 hours a day (click here to print an order form) to (630) 916-7389. If you order after 12 noon, your order will not be shipped until the next business day. UPS does not pick up or deliver on weekends for overseas orders. Place your order with the complete address and choose International Shipping. you for the shipping.', 'Rogers White Pages Local Time: 01:08 AM GMT-6 Rogers Area Code: 479 Rogers Yellow Pages Popular Rogers Searches. Young; Martinez; Androes; Williams; Brothers; Jackson; Davis; Huskey; Reynolds; Thomas', 'Phone Support: 1-800-541-5555. The Telephone Service Center (TSC) is available 8 a.m. to 5 p.m., Monday through Friday, except holidays (border providers and out-of-state billers billing for in-state providers, call [916] 636-1200).']",The phone number for Los Charros is (309) 755-1111.,,1.0,0.7896312420269416,0.0
can lease renewal date be changed by landlord,"['Your landlord is not required to offer you a renewal lease if you live in an unregulated / market-rate apartment. You may only renew your lease if your landlord agrees to do so. If you want to remain, you can approach your landlord well before the expiration of your lease and ask to sign a new lease. Your landlord may: 1 offer you a renewal lease under the same terms, conditions, and rent levels; offer you a renewal lease, but change any of the terms and conditions, and/or the amount of rent;', 'Regardless, the renewal right is an important clause in any lease and it can provide unique advantages to a tenant in certain situations, whether it is exercised or not. Some details to be focused on are pointed out by my friend and associate Gregg Pasternak below:', 'Tenant Rights and Responsibilities When Signing a Lease in Arizona. A lease obligates both you and your landlord for a set period of time, usually a year. Under a typical lease, a landlord canâ\x80\x99t raise the rent or change other terms, until the lease runs out (unless the lease itself provides for a change, such as a rent increase mid-lease).', 'A. To modify the DHCP lease duration from the normal 8 days perform the following: 1 Start the DHCP MMC snap-in (Start-Programs-Administrative Tools-DHCP). 2 Expand the server. 3 Right click the scope whose lease time you wish to change and select Properties. 4 Select the General tab.', 'Violation of Lease or Rental Agreement. For lease or rental agreement violations, the landlord must give the tenant 15 days to move out (for lease terms of one year or less) or 30 days (for leases of one year or more). How to Calculate the Date of the Deadline.']",I cannot answer from the given context.,,0.0,0.0,0.0
what are strengths in writing,"['A strength in writing is a good vocabulary. Also people should be articulate when writing. Some weaknesses are bad spelling, incorrect grammar, abrupt end and being too wordy. A strength in writing is a good vocabulary. Also people should be articulate when writing. Some weaknesses are bad spelling, incorrect grammar, abrupt end and being too wordy.', 'That sent me back for a peek at my list of Five Writing Strengths, to see if I would change or add anythingâ\x80\x94to see if I can still draw from these strengths to continually improve and move toward mastery. Five Writing Strengths: 1. The ability to sit still for long stretches of time. Not everyone can do this, you know. Some people get antsy, restless. After a few minutes of sitting still, they fidget and have to get up and make hot chocolate or call a friend. Writers need to be able to sit still for hours in order to get their work done.', 'This article looks at creative writing and answers a number of questions about the benefits of incorporating a focus on creative writing in the classroom and how to set up activities successfully.', 'LMK, IDK: Texting is writing, researcher says. EAST LANSING, Mich. â\x80\x94 The days of traditional college writing instruction are nearly over, contends a Michigan State University researcher who found that college students now rank texting as the No. 1 form of writing and cell phones as a top writing platform.', 'A lack of sufficient marketing dollars may also qualify as a weakness for the marketing managerâ\x80\x99s company. Other examples of strengths that may appear in a marketing SWOT analysis include notable brand name recognition and a proven, loyal customer base.']",Strengths in writing include a good vocabulary and being articulate.,,1.0,0.907701206121566,0.0
what are dartrix evolutions,"['Dartrix is a Grass/Flying type PokÃ©mon introduced in Generation 7. It is known as the Blade Quill PokÃ©mon. Dartrix is extremely sensitive to other presences in the area and can detect opponents behind it and throw feathers to strike them without even seeing them. This PokÃ©mon conceals sharp-bladed feathers inside its wings, showing astounding precision as it sends them flying in attack. Share this page:', ""Pokemon X and Y's only evolution that comes from a previously released Pokemon is Sylveon, the newest Eeveelution."", 'Mutation is essential to evolution. They introduce new traits in a population,change allele frequencies and include changes in the DNA sequences.', 'Eevee, also known as the Evolution PokÃ©mon, can be evolved into seven different types--Water , Electric , Fire , Ice , Grass , Dark , and Psychic --through evolution stones, happiness at certain times of day, or Moss or Ice rocks.', 'Because the malaria species Plasmodium vivax normally uses DARC to enter red blood cells, people who carry this mutation are resistant to one strain of malaria. This particular strain of malaria is not a major killer in Africa today, but was likely more threatening in the past. Biologists reason that the DARC mutant arose in Africa through random mutation and began to spread through the process of natural selection.']",I cannot answer from the given context.,,0.0,-0.0,0.0
minecraft how to make a powered rail,"['Add Items to make Powered Rails. In the crafting menu, you should see a crafting area that is made up of a 3x3 crafting grid. To make powered rails, place 6 gold ingots, 1 stick, and 1 redstone (also called redstone dust) in the 3x3 crafting grid. When making powered rails, it is important that the gold ingots, the stick, and the redstone are placed in the exact pattern as the image below.', 'Repeat steps 9-10 for the top rail. Lay the bottom rail, with the routed holes upward, onto a 1/4 wood spacer located between the posts (Figure 10). This provides the rail spacing between the rail and stair treads and helps to stabilize the setup.', 'Bending Tool #1 Using a sheet metal brake to bend brass will ensure that long straight pieces are bent to the same angle along the entire length of the bend. The brake shown was purchased at a train show for $30. The drawback of a brake is that you must bend the whole piece to the same angle at the same time.', 'Two, it can be placed next to a normal chest. 1 1. Obtain a single normal chest. 2 2. Make a tripwire hook. These are made by, in a crafting table, putting 1 plank on top of a stick, on top of an iron ingot. 3 3. Combine the hook and the chest in the crafting table. This is a shapeless recipe.', 'At a measured distance of 100 yards, set up a 4 foot tall target with the aim point near the bottom. Using a level, draw a vertical line extending from the aim point to the top of the target. Fire a 5 shot group at the aim point with your 100 yard zero. Adjust the scope up 10 MOA and fire another 5 shot group. Adjust the scope up 10 more MOA and fire another 5 shot group.']","To make powered rails, place 6 gold ingots, 1 stick, and 1 redstone in the 3x3 crafting grid. It is important that these items are placed in the exact pattern as specified.",,1.0,0.7972525491590965,0.0
what county is warminster in,"['Welcome to Warminster Township! Situated in the southern portion of Bucks County, less than four miles from Philadelphiaâ\x80\x99s city limits, Warminster is a convenient, friendly suburb with moderately-priced homes. Plus, Warminster is fully served by SEPTA, making it a great place for Center City commuters!', 'Related Libraries. 1 Other members of Bucks County Library Network. 2 Libraries located in Warminster (Pennsylvania) 3 Libraries located in Bucks county (Pennsylvania) 4 View map of libraries in Bucks County. 5 all Public libs in Pennsylvania. 6 United States. 7 Automation systems in Pennsylvania.', 'Hot Springs County, Wyoming. Hot Springs County is a county located in the U.S. state of Wyoming. As of the 2010 census, the population was 4,812, making it the second-least populous county in Wyoming. Its county seat is Thermopolis. The county is named for the hot springs located in Hot Springs State Park.', 'Kidder County District Main Office Kidder County -Steele School High School Elementary School Baseball field Mark Abbott Athletic Field Gymnasium Kidder County â\x80\x93 Tappen School. read more. Updates on make up days for Kidder County Schools: There will be school on April 17th (Easter Monday). Music Tour April 19-23. Baseball and Track Seasons have begun! Good luck to coaches and players! Schedule changes and updates are on rscheduler (Activities Schedule).', ""Washington County is a county in the U.S. state of Idaho. As of the 2010 census, the population was 10,198. The county seat and largest city is Weiser, with over half of the county's population. The county was established in 1879 when Idaho was a territory and named after U.S. president George Washington. Washington County is home to the Idaho ground squirrel.""]",Warminster is in Bucks County.,,1.0,0.6923579756263881,0.0
negative pressure definition,"['All others = intake. Positive pressure means more air pressure from the intake fans than the exhaust fans. Negative pressure means more air pressure from the exhaust fans than the intake fans.', 'Increasing the pressure on an incompressible fluid produces zero volume (or density) change. That is, the the partial derivative of volume (V) by pressure (p) is zero. This is a property of the fluid (not the flow) and is applicable for hydrostatics (zero velocity) as well as hydrodynamics (fluid motion).', 'Pressure Ulcer Deï¬\x81nition Localized injury to the skin and /orunderlying tissue usually over a bonyprominence, as a result of pressure, orpressure in combination with shearand/or friction.', 'Now, we can use the same signs to compare positive and negative numbers. Positive numbers will always be greater than negative numbers. Thus, if you had a problem that looked like this: -5 ___ 3.', ""Best Answer: Gas exerts pressure by exerting a force on the walls of the container. Pressure is average force per unit area. The pressure of a gas is the average force exerted by all the gas molecules on a given area of the wall of the container. It's a dumb way to state the question (not the poster but the test giver).""]",I cannot answer from the given context.,,0.0,0.0,0.9999999999
vvi airport code,"['Travelerâ\x80\x99s Guide to Viru Viru International Airport. Viru Viru International Airport (VVI) is a major airport in Bolivia considered the gateway for international flights. Situated in Santa Cruz de la Sierra in Bolivia, Viru Viru International Airport acts as the main hub for AeroSur and Boliviana de Aviacion.', ""In general there is no set system for airport codes, that's why you have DCA for Reagan National, LAX for Los Angeles, and even weirder ones."", ""Source: SABSA, Airport Statistics. Viru Viru International Airport (IATA: VVI, ICAO: SLVR) in Santa Cruz de la Sierra, Bolivia is Bolivia's largest international airport. Viru Viru handles domestic, regional, and international flights from Bolivia, North America, South America and Europe and is the hub for Bolivia's biggest airline Boliviana de AviaciÃ³n. The airport is able to handle aircraft up to the Boeing 747-400."", '1 Arbore language, an East Cushitic language (ISO 639-3 language code ARV) 2 Average rectified value, in mathematics and electrical engineering, the average of an absolute value. 3 HIV, also known as the AIDS-associated retrovirus. Lakeland Airport in Minocqua and Woodruff, Wisconsin (IATA airport code ARV)', 'Find every airport code in the world. Browse by NAME ICAO IATA. You are viewing airport IATA codes beginning with S:']",VVI,,1.0,0.5553605781988448,0.0
types of metal plating,"['It is also a popular plating metal for electronics components such as printed-circuit boards. High-plating efficiency and low material cost make copper one of the less expensive metals to plate with. There are three types of copper plating processesâ\x80\x94alkaline, mildly alkaline and acid.', 'Rhodium Plating. Rhodium is a type of platinum that provides tarnish resistance, scratch-resistance and a shiny, white lustrous appearance. Rhodium plating is also common in jewelry production, especially in situations where white gold requires plating. Silver, platinum and copper are also popular base metals for rhodium plating.', ""They have to offer the utmost in. productivity, product quality and. eco-friendly operation â\x80\x93 today's. electrolytic tinning and chromi-. um plating lines. These two methods of surface. treatment preserve and ensure. a longer service life of."", 'In printing, type metal (sometimes called hot metal) refers to the metal alloys used in traditional typefounding and hot metal typesetting. Lead is the main constituent of these alloys.', 'Brass is a metal that consists of both copper and zinc. Bronze is a metal that consists of copper and tin. Bronze is the most popular metal for cast metal sculptures or bronze sculptures. Common bronze alloys often have the unusual and very desirable property of expanding slightly just before they set, thus filling the finest details of a mold.']","The types of metal plating mentioned in the context are copper plating processes, which include alkaline, mildly alkaline, and acid plating. Additionally, rhodium plating is mentioned, which is used for jewelry and involves metals like silver, platinum, and copper.",,1.0,0.9334803498207974,0.0
can a landlord charge more for a another person,"['The landlord has 5 days to process the application. If you are under rent control, this is an illegal rent increase under Section 6.13 of the Rent Board Rules and Regulations. A landlord cannot charge more rent for an additional roommate. You can file at the Rent Board for an illegal rent increase.', ""That 25% limit is a decent rule of thumb for anyone budgeting for rent; expect another 3% to 4% to go to utility costs. Any more and you risk running under the rest of the month, considering you've still got your car payment, food, student loans and credit card bills to address.ee-free listings usually mean you don't have to pay a broker's fee on top of rent. In New York City, this fee can be as high as 15% of your annual rent."", 'For example, if you put down a $500 security deposit and caused carpet damage that led to $600 in replacement costs, the landlord can send you a bill for the remaining $100. However, you retain the right to protest the charges and take your landlord to small claims court to recover your funds.', ""The Right to Rent. There is a common and widespread misconception about a property owner's ability to rent the owner's property. All too often, that ability is considered a mere privilege, similar to the privilege of an owner to use the community pool or clubhouse, or to park a specific number of cars in a driveway."", 'Where a tenant rents any part of an apartment in a multiple dwelling to more than two boarders, roomers or lodgers, such rental shall constitute a use of the apartment for single room occupancy and such rental in an apartment of a converted dwelling shall constitute an unlawful use as a rooming unit.']","No, a landlord cannot charge more rent for an additional roommate.",,1.0,0.8465598818362573,0.9999999999
mean and median definition,"['Median which is the middle number of a group of numbers; that is, half the numbers have values that are greater than the median, and half the numbers have values that are less than the median. For example, the median of 2, 3, 3, 5, 7, and 10 is 4. Mode which is the most frequently occurring number in a group of numbers.For example, the mode of 2, 3, 3, 5, 7, and 10 is 3, because 3 occurs twice.or example, the median of 2, 3, 3, 5, 7, and 10 is 4. Mode which is the most frequently occurring number in a group of numbers. For example, the mode of 2, 3, 3, 5, 7, and 10 is 3, because 3 occurs twice.', 'mean/ median/ average. Wordsmiths sometimes dislike numbers, or at least have a hard time grasping them. These words offer us an opportunity to better understand numbers and use their terms more precisely in writing and speaking. The mean, sometimes called the arithmetic mean, of this set is 33. The mean is the sum of all the numbers in the set (167) divided by the amount of numbers in the set (5). The median is the middle point of a number set, in which half the numbers are above the median and half are below. In our set above, the median is 30.', 'Median income is the amount which divides the income distribution into two equal groups, half having income above that amount, and half having income below that amount. Mean income (average) is the amount obtained by dividing the total aggregate income of a group by the number of units in that group.ousehold income as an economic measure can be represented as a median, a mean, a distribution, and other ways. Household income can be studied across time, region, education level, race/ethnicity, and many other dimensions.', 'Median. In a median measurement, the data are arranged from lowest to highest: 60, 80, 85, 90 and 100. The middle number in this set is the median. In this example, the median is 85, the third, and middle, number of the set. This varies slightly from the mean of 83. A teacher may wish to look at a median score, as it tends to rule out an unusually low score, like 60, that would lower the average.', 'The number that appears the most often within a set of numbers. median. The middle number in a group of ordered numbers. mean. The average of a group of numbers. range. The difference between the highest (maximum) and lowest (minimum) within a set of numbers. maximum. The largest number in a set of data.']","Mean is the sum of all the numbers in a set divided by the amount of numbers in that set. Median is the middle number of a group of numbers, where half the numbers have values greater than the median and half have values less than the median.",,1.0,0.8974753009728443,0.49999999995
implantation bleeding how far along,"['Implantation bleeding. Some women have a small amount of vaginal bleeding called implantation bleeding, around 11 or 12 days after conception, close to the time you might notice a missed period. The bleeding may be caused by the fertilized egg burrowing into the blood-rich lining of the uterus.f you search for implantation bleeding you will come across sites that doubt if it ever occurs, but the fact is that some women, about 1%-2%, has a bleeding about four weeks after the last menstrual period with a pregnancy duration four weeks longer than expected.', 'Implantation bleeding is fairly common with pregnancy. Twenty to thirty percent of women will have spotting during early pregnancy. If you have some light spotting before your period would normally start this is not something to worry about and may be a sign of pregnancy.', 'â\x80\x9cImplantation bleeding,â\x80\x9d as it is called, may occur 10 to 14 days after fertilization and is normal and temporary. The attachment of the fertilized egg to the uterine lining is believed to cause the bleeding.', 'Implantation of the blastocyst usually happens between 7 and 10 days after ovulation, or 21 to 25 days after the first day of your *last menstrual cycle* (LMP). The blastocyst cells continue to divide, and start to separate into two groups: one to form the baby and one to form the placenta to nourish the baby.', 'Typically, one to three days, and bleeding should be very light. If your spotting lasts more than a few days and is heavier than light spotting, see your doctor right away to check for other issues. Spotting before ovulation can be normal, especially if you have a hormonal imbalance.']","Implantation bleeding may occur around 10 to 14 days after fertilization, which is typically about 4 weeks after the last menstrual period.",,1.0,0.7214540094533431,0.9999999999
the definition of sustainability is,"['Achieving sustainability will enable the Earth to continue supporting human life. In ecology, sustainability (from sustain and ability) is the property of biological systems to remain diverse and productive indefinitely. Long-lived and healthy wetlands and forests are examples of sustainable biological systems. In more general terms, sustainability is the endurance of systems and processes.', ""Economic factors are critical to any business. And many businesses now see the financial impact from environmental and social issues. Businesses are being strategic in finding the right balance of investment and benefits across the 'people, planet and profit' aspects of sustainability."", 'Few businesses or organizations can truly call themselves 100% sustainable. Many, however, are well on their way to sustainability as a result of incorporating the following ideals into their business operations. These are the businesses that The Evergreen Group wants to work with to help them sell, value and grow.', 'Unless, and this is a crucial point: unless the â\x80\x98possibility spaceâ\x80\x99 of the discursive repertoire of sustainable banking is so limited that it does not seem appropriate/ legitimate to express more radical undertakings (Baden & Harwood 2012).', 'The Future of Energy and Sustainability Management. Ecova makes businesses and utilities more successful through global energy and sustainability management. We blend data and technology, with people and insight, to drive powerful results.']",the property of biological systems to remain diverse and productive indefinitely.,,1.0,0.7749893423898314,0.0
what is hand dancing,"['Hand dancing. Not to be confused with Hand jive. Hand dancing, also known as D.C. hand dancing or D.C. swing, is a form of swing dance that can be traced as far back as the 1920s, from Lindy Hop, to Jitterbug and to the 50s when Washington, D.C. developed its own version and named it Hand Dance.', ""A man and woman grinding. Grinding, also known as juking, freak dancing or freaking (in the Caribbean, wining) is a type of close partner dance where two or more dancers rub or bump their bodies against each other, this is generally with a female dancer rubbing her buttocks against a male dancer's crotch area."", 'Shaking hands: Introduction. Shaking hands: A condition which is characterized by shaking of the hands. See detailed information below for a list of 0 causes of Shaking hands, including diseases and drug side effect causes. Â» Review Causes of Shaking hands: Causes. Home Diagnostic Testing and Shaking hands.', '4. Step in place with your left foot. As youâ\x80\x99re doing the dance, be enthusiastic and smile flirtatiously. 5. Bring your right foot forward to neutral. Lift your heel and step forward on your toes to the neutral position. 1 Pause for a beat to switch your weight from left to right.', ""The Juba dance or hambone, originally known as Pattin' Juba (Giouba, Haiti: Djouba), is an American style of dance that involves stomping as well as slapping and patting the arms, legs, chest, and cheeks.Pattin' Juba would be used to keep time for other dances during a walkaround.he Juba dance or hambone, originally known as Pattin' Juba (Giouba, Haiti: Djouba), is an American style of dance that involves stomping as well as slapping and patting the arms, legs, chest, and cheeks.""]","Hand dancing, also known as D.C. hand dancing or D.C. swing, is a form of swing dance that can be traced as far back as the 1920s, evolving from Lindy Hop and Jitterbug, and developed its own version in Washington, D.C. in the 1950s.",,1.0,0.8624226158975355,0.0
is china a reserve currency,"['China is on its way to becoming a reserve currency not because of weakness in the US dollar but precisely because the US dollar is going to get stronger and become less readily available. Countries are going to need to be able to trade in something besides dollars.', ""China's currency's official name is the renminbi (RMB). In Chinese, this means people's currency. More commonly, the renminbi is referred to as the yuan. 100 yuan is the largest bank note available in China.This is currently worth around US$13. Just as many countries have dollars and cents, and the UK has pounds and pence, China has a smaller unit of currency than the yuan.One yuan is worth ten jiao.Unlike most other counties, the jiao can also be subdivided.00 yuan is the largest bank note available in China. This is currently worth around US$13. Just as many countries have dollars and cents, and the UK has pounds and pence, China has a smaller unit of currency than the yuan. One yuan is worth ten jiao. Unlike most other counties, the jiao can also be subdivided."", 'The Chinese Yuan Renminbi is the currency of China. Our currency rankings show that the most popular China Yuan Renminbi exchange rate is the USD to CNY rate. The currency code for Yuan Renminbi is CNY, and the currency symbol is Â¥.', 'China used to be cheap. According to figures the World Bank uses to calculate Purchasing Power Parity (PPP), in 2003, a dollarâ\x80\x99s worth of currency bought nearly five times as much in China as it did the U.S. A bag of groceries, or a hairdo, or a hotel room that would have cost $50 in the U.S. cost only RMB 90, or roughly $11, in China.', 'Yet, while a weaker dollar is seen helping American exporters to compete abroad, it may undermine the greenbackâ\x80\x99s status as the worldâ\x80\x99s top reserve currency and fan concerns about a protectionist trade agenda espoused by U.S. President Donald Trump, who is set to speak in Davos on Friday.']",I cannot answer from the given context.,,0.0,0.0,0.0
is aep regulated,"[""AEP's regulated business investment strategy supports dividend growth consistent with earnings and within the targeted 60 to 70 percent payout ratio. In October, the company increased its dividend by 5.4 percent on a quarterly basis from 56 cents per share to 59 cents per share."", 'Electronic Data Processing (EDP) insurance is designed to cover the unique risks associated with computer exposures and typically include three core areas of coverage;: 1 Equipment (Personal computers, servers, terminals, monitors, laptops and other hardware).', 'CLP Regulation No 1272/2008 is the European Regulation on Classification, Labelling and Packaging of chemical substances and mixtures. CLP Regulation No 1272/2008 is the European Regulation on C lassification, L abelling and P ackaging of chemical substances and mixtures.', 'What is the Medical Device Single Audit Program? The Medical Device Single Audit Program (MDSAP) is a program that allows the conduct of a single regulatory audit of a medical device manufacturerâ\x80\x99s quality management system that satisfies the requirements of multiple regulatory', 'Electronic Payment Network. Electronic Payments Network (â\x80\x9cEPNâ\x80\x9d) is an electronic payment system providing automated clearing house (â\x80\x9cACHâ\x80\x9d) services that is owned and operated by The Clearing House. The ACH system facilitates exchanges of batched debit and credit payments among business, consumer and government accounts.']","Yes, AEP is regulated.",,1.0,0.9859166044760133,0.0
translation definition geometry,"['A translation moves every point of a figure or a space by the same amount in a given direction. A reflection against an axis followed by a reflection against a second axis parallel to the first one results in a total motion which is a translation. In Euclidean geometry, a translation is a function that moves every point a constant distance in a specified direction. (Also in Euclidean geometry a transformation is a one to one correspondence between two sets of points or a mapping from one plane to another.', '1 (mathematics) Of or pertaining to a transformation that maps parallel lines to parallel lines and finite points to finite points. ( 2 comparable, chemistry) Having mutual affinity, of two materials. affine geometry.', 'In short, a transformation is a copy of a geometric figure, where the copy holds certain properties. Think of when you copy/paste a picture on your computer. The original figure is called the pre-image; the new (copied) picture is called the image of the transformation.', 'Translation is the process by which a protein is synthesized from the information contained in a molecule of messenger RNA (mRNA).', 'First, entertain a discussion about translations, reflections, and rotations with the class. You have a couple of options of how to do this: Explain to the students how to do the assignment.']",A translation in geometry is a function that moves every point of a figure or a space by the same amount in a given direction.,,1.0,0.9259036817549452,0.0
what county is lewisburg,"['Lewisburg is a borough in Union County, Pennsylvania, United States, 30 miles (48 km) south by southeast of Williamsport and 60 miles (97 km) north of Harrisburg. In the past, it was the commercial center for a fertile grain and general farming region. The population was 5,620 at the 2000 census.', 'Lawrenceburg is a city in Dearborn County, Indiana, United States. The population was 5,042 at the 2010 census. The city is the county seat of Dearborn County. Lawrenceburg is located in southeast Indiana, on the Ohio River west of Cincinnati. Lawrenceburg is located at 39Â°5â\x80²46â\x80³N 84Â°51â\x80²28â\x80³W / 39.09611Â°N 84.85778Â°W / 39.09611; -84.85778 (39.096015, -84.857783).', 'Sponsored Topics. Lewisberry is a borough in York County, Pennsylvania, United States. The population was 385 at the 2000 census. Lewisberry is located at 40Â°8â\x80²7â\x80³N 76Â°51â\x80²38â\x80³W / 40.13528Â°N 76.86056Â°W / 40.13528; -76.86056 (40.135300, -76.860504). According to the United States Census Bureau, the borough has a total area of 0.1 square miles (0.3 kmÂ²), all of it land.', 'The southern part of the City of Parkersburg, South Parkersburg was a separate city until it became part of Parkersburg in 1950. Suburban parts of southern Wood County include Blennerhassett, Lubeck, and Washington to the southwest, with Mineral Wells located to the southeast.', 'In 2006 the population was 13,741 with an average of 29.1 people per square mile as compared to the Kentucky average of 101.7 people per square mile. There are two Industrial Parks. The Lewis County Industrial Park, near the Ohio River east of Vanceburg, has 118 acres, and is 30 minutes from I-64. The Tollesboro Industrial Park has 57 acres and sits on the AA Highway just west of KY 57.']","Lewisburg is in Union County, Pennsylvania.",,1.0,0.6893755008426415,0.0
how many humans have tigers killed?,"['There are approximately 85 or fewer people killed and injured by tigers each year. These deaths and injuries are not all deliberate; many are accidental. The incidents involving death or injuries are...', 'BHORAMDEO, Indiaâ\x80\x94. Rajesh was only 10 years old when he killed his first tiger, and 20 years later, he still remembers it vividly. He was frightened. The tiger, a paw caught in a foot trap, was furious. The boyâ\x80\x99s father said there wasnâ\x80\x99t much time.', 'About tigers. The tiger is the biggest, the most iconic, and one of the most endangered of all cats. Three of the nine known tiger subspecies are extinct, and a fourth â\x80\x93 the South China tiger â\x80\x93 hasnâ\x80\x99t been seen in the wild since the 1970s.oaching and habitat destruction are persistent threats, and as few as 3,200 tigers remain in the wild today. Sadly, there are more tigers in captivity in the US than are left in the wild. The tiger is officially classed as endangered by the IUCN.', 'Notable Species: Mandarin ducks, orangutans, Sumatran tigers, hyenas, olive baboons, sable antelopes, elks, bison, moose, grizzly bears, lynx, emus, black cockatoos, camels and alpacas.', 'In the wild, in fact, this is the only place in the world in which this subspecies can be found. This is physically the smallest of all of the tiger subspecies. Its scientific name is Panthera tigris sumatrae, and there are fewer than 300 specimens left in existence in the wild today.']",There are approximately 85 or fewer people killed and injured by tigers each year.,,1.0,0.8576048413596041,0.9999999999
"what county is corinth, maine in","['Corinth, ME Other Information. Located in PENOBSCOT County, Maine; Corinth, ME is also known as: EAST CORINTH, ME', 'Whether youâ\x80\x99re looking for some family fun, a romantic getaway, exciting events, beautiful wineries, some of the best hunting & fishing in the state, a unique meeting or event location, or a group tour destination, youâ\x80\x99ve come to the right place. Coshocton County is also known for its affordability, which means MORE FUN for you and your family!', 'Jones; Denton County. Police Department Jail. Corinth TX Police Jail is a police jail for housing inmates immediately after their arrest. Inmates are only held here temporarily and are provided with meals and access to bathroom facilities. Use the inmate search feature to find an inmate here.', 'Job and Family Services Profile. Coshocton County. *Federal Poverty Level as issued by the U.S. Department of Health and Human Services, and published in the Federal Register. County. State. Vital Statistics. 158. State.', 'Denison County Clerk. About Search Results. About Search Results. YP - The Real Yellow PagesSM - helps you find the right local businesses to meet your specific needs. Search results are sorted by a combination of factors to give you a set of choices in response to your search criteria.']","Corinth, Maine is in Penobscot County.",,1.0,0.9777673076480345,0.0
how many kids does jack osbourne have,"['The singerâ\x80\x99s former doctor, Arnold Klein, has claimed to be the biological father of Jackoâ\x80\x99s two oldest children. â\x80\x9cThere was a whole lot that Michael Jackson or his family wasnâ\x80\x99t and isnâ\x80\x99t being forthcoming about,â\x80\x9d an AEG source said. â\x80\x9cThe drug use by Jackson, his use of alcohol, his relationship with his own family, and the identities of the childrenâ\x80\x99s parents.â\x80\x9d.', ""Jack Nicholson talks about fatherhood and 'divided parenthood'. Academy award winner Jack Nicholson, 70, spoke at length for a feature story in the March/April issue of AARP Magazine. Jack spent some time talking about the two youngest of his five children, Lorraine, 17, and Raymond Nicholson, 16. He discusses everything from Rayâ\x80\x99s driven personality to taking the children to the ballet."", ""Victoria Beckham: My life with David Beckham, four kids is 'much more normal than people think'. Victoria Beckham, seen here at the Glamour Women of the Year Awards earlier this year 2013, now tells Australian Vogue that sheâ\x80\x99s too tired from raising kids to have rock star life."", ""Jack Osbourne wants to teach you about multiple sclerosis. Jack Osbourne found out he had multiple sclerosis just three weeks after having his daughter. You Don't Know Jack About MS. The youngest child of Ozzy Osbourne is all grown up, and he's a man on a mission. Producer/director Jack Osbourne learned in 2012 that he had multiple sclerosis, and soon after, the TV personality decided to turn his diagnosis into an informational campaign for other MS patients and their families. Its name? You Don't Know Jack About MS. The former Osbournes star admits that he certainly didn't know jack about the disease when he was first diagnosed, and now he wants to make it easier for patients to learn about MS through a fun, personal video series and website. Osbourne talked to CBS News about his campaign."", 'It has been well known that Nicky Jam has been married and is the father of four children. But the actual details about whom his wife is and her name is a hidden deal. His children too are not much known about. It was known that his daughter sang his song once and was known for it.']",I cannot answer from the given context.,,1.0,0.0,0.0
how many lieutenant colonels in us army,"['How many Colonels and Lieutenant Colonels are there in the US Army? There are thousands of US Army Colonels and Lt. Colonels. Between the two, on active duty alone, there are probably close to 10,000. There could be up to 50 at one base dependâ\x80¦ing on the size of the base. There are nearly 50 Major Generals in the Army (3-star), which are close to .5% of officers, or .0007% of the Army. Full Colonels make up about 5% of the active duty Army officers (1% of total Army soldiers). Lt. Colonels make up about 13% of the active duty Army officers (3% of total Army soldiers). In addition, as a full Colonel, you are forced to retire at 30 years of commissioned service. My father, started as a Private, went to OCS, became commissioned as a 2LT and made it to Colonel within the normal 22 years of being commissioned.', 'The U.S. Army has 315 General Officers. Generals (O-7 to O-10) comprise 0.06% of the Army. There is 1 General for every 1600 Soldiers. The number of Generals is limited by US Code. See 10 U.S. Code Â§ 526 - Authorized strength: general and flag officers on active duty. The Army is authorized a total of 231 Generals.', 'A Lieutenant Colonel may also serve as an Executive Officer or Staff Officer in a variety of high-level units or command posts. It will generally take an officer 16 to 22 years to rise to the rank of Lieutenant Colonel. As a result, many career officers who are eligible to retire after 20 years of active service retire with the rank of Lieutenant Colonel.', 'Be patient and aware of the promotional flow of the army system. Typically it takes 18 months to reach lieutenant, four years for captain, 10 years for major status, 16 for lieutenant colonel and approximately 20 to 22 years for colonel.', 'As of September 18, 1862, when lieutenant generals were authorized, the Confederate Army had four grades of general officers; they were (in order of increasing rank) brigadier general, major general, lieutenant general, and general.']",I cannot answer from the given context.,,0.0,-0.0,0.0
how many medical schools in south korea,"['Currently, there are 41 medical schools in South Korea. Medical programs in South Korea used to be direct-entry programs such as in the UK, taking six years to complete. However, most universities were going through a transition from direct-entry to a 4+4 year system, such as those found in the United States and Canada.', 'and the leader in the first time scores on the. . In its 35 years of academic achievement, St. Georgeâ\x80\x99s University School of Medicine has graduated over 12,000 physicians to the global health care system.', 'A Medical school in the United States is a four-year graduate institution with the purpose of educating physicians in the field of medicine. Such schools provide a major part of the medical education in the United States. Graduates receive either a Doctor of Medicine (M.D.) or a Doctor of Osteopathic Medicine (D.O.) degree. Admissions to medical school in the United States is generally considered competitive.', 'The number of doctor consultations per person per year ranges from 13 in Japan and Korea, and over 11 in the Czech Republic, Hungary and the Slovak Republic, to less than 3 in Chile, Mexico and Sweden (Figure 4.1.1).The OECD average is 6.5 consultations per person per year.he number of doctor consultations per person per year ranges from 13 in Japan and Korea, and over 11 in the Czech Republic, Hungary and the Slovak Republic, to less than 3 in Chile, Mexico and Sweden (Figure 4.1.1).', ""Answers. Best Answer: If you want to get a translator license and work in Korea, please visit http://www.hufs.ac.kr/ Hankuk university of foreign studies offers the best program in Korea. I believe this is the only program that's been officially approved in Korea.nswers. Best Answer: If you want to get a translator license and work in Korea, please visit http://www.hufs.ac.kr/ Hankuk university of foreign studies offers the best program in Korea. I believe this is the only program that's been officially approved in Korea.""]",There are 41 medical schools in South Korea.,,1.0,0.9277252620973137,0.0
what are examples of isokinetic movement,"['Isometric contraction. is the tension generated is not enough to exceed the resistance of the object to be moved, and the muscle does not change its length. holding the book steady infron of you.', 'An example of a simple joint is the hip or the ankle (talotibial), of a compound joint is the wrist, and of a complex joint is the knee. Close-Packed vs Loose-Packed Positions. As movement occurs through a range of motion, the actual contact area varies between the articulating surfaces.he Hinge Joint. The hinge (ginglymus) joint allows movement in one plane (flexion, extension) and is termed uniaxial. Examples of the hunge joint in the body are the interphalangeal joints of the phalanges in the foot and hand, and the ulnohumeral articulation at the elbow.', 'Some examples of these types of involuntary movements include: 1 Grimacing. 2 Tongue movements. 3 Lip smacking. Lip 1 puckering. Pursing of the lips. Excessive eye blinking.', 'pertaining to an exercise providing variable resistance to a movement at a constant speed, usu. with the assistance of specialized equipment. Examples. In isokinetic exercise, the maximum force of which the muscle is capable throughout the range of motion may be applied. Word Origin and History for isokinetic.', 'Rotational motion may occur at other joints, for example the shoulder, and are described as internal or external. Other terms, such as elevation and depression, refer to movement above or below the horizontal plane.Many anatomical terms derive from Latin terms with the same meaning.he direction of terms are opposite to those in the foot because of embryological rotation of the limbs in opposite directions. Palmarflexion refers to decreasing the angle between the palm and the anterior forearm. Dorsiflexion refers to extension at the wrist joint.']",I cannot answer from the given context.,,0.0,0.0,0.0
what is hominid,"['Nouns denoting animals. Hypernyms (hominid is a kind of...): primate (any placental mammal of the order Primates; has good eyesight and flexible hands and feet) Hyponyms (each of the following is a kind of hominid): homo; human; human being; man (any living or extinct member of the family Hominidae characterized by superior intelligence, articulate speech, and erect carriage)', 'Homo erectus sensu lato (s.l.) is a key species in the hominin fossil record for the study of human evolution, being one of the first species discovered and perhaps the most documented, but also because of its long temporal range and having dispersed out of Africa earlier than any other human species.', ""Homo-habilis is generally accepted as the earliest member of the genus Homo. He is following Australopithecus and preceding Homo-erectus. He was given the name Homo habilis, meaning 'handy man', because he made tools."", 'The Huns. Huns, nomadic Asian people, probably of Turkish, Tataric, or Ugrian origins, who spread from the Caspian steppes (the areas north of the Caspian Sea) to make repeated incursions into the Roman Empire during the 4th and 5th centuries AD.he Huns first overcame the Alani, another nomadic group, who lived on the plains between the Volga and Don rivers. They then moved on to overthrow the Ostrogothic kingdom between the Don and Dnestr rivers.', 'neanderthals are thought to be descended from a european offshoot of homo erectus the neanderthals were a species of the genus homo that occupied europe between 130000 and 24000 years agoeanderthals are an extinct species of the genus homo which includes humans and many of our ancestors and their evolutionary spinoffs']","A hominid is any living or extinct member of the family Hominidae characterized by superior intelligence, articulate speech, and erect carriage.",,0.6,0.9249411018763057,0.0
what is an open access university,"[""The Open University is a public distance learning and research university, and one of the biggest universities in the UK for undergraduate education. The majority of the OU's undergraduate students are based throughout the United Kingdom and principally study off-campus; many of its courses can also be studied anywhere in the world. There are also a number of full-time postgraduate research students based on the 48-hectare university campus where they use the OU facilities for research, as well"", 'Message from the President. With 50 years of experience, Bellevue University has never had a clearer vision of what it wants to be, where it wants to go, and how it wants to get there. The goal is simple â\x80\x93 to become the premier open access university in the United States.', 'B. 1 Badaganvi Sarkar World Open University Education Society, Gokak, Belgaum, Karnataka, India. 2 Barber-Scotia College (lost accreditation in 2004) 3 Barrington University, Mobile, Alabama (formerly operated by Virtual Academics. Com of Boca Raton, Florida) 4 Bay Ridge Christian College (a.k.a. Bay Ridge College) in Texas.', 'exists and is an alternate of . Microsoft Office Access, previously known as Microsoft Access, is a relational database management system from Microsoft which combines the relational Microsoft Jet Database Engine with a graphical user interface. It is a member of the 2007 Microsoft Office system.', 'Generally, open source refers to a computer program in which the source code is available to the general public for use or modification from its original design. Open-source code is meant to be a collaborative effort, where programmers improve upon the source code and share the changes within the community.']",I cannot answer from the given context.,,0.0,-0.0,0.0
what are forests sinks for?,"[""The world's forests and oceans are natural regulators of carbon dioxide content in the atmosphere -- which is a greenhouse gas. While forests are regarded as sinks, meaning they absord carbon dioxide, it is hard to rely on forests to soak up increasing pollution, while forests are increasingly being cut down!"", 'Within a single deciduous forest, there are many micro-habitats, and each has specific bird species that prefer it to other parts of the forest. For example, the dead trees in the forest provide food and shelter for woodpeckers.', 'Wetland Buffers Designing and Maintaining a Vegetated Wetland Buffer Habitats for Healthy Watersâ\x80\x94Fact Sheet #3 Wetland Buffers-What are they and why are they important? This livestock exclusion fence protects the vegetated buffer so that it can filter out nutrients coming from the adjacent pasture. Water for the livestock is pumped into a trough', 'Each layer has a different set of plants and animals depending upon the availability of sunlight, moisture and food. 1 Forest floor contains decomposing leaves, animal droppings, and dead trees. Decay on the forest floor forms new soil and provides nutrients to the plants.', 'Wetlands. The physical, chemical, and biological properties of the Commonwealthâ\x80\x99s wetlands work in concert to perform â\x80\x9cwetland functions.â\x80\x9d Wetland functions may include: storage of water, ground water recharge, sediment trapping, transformation of nutrients, and wildlife habitat.he benefits society derives from wetlands functions are often referred to as wetland values. Some widely applicable wetland values include: flood attenuation, water purification, and wildlife habitat. When wetlands store water along a larger water body, they often serve to attenuate periodic flood waters.']",Forests are sinks for carbon dioxide.,,1.0,0.5781826022805965,0.9999999999
chemistry amu definition,"['Atomic Mass Unit or AMU Definition. An atomic mass unit or amu is one twelfth of the mass of an unbound atom of carbon-12. It is a unit of mass used to express atomic masses and molecular masses.', 'An arithmetic logic unit (ALU) represents the fundamental building block of the central processing unit of a computer. An ALU is a digital circuit... for Teachers for Schools for Companies', ""The atomic mass of the element neon is 20.18 amu, or atomic mass units. This number, which appears on the periodic table underneath the chemical symbol for neon, Ne, represents the weighted average of the isotopic masses of neon's isotopes based on their abundance in nature."", 'HMU is an internet slang that means â\x80\x9cHit Me Upâ\x80\x9c. It is used while chatting over a personal message across various chatting sites. It is used in informal language and forms a part of text language. Usage. HMU is used in cases where the person wants to stay in contact.', 'How is Audience Deficiency Unit (advertising) abbreviated? ADU stands for Audience Deficiency Unit (advertising). ADU is defined as Audience Deficiency Unit (advertising) rarely.']",An atomic mass unit or amu is one twelfth of the mass of an unbound atom of carbon-12. It is a unit of mass used to express atomic masses and molecular masses.,,1.0,0.4072239819509434,0.0
how many ounces in dunkin donuts iced coffee medium,"[""Dunkin Donut's Iced Coffees are as follows: 16 ounces in a small iced coffee 20 oz in a medium iced coffee 24 ounces in a large iced coffee."", ""This Bag Makes Up To 40 Cups (6 Fl Oz) Of That Great Dunkin' Donuts Taste. 1. Start With A Clean Coffeemaker And Use Fresh, Cold Water For The Best Flavor. 2. Measure One Heaping Tablespoon* Of Ground Coffee Per 6 Oz. Of Water (Adjust To Taste). 3. Then, Coffee In Hand, Officially Begin Your Day."", ""Freshly Brewed Unsweetened Iced Tea (Dunkin' Donuts) Per 1 serving - Calories: 0kcal | Fat: 0.00g | Carbs: 1.00g | Protein: 0.00g Nutrition Facts - Similar Freshly Brewed Plain Iced Tea (Large) (Dunkin' Donuts) Per 1 serving - Calories: 10kcal | Fat: 0.00g | Carbs: 2.00g | Protein: 0.00g Nutrition Facts - Similar Raspberry Flavored Sweetened Iced Tea (Dunkin' Donuts)"", ""(That's about 650 milligrams for a 12-ounce cup). A cup of Starbucks coffee is packed with more than twice as much caffeine as a cup of McDonald's, according to a breakdown of caffeine content from major brands.n New York, for example, the cost of a 12-ounce brewed coffee is $1.85 at Starbucks, $1.29 at Dunkin' Donuts and $1 at McDonald's. Death Wish goes for about $19 for a pound of beans, which is twice as much as most regular coffee."", ""So you really have to measure out the water. If you want 4 cups of water which is 32 oz of coffee, you'll need 32/6 = 5.33 tablespoons. If you want 4 x (6 oz) of coffee, then just 4 tablespoons would suffice following the 1 tbsp to 6 oz rule.'ve also seen 1 heaping tablespoon per 6 oz of water which is probably in between the two. anyhoo, I'd probably use the instructions on the coffee as a guide and adjust accordingly. the coffee I have no suggests one tablespoon per 6 oz of water.""]",20 oz in a medium iced coffee.,,1.0,0.6813178076840251,0.0
what is connective tissue extracellular matrix composed of,"['Most connective tissues are vascularized (except cartilage). The extracellular spaces (space outside of cells) in connective tissue are referred to as the extracellular matrix. Connective tissue, therefore, is made up of cells and extracellular matrix. The extracellular matrix is composed of glycosaminoglycans and proteoglycans. It is variations in the composition of the extracellular matrix that determine properties of the connective tissue. Connective tissue is made up of: Fibrous components (collagen and elastin)', 'Specialized connective tissue includes: 1 Dense regular connective tissue (found in tendons and ligaments) 2 Cartilage (a type of supporting connective tissue that consists of chondrocyte cells, collagen fibers, and elastic fibers; semi-solid or flexible matrix; includes hyaline cartilage, fibrocartilage, and elastic cartilage)', 'Elastic tissue is classified as connective tissue proper. The elastic fiber is formed from the elastic microfibril (consisting of numerous proteins such as microfibrillar-associated glycoproteins, fibrillin, fibullin, and the elastin receptor) and amorphous elastin.', 'Cartilage is a type of supporting connective tissue. Cartilage is a dense connective tissue, consisting of the chondrocyte cells. Cartilage connective tissue includes hyaline cartilage, fibrocartilage and elastic cartilage. The fibers in the cartilage connective tissue include collagen and elastic fibers.emapoetic or lymphatic connective tissue is another type of fluid connective tissue. Lymphatic connective tissues are responsible for the manufacture of all the blood cells and immunological capability.', 'Cartilage is the most commonly known form of fibrous connective tissue. It is composed of collagen fibers that are packed very densely into a rubbery substance called chondrin. Cartilage provides both flexible support and cushioning for parts of the body such as the nose.']",The extracellular matrix is composed of glycosaminoglycans and proteoglycans.,,1.0,0.7443704481092982,0.0
population of glendale az,"['Glendale Arizona Population Charts According to the most recent demographics data available from the Census Bureau released in December of 2017, Figure 1 Glendale shows it has 239,943 population which is the 2nd most of all the places in the area.', 'Mesa is a city in Maricopa County, in the U.S. state of Arizona. It is a suburb located about 20 miles east of Phoenix. Mesa is the central city of the East Valley section of the Phoenix Metropolitan Area. It is bordered by Tempe on the west, the Salt River Pima-Maricopa Indian Community on the north, Chandler and Gilbert on the south along with Queen Creek, and Apache Junction on the east. Mesa is the third-largest city in Arizona, after Phoenix and Tucson, and the 38th-largest city in the US. The city is home to 439,041 people as of 2010 according to the Census Bureau. Mesa is home to numerous higher education facilities including the Polytechnic campus of Arizona State University', ""Throughout the 20th century, it was one of the fastest-growing regions in the United States, although growth has slowed since 2000. As of the 2010 U.S. Census, the Los Angeles Metropolitan Statistical Area had a population of nearly 13 million residents. Meanwhile, the larger metropolitan region's population at the 2010 census was estimated to be over 17.8 million residents, and a 2015 estimate reported a population of about 18.7 million."", 'Bloomingdale, IL Profile: Facts, Map & Data. Bloomingdale, Illinois - Basic Facts. The Village of Bloomingdale had a population of 22,339 as of July 1, 2016. Bloomingdale ranks in the upper quartile for Population Density and Diversity Index when compared to the other cities, towns and Census Designated Places (CDPs) in Illinois. See peer rankings below.', 'The population of the Riviera Maya is around 150,000. The estimated population of Mexico is 108,700,891, and the population of Quintana Roo, the state in which the Riviera Maya is located, is approximately 880,000.']","The population of Glendale, AZ is 239,943.",,1.0,0.8900842590548287,0.0
siamese cats types of breeds,"['The Siamese is a medium-sized, light-colored cat with stunning sapphire eyes. It is one of the most ancient breeds. There are two types of Siamese: traditional and show. The Show Siamese is very angular, elegant and slender breed. The Traditional Siamese is more round and chunky. Personality: Siamese cats are very active, talkative and curious cats.', 'Balinese cat. The Balinese is a long-haired breed of domestic cat with Siamese-style point coloration and sapphire-blue eyes. The Balinese is also known as the purebred long-haired Siamese, since it originated as a natural mutation of that breed, and hence is essentially the same cat with a medium-length silky coat and a distinctively plumed tail.', 'Types of Seals. 1 01. of 05. Harbor Seal (Phoca vitulina) 2 02. of 05. Gray Seal (Halichoerus grypus) 3 03. of 05. Harp Seal (Phoeca groenlandica / Pagophilus groenlandicus) 4 04. of 05. Hawaiian Monk Seal (Monachus schauinslandi) 5 05. of 05. Mediterranean Monk Seal (Monachus monachus)', 'A look at golden retriever types. December 22, 2008 by retrieverman. Within golden retrievers, one can see the influence of the various breeds in its make-up. These dogs are sometimes though of as throwbacks to that ancestral type, but virtually all goldens show some type influence of the constituent breeds.', ""Confidence votes 117. 1 There are five living subspecies of cheetah, but the differences among them are very small. And this though some investigators argue that there isn't enough of a difference in the genetics of these cats to justify any subspecies at all.""]","The Siamese cat has two types: traditional and show. The Show Siamese is very angular, elegant, and slender, while the Traditional Siamese is more round and chunky.",,1.0,0.8889560131187216,0.0
how many pounds of fat can you lose in a week,"[""A weight loss of 1 to 2 pounds a week is the typical recommendation. Although that may seem like a slow pace for weight loss, it's more likely to help you maintain your weight loss for the long term. Remember that 1 pound (0.45 kilogram) of fat contains 3,500 calories. So to lose 1 pound a week, you need to burn 500 more calories than you eat each day (500 calories x 7 days = 3,500 calories). Also, if you lose a lot of weight very quickly, you may not lose as much fat as you would with a more modest rate of weight loss."", 'Well, itâ\x80\x99s certainly possible to lose more than two pounds per week, but itâ\x80\x99s critically important to understand that thereâ\x80\x99s a world of difference between rapid weight loss and permanent fat loss.', ""And, since there is about 3500 calories in 1 pound of fat, doing this will result in 1 pound of fat being lost per week. And, since the ideal weight loss rate is 1-2 pounds per week, this would put you right within range.Add some exercise in as well, and it will bring you closer to the higher end of that range.hat that means is, for every 3500 extra calories that you consume that your body doesn't burn, you will GAIN 1 pound of fat. At the same time, it also means that for every 3500 extra calories that your body does burn, you will LOSE 1 pound of fat. Here's what this means to you."", 'The healthiest way to lose weight is to do it consistently. Losing 1 pound a week meaning that you will be shaving off 3500 calories every 7days seems like a very achievable goal. Using this method, in 8 weeks, you will lose about 8pounds which is the equivalent of 3.63Kg.', 'However, this may be a lot of weight to lose for you and you may get fed up about poor progress, and give up. So, you may find it helpful to break up your weight loss goal. For example, you may wish to set yourself a goal to lose 4 kg over the following 4 to 6 weeks.']",You can lose 1 to 2 pounds of fat in a week.,,1.0,0.9188705372859717,0.7499999999625
what is bmc neuroscience,"['BMC Neuroscience is an open access journal publishing original peer-reviewed research articles in all aspects of the nervous system, including molecular, cellular, developmental and animal model studies, as well as cognitive and behavioral research, and computational modeling.', 'INM-1 develops a 3-D model of the human brain which considers cortical architecture, connectivity, genetics and function â\x80\x93 the JuBrain. The brain is structurally and functionally heterogeneous in its organization, and shows a high interindividual variability.', 'Michael Merzenich, Ph.D. is a pioneer in brain plasticity research and the author of more than 150 peer-reviewed articles. He has received numerous awards and prizes, has nearly 100 patents and has been featured in hundreds of books covering topics such as learning, rehabilitation and plasticity.', ""Your brain is always changing. Find out how and why when you explore Your Brain, The Franklin Institute's newestâ\x80\x94and biggestâ\x80\x94exhibition. Brain science is advancing rapidly as modern technology is helping us begin to unravel age-old mysteries about ourselves."", 'Cognitive neuroscience is a branch of both psychology and neuroscience, overlapping with disciplines such as physiological psychology, cognitive psychology, and neuropsychology.']","BMC Neuroscience is an open access journal publishing original peer-reviewed research articles in all aspects of the nervous system, including molecular, cellular, developmental and animal model studies, as well as cognitive and behavioral research, and computational modeling.",,1.0,0.8688500664663659,0.0
does staphylococcus aureus have a capsule,"['Effect of capsule production on S. aureus virulence in the murine mastitis model. The ordinate represents the log number of CFU of Reynolds (CP â\x88\x92), Reynolds (CP5), and Reynolds (CP8) recovered from the mammary glands at different times after intramammary inoculation with 10 5 (A), 5 Ã\x97 10 5 (B), or 10 6 (C) CFU/gland.taphylococcus aureus capsular polysaccharides (CP) have been shown to enhance staphylococcal virulence in numerous animal models of infection. Although serotype 5 CP (CP5) and CP8 predominate among S. aureus isolates from humans, most staphylococcal isolates from bovines with mastitis in Argentina are capsule negative.', 'Staphylococcal infections are a group of infections caused by the bacterium Staphylococcus. You may have heard them referred to as staph infections. Staph bacteria can cause a wide range of infections, from relatively minor skin infections such as boils, to more serious infections of the blood, lungs and heart. 1 There are many types of Staphylococci, but most infections are caused by a group called Staphylococcus aureus. This group of bacteria includes meticillin-resistant Staphylococcus aureus (MRSA), which is resistant to certain antibiotics that are commonly used for staph infections, such as flucloxacillin.', 'Clinical significance: 1 Staphylococcus epidermidis is part of human skin flora (commensal). 2 It can also be found in the mucous membranes and in animals. 3 S. epidermidis is not usually pathogenic but patients with compromised immune systems are often at risk for developing an infection.', 'MRSA (methicillin resistant staphylococcus aureus) is a type of staphylococcus bacteria (staph) that is resistant to beta-lactam antibiotics.MRSA is contagious and can cause life-threatening infection. MRSA isnâ\x80\x99t found in the natural environment (soil or water).It lives in the nose and on the skin of humans. MRSA is spread by coming in contact with an infected person or by exposure to a MRSA-contaminated object or surface that an infected person touches.ome strains of staph developed resistance to beta-lactam antibiotics. It is estimated that 2 percent of the population now carry a strain of staph that is resistant to beta-lactam antibiotics. Most of the staph infections that now occur in hospitals are caused by MRSA.', 'The cell wall of some gram-positive bacteria can be completely dissolved by lysozymes which attacks the bonds between GA and MA. In other gram-positive bacteria, such as Staphylococcus aureus, the walls are resistant to the action of lysozymes.']","Yes, Staphylococcus aureus can have a capsule, as indicated by the mention of staphylococcal capsular polysaccharides (CP) enhancing virulence in the context provided.",,1.0,0.96961663595653,0.9999999999
is a claim alleging tcpa violation a d&o claim?,"['It is probably worth noting that the question of D&O insurance coverage for TCPA claims is largely restricted to private company policyholders. In a TCPA action, the claimants typically name as defendants only the corporate entity that allegedly violated the statute. Entity coverage under public company D&O insurance policies is limited to claims for violations of the securities laws.', 'This memorandum provides a brief, general overview of qui tam litigation under the. False Claims Act. It does not constitute legal advice and does not represent the official policy. of the United States Department of Justice. The False Claims Act, 31 U.S.C. Â§ 3729 et seq., provides for liability for triple damages.', ""If a D or O is sued in a community property state, plaintiff's bar often sues the spouse as well so as to be able to access community property assets. This provision extends coverage to the spouse as well to address this potential exposure."", 'If that notice is ignored the case will be dismissed. At the actual DWOP hearing, the parties will need to show up to the court and show that there has been activity in case. This can be done by setting the case for trial. Some courts require that a scheduling order be filled out and submitted to the court.', ""CONTENT DISCLOSURE STATEMENT. The Claims Database contains only those lost time workers' compensation records for which a DWC-1, First Report of Injury or Illness, and/or a DWC-13, Claim Cost Report, was reported to/recorded by the Division. Input a Year of Injury or Range of Years from the previous 10 years to present year.""]",I cannot answer from the given context.,,0.0,0.0,0.0
what does exempt or non-exempt employee mean,"['What is an exempt employee? Exempt positions are excluded from minimum wage, overtime regulations, and other rights and protections afforded nonexempt workers. Employers must pay a salary rather than an hourly wage for a position for it to be exempt. Typically, only executive, supervisory, professional or outside sales positions are exempt positions.', 'One of the criteria for exempt workers is that they receive a salary of at least $47,476 per year ($913 per week). If your employee receives less than this amount, you must pay them overtime wages. This may require that you learn how to calculate overtime for salary employees.', 'Exempt or Nonexempt. Employees whose jobs are governed by the FLSA are either exempt or nonexempt. Nonexempt employees are entitled to overtime pay. Exempt employees are not. Most employees covered by the FLSA are nonexempt. Some are not. Some jobs are classified as exempt by definition. For example, outside sales employees are exempt (inside sales employeesare nonexempt). For most employees, however, whether they are exempt or nonexempt depends on (a) how much they are paid, (b) how they are paid, and (c) what kind of work they do.', 'An exempt employee has virtually no rights at all under the FLSA overtime rules. About all an exempt employee is entitled to under the FLSA is to receive the full amount of the base salary in any work period during which s/he performs any work (less any permissible deductions).', 'However, that employee is still entitled to overtime, in most cases. Under both federal and California law, a salaried employee must meet certain criteria to be exempt from overtime. The decision is based on the employees primary job duties, not the job description or the title. The federal guidelines are below.']","Exempt employees are those whose positions are excluded from minimum wage, overtime regulations, and other rights and protections afforded to nonexempt workers. They must be paid a salary rather than an hourly wage and typically include executive, supervisory, professional, or outside sales positions. Nonexempt employees, on the other hand, are entitled to overtime pay. The classification of an employee as exempt or nonexempt depends on factors such as how much they are paid, how they are paid, and the type of work they do.",,1.0,0.8275859089405926,0.0
what is a np grade,"['A grade of NP will be assigned for coursework equivalent to a C- or below, and no unit or degree credit will be awarded. Some universities will not accept courses taken on the P/NP grading option, so please check with your home university before making your selection.', 'Nurse Practitioner (NP) A Nurse Practitioner (NP) is a registered nurse with advanced academic (having a masters degree) and clinical experience, which enables him or her to diagnose and manage most common illness, including chronic ones, either independently or as part of a health care team.', 'At minimum, a nurse practitioner must earn a Masterâ\x80\x99s of Science degree in nursing before beginning work in the NP role. This degree and a nurse practitioner credential, are only available to those students who have already completed the requirements to work as a registered nurse (RN).', 'RN (Registered Nurses) vs NP (Nurse Practitioners). It is true that both RN and NP are two nursing roles that show some differences between them. RN stands for Registered Nurses whereas NP stands for Nurse Practitioners.hey have to necessarily work in the health care organizations and they are not entitled to prescribe medications. In Brief: - RN stands for Registered Nurses whereas NP stands for Nurse Practitioners. - RNs are health care professionals with 2 to 4 year degree in Bachelor of Science in nursing or nursing science.', 'Definition of Non-inferiority clinical trial. Non-inferiority clinical trial: A clinical trial that shows that a new treatment is equivalent to standard treatment. Also called a non-inferior trial. See: Clinical trials.See also: Inconclusive clinical trial; Negative clinical trial; Positive clinical trial.on-inferiority clinical trial: A clinical trial that shows that a new treatment is equivalent to standard treatment.']","A grade of NP will be assigned for coursework equivalent to a C- or below, and no unit or degree credit will be awarded.",,1.0,0.48390365173955785,0.0
how many years back to the clinton tax returns go,"[""Democratic presidential hopeful Hillary Clinton released eight years worth of tax returns Friday, showing that she and her husband Bill Clinton earned $139 million since 2007. They paid nearly $44 million in federal taxes during that period. The couple's effective federal tax rate ranged from 25 percent in 2007 to 36 percent last year. The Clintons paid another 7 to 12 percent of their income in state income taxes each year, and gave between 8 and 15 percent to charity."", 'How many years can the IRS go back on taxes. The IRS indicates in its IRS Audit FAQs as follows: [begin quoted text] Generally, the IRS can include returns filed within the last three years in an audit. Additional years can be added if a substantial error is identified. Generally, if a substantial error is identified, the IRS will not go back more than the last six years. The IRS tries to audit tax returns as soon as possible after they are filed. Accordingly most audits will be of returns filed within the last two years.', ""The answer: A minimum of three years, but maybe longer, especially if you're risk-aversive. Because the statute of limitations is three years, you have to keep tax records at least that long, says James Wood, CPA, a sole practitioner in Hillsborough, New Jersey. This means that the IRS has three years to review the situation and assess any tax deficiencies."", 'Per the IRS (talked to them myself today), tax returns and related documents are destroyed after 7 years. After that point, you can obtain a transcript, or summary of the li â\x80¦ ne items in your return, but not the actual return or any of the attachments (like W2s and the like).suallyit is three years from the date the tax return was due or tax return was filed with the IRS, or two years from the date the tax was paid to the IRS, whichever is later. This is the time period in which the IRS can question your tax return; typically three years after it is filed.', '1 Keep records for 3 years if situations (4), (5), and (6) below do not apply to you. Keep records for 3 years from the date you filed your original return or 2 years from the date you paid the tax, whichever is later, if you file a claim for credit or refund after you file your return.']",I cannot answer from the given context.,,0.0,-0.0,0.49999999995
what are broker services,"[""Brokerage firm. A brokerage firm, or simply brokerage, is a financial institution that facilitates the buying and selling of financial securities between a buyer and a seller. Brokerage firms serve a clientele of investors who trade public stocks and other securities, usually through the firm's agent stockbrokers. A traditional, or full service, brokerage firm usually undertakes more than simply carrying out a stock or bond trade."", 'Keeping the clients in mind, stock brokers must honestly consider their needs and situations before your own, in order to properly advise them on investment opportunities. Further, brokers must then suggest new investment ideas to the client so that a client will entrust their money with the broker in the future.', 'Multi-Lender/Threshold Brokers. These brokers provide private money loan services and are required to submit reports to the Bureau pursuant to Business and Professions Code Sections 10232 and 10232.2 for threshold brokers and/or 10238 (j) and 10238 (k) (3) for multi-lender brokers.', ""DEFINITION of 'Multiple Listing Service (MLS)'. A service provided by a group of real estate brokers. They band together to create a Multiple Listing Service that allows each of them to list each other's houses. Under this arrangement, the listing broker and the selling broker split the commission for each sale."", 'How do I benefit from the representation of MSP data as Web services? What is the process for enabling access to and integration with Mortgage Web Services? What is the technical structure of the Mortgage Web Services platform? What protocols are currently supported by the Mortgage Web Services platform? What happens if a service encounters an error? What controls and security exist for Mortgage Web Services?']","Broker services refer to the activities facilitated by brokerage firms, which include the buying and selling of financial securities between buyers and sellers. These services are provided to a clientele of investors who trade public stocks and other securities, often through agent stockbrokers. Additionally, brokers must consider their clients' needs and suggest investment opportunities to build trust and encourage future business.",,1.0,0.8924515575088886,0.9999999999
limit number of executives on same flight,"['Opinions differ over what constitutes a safe number of executives on the same flight. 40 percent of companies limit the number to three or four. 33 percent allow more than 10 employees to travel together. 13 percent limit the number to five or six. 8 percent limit the number to one or two, and an equal percentage say seven or eight is acceptable.', ""Celebrities Who Fly Coach: Not All A-List Stars Have Their Own Private Jets (PHOTOS) Some celebrities have the luxury of hopping on their private jets to get from place to place. Others opt to sit in first class on commercial flights. But, believe it or not, there are some stars who fly with the masses ... in coach. That's right, you could be on a flight from JFK to LAX and accidentally run right into Claire Danes."", 'Executive definition, a person or group of persons having administrative or supervisory authority in an organization. See more.', 'Travelers; ... on one of your flights as an Unaccompanied Minor. ... FAQs. ... Customers With Disabilities; Unaccompanied Minors; Customers of Size; ... of. your flights as an Unaccompanied Minor. ... Children ages five through 11 ... Policies & Fees. ... If a minor is traveling with an adult, they must be listed on the same flight. itinerary. Learn more about our Unaccompanied Minors policy. Children, ... Meeting Your Child At The Airport: ...', 'In most states, one person may serve as the sole director for incorporation purposes. However, when submitting a 501(c)(3) application or other type of tax exempt application, the IRS almost always requires at least three distinct individuals to serve on the board of directors.Keep in mind, you may change your board from time to time and that your board may be reasonably compensated.n most states, one person may serve as the sole director for incorporation purposes. However, when submitting a 501(c)(3) application or other type of tax exempt application, the IRS almost always requires at least three distinct individuals to serve on the board of directors.']","40 percent of companies limit the number to three or four, 13 percent limit the number to five or six, 8 percent limit the number to one or two, and an equal percentage say seven or eight is acceptable.",,1.0,0.49113710738944943,0.0
the role of the nurse in diabetic foot care,"['The nursesâ\x80\x99 role could be in health care, health, community education, health systems management, patient care and improving the quality of life. Diabetes Nurses play their educating role in the field of prevention of diabetic foot, foot care and preventing from. foot injury. In care dimension, nurses responsible for early detection of any changes in skin and foot sensation, foot. care, dressing and apply novel technology.', 'EndocrineWeb spoke with Dr. Nere Onosode about diabetes-related foot and ankle problems. Dr. Onosode is a Doctor of Podiatric Medicine and board-qualified by the American Board of Foot and Ankle Surgery. Here, he answers the many questions of interest to people with diabetes.', 'Doctors of podiatric medicine treat common foot conditions such as calluses, warts and blisters, as well as athleteâ\x80\x99s foot and xerosis (dry skin). A podiatrist also treats conditions of the small toes, including claw toes and hammer toes, as well as fractures in the foot and ankle.', 'Not to be confused with Pediatrist. A podiatrist, also known as a podiatric physician (/poÊ\x8aË\x88daÉªÉ\x99trÉªst/ poh-dye-eh-trist) or foot doctor, is a medical professional, a physician devoted to the study and medical treatment of disorders of the foot, ankle and lower extremity.n Australia there is now an option to be a podiatric assistant. The qualification is a Certificate IV in Allied Health Assistance specialising in podiatry. They work as a part of a podiatric medical team in a variety of clinical and non clinical settings.', 'To help you manage peripheral neuropathy: 1 Take care of your feet, especially if you have diabetes. 2 Exercise. 3 Quit smoking. Eat healthy 1 meals. Avoid excessive alcohol. Monitor your blood glucose levels.']","The role of the nurse in diabetic foot care includes educating patients on the prevention of diabetic foot issues, foot care, and preventing foot injuries. Nurses are responsible for the early detection of any changes in skin and foot sensation, as well as providing care such as dressing and applying novel technology.",,1.0,0.9431810775503967,0.0
is cerebral palsy a birth injury,"['A cerebral palsy birth injury is caused by the general nature of the birthing process. In most births, the head is the first part to enter the birth canal and experiences much of the pressure during the delivery. Swelling and bruising are usually not serious and resolve within a few days.', 'Although cerebral palsy develops due to a brain malformation or injury before, during, or shortly after birth, there is still a lot of mystery as to how, exactly, an infant develops it.', 'Information For... Causes and Risk Factors of Cerebral Palsy. Cerebral palsy (CP) is caused by abnormal development of the brain or damage to the developing brain that affects a childâ\x80\x99s ability to control his or her muscles. There are several possible causes of the abnormal development or damage. People used to think that CP was mainly caused by lack of oxygen during the birth process. Now, scientists think that this causes only a small number of CP cases. The brain damage that leads to CP can happen before birth, during birth, within a month after birth, or during the first years of a childâ\x80\x99s life, while the brain is still developing.', 'Cerebral Palsy. Cerebral palsyâ\x80\x94also known as CPâ\x80\x94is a condition caused by injury to the parts of the brain that control our ability to use our muscles and bodies. Cerebral means having to do with the brain. Palsy means weakness or problems with using the muscles. Often the injury happens before birth, sometimes during delivery, or soon after being born.', 'Vision Impairments A number of vision impairments are more common in people with cerebral palsy than in the general population. Strabismus, a condition characterized by differences in the left and right eye muscles often causing the eyes to be misaligned or cross-eyed. The misalignment causes double vision.']","Cerebral palsy can be caused by injury during the birthing process, but it can also develop due to brain malformation or injury before, during, or shortly after birth. Therefore, while it can be associated with birth injuries, it is not exclusively classified as a birth injury.",,1.0,0.5879679638434084,0.8055555555287036
what is a ear infection,"['An ear infection occurs when a bacterial or viral infection affects the middle ear â\x80\x94 the sections of your ear just behind the eardrum. Ear infections can be painful because of inflammation and fluid build-up in the middle ear. Ear infections can be chronic or acute. Acute ear infections are painful but short in duration. Chronic ear infections either do not clear up, or they recur many times. Chronic ear infections can cause permanent damage to the middle and inner ear.', 'A few of the common symptoms of ear infections include: 1 mild pain or discomfort inside the ear. 2 a feeling of pressure inside the ear that persists. 3 fussiness in young infants. pus-like ear 1 drainage. hearing loss.', 'Ear infection is very common in children, although it can occur in people of any age. The main symptoms are earache and feeling unwell. Painkillers are the main treatment. Antibiotics are not usually helpful but are prescribed in some cases. The infection usually clears within a few days.', 'Ear Problems. Ear problems are often caused by an infection. However, other conditions may also cause ear pain or discomfort. Follow this chart for more information about ear problems. Our trusted Symptom Checker is written and reviewed by physicians and patient education professionals. Find a possible diagnosis by choosing a symptom and answering a few simple questions.', 'Acute otitis media is typically associated with fluid accumulation in the middle ear together with signs or symptoms of ear infection; a bulging eardrum usually accompanied by pain, or a perforated eardrum, often with drainage of purulent material (pus, also termed suppurative otitis media). Fever can be present. Middle ear pus causes pain and temporary hearing loss. 2 Rupture of the eardrum allows the pus to drain into the ear canal. 3 Otitis media (ear infection or inflammation) is treated with observation, antibiotics, or ear tubes.']","An ear infection occurs when a bacterial or viral infection affects the middle ear, which is the section of the ear just behind the eardrum. It can be painful due to inflammation and fluid build-up in the middle ear, and can be either chronic or acute.",,1.0,0.8499438928027457,0.0
how thick is a 2x8 board,"['40 Chipboard 20pt (point) Thickness Sheets 12 X 18 (12X18 Inches) Large|Poster Size Light Weight .020 Caliper... by ThunderBolt Paper. $28.95(2 new offers) 5 out of 5 stars 2. Product Features. ... 100% Recycled paper board made with clean fibers, as good stewards of ...', 'The Nominal size of a board is the way you talk about the size. When talking about a 1x6 board, 1 and 6 is the Nominal size. The actual size is 3/4 x 5-1/2.The nominal size of a 2x8 is 2 x 8, but the actual size is 1-1/2 x 7-1/2.To determine accurate coverage, the actual size of the board is used.The actual size is the actual coverage of the board.hen talking about a 1x6 board, 1 and 6 is the Nominal size. The actual size is 3/4 x 5-1/2.The nominal size of a 2x8 is 2 x 8, but the actual size is 1-1/2 x 7-1/2. To determine accurate coverage, the actual size of the board is used. The actual size is the actual coverage of the board.', 'Since all slate roofing material is still hand split today, the thickness for each slate varies according to the eye of the splitter. Most producers offer slate in several ranges of thickness: 1 1/ 4â\x80\x9d â\x80\x93 3/8â\x80\x9d about 900 to 1,200 pounds per square. 3/8â\x80\x9d â\x80\x93 1/2â\x80\x9d 1,200 to 1,800 pounds per square.', 'Pork steaks and pork chops that are going to be grilled should be a minimum of Â¾ to 1 inch thick because the high heat will cook the meat quickly. If the cuts are thinner than this, it is easy to overcook the meat, causing it to dry out. The meat must be watched carefully while grilling.', 'Wood Decks. Wood Plank - If you have a wood plank roof deck, it is not recommended that the wood planks exceed eight inches (8) in width due to their propensity for warping. Plywood - If you have a plywood roof deck, make sure that you have at least 15/32 (or ) plywood thickness if the rafters are set at sixteen inches (16) on center. If your rafters are twenty-four inches (24) on center, it is recommended that your plywood is at least 5/8 inches thick.']",The actual size of a 2x8 board is 1-1/2 x 7-1/2 inches thick.,,1.0,0.7725794455893968,0.0
average persons tapscan,"['Arbitron Inc. (NYSE: ARB) today announced that the Media Rating CouncilÂ® (MRC) has granted accreditation to TAPSCAN Web, the most widely used Web-based sales proposal and analysis software system for radio. TAPSCAN Web is used by over 19,000 radio sales professionals and facilitates half a million proposals to radio buyers per year. Arbitron has long been committed to improving the quality of our audience measurement and sales solutions for our clients.', 'The average person does it 110 times a DAY (and up to every 6 seconds in the evening). 1 People look at their phones the most between peak hours of 5pm and 8pm. 2 During these hours, 75% of users are actively using their devices.3 This drops to a quarter of active users between 3am and 5am.ccording to figures collected by a screen lock app, the average user actually checks their phone around 110 times day. During peak times this equates to once every six or seven seconds, with some users unlocking their devices up to 900 times over the course of a day, which in reality is around 18 hours.', '4 Responses to Off their toes: Lower-profile device aids toe-walkers. What functional outcome measure(s) was used & how was â\x80\x9ctime spent toe walkingâ\x80\x9d documented. Thank you. Time spent toe walking was documented by parents, who kept a log.', 'It got me wondering though -- they took a little more than a pint of blood from me, I think, a pint into the bag that they actually use, then a couple of vials to test for AIDS and whatnot.', 'In the UK: 1 About 10% of adults - 4.7 million people - have at some time experienced tinnitus (prolonged spontaneous tinnitus) for longer than five minutes. This figure does not include people who have had tinnitus for a short time after being exposed to a loud noise.']",I cannot answer from the given context.,,0.0,0.0,0.49999999995
justice definition,"['Justice is a broad notion that is based on a concept of moral rightness that incorporates varying perspectives on fairness, ethics, rationality, religion and law, according to Wikipedia. In most... Justice is a broad notion that is based on a concept of moral rightness that incorporates varying perspectives on fairness, ethics, rationality, religion and law, according to Wikipedia. In most... Star Gazing', 'In the preamble to the US Constitution, one aim of the US is to establish justice, which means to set up a fair and equitable system of laws - under which all persons are treated fairly and equally, and are guaranteed that their rights are respected by others.', 'Access to Justice. Access to Justice is a core value of the Massachusetts Judicial Branch. Towards that end, in June, 2009 the Chief Justices of the Supreme Judicial Court and the Trial Court established the Access to Justice Initiative.', ""Each part of Lady Justice carries a certain symbolism. 1 The scales of justice relate to fairness in the judicial process. 2 The sword symbolizes Lady Justice's authority to make decisions. 3 Have you ever heard the phrase 'justice is blind?' Lady Justice's blindfold stands for impartial, objective decision making."", 'What Is Obstruction of Justice? Obstruction of justice is the crime of interfering with the administration and due process of the law, including any criminal proceeding or investigation. Obstruction can be either a federal crime or a state crime, depending on the type of proceeding interfered with.']","Justice is a broad notion that is based on a concept of moral rightness that incorporates varying perspectives on fairness, ethics, rationality, religion, and law.",,1.0,0.7841274559109147,0.0
what does the pythagorean theorem do,"['The Pythagorean Theorem can also be represented in terms of area. In any right triangle, the area of the square drawn from the hypotenuse is equal to the sum of the areas of the squares that are drawn from the two legs. You can see this illustrated below in the same 3-4-5 right triangle.', 'The hypotenuse c will be equal to the original side length. Side a will be equal to 1/2 the side length, and side b is the height of the triangle that we need to solve. Using our example equilateral triangle with sides of 8, c = 8 and a = 4.', 'Since the base and the height of a square are the same length, the area of a square with side length s is s*s, or A = s2. 2. Find the square root of the area. The square root of the area will give you the length of one of the sides of the square.etermine the length of one side, and multiply it by 4 to find the perimeter. Depending on the assignment, you may need to measure the side with a ruler, or look at other information on the page to determine the side length.', ""@ParamanandSingh You don't need the formula for the area of a square. You can see from this that the area of a square of side $c$ is the same as the sum of the areas of squares of sides $b$ and $a$, you don't need to calculate those areas. â\x80\x93 Jack M Oct 26 '13 at 21:33. Hm, this argument seems to rely on the area-preserving nature of rotations and translations."", ""[Pi] is used to find the circumference of a circle , the letter Ï\x80 in Greek pronounced like english letter 'p' here 'p' stands for perimeter.""]","The Pythagorean Theorem states that in any right triangle, the area of the square drawn from the hypotenuse is equal to the sum of the areas of the squares that are drawn from the two legs.",,1.0,0.9331291325035732,0.0
what is a interstim,"['What is InterStim? InterStim Therapy is a proven neuromodulation therapy that targets the communication problem between the brain and the nerves that control the bladder. If those nerves are not communicating correctly, the bladder will not function properly.', 'In biology: Intercalary segment, an appendage-less segment in the segmental composition of the heads of insects and Myriapoda. Intercalation (biochemistry), process discovered by Leonard Lerman by which certain drugs and mutagens insert themselves between base pairs of DNA.', 'Interstitial fluid. Interstitial fluid (ISF) or tissue fluid is a solution that bathes and surrounds the tissue cells of multicellular animals. It is the main component of the extracellular fluid, which also includes plasma and transcellular fluid. The interstitial fluid is found in the interstices - the spaces between cells (also known as the tissue spaces).', '(Redirected from IMIS) The Institute for the Management of Information Systems (IMIS), previously called the Institute of Data Processing Management (IDPM), is the leading international association promoting excellence in the field of Information Systems Management through professional association and education.', 'Definitions for integrated pest management. Integrated pest management. Integrated pest management, also known as Integrated Pest Control is a broad based approach that integrates a range of practices for economic control of pests. IPM aims to suppress pest populations below the economic injury level.']","InterStim Therapy is a proven neuromodulation therapy that targets the communication problem between the brain and the nerves that control the bladder. If those nerves are not communicating correctly, the bladder will not function properly.",,1.0,0.6677527531994478,0.0
how do water waves form,"['Waves are created by energy passing through water, causing it to move in a circular motion. However, water does not actually travel in waves. Waves transmit energy, not water, across the ocean and if not obstructed by anything, they have the potential to travel across an entire ocean basin.', ""Most waves form when winds blowing across the water's surface transmit their energy to the water. crest. the highest part of a wave. wavelength. the horizontal distance between crests. frequency. the number of waves that pass a point in a certain amount of time."", 'A swell, in the context of an ocean, sea or lake, is a series of mechanical waves that propagate along the interface between water and air and so they are often referred to as surface gravity waves.well waves often have a long wavelength but this varies due to the size, strength and duration of the weather system responsible for the swell and the size of the water body e.g. wavelengths are rarely more than 150 m in the Mediterranean. Swell wavelength, also, varies from event to event.', 'A tsunami is a set of powerful ocean waves most commonly caused by a large earthquake or landslide that occurs near or under the ocean. Scientists do not use the term tidal wave because these waves are not caused by tides. Tsunami waves are unlike typical ocean waves generated by wind and storms.', 'A tsunami is a series of waves caused by earthquakes or undersea volcanic eruptions. On Nov. 18, 1929, a magnitude 7.4 Mw earthquake occurred. south of Newfoundland along the southern edge of the Grand Banks, Canada.This illustration, called a Tsunami Time Travel Map, shows the arrival times of tsunami waves.iew more Tsunami Time Travel Maps. Tsunamis are giant waves caused by earthquakes or volcanic eruptions under the sea. Out in the depths of the ocean, tsunami waves do not dramatically increase in height. But as the waves travel inland, they build up to higher and higher heights as the depth of the ocean decreases.']",Most waves form when winds blowing across the water's surface transmit their energy to the water.,,1.0,0.820404813721254,0.9999999999
what county is toledo oh in?,"['Toledo, Ohio. Toledo (/tÉ\x99Ë\x88liË\x90doÊ\x8a/) is a city in and the county seat of Lucas County, Ohio, United States. Toledo is in northwest Ohio, at the western end of Lake Erie bordering the state of Michigan. The city was founded by United States citizens in 1833 on the west bank of the Maumee River, and originally incorporated as part of Monroe County, Michigan Territory.', 'Ontario, Ohio. Ontario is a city in Richland County in the U.S. state of Ohio. It was founded in 1834 on the western edge of the Allegheny Plateau, just west of the city of Mansfield. After being incorporated in 1958, Ontario became a heavy manufacturing center because of the Erie Railroad line, and its proximity to Mansfield.', 'Perry Township, Ohio has plenty to offer. Located in Northwest Ohio in Allen County, Perry Township was established in December of 1833. The 2010 census showed 3531 persons in the township and 1453 households. Perry Township is filled with a wide variety of businesses and residents.', 'Welcome to the Village of Arcanum. Arcanum is Ohioâ\x80\x99s best kept secret, nestled in the heart of Ohioâ\x80\x99s agriculture farm belt, we enjoy a quiet life but have quick access to the larger metropolitan areas. Located just off State Route 49 in Darke County, we are approximately 35 miles NW of Dayton, Ohio, and 15 miles east of the Indiana border. Interstate 70, 18 miles south of the village, provides an east-west thoroughfare. Less than 25 miles, one has access to the major north-south thoroughfare of Interstate 75.', 'Thank you for visiting our official website. Please use the navigation above to find upcoming burials in Butler County Memorial Park as well as directions to this cemetery in Hamilton, Ohio.']","Toledo is in Lucas County, Ohio.",,1.0,0.8918918362205018,0.9999999999
is a physician assistant a bachelors program,"[""Physician Assistant Bachelor's Degree Program Overviews. Physician assistant programs teach students how to diagnose and treat basic medical conditions, interact with patients,and work within the guidelines of the code of ethics for physicians. View 10 Popular Schools Â»."", 'When learning how to become a physician assistant, the exact courses youâ\x80\x99ll be required to take will vary depending on your school. However, there are a few common courses which are almost universally required: 1 Physical Diagnosis. 2 Clinical Medicine. 3 Medical Ethics. 4 Biochemistry. 5 Pathology. 6 Physiology. 7 Human Anatomy. 8 Pharmacology.', 'in answer to this question, What do you major in to become a Physician Assistant?, I can tell you that you might get some help from http://asknursingonline.com As you described; I am planning on getting my bachelors degree, then applying to P.A. school to become a Physician Assistant. What is a good major to have before applying to PA school? I was thinking along the lines of Microbiology, Nursing, et cetera et cetera What else can I do, during my undergraduate time, to prepare for entry to PA school?', 'Physician Assistant Programs in Illinois: A List of PA Schools There are only six accredited physician assistant programs in Illinois five of which are in Chicago and one in Carbondale. All of the six will prepare you to take (and pass) the PANCE Physician Assistant National Certification Exam. But before you can graduate and become a primary care provider, you need to find and get accepted into one of these physician assistant programs in Illinois, which well detail in this article. First, though, lets look at the five physician assistant schools in Chicago, IL. 1. John H. Stroger Jr. Hospital of Cook County | Malcolm X College', 'Physician Assistant Schools There are 146 accredited physician assistant schools in the country. As a professor or instructor of physician assistant classes at one of these schools, you play a fundamental role in shaping the future of this growing field.']",I cannot answer from the given context.,,0.0,-0.0,0.0
how long for weed to get out of your system urine test,"[""The length of time depends on the individual's metabolism, the half-life of the THC consumed, and how much is consumed. The half-life of THC varies greatly from plant to plant, so that in itself can be anywhere from 1 to 10 days. A best guess for an average would be 3 to 30 days for it to completely leave a person's system and out of a urine screen. Tag: urine."", 'Approximate times, Cannabis (marijuana) can be detected through testing: Single Use: Blood Test: 2-3 days Saliva Test: 12-24 hours Urine Test: 2-3 days Hair Test: Up to 90 days, depending on how long your hair sample they use has been growing.', '1 Drugs in your blood usually clear out quickly and most are gone within a week. 2 That is for the blood drug test. 3 If you are also facing the urine drug test the drug detection times can be substantially longer and can run up to 6 weeks for say marijuana.4 CLICK HERE to see your blood drug detection times. That is for the blood drug test. 2 If you are also facing the urine drug test the drug detection times can be substantially longer and can run up to 6 weeks for say marijuana. 3 CLICK HERE to see your blood drug detection times. 4 Trust Your Fate To Luck Or Urban Legends.', 'Tetrahydrocannabinol or THC can stay in a persons system from 2 to up to 90 days depending on several variables such as height, weight, physical fitness and substance usage.here are many variables that determine how long THC will remain detectable in your system, including amount used, frequency, metabolism, and the concentration of the plant. Many drug tests, including urine tests, look for 9-carboxy-THC which is the by-product of your body metabolizing the THC in your fat.', 'In order to get THC out of your system you will need: 1 Time. 2 Water. 3 Aspirin. 4 Vitamin B. 5 Time be time. 6 The most effective way to get THC out of your system is to not have any THC (smoking, eating, vaporizing) anywhere from three days to 100 days. Time be time. 2 The most effective way to get THC out of your system is to not have any THC (smoking, eating, vaporizing) anywhere from three days to 100 days. 3 Why the discrepancy? 4 Because an obese person who burns all day long will test positive much longer than an occasional user who is an exercise freak.']","The length of time for weed to get out of your system for a urine test can be anywhere from 3 to 30 days, depending on individual factors such as metabolism and amount consumed.",,1.0,0.0,0.32499999998375
turpentine slang meaning,"['Freebase(0.00 / 0 votes)Rate this definition: Turpentine. Turpentine is a fluid obtained by the distillation of resin obtained from live trees, mainly pines. It is composed of terpenes, mainly the monoterpenes alpha-pinene and beta-pinene with lesser amounts of carene, camphene, dipentene, and terpinolene. It is sometimes colloquially known as turps.', '[klep-tuh-krat] /Ë\x88klÉ\x9bp tÉ\x99Ë\x8ckrÃ¦t/. noun. 1. a government official who is a thief or exploiter.', ""T N T = Trinitrotoluene, an explosive. ----- Also, Turner Network Television - Formerly the name of a syndication service, now a cable television network created by Ted Turner and owned today by Time Warner. Uh duh! It stands for 'Teen Ninja Turtles';) Or Trinitrotoluene and even in some circles 2-Methyl-1,3,5-trinitrobenzen"", 'The Algonquin word for dust or ashes, ponk is the most likely root of punk, which originally described rotten wood used to start fires. That meaning is also found in the adjective form of punk, poor quality, or disposable. Facing long-term unemployment in 1970s London, kids invented punk rock and extreme styles of dress and hair to go along with it, because, in the words of a well-known punk song of the day, they felt they had no future. Thesaurus.', ""Turbinado sugar is a sugar cane-based, minimally refined sugar. It is medium brown in color and has large crystals. It's often mistaken for traditional brown sugar because of its light brown color, but it's made in a different way.""]",I cannot answer from the given context.,,0.0,0.0,0.0
what does assessment center means,"['Assessment centre. (Redirected from Assessment center) An asessment centre is a process where candidates are assessed to determine their suitability for specific types of employment, especially management or military command.', 'Assessment centre. An asessment centre is a process where candidates are assessed to determine their suitability for specific types of employment, especially management or military command.', 'In education, there is widespread agreement that assessment is an integral part of any effective educational system or program. 1 Educators, parents, elected officials, policy makers, employers, and the public all want to know whether students are learning successfully and progressing academically in school.', 'The purpose of an assessment is to measure something or calculate a value for it. Although the process of producing an assessment may involve an audit by an independent professional, its purpose is to provide a measurement rather than to express an opinion about the fairness of statements or quality of performance.', 'Finding a Doctor. Alzheimerâ\x80\x99s Treatment Centers. The National Institute on Aging supports about 30 multi-disciplinary Alzheimerâ\x80\x99s disease centers across the country. These are premier medical research institutions that have dedicated research programs to the study of Alzheimerâ\x80\x99s. Most of these centers also provide diagnosis, treatment and support services for people with Alzheimerâ\x80\x99s disease and their families.']","An assessment centre is a process where candidates are assessed to determine their suitability for specific types of employment, especially management or military command.",,1.0,0.9121762695462255,0.0
usaa home insurance phone number,"['Call our shortcut number Shortcut Number (Opens Pop-up Layer) to reach. us from a mobile phone. 210-531-USAA (or 210-531-8722) Phone Menu Tips for Auto and Property Insurance Claims(Opens Pop-up Layer) 800-531-USAA (or 800-531-8722) Phone Menu Tips for Auto and Property Insurance Claims(Opens Pop-up Layer)', 'United Home Life Insurance Company(UHL) 225 S. East St Indianapolis, IN 46202 : Phone: 1-800-428-3001 : Website: www.unitedhomelife.com * A.M. Best: A- (Excellent) BBB: A-About: United Home Life Insurance Company was formed in 1948. They specialize in life insurance policies with simplified underwriting. This means there are no medical exam and no bodily fluids required for underwriting your policy.', 'Phone Support: 1-800-541-5555. The Telephone Service Center (TSC) is available 8 a.m. to 5 p.m., Monday through Friday, except holidays (border providers and out-of-state billers billing for in-state providers, call [916] 636-1200).', 'Please call 1.888.260.7736 to use our automated policyholder information line, or you may also speak to a live representative by calling Monday through Friday between. 8:00 a.m. - 8:00 p.m. ET.', 'To receive an auto or home insurance quote from USAAA, you should have a copy of your current auto policy or house. If necessary, you can compare home insurance or your existing policy with the USAAA house or auto assurance quote, and our quotes. Your coverage with us can begin today.']",800-531-USAA (or 800-531-8722),,1.0,0.7177387906833713,0.0
weather climate change,"['Climate change is a long-term shift in the statistics. of the weather (including its averages). For example, it could show up as a change in climate normals. (expected average values for temperature and. precipitation) for a given place and time of year, from one decade to the next. We know that the global climate is currently changing.', ""Climate change is when the average long-term weather patterns of a region are altered for an extended period of time, typically decades or longer. Examples include shifts in wind patterns, the average temperature or the amount of precipitation.These changes can affect one region, many regions or the whole planet. Climate changes are caused by changes in the total amount of energy that is kept within the Earth's atmosphere.This change in energy is then spread out around the globe mainly by ocean currents as well as wind and weather patterns to affect the climates of different regions.xamples include shifts in wind patterns, the average temperature or the amount of precipitation. These changes can affect one region, many regions or the whole planet. Climate changes are caused by changes in the total amount of energy that is kept within the Earth's atmosphere."", ""climate change patterns from 10,000 BP to the present The Earth's climate has changed throughout history. Just in the last 650,000 years there have been seven cycles of glacial advance and retreat, with the abrupt end of the last ice age about 7,000 years ago marking the beginning of the modern climate era â\x80\x94 and of human civilization. Most of these climate changes are attributed to very small variations in Earth's orbit that change the amount of solar energy our planet receives. evidence of global warming from around the world Sea level rise: Global sea level rose about 17 centimeters (6.7 inches) in the last century."", ""Global warming and climate change are terms for the observed century-scale rise in the average temperature of the Earth's climate system and its related effects.Multiple lines of scientific evidence show that the climate system is warming.lthough the increase of near-surface atmospheric temperature is the measure of global warming often reported in the popular press, most of the additional energy stored in the climate system since 1970 has gone into ocean warming. The remainder has melted ice, and warmed the continents and atmosphere."", ""The general or average weather conditions of a certain region, including temperature, rainfall, and wind. On Earth, climate is most affected by latitude, the tilt of the Earth's axis, the movements of the Earth's wind belts, the difference in temperatures of land and sea, and topography.""]",I cannot answer from the given context.,,0.0,0.0,0.49999999995
what is inductance,"['Inductance is a property of an electric circuit by which a changing magnetic field creates an electromotive force, or voltage, in that circuit or in a nearby circuit. Inductance is also defined as the property of an electric circuit that opposes any change in current. In 1831, Michael Faraday, an English scientist, discovered that a changing magnetic field in a circuit induced a current in a nearby circuit.', 'What youÂ´ll learn in Module 6.1. 1 After studying this section, you should be able to describe: â\x80¢ 2 Inductive Reactance. â\x80¢ 3 The relationship between reactance, frequency and inductance. â\x80¢ 4 Graphical representation of inductive reactance.', 'From wire and cable literature, you can find that a 37-strand, Class B, 350kcmil bare conductor has a nominal O.D. of 0.681 inches. So, the insulation thickness is the quantity 1.34 inches minus 0.681 inches divided by 2, or 0.33 inches (330 mils). Per the reactance tables, the reactance value is 0.0373. Because the conductors are in a magnetic conduit, you must multiply this value by 1.50 (increase of 50%). Therefore, the inductive reactance-to-neutral at 6-Hz in ohms per 100 feet (XL) is equal to 0.0373 times 1.50, or 0.0560.', 'Electromagnetic Induction was first discovered way back in the 1830â\x80\x99s by Michael Faraday. Faraday noticed that when he moved a permanent magnet in and out of a coil or a single loop of wire it induced an ElectroMotive Force or emf, in other words a Voltage, and therefore a current was produced.', 'Magnetism, phenomenon associated with magnetic fields, which arise from the motion of electric charges. This motion can take many forms. It can be an electric current in a conductor or charged particles moving through space, or it can be the motion of an electron in an atomic orbital.']","Inductance is a property of an electric circuit by which a changing magnetic field creates an electromotive force, or voltage, in that circuit or in a nearby circuit. It is also defined as the property of an electric circuit that opposes any change in current.",,1.0,0.8509385571799036,0.0
how much does open heart surgery cost,"['Open Heart Surgery: $324,000 Open heart surgery is often an urgent procedure that carries with it a lot of complications and follow-up appointments. Taking the surgery and its recovery period into consideration, the expenses for open heart surgery are very high. 8. Pancreas Transplant: $289,400. A transplant of the pancreas is a very long procedure and patients average a post-surgery stay in the hospital of about 21 days.', '1 For patients not covered by insurance, a pacemaker and heart-assist implant can cost $19,000-$96,000 or more, depending on the type of pacemaker, the location and length of the hospital stay. For example, the Healthcare Bluebook estimates a total price of $19,651 for patients in the Columbus, OH, area, including placement of the pacemaker, surgery, anesthesia and a five-day hospital stay.', '1 For patients covered by health insurance, out-of-pocket costs typically include a hospital admission fee, copays for pre-and post-surgical doctor visits, a copay or coinsurance for the surgery and anesthesia. 2 Out-of-pocket costs can range from $800 to $3,000 or more.', 'Cataract Surgery Cost 2015 â\x80\x94 Without Insurance. In 2015, the average cost of cataract surgery with a standard IOL performed in the United States for someone without Medicare or private health insurance was $3,542 per eye.', 'The surgery on my left knee cost the humans $763.60, including post-surgery medication. However, it may vary depending on the complexity of the surgery and other surgical variables. Dr. Hsu initially advised mama that the surgery would cost about $900, so sheâ\x80\x99s happy that the final cost is less than that.']","Open heart surgery costs $324,000.",,1.0,0.8837386909231345,0.0
deepest voice ever,"[""How low can you go? Singer Tim Storms holds the record for the deepest voice of any human being. The man who holds the record for the world's lowest voice can hit notes so low that only animals as massive as elephants are able to hear them. U.S. singer Tim Storms can reach notes as low as G-7 (0.189Hz). That's a remarkable 8 octaves below the lowest G on a piano."", 'The Voice is an American reality television singing competition broadcast on NBC. Based on the original The Voice of Holland, the concept of the series is to find currently unsigned singing talent (solo or duets, professional and amateur) contested by aspiring singers, age 13 or over, drawn from public auditions.', 'A voice type is a particular human singing voice identified as having certain qualities or characteristics of vocal range, vocal weight, tessitura, vocal timbre, and vocal transition points (passaggio), such as breaks and lifts within the voice.', ""Cameron's Long Way Down: Mariana Trench. Seven miles is a long way down... more than a mile deeper than Mt. Everest is up. To reach the deepest part of the Mariana Trench, James Cameron will descend past some pretty amazing milestones. Here's a glimpse."", ""The deepest trench in the world, the Mariana Trench located near the Mariana Islands, is 1,580 miles long and averages just 43 miles wide. It is home to the Challenger Deep, which, at 10,911 meters (35,797 feet), is the deepest part of the ocean.ceanic trenches, such as the Puerto Rico trench, are long, narrow topographic depressions of the seabed. The deepest parts of the ocean floor, they define one of the most important natural boundaries on the Earth's solid surface: the one between two lithospheric plates.""]","The deepest voice ever is held by singer Tim Storms, who can reach notes as low as G-7 (0.189Hz).",,1.0,0.8422497854814665,0.0
what gland secrete epinephrine,"[""The Posterior Lobe of the Pituitary Gland (or neurophpophysis) stores and releases hormones secreted by the hypothalamus section of the brain including: 1 ADH (Antidiuretic hormone) stimulates the smooth muscles, blood vessels and the intestine.he Thyroid itself secretes three main hormones: 1 Thyroxine contains iodine which is essential for the body's normal growth, and metabolism. 2 Thyroxine helps control body size, regulating not only the growth of tissues but also the differentiation or specialisation of tissues."", 'Epinephrine Synthesis and Release. Epinephrine is synthesized from norepinephrine within the adrenal medulla, which are small glands associated with the kidneys. Preganglionic fibers of the sympathetic nervous system synapse within the adrenals.', 'Endocrine and exocrine glands secrete various products. These include hormones, enzymes, metabolites, and other molecules. In exocrine glands, products of these cells collect in the duct of the gland and flow toward the surface to which the duct is in contact.Since endocrine glands lack ducts, the product is released across the cell membrane into interstitial spaces around the cells. Diffusion of the product into capillaries follows.n exocrine glands, products of these cells collect in the duct of the gland and flow toward the surface to which the duct is in contact. Since endocrine glands lack ducts, the product is released across the cell membrane into interstitial spaces around the cells. Diffusion of the product into capillaries follows.', 'The exocrine gland secretes into the ducts The endocrine gland secretes directly into the bloodstream Examples of exocrine glands include sweat, salivary, mammary,â\x80¦', 'There are normally two adrenal glands, located one above each kidney. The adrenal glands are really two endocrine glands in one. The inner part produces epinephrine (also called adrenaline). The outer portion of the adrenal is called the cortex.It makes two important steroid hormones, cortisol and aldosterone.Cortisol mobilizes nutrients, modifies the bodyâ\x80\x99s response to inflammation, stimulates the liver to raise the blood sugar, and also helps to control the amount of water in the body.here are normally two adrenal glands, located one above each kidney. The adrenal glands are really two endocrine glands in one. The inner part produces epinephrine (also called adrenaline). The outer portion of the adrenal is called the cortex.']",The adrenal glands secrete epinephrine.,,1.0,0.695481913656097,0.0
does cream of chicken soup have gluten,"['Campbellâ\x80\x99s Cream of Chicken soup is not gluten-free. In fact, if you live in the US, there are no currently no Campbellâ\x80\x99s soups that are gluten-free.', ""Plus, a fresh lime wedge and Newman's Own Southwest dressing. Buttermilk crispy chicken made with 100% chicken breast filet and no added colors. Layered with savory black beans, roasted corn and tomatoes, and poblano peppers. Buttermilk crispy chicken made with 100% chicken breast filet and no added colors. Sprinkled with cheddar and jack cheeses, chili-lime tortilla strips and cilantro."", 'People with celiac disease, gluten intolerance, or a wheat allergy suffer various symptoms when they consume foods containing gluten. Luckily, many foods are naturally gluten-free, and gluten-free substitutes for many grain products are becoming increasingly available.', 'In a blender, puree the soup in several batches until smooth, 2 to 3 minutes per batch. Strain into a clean pot and bring to a simmer over medium heat. Turn off the heat and stir in the heavy cream. Season to taste with salt and pepper. Reheat gently over low heat.', ""Taking glucosamine isn't likely to have any effect on gout â\x80\x94 either good or bad. Gout is a form of arthritis that's characterized by sudden, severe attacks of pain, redness and tenderness in joints. Gout is caused by deposits of uric acid crystals in a joint.""]","Campbell’s Cream of Chicken soup is not gluten-free. In fact, if you live in the US, there are currently no Campbell’s soups that are gluten-free.",,1.0,0.8430218996887628,0.0
can you catch a sinus infection,"['Can you get a sinus infection from someone else? Not usually: Most viral upper respiratory infections are contagious (common cold viruses, flu), and these viral infections may lead to sinusitis. However, typical bacterial rhinosinusitis is not contagious.', 'Sinus Infection Symptoms. Symptoms of a sinus infection or sinusitis can include. 1 Stuffy nose. 2 Drainage or discharge from the nose. 3 Cough. 4 Pain in the jaw or teeth. 5 Sinus headache. 6 Nausea.', 'How to Dry Out a Sinus That Is Congested With Mucus. A sinus infection, also known as sinusitis or rhinosinusitis, can occur when the sinus cavities become inflamed or irritated. This inflammation can inhibit the sinuses from draining, causing mucus to build up in the nasal passages.', 'Some thoughts...: Some people have staph bacteria colonizing their skin or nose and have no obvious symptoms. During times of illness, stress, skin breakdown (cuts, scrapes) or immunosuppression, the bacteria can cause infection. You can also get it from coming into contact with it in the environment or with a person who has an active staph lesion. ...Read more.', '4 doctors agreed: 1 Yes: The typical bacteria in a sinus infection usually are sensitive to Bactrim (sulfamethoxazole and trimethoprim). ...Read more. 2 Zithromax : Azithromycin and Augmentin (amoxicillin and clavulanate) are excellent choices for sinusitis ...Read more.']",I cannot answer from the given context.,,0.0,0.0,0.9999999999
how much fat is in broccoli,"['Broccoli, Fresh (1 cup, chopped) 1 Calories: 25, Fat: 0g, Carbs: 5g, Protein: 3g. 2 Calories: 82, Fat: 1g, Carbs: 15g, Protein: 9g. 3 Calories: 19, Fat: 1g, Carbs: 3g, Protein: 1g. 4 Calories: 30, Fat: 0g, Carbs: 5g, Protein: 1g. 5 Calories: 13, Fat: 0g, Carbs: 2g, Protein: 2g. 6 Calories: 30, Fat: 0g, Carbs: 5g, Protein: 1g.', ""Above all, it's incredibly low in saturated fats. In fact, at just 7 percent, the saturated fat content is the lowest of any vegetable oil available on the market. That's particularly impressive when you compare it with olive oil, which is 14 percent saturated fat, and peanut oil, which is 19 percent."", 'So, choose you vegetables wisely. Unless otherwise stated, the vegetable food counts (carbohydrates and calories) are for average size portions of 3Â½ ounces, which is 100g. Unless otherwise stated, the food counts are for fresh (not canned) vegetables.', 'Monounsaturated fat, which is most abundant in foods like nuts and various plant oils (olive oil, canola oil, etc.), will most often end up comprising the majority of your total fat intake. For the most part, this is a good thing.', 'No matter what type of fat you consume, every gram contains 9 calories. To convert fat calories into grams of fat, just divide the calories by nine. For example, a tablespoon of olive oil has 119 calories, all of which come from fat.']","Broccoli contains 0g of fat per 1 cup, chopped.",,1.0,0.8879698330144721,0.0
how much for bitcoin today,"['The price of the coin, which broke $1,000 just a few days ago, has been rapidly approaching the price of gold, which has fallen in recent weeks. Today it reached a high of $1,242 on Mt. Gox, topping goldâ\x80\x99s $1,241.98 at the time. Erik Voorhees, an early entrepreneur in bitcoin, was in jubilant spirits. Voorhees, who sold his gambling site SatoshiDice for 126,315 BTC this year, said that it was a psychologically significant event. He said:', 'The price of Ethereum has dropped by over 40% since its peak at above $15 USD about a month ago, but now it appears to be headed northwards once again. The price of Ethereum has dropped by over 40% since its peak at above $15 USD about a month ago, but now it appears to be headed northwards once again. News Op-Ed', 'But technical analysts speaking to CNBC say the losses could go as deep as 46.5%, pushing Bitcoin down to $1,470. Get Data Sheet, Fortuneâ\x80\x99s technology newsletter. A look at history suggests even that might not be the floor. The cryptocurrency rally of the last six months is strongly reminiscent of a Bitcoin bump that unfolded from October to December of 2013, when the price skyrocketed from under $130 to over $1100. That was followed not just by a correction, but by a long, slow decline that had prices pared back to just over $200 within a year, followed by two years of steady, but slow, growth. Itâ\x80\x99s unlikely that the same precise pattern will repeat itself, mostly because the ecosystem of startups and services surrounding cryptocurrency is vastly more robust now than it was four years ago.', 'last price; btcusd=x: 11,235.955078-1,584.558594 (-12.359578%) ethusd=x: 1,036.2694-148.5647 (-12.5389%) eurusd=x: 1.2287 +0.0024 (+0.1966%) jpy=x: 110.567 +0.133 (+0.120%) gbpusd=x: 1.38114 +0.00215 (+0.15607%)', ""One bitcoin is worth about $8.67, though the exchange rate fluctuates wildly every day. Right now you can buy an 1/8th of pot on Silk Road for 7.63 Bitcoins.That's probably more than you would pay on the street, but most Silk Road users seem happy to pay a premium for convenience.o purchase something on Silk Road, you need first to buy some Bitcoins using a service like Mt. Gox Bitcoin Exchange. Then, create an account on Silk Road, deposit some bitcoins, and start buying drugs.""]",I cannot answer from the given context.,,0.0,-0.0,0.0
what color backs the military,"['With the establishment of yellow for the Armor and the use of green for the insignia on the Armor flag, the colors for the Military Police were reversed. The current colors, green piped with yellow, were assigned by regulation 600-60-1 dated 26 October 1951.', 'Special Forces should consider this carefully â\x80\x93 it might not be long before members of the security force assistance brigade are picking out a color for a newly authorized beret, and establishing their own legacy as elite advisors who live and die with their partner forces in the darkest corners of the world.', 'The BSA corporate palette is inspired by the iconic Boy Scout uniform. It includes an American Flag red and blue, paired with a uniform beige and warm button grey. White is an important component of the color palette, serving as a fifth â\x80\x9ccolor.â\x80\x9d', 'Green-Military Blue- Police Red- Fire/Rescue. it means you like blue light bulbs red has a meaning, but i dont think blue does. It means you support Law Enforcement. The same as the thin blue line, or the American Flag with one blue stripe. Blue light is for fallen officers and suicide prevention.', 'They can help Enlisted Sailors and Officers easily identify one another at a glance. In formal dress, Navy uniforms are some of the most striking and recognizable symbols of honor and tradition in the world. Whether in the blues, khakis or service dress whites, those who wear a Navy uniform wear it with pride.']",I cannot answer from the given context.,,0.0,0.0,0.0
what is definition of fever,"['Fever definition, an abnormal condition of the body, characterized by undue rise in temperature, quickening of the pulse, and disturbance of various body functions. See more. Dictionary.com', ""an elevation of body temperature above the normal circadian range as a result of an increase in the body's core temperature. Fever is a temperature above 37.2Â° C (98.9Â° F) in the morning or above 37.7Â° C (99.9Â° F) in the evening. Fever results from an imbalance between the elimination and the production of heat. Exercise, anxiety, and dehydration may increase the temperature of healthy people."", 'Also call your doctor or go to the emergency room if any child has a fever above 104 F. High fever can cause seizures in young children. Call your doctor right away if your child has a fever and: 1 Looks very sick. 2 Is drowsy or very fussy.3 Has a weakened immune system or other medical problems.4 Has a seizure. fever -- also known as a high fever or a high temperature -- is not by itself an illness.', ""Sometimes the cause of a fever can't be identified. If you have a fever for more than three weeks and your doctor isn't able to find the cause after extensive evaluation, the diagnosis may be fever of unknown origin. Complications Children between the ages of 6 months and 5 years may experience fever-induced convulsions (febrile seizures), which usually involve loss of consciousness and shaking of limbs on both sides of the body."", ""Temperature is the amount of heat in a given area, or the amount of internal heat in a person's body.""]","Fever is an abnormal condition of the body, characterized by undue rise in temperature, quickening of the pulse, and disturbance of various body functions.",,1.0,0.8441918223788933,0.0
iceland average monthly temperatures,"['Reykjavik: Annual Weather Averages. July is the hottest month in Reykjavik with an average temperature of 11Â°C (52Â°F) and the coldest is January at 0Â°C (32Â°F) with the most daily sunshine hours at 12 in March.The wettest month is January with an average of 50mm of rain.eykjavik: Annual Weather Averages. July is the hottest month in Reykjavik with an average temperature of 11Â°C (52Â°F) and the coldest is January at 0Â°C (32Â°F) with the most daily sunshine hours at 12 in March.', '1 There is a variation of average monthly temperatures of 6.45 C (11.6 F) which is a very low range. 2 The range/ variation of daily average temperatures is 5.5 C (9.9 F). 3 February is the warmest month (fairly hot) with an average temperature of 23.3 degrees Celsius (73.94 degrees Fahrenheit).', 'The warmest month of the year is July with an average maximum temperature of 89.30 degrees Fahrenheit, while the coldest month of the year is January with an average minimum temperature of 31.40 degrees Fahrenheit.', '1 The mean temperature is 16.9 degrees Celsius (62.4 degrees Fahrenheit). See the temperatures page for a monthly breakdown and the fixed scale graph. 2 Average monthly temperatures vary by 8 Â°C (14.4Â°F). This indicates that the continentality type is hyperoceanic, subtype barely hyperoceanic.', 'Mean annual temperatures vary from about 11.5 Â°C in central London and along the south coast to about 9.5 Â°C over higher ground well inland. Over the UK, mean annual temperatures range from about 7 Â°C in the Shetlands to over 11 Â°C in Cornwall and the Channel Islands.']",I cannot answer from the given context.,,0.0,-0.0,0.0
how many oscars has peter jackson wolllnlll?l,"[""New Zealand native Peter Jackson is best known as a director for his adaptation of J.R.R. Tolkien's Lord of the Rings trilogy, which won 11 Oscars. Synopsis Born on October 31, 1961, in New Zeland, Peter Jackson started his prolific career as a child, creating short films with a 8-mm movie camera. Without any formal training, Jackson has directed a number of successful films ranging across all genres. He is most well-known for his film adaptation of J.R.R."", 'This is a back-to-back win for IÃ±Ã¡rritu, who won multiple awards including best director for â\x80\x9cBirdmanâ\x80\x9d last year. Heâ\x80\x99s only the third director to win successive awards in this category (sharing the honor with John Ford and Joseph L. Mankiewicz).', 'For Titanic he won several including Academy Awards for Best Picture (shared with Jon Landau), Best Director and Best Film Editing (shared with Conrad Buff and Richard A. Harris). Cameron is one of the few filmmakers to win three Oscars in a single evening and Golden Globes for Best Motion Picture â\x80\x93 Drama and Best Director.', ""Eastwood isn't one of the majority, however, having won four Academy Awards during his lengthy career - Best Director and Best Picture in 2005 for Million Dollar Baby and Best Director and Best Picture in 1993 for Unforgiven."", 'Considered by many critics to be the greatest living actress, Meryl Streep has been nominated for the Academy Award an astonishing 21 times, and has ...']",Peter Jackson won 11 Oscars.,,1.0,0.9118165554602181,0.0
wedding venues in dallas,"['The Nuvo space located in Dallas, Texas is a chic modern venue for your wedding celebration. Nuvo is a cool loft style space, with 14 foot white ceilings and a large, flexible, main event space. The space may be arranged to serve your wedding vision with a moveable white bar, various floor plan opti... Garden Cafe.', 'Â© 2017 The Cedars Social - 1326 S. Lamar St, Dallas, TX 75215 - (214) 928-7700. Design by: The Design Factory.', ""With a little patience you'll find the perfect reception location where you can have the wedding food of your dreams! Eat, drink and be married! It's your wedding, do it the way you want! For more food ideas browse the Do It Yourself Weddings Food section of our site. Go to the Do It Yourself Weddings home page."", 'Popular in Ceremony and Reception Ideas. 1 1 of 59. Take your ceremony to new heights and frame the moment you become newlyweds with a structure that reflects the mood of your special day. 2 2 of 59. Colorful Outdoor Arch. 3 3 of 59. Garden-Inspired Arch. 4 of 59. Floral Wedding 1 Chuppah. 5 of 59. Floral Forest Arch. 6 of 59. Rose and Peony Chuppah.', 'Plan your next meeting or event at our St. Augustine hotel. Get married on the beach in our private 1,600 sq. ft. beach area with gazebo, and take advantage of 1,000 sq. ft. of flexible event space and large guest suites. Let us help you plan the perfect St. Augustine Beach wedding.']","The Nuvo space located in Dallas, Texas is a chic modern venue for your wedding celebration.",,1.0,0.7791616765093404,0.0
function of spleen in human,"['Spleen, a small, purple colored organ placed in the upper left part of the abdomen, has several important functions in human body. Basically, spleen functions as a part of the immune system and as a filter and reservoir of blood. Find out more information on function of the spleen.', 'The spleen is found on the left side of your body, behind the stomach on a level with the 9th to 11th ribs. It is similar in structure to a lymph node, and is the largest lymphatic organ in the body. The spleen contains two main types of tissue-white pulp and red pulp.5. This leaflet gives a brief overview of the spleen and its functions. The spleen is an organ about the size of a clenched fist found on the left-hand side of your upper abdomen. Its main functions are to filter your blood, create new blood cells and store platelets.', 'Spleen. The spleen is located in the upper left abdominal cavity, just beneath the diaphragm, and posterior to the stomach. It is similar to a lymph node in shape and structure but it is much larger.The spleen is the largest lymphatic organ in the body.he spleen is located in the upper left abdominal cavity, just beneath the diaphragm, and posterior to the stomach. It is similar to a lymph node in shape and structure but it is much larger.', 'A tough connective tissue capsule surrounds the soft inner tissue of the spleen. Spongy inner tissue within the spleen contains many tiny blood vessels and hollow sinuses that store blood. The spleen can release its stored blood into circulation to replace blood lost during a traumatic injury.', 'Depending on the condition under investigation, disorders of the spleen can be diagnosed using a number of tests, including: 1 Physical examination. 2 Blood tests such as a CBC. 3 Ultrasound. 4 Abdominal film or CT scan. 5 Bone marrow biopsy. 6 Other tests to check for underlying disorders.']","The spleen functions as a part of the immune system, filters blood, creates new blood cells, and stores platelets.",,1.0,0.8845925602751185,0.0
average salary for firefighters in az,"['Average salaries for Phoenix Fire Department - Arizona Firefighter: $50,193. Phoenix Fire Department - Arizona salary trends based on salaries posted anonymously by Phoenix Fire Department - Arizona employees.', 'Fire/Medics usually make more due to the fact they work for the city and many departments consider the Medic position to be a paid promotion. In the neighboring state of Arizona they make about $60,000 a year, so it probably averages out to the same when you factor in the cost of living/overtime. Jun 10, 2011.', ""See what California cities pay police, firefighters. California police officers made, on average, $97,500, including overtime, incentive pay and payouts upon retirement during 2013, according to a Bee analysis of new data from the state controller's office.Firefighters and engineers earned, on average, $125,100.Average pay for police captains across the state was $166,500; for fire captains, it was $153,600. Use this database to see the average pay for firefighters, police officers and their supervisors in nearly every California city and county.verage pay for police captains across the state was $166,500; for fire captains, it was $153,600. Use this database to see the average pay for firefighters, police officers and their supervisors in nearly every California city and county."", 'In Austin, EMTs make $28,833 every year. Paramedics make an average of $36,551 per year. And flight medics make $39,107 annually. And in Fort Worth, EMTs make $29,375 per year. Paramedics earn $37,238 each year. And a flight paramedic pulls in $39,842 annually. If youâ\x80\x99re currently looking for a paramedic job in Texas, itâ\x80\x99s recommended that you visit our job board.', ""Humphry's Peak (not to be confused with Mt Humphrey's in the Sierra) in the Coconino National Forest, is the tallest summit in all of Arizona. It is part of the San Francisco Peaks, a volcanic mountain range 9 miles north of Flagstaff, Arizona.""]","The average salary for firefighters in Arizona is about $60,000 a year.",,1.0,0.7762777826160144,0.0
how much is fireworks disney dessert,"['As the fireworks begin, celebrate with a sparkling cider toast and create a special memory with family and friends. Throughout the evening, you can now enjoy hot drinking chocolate and signature lemonades as well as coffee and tea. Wishes Fireworks Dessert Party is $49 for adults, $29 for children, tax inclusive. Reservations can be made beginning on March 20 by visiting DisneyWorld.com/dine, or calling 407-WDW-DINE.', ""For the Macy's Fourth of July Spectacular, more than 40,000 shells will be launched from six barges over the Hudson River in a span of 25 minutes. The July Fourth Boston Pops Fireworks Spectacular draws 500,000 spectators to view its show that cost a whopping $2.5 million in 2010. It's one of the most expensive and popular displays in the country."", 'Cold Stone Cakes Prices. Small Cold Stone cakes typically range from $24.99 to $55.00, depending on shape (round or rectangle) and location. Large Cold Stone Creamery cakes are priced between $36.49 and $81.00, based on the aforementioned factors.', 'If you would like to invite more than 10 children, the cost for each additional child is $3.99 plus tax. After scheduling your McDonaldâ\x80\x99s Birthday Party, if the number of guests increases or decreases by 5 or more, please call and let us know as far in advance as possible (210-375-7100).o view our pricing click here. Each Party Package is priced for the listed party supplies and Ten Happy MealsÂ® of your choice ONLY. If you would like to purchase additional food for your Birthday Party, you may place your order the day of the event.', 'Tickets for children 3 to 9 will also become more expensive. Annual-pass prices will also increase Sunday. Florida-resident gold passes with blockout dates during Christmas and spring break will cost $559, up from $549. Platinum passes with no blockout dates will cost $679, up from $649.']","The Wishes Fireworks Dessert Party is $49 for adults and $29 for children, tax inclusive.",,1.0,0.7236370546593487,0.0
how much is gas tax on gallon in florida,"['By Kate Paine â\x80¢ Jan 2, 2017. With the new year came a new increase to Floridaâ\x80\x99s gas tax. But itâ\x80\x99s unlikely consumers will even notice the rate hike: it amounts to one tenth of one cent. Floridaâ\x80\x99s gas tax is one of the highest in the country, totaling 36.59 cents per gallon. An additional 18.4 cents goes to the federal government, before cycling back down to state projects. The revenue helps restore and maintain the stateâ\x80\x99s aging infrastructure.', '2 days ago. $2.14update. There are 60 Regular gas price reports in the past 5 days in Melbourne, FL. The average Regular gas price in Melbourne, FL is $2.13, which is $0.64 lower than U.S. national average Regular gas price $2.77.', 'The Florida Department of Economic Opportunity (DEO) announced an increase of the Florida minimum wage to $8.05 per hour effective January 1, 2015. The new rate of $8.05 per hour represents a 1.5 percent increase over the previous rate of $7.93. The minimum wage for tipped employees in Florida is $5.03 beginning January 1, 2015.', 'The round trip cost would be $239.66 to go from Michigan to Florida and back to Michigan again. Regular fuel costs are around $2.32 per gallon for your trip. This calculation assumes that your vehicle gets an average gas mileage of 25 mpg for a mix of city and highway driving.', 'A car with an average. will need gallons of gas to cover the route between Birmingham, AL and Tampa, FL. The estimated cost of gas to go from Birmingham to Tampa is. During the route, an average car will release pounds of CO2 to the atmosphere. Your carbon footprint is pounds of CO 2 per mile. Note: US market averages used for calculations: 22.75 MPG and $2.33 per gallon of regular gas.']",Florida’s gas tax totals 36.59 cents per gallon.,,1.0,0.7994975401998462,0.0
weather in williamsburg virginia,"['Williamsburg: Weather Forecast. The warmest day over the next 7 days in Williamsburg is forecast to be 25th March at 20Â°C (68Â°F) and the warmest night on 24th March at 9Â°C (48Â°F). The average temperature over the next 7 days is forecast to be 16Â°C (61Â°F) and there will be 3 days of sunshine . The average for March is 0Â°C (0Â°F) in Williamsburg.', 'Williamsburg average rent grew immensely by 10.7%, from the average rent of $3,204 in September 2014 to $2,547 in September 2015. DUMBO experienced a decline in average rent of 3.77%, from $4,422.00 in September 2014 to $4,255 in September 2015.', ""1 Richmond, Virginia, Usa is at 37 30'N, 77 19'W, 49 m (161 ft). 2 See map. 3 Richmond, Virginia has a humid subtropical climate that is mild with no dry season, constantly moist (year-round rainfall).4 Summers are hot and muggy with thunderstorms. Richmond, Virginia, Usa is at 37 30'N, 77 19'W, 49 m (161 ft). 2 See map. 3 Richmond, Virginia has a humid subtropical climate that is mild with no dry season, constantly moist (year-round rainfall)."", 'Considering only the weather, then the best time to visit Virginia would be mid and late spring - May, June â\x80\x93 or late-summer and autumn; o r summer if you want to enjoy beach life in Virginia Beach or its surroundings.', 'Air and water temperatures in November are roughly the same as in May. The weather is still quite pleasant. The average daily high air temperature is 74 F and the average water surface temperature 73 F. Most locals have now stopped swimming in the sea, though many visitors still find the water comfortable.']",The warmest day over the next 7 days in Williamsburg is forecast to be 25th March at 20°C (68°F) and the warmest night on 24th March at 9°C (48°F). The average temperature over the next 7 days is forecast to be 16°C (61°F) and there will be 3 days of sunshine. The average for March is 0°C (0°F) in Williamsburg.,,1.0,0.6634948317212298,0.0
what is a digital perm,"['An example of a digital perm | Source. Digital perming (also known as a digi-perm or hot perm) is a procedure of permanently curling hair using a combination of chemical restructuring and heat. In the process, the stylist sections the hair and then applies a chemical that breaks down the structure of the hair.', 'A digital system uses. discrete values rather than the continuous spectrum values. of analog. The word â\x80\x9cdigitalâ\x80\x9d can refer to the type of data storÂ\xad. age and transfer, the internal working of a device, or the type. of display. Digital Camera: A still camera that records images in digital. format.', 'To the remaining 2 percent of the people: water pills are just that. They make you pee out the excess water, and they will make you thirsty, so you drink even more water. Sodium and potassium are vital in maintaining a healthy, functioning body. Too much, or too little of either can cause perm.', 'From Wikipedia, the free encyclopedia. The Digital Signature Algorithm (DSA) is a Federal Information Processing Standard for digital signatures. It was proposed by the National Institute of Standards and Technology (NIST) in August 1991 for use in their Digital Signature Standard (DSS) and adopted as FIPS 186 in 1993.t was proposed by the National Institute of Standards and Technology (NIST) in August 1991 for use in their Digital Signature Standard (DSS) and adopted as FIPS 186 in 1993.', 'The Pocket Digital Scale. A digital scale is a weight measuring device that measures the weight of an object or a substance. Digital scales are internal strain gauge scales that need an electric power supply to operate. A strain gauge is a thin strip of electrically-charged, deformation-sensitive foil.he Pocket Digital Scale. A digital scale is a weight measuring device that measures the weight of an object or a substance. Digital scales are internal strain gauge scales that need an electric power supply to operate. A strain gauge is a thin strip of electrically-charged, deformation-sensitive foil.']","A digital perm (also known as a digi-perm or hot perm) is a procedure of permanently curling hair using a combination of chemical restructuring and heat. In the process, the stylist sections the hair and then applies a chemical that breaks down the structure of the hair.",,1.0,0.9215927521079538,0.0
how much is property tax in tennessee,"['Median Income In. Anderson County, Tennessee. The median property tax (also known as real estate tax) in Anderson County is $966.00 per year, based on a median home value of $116,400.00 and a median effective property tax rate of 0.83% of property value.', 'Northeast Tennesseeâ\x80\x99s Sullivan County has property tax rates somewhat below the state average. The countyâ\x80\x99s average effective property tax rate is 0.66%, while the state average is 0.74%. In Kingsport, the countyâ\x80\x99s largest city, the total mill rate for 2014 was $4.3754 per $1,000 in assessed value. Washington County', 'Average Veterinarian Yearly Salary in Tennessee. Veterinarians earn a median salary of $78,580 per year. Salaries typically start from $44,600 and go up to $119,350. Source: U.S. Department of Labor Bureau of Labor Statistics. Learn more about the Veterinarian job market for salaries of real jobs in your area.', 'Median real estate property taxes paid for housing units with mortgages in 2013: $1,535 (0.9%) Median real estate property taxes paid for housing units with no mortgage in 2013: $1,317 (1.0%) Estimated median house/condo value in 2013: $162,600.', 'In general the more you make, the more you will be taxed. To find out more about TN income tax, sales tax, W4 forms, 1040 forms, tax returns, current state tax rates and general Tennessee tax information, click here for the Department of Revenue. How Tennessee State income tax rates are structured.']",I cannot answer from the given context.,,0.0,-0.0,0.0
is term gpa and semester gpa the same thing,"[""The problem, in my eyes, is listing semester GPA as Current GPA because those are not the same thing. Current GPA simply means one's GPA at this moment; without further specification (e.g. Major GPA, Technical GPA, GPA last 60 credit hours, etc.) it would imply that it still refers to the overall/cumulative GPA."", 'There is not much difference between cumulative GPA and overall GPA. The term â\x80\x9cGPAâ\x80\x9d stands for grade point average. The cumulative GPA is the grade point average of all grades a student has secured in a semester or term. However, an overall GPA may be defined as an average of all cumulative GPAâ\x80\x99s which a student has secured in all semesters and all the courses in an academic term.', 'For purposes of computing a community college GPA for a Cal Grant award, â\x80\x9cnontransferable unitsâ\x80\x9d and â\x80\x9ccourses not counted in the computation for admission to a California public institution', 'Half-time (HT) student status, fall and spring semesters. Graduates: 5 credits per semester. Undergraduates: 6 credits per semester. Summer status: Status during the summer for both graduate and undergraduate students depends on the number of weeks a student is enrolled. See chart below.', 'To see the exact dates of these deadlines in the current semester visit Academic Deadlines. 1 W grades are NOT calculated into your grade point average (GPA). 2 W grades are considered non-progress grades. 3 W grades remain on your transcript even if you re-take the class at a later date.']",I cannot answer from the given context.,,1.0,0.0,0.0
how much is sprint restocking fee,"['Additionally, a restocking fee of $45 for applicable devices may apply. If the product is returned in its original unopened packaging or has not been activated, no restocking fee will be applied. If service is canceled within 3 days of activation, the activation fee will be refunded as a credit on your account.', '12-month target price. The Wall Street analystsâ\x80\x99 consensus suggests that Sprintâ\x80\x99s 12-month target price is $7.28, which implies a potential return of -11% from its closing price of $8.15 on July 3, 2017.', '1 The direct labor cost ranges from $1.11 to $3.29 for a 3-to-4â\x80\x93minute direct consumer call. 2 When we add in indirect labor, the cost-per-call increases to a range of $1.39 to $4.75 per call. 3 When we add in occupancy, benefits, and telecommunications, the fully loaded costs range between $2.70 to $5.60 per call.For purposes of this analysis we have left out of the cost-per-call the credit card processing costs.). Total fulfillment costs for efficient companies range from $8 to $13 per order, including the major cost elements for contact center and fulfillment (but not including shipping and handling).', 'FREE 2-DAY SHIPPING. 1 After your free trial ends, you will be billed one payment of $79 for a 12 month plan or $8.95 for a monthly plan. Your membership will be automatically renewed to the same term until you cancel or set your account to do not renew.', 'at t s unlimited mobile data plan is back after discontinuing its unlimited mobile data plans back in 2010 at t has brought them back as a bundle with its u verse tv and new directv services if you re a subscriber on either of those the plan costs $ 100 for a single smartphone with additional lines at $ 40 each that s a far cry from the $ 30 that grandfathered subscribers of the older unlimited plans pay though at t will also lop $ 10 off of your directv or u verse bill']",I cannot answer from the given context.,,0.0,-0.0,0.0
price of bath fitter for a tub,"['Bath liners, including those sold under the Bath Fitter brand name, consist of sheets of acrylic molded to fit over the tub, giving it a fresh new look. These liners cost much less than a new bathtub, generally ringing in between $800 and $1,000, though wall panels and other extras can increase the price. While you may be able to get a tub liner for $1,000 or so, keep in mind that this covers the tub only.', 'Small Spray-on Bathtub Refinishing Kit $38.86 Large Kit $55.49. Do-It Yourself bathtub refinishing and resurfacing kits for reglazing bathtubs, shower wall tile, cultured marble sinks and countertops. The only bathtub refinishing kit offered anywhere that comes with a professional refinishing bonding agent included. Comes in small or large kits.', 'If youâ\x80\x99re wondering how much you should expect to pay to replace an old tub or shower, the short answer is: anywhere from about $1,500 to $5,000, with the national average running about $3,000.', ""That would also include the cost of electrical connections for the jetted tub. I'd also be curious to know the difference in water usage & water heating cost, per additional inch depth of a tub (starting with some standard depth), if someone takes a long bath twice a week."", '1 The swim spa products offered at IntegritySpas.com cost from about $10,500 to $22,300, depending on the model and features. 2 Among the units offered are the swim spa hot tubs suitable for limited backyard space, which cost $13,498. Swim spa models that measure over 5 feet tall and more than 19 feet long cost $17,799 while tubs that are over 25 feet long cost $22,299.00. 2 Swim spa models at Swim Fit Swim Spas cost about $13,000 to $15,000, depending on the speed and number of jets.']","The price of a Bath Fitter tub liner generally ranges between $800 and $1,000.",,1.0,0.8095445507285247,0.0
what is docket management,"[""Regulatory Information. Dockets Management. FDA's Dockets Management serves as the official repository for the administrative proceedings and rule-making documents for the Food and Drug Administration (FDA), an operating division of the U.S. Department of Health and Human Services (HHS)."", 'IP DOCKETING COORDINATOR. JOB DESCRIPTION. DEPARTMENT: Practice Support Group/IP Support Group. STATUS: Non-Exempt. SUMMARY. The IP Docketing Coordinator provides essential and specialized client and attorney support relating. to the docketing and deadline maintenance of all phases of domestic and foreign trademark and. patent prosecutions, from pre-filing to final maintenance of issued trademarks and patents. This.', 'This Multinautic floating dock kit includes the hardware and floats necessary to build a dock or a raft of various sizes (you can use this kit to build a 4, 5, 6 or 8 ft. wide x 12 or 16 ft. long dock).', 'Techopedia explains IT Portfolio Management. IT portfolio management is built around tools that measure data such as the costs, risks and benefits associated with the implementation of certain IT resources spread throughout the enterprise.', 'Mark to market or MTM is an accounting method where the price or value of a security reflects its current market value. As applied to taxes from trading it means that each security held open at year end is treated as if it were sold at fair market value (FMV) on the last business day of the tax year. Those who have elected the Mark to Market accounting method with the IRS report their gains and losses on the IRS FORM 4797 - Sales of Business Property-line 10.']",I cannot answer from the given context.,,0.0,0.0,0.0
how many weeks can a yolk sac be seen on ultrasound,"['Gestational Age Week 5 (Fetal Age: Week 3) Development. Around 5 weeks, the gestational sac is often the first thing that most transvaginal ultrasounds can detect. This is seen before a recognizable embryo can be seen. Within this time period, a yolk sac can be seen inside the gestational sac.', ""At 5 weeks my doctor was already able to see a yolk sac in my uterus. They only did a u/s on me because I had severe cramping that would wake me up at night so they feared it might be an ectopic pregnancy. On that 5 weeks U/S they were already able to determine that the yolk sac(the baby) was in it's right place."", ""Dating ultrasound. In most cases, where there are no problems, you'll have two ultrasounds during your pregnancy. The first will be your dating ultrasound which is booked between 10 weeks and 13 weeks plus six days of your pregnancy.During your dating ultrasound, the sonographer will put gel on your belly and move a hand-held device, called a transducer, over your skin. You'll then be able to see a view of your baby.ating ultrasound. In most cases, where there are no problems, you'll have two ultrasounds during your pregnancy. The first will be your dating ultrasound which is booked between 10 weeks and 13 weeks plus six days of your pregnancy."", ""Most patients undergo an ultrasound at around 18-20 weeks (about four and a half to five months). Normally, at this stage of pregnancy we can determine the baby's sex, but not always.e usually do this test at around 16 weeks, so in this instance, the mother can find out the baby's sex a little sooner."", 'I had a scan at 5 weeks and 2 days. No heartbeat but fully formed fetal pole which measured the size of a 6 week 4 day foetus. Got told that I had my dates wrong and that by 6 weeks and 4 days there should be a heartbeat.']",A yolk sac can be seen on ultrasound around 5 weeks of gestation.,,1.0,0.9002870174492784,0.99999999995
what is chlorine most commonly used for,"['Chlorine is one of the most widely used disinfectants. It is very applicable and very effective for the deactivation of pathogenic microorganisms. Chlorine can be easily applied, measures and controlled. Is is fairly persistent and relatively cheap. Chlorine has been used for applications, such as the deactivation of pathogens in drinking water, swimming pool water and wastewater, for the disinfection of household areas and for textile bleaching, for more than two hundred years.', 'Chloramine is a combination of chlorine and ammonia. It is a stronger disinfectant than chlorine alone and is used in areas where this extra disinfectant is needed. As with chlorine, you must eliminate this chemical from your tap water before adding it to your aquarium or it too will kill your tropical fish.', 'Our products are utilized in a wide range of applications including: industrial (non-halogen heat stabilizers, flame-retardants, Acid Acceptor), pharmaceutical (Antacids, excipients, laxatives) and food additives.', 'Other uses for clonidine include prophylaxis of vascular migraine headaches, treatment of severe dysmenorrhea, management of vasomotor symptoms associated with menopause, rapid detoxification in the management of opiate withdrawal, treatment of alcohol withdrawal used in conjunction with benzodiazepines, management of nicotine dependence, topical use to reduce intraocular pressure in the treatment of open-angle and secondary glaucoma and hemorrhagic glaucoma associated with hypertension, and ...', 'How to Neutralize Chlorine in Bathing Suits. Chlorine keeps pool water hygienic, but also damages and discolors swimsuits over time. Keep swimwear in great shape by washing it with detergent and a few tablespoons of vinegar to neutralize chlorine and eliminate odor. Next time youâ\x80\x99re at the pool, follow the advice of â\x80\x9cHealthâ\x80\x9d and place your suit in a plastic bag filled with tap water and a little vinegar after swimming.']","Chlorine is most commonly used for the deactivation of pathogens in drinking water, swimming pool water, and wastewater, as well as for the disinfection of household areas and for textile bleaching.",,1.0,0.8664982989597435,0.0
how much ltv to refinance,"[""Loan-to-value or LTV: 80%; Refinancing a home with a second mortgage. Home value: $100,000; Loan balance: $80,000; Second loan balance : $10,000; Equity: $10,000; Loan-to-value or LTV: 90%; Whether you're buying or refinancing, though, your loan's loan-to-value is important because it helps to determine your mortgage rate and your loan eligibility. Verify your mortgage eligibility (Feb 21st, 2018) High LTV loans for home buyers. Loan-to-value is a key factor in your ability to get approved for a mortgage."", 'LTV and CLTV. An LTV, or loan-to-value, is one of the key ratios that lenders use to assess the risk of a loan. The ratio is the mortgage divided by the purchase price or appraised value of the property. When a property has multiple mortgages, lenders use a combined loan-to-value ratio, or CLTV. Borrowers with an LTV or CLTV of less than 80% often get lower interest rates because lenders view such loans as less risky.', 'Streamline Refinance. For example, if youâ\x80\x99re a first time homebuyer and a qualified veteran using a zero down VA loan, your funding fee is 2.15 percent of the loan amount. If the sales price of your home is $200,000 the funding fee is $4,300.', 'Refinance Calculator. 1 With an expected re-financing cost of $0 and a monthly savings of $442 a month, someone re-financing 8417 N Willow Ave, Tampa, FL should expect a break even point of 0 years 0 months. If you are planning on staying in your home for more than this period, financing may be an option.', 'Refinance Calculator. 1 With an expected re-financing cost of $0 and a monthly savings of $1,093 a month, someone re-financing 732 County Line Rd, Roseboro, NC should expect a break even point of 0 years 0 months. If you are planning on staying in your home for more than this period, financing may be an option.']",I cannot answer from the given context.,,0.0,-0.0,0.0
tobira stock price,"['We are reiterating a Buy rating on the common stock of Tobira Therapeutics with an updated price target (intrinsic value) of $34.88 using sum-of-the parts, enterprise DCF method. Tobira Therapeutics (NASDAQ: TBRA) announced the one-year results of a Phase 2 (CENTAUR) clinical trial in patients with non-alcoholic steato-hepatitis (NASH) on July 25.', 'The stock was trading around $45.50, above the previous record close of $46.31 on Sept. 1, 2000. The stock has rallied 16% over the past 12 months, while the SPDR Technology Select Sector ETF has climbed 23% and the S&P 500 has gained 18%.', '52 Week High/Low 52 Week High is the highest sales price the stock has achieved during the regular trading hours during the most recent 52 week period. 52 Week Low is the lowest sales price the stock has fallen to during the regular trading hours during the most recent 52 week period. $ 853.50 / $ 663.284. Market cap â\x80\x9cMarket Capitalizationâ\x80\x9d is a measure of the estimated value of the common equity securities of the company or their equivalent.', '52 Week High/Low 52 Week High is the highest sales price the stock has achieved during the regular trading hours during the most recent 52 week period. 52 Week Low is the lowest sales price the stock has fallen to during the regular trading hours during the most recent 52 week period. $ 46.45 / $ 21.37. Market cap â\x80\x9cMarket Capitalizationâ\x80\x9d is a measure of the estimated value of the common equity securities of the company or their equivalent.', 'The stock subsequently rallied to $2 and, aside from a dip last fall, has remained above that level. At the time of writing, Bombardier trades for $2.60 per share. Making progress']",I cannot answer from the given context.,,0.0,0.0,0.0
is paris in europe,"[""Europe (/Ë\x88jÊ\x8aÉ\x99rÉ\x99p/ or /Ë\x88jÉ\x9crÉ\x99p/) is a continent that comprises the westernmost part of Eurasia. Europe is bordered by the Arctic Ocean to the north, the Atlantic Ocean to the west, and the Mediterranean Sea to the south.s a continent, the economy of Europe is currently the largest on Earth and it is the richest region as measured by assets under management with over $32.7 trillion compared to North America's $27.1 trillion in 2008. In 2009 Europe remained the wealthiest region."", 'Quick Answer. The largest city in Europe is the Russian city of Moscow, or Moskva, with a population of 8,297,000 as of 2014. If Turkey, which bridges Europe and Asia, is counted as part of Europe, then the largest city becomes Istanbul, which has a population of more than 12 million.', 'Paris is known as the home to many high-end fashion houses, such as Dior, Hermes, Louis Vuitton and Chanel. Many French people dress in a sophisticated, professional and fashionable style, but it is not overly fussy.', 'London has always been a part of Europe based on their geographical location. A city cannot become a part of a continent unless it is geographically located in that such conti â\x80¦ nent.', 'Weather and temperature averages for Paris, France. July is the hottest month in Paris with an average temperature of 20Â°C (68Â°F) and the coldest is January at 5Â°C (41Â°F) with the most daily sunshine hours at 8 in ... www.holiday-weather.com']","Yes, Paris is in Europe.",,1.0,0.9390956328939467,0.0
average salary of a team lead etrade,"['Average salaries for E*TRADE Financial Team Lead: $56,232. E*TRADE Financial salary trends based on salaries posted anonymously by E*TRADE Financial employees.', 'Browse T. Rowe Price Salaries by Job Title â\x86\x92. T. Rowe Price employees earn $45,000 annually on average, or $22 per hour, which is 30% lower than the national salary average of $61,000 per year. According to our data, the highest paying job at T. Rowe Price is a Senior Software Engineer at $124,000 annually while the lowest paying job at T. Rowe Price is a Web Tester at $29,000 annually.', 'A team leader is someone who provides guidance, instruction, direction and leadership to a group of other individuals (the team) for the purpose of achieving a key result or group of aligned results. The team lead reports to a project manager (overseeing several teams).', ""836 TD Bank Employee Salaries. TD Bank employees earn $39,500 annually on average, or $19 per hour, which is 43% lower than the national salary average of $61,000 per year. According to our data, the highest paying job at TD Bank is a Vice President at $103,000 annually while the lowest paying job at TD Bank is a Sales Associate at $23,000 annually. Advertisement. Oops, we don't have any salaries at TD Bank right now... Please try another job title."", 'The average salary for rate of pay jobs jobs is $49,000. Average rate of pay jobs salaries can vary greatly due to company, location, industry, experience and benefits. This salary was calculated using the average salary for all jobs with the term rate of pay jobs anywhere in the job listing.']","$56,232",,1.0,0.18613096871082288,0.0
webmd symptoms of lupus,"[""Other symptoms. 1 Raynaud's phenomenon: Some people with lupus have Raynaud's phenomenon. It affects the small vessels that supply blood to the skin and the soft tissues under the skin of the fingers and toes. 2 Hair loss: People with lupus may have periods of hair loss, either in patches or spread evenly over the head."", 'HealingWell.com Forum > Diseases & Conditions > Lupus > Muscle Weakness. I mentioned in another post that I am newly diagnosed. I have however had symptoms for a long long long time. Years, like most of you here before you were diagnosed.', 'I have had lupus for about three years now have awful joint pain I am on plaquenil and relaflen right now it seems to be helping some I still work a full time job but my feet have been giving me problems lately I am overweight also but I wanted to know bout the foot probelms lupus can cause.', 'Unfortunately, the face is a common site of involvement for cutaneous lupus.â\x80\x9d As with other inflammatory skin conditions, Fiorentino says, lupus skin involvement can adversely affect social confidence, self-esteem, and interactions in the workplace. McLean recalls that the bright red, raised rash was especially bad on her neck and scalp.', 'The new SLICC classification rule is more clinically relevant, includes updates and more inclusive definitions of lupus-related variables, and improves upon the ACR classification criteria in several important ways.']",I cannot answer from the given context.,,0.0,-0.0,0.0
how much money is made by donations,"['Contributions of money can be made in cash, by check or credit card or through some automatic deduction. For amounts up to $250, you can keep a receipt, cancelled check or statement. Donations of more than $250 require a written acknowledgement from the charity.', 'After employees volunteer for 50 hours in a year, the company provides a $750 grant to the organization ($15 per hour.). The company also matches employee donations to schools up to $5,000 annually and $1,000 to all other 501(c)(3) organizations.', 'An extensive list of sources for fundraising auction donations from companies with links to online donation request information for each business. These fundraising auction donation sources provide items ranging from $25 gift cards all the way up to cruise ship vacations.', 'The amount that you earn for donation depends on the current needs of the donor pool, but the highest paying plasma companies pay anywhere from $ 20 - $ 50 per donation, and you can give twice a week! After your initial visit, the average payment is $25 for a first donations, $ 35 for the second donation of the week.', '1 The ASRM suggests that $5,000 is a reasonable amount to expect for a paid egg donation, with $10,000 being the maximum. Despite this, clinics outside of the major cities may offer as low as $3,000. If you have previously donated eggs which have successfully lead to a pregnancy, your value is increased in future cycles.']",I cannot answer from the given context.,,0.0,0.0,0.0
what cause pain on your right side,"['Causes of pain in the right side of your stomach. The pain can be caused by a wide array of conditions, some of which are important and others harmless. For example, it may be the result of poor digestion, gas or constipation.', 'Causes for Right Side Abdominal Pain. Abdominal pain is generally classified as a dull, constant ache, the sensation of burning or tingling, or sharp stabbing pains in the stomach area. Although the pain feels like it is coming from the stomach, the stomach is only one organ that could be affected when abdominal pain is present.', ""Causes, Diagnosis And Treatment. Right side abdominal pain is commonly caused by conditions such as appendicitis, gallstones, kidney stones, constipation, ectopic pregnancy, ovarian cyst troubles, endometriosis, Crohn's disease, ulcerative colitis, trapped wind, kidney infection, pulled muscles, hepatitis, and a number of other rarer diseases."", ""In order to understand the possible cause of a 'right side stomach pain', it may be helpful to know the organs and structures that exist in this region of the body. Diseases, infections, or irritation of any of these organs will lead to a right side abdominal pain."", 'Left side abdominal pain can be caused both by organs and structures on the left section of the abdomen as well as those located away from the abdomen. Females are more likely to suffer from pain on left side of abdomen simply because they have more organs in this area.. Kidney stones in the left side of the abdomen can cause the strongest pain ever felt. It can also cause vomiting as well as a spreading of the pain from the loin to the groin. When there is a buildup of minerals a stone can form down the kidney or in the ureter.']","Pain on your right side can be caused by conditions such as appendicitis, gallstones, kidney stones, constipation, ectopic pregnancy, ovarian cyst troubles, endometriosis, Crohn's disease, ulcerative colitis, trapped wind, kidney infection, pulled muscles, hepatitis, and other rarer diseases. It may also result from poor digestion, gas, or constipation.",,1.0,0.9164133997652434,0.0
what cell structure does archaebacteria have,"[""Locomotion. Some archaea have flagella, hair-like structures that assist in movement. There can be one or many attached to the cell's outer membrane. Protein networks can also be found on the cell membrane, which allow cells to attach themselves in groups."", 'Bacterial Cell Structure and Function. Cellular world can be divided into two types, depending on the presence of nuclei inside cells. Eukaryotic cells have a well-defined nucleus surrounded by a nuclear envelope, whereas prokaryotic cells lack this compartment. All bacteria are prokaryotes. We will discover the structure and function of bacteria in this article. What do bacteria look like? When observing bacteria with microscope, it is not difficult to compare bacterial cell shapes and arrangements. There are many bacterial morphologies, each of them with a specific name. 1 Rod-shaped (Baccilus) i.e. Escherichia coli, Bacillus cereus. 2 Spherical (Coccus): i.e. Staphylococcus epiderminis. 3 Curved (Vibrio, Spirochaete) i.e. Vibrio cholera, Rhodospirilium rubrum. 4 Square-shaped (Arcula) 5 Star-shaped (Stella)', 'Cell shape and Arrangement-The three main shapes of bacterial cells are: ï\x82· Spheres (cocci [plural] or coccus [singular] ï\x82· Rods (bacilli [plural] or bacillus [singular] ï\x82· Helical (spirilla [plural] or spirillum [singular] The main arrangements are single cells, diplo- (pairs), staphylo- (clusters), and strepto- (chains).', 'Archaea. Archaea are a group of microscopic organisms that were discovered in the early 1970s. Like bacteria, they are single-celled prokaryotes. Archaeans were originally thought to be bacteria until DNA analysis showed that they are different organisms.rchaea are interesting organisms in that they have genes that are similar to both bacteria and eukaryotes. Phylogenetically speaking, archaea and bacteria are thought to have developed separately from a common ancestor. Eukaryotes are believed to have branched off from archaeans millions of years later.', 'The cell protoplasm (cytoplasm) is surrounded by the plasma membrane, a cell wall and a capsule. The cell wall itself is a layered structure in Gram-negative bacteria. All cells have a membrane, which is the essential and definitive characteristic of a cell. Almost all procaryotes have a cell wall to prevent damage to the underlying protoplast. Outside the cell wall, foremost as a surface structure, may be a polysaccharide capsule or glycocalyx. Figure 9. Profiles of the cell envelope the Gram-positive and Gram-negative bacteria. The Gram-positive wall is a uniformly thick layer external to the plasma membrane.']",I cannot answer from the given context.,,0.0,-0.0,0.0
how much power could i make on exercise bike,"['If you exercise an hour per day for 30 days at 100 watts per hour, youâ\x80\x99re shaving 30 cents per month off your electricity bill. Given the expense of the machine, it may be more economical to invest in other energy-saving measures, such as solar panels or insulation.', ""Riding your bike zaps nine to 10 calories a minute, which means a 150-pound cyclist will burn between 500 and 600 caloriesâ\x80\x94roughly the amount in a 6-inch Spicy Italian Subway subâ\x80\x94on a typical hour-long ride. (If you're heavier, you shed more calories; if you're lighter, you lose less.). Advertisement."", 'Recumbent exercise bikes start at around $130 to $150 for very basic models. The most expensive models can cost over $500. For this price, expect all the best features, such as fitness tracking synced with an app via Bluetooth, built-in speakers with audio input, extra-comfortable seats, and a range of preset programs.', 'A level between 50 and 70 percent of VO2 max represents a transition phase for most people. Above 70 percent of VO2 max, the aerobic system does not produce energy fast enough, thereby causing individuals to rely more and more on their anaerobic systems. Another important factor that must be considered when examining the relationship between the production of energy and exercise intensity is lactic acid.', ""If our bike weights in at 500 lbs plus a 200 lb load for fuel and rider, that's 700 lbs of weight. From one of Newton's laws of motion: f = ma or more useful for us: a = f/m. a = 829/700 = 1.18 g's.f our bike weights in at 500 lbs plus a 200 lb load for fuel and rider, that's 700 lbs of weight. From one of Newton's laws of motion: f = ma or more useful for us: a = f/m. a = 829/700 = 1.18 g's.""]",I cannot answer from the given context.,,0.0,-0.0,0.9999999999
what is carbohydrates?,"['Carbohydrates are one of the main types of nutrients. They are the most important source of energy for your body. Your digestive system changes carbohydrates into glucose (blood sugar). Your body uses this sugar for energy for your cells, tissues and organs. It stores any extra sugar in your liver and muscles for when it is needed. Carbohydrates are called simple or complex, depending on their chemical structure.', 'Carbohydrate. A carbohydrate is an organic compound that consists only of carbon, hydrogen, and oxygen, usually with a hydrogen:oxygen atom ratio of 2:1; in other words, with the empirical formula Cmn.Some exceptions exist; for example, deoxyribose, a sugar component of DNA, has the empirical formula C5H10O4. carbohydrate is an organic compound that consists only of carbon, hydrogen, and oxygen, usually with a hydrogen:oxygen atom ratio of 2:1; in other words, with the empirical formula Cmn.', ""Carbohydrates include starches like bread and pasta, fruit, vegetables, legumes, milk and sugars like sucrose, honey and molasses, said Samantha Heller, RD, nutrition coordinator for the Fairfield, Conn. YMCA. It's not difficult once you understand how many grams of carbohydrates are best for you each day."", 'A complex carbohydrate found in plants, which cannot be digested by human beings', ""There are three types of carbohydrates: starch, sugar and fiber. Starches and sugars provide your body with its main source of energy. They're all comprised of carbon, oxygen and hydrogen, which are organized into single units.gain, sucrose is just table sugar, and it occurs naturally in several fruits, grains and vegetables. Lactose is also a natural sugar, and it can be found in milk and other dairy products. Maltose forms naturally when starches break down from complex carbohydrates into simple sugars.""]","Carbohydrates are one of the main types of nutrients and are the most important source of energy for your body. They are organic compounds that consist only of carbon, hydrogen, and oxygen, usually with a hydrogen:oxygen atom ratio of 2:1. Carbohydrates include starches, sugars, and fiber, and they are categorized as simple or complex based on their chemical structure.",,1.0,0.8627071497320381,0.0
is phentermine a amphetamines;,"['Long-term Phentermine Pharmacotherapy: An Investigation for Symptoms of Dependence, Cravings, or Withdrawal (PC-II) The safety and scientific validity of this study is the responsibility of the study sponsor and investigators.', 'Answers from Donald Hensrud, M.D. Phentermine (Adipex-P, Suprenza) is an amphetamine-like prescription medication used to suppress appetite. It can help weight loss by decreasing your hunger or making you feel full longer. Phentermine is also available in a combination medication for weight loss (Qsymia).', 'Amphetamine is a potent central nervous system (CNS) stimulant of the phenethylamine class that is used in the treatment of attention deficit hyperactivity disorder (ADHD) and narcolepsy. Amphetamine was discovered in 1887 and exists as two enantiomers: levoamphetamine and dextroamphetamine.', 'The fixed combination of phentermine and topiramate has been developed as a weight loss agent and was approved for use in the United States in 2012. This combination has not been linked to serum enzyme elevations or clinically apparent liver injury, but has been in general use for a short time only. Topiramate by itself is used as an anticonvulsant and has been implicated in rare instances of acute liver injury.', 'because of a stupid decision I made and listened to my dr to take medication [Phentermine; which is an amphetamine] to lose weight. Sometimes even with prescription medication, it can cause major health problems later in life - the decision is yours and yours alone, all we can do is to share what we know.']","Yes, phentermine is an amphetamine.",,1.0,0.9593470396983917,0.49999999995
what gas produces yellow lightning,"['Which of these is a compound Carbon dioxide gas Liquid nitrogen Oxygen in the air Neon in lights?', 'The color of the light comes from the spectral output of the gas. In the case of a sodium-vapor bulb, the sodium gas tends to emit more photons in the long wavelength (Yellow, Orange, and Red) parts of the spectrum leading to the yellow/orange color you see.', 'Another cause for yellow semen may be the presence of urine. When a man reaches erection, the flow of urine gets blocked so that the only discharge released is the manâ\x80\x99s ejaculate. However, in some cases, a few drops of urine may end up as part of the ejaculate, changing its color to a slightly yellowish tinge. diet high in sulfur is considered to be one of the likely causes of yellow sperm. Foods rich in sulfur include garlic, onions, legumes, grains, nuts, cabbages, broccoli, and asparagus.', 'Corona discharge is a luminous partial discharge from conductors and insulators due to ionization of the air, where the electrical field exceeds a critical value. A high local electric field ionizes the air and causes a discharge.', ""Lightning is a bright flash of electricity produced by a thunderstorm. All thunderstorms produce lightning and are very dangerous. If you hear the sound of thunder, then you are in danger from lightning. Lightning kills and injures more people each year than hurricanes or tornadoes; between 75 to 100 people.t teaches them how thunderstorms are formed! Lightning Experiment: Here is a great experiment that allows kids to make lightning in their mouth. It's a great way for them to understand how lightning works. Lightning Experiment: Here is a great experiment that allows the kids to make lightning.""]",I cannot answer from the given context.,,1.0,-0.0,0.0
is hsa account taxable,"['HSA Tax Benefits. There are three key tax benefits to a Health Savings Account (HSA). Money goes into and comes out of an HSA tax-free (as long as funds are used to pay for qualified medical expenses). Contributions to HSAs are not subject to federal income taxes.*.', 'The contribution you make to your health savings account (HSA) is 100 percent tax-deductible up to a limit of $6,750 for a family and $3,350 for an individual. Your HSA-qualified health insurance must be in place by December 1st in order to qualify for a current year tax deduction.', 'Rating Newest Oldest. Best Answer: An HSA is a health savings account. You can put pre-tax dollars away and use them for medical expenses your insurance does not cover. Usually you pay the expense, submit the claim and proof of payment, and get reimbursed from the account. There are limits to what you can use the money for and how much you can set aside each year.', 'The people who can benefit most from the lavish tax advantages of HSAs basically must either be incredibly healthy or have a lot of cash on hand to cover todayâ\x80\x99s health care costs while letting their savings grow tax-free over time. Here are a few other health savings account rules that limit their usefulness:', 'An HSA Insurance Plan can be summed up in 3 easy steps: HSA Benefits at a Glance: Double-discounts. When you visit a physician, you pay with tax-free money from your health savings account--money you otherwise would have paid in taxes or premiums, for the most part.']",I cannot answer from the given context.,,0.0,0.0,0.0
how much time to submit hail claim,"['National Hail Statistics. According to a May 2016 National Insurance Crime Bureau report, Colorado had the second highest number of hail claims in the US from 2013-2015 (182,591), second only to Texas. Texas was the top state in hail loss claims from 2013 through 2015 with 394,572 hail claims. The top 10 states represented 66 percent of the total number of hail claims duing this timeframe. Personal Property Homeowners was the policy type most affected by hail loss claims from 2013 through 2015 - over 50 percent more often than the next most impacted policy type, Personal Automobile, in hail loss claims over that three-year span.', 'For claims denied under timely filing provisions, providers may follow the provider grievance resolution process, and submit proof of timely filing. BCBSAZ will accept the following documentation as proof of timely claim submission:', 'In age discrimination cases, you donâ\x80\x99t need to wait for this letter before filing a case in federal court. You can file your lawsuit at any time from 60 days after you file with the EEOC and up to 90 days after you receive the â\x80\x9cright to sueâ\x80\x9d letter.', 'There is no deadline. The Social Security Administration can take however long it needs to make its decision on your Social Security disability claim. Even the people that understood that the 120 days was an average were still confused about how long their claims were going to take. Many thought that their cases would take 120 days give or take a few days. In reality, the amount of time that it takes to make a decision varies greatly from case to case.', ""Longer than we'd like, but it depends on the state where you live and their backlog. Expect at least a month and maybe as long as three months. You can call for updates, however, and to make sure no more documentation is needed.t depends on each state. Most have a 45 day review cycle from the day the NH or LTC submitted the paperwork to get an approval. One real sticky is not getting in all the items requested (on the list the NH provided to you) at the same time.""]",I cannot answer from the given context.,,0.0,0.0,0.0
what are cellular biomarkers,"['Biomarker (cell) For other uses, see Biomarker (disambiguation). A biomarker, or biological marker, is defined as a cellular, biochemical or molecular alteration in cells, tissues or fluids that can be measured and evaluated to indicate normal biological processes, pathogenic processes, or pharmacological responses to a therapeutic intervention..', ""Elevated tumor marker levels after surgery may be an indication that the cancer has spread to other parts of the body. Tumor marker tests are likely to be a part of a testicular cancer patient's ongoing cancer care. They can be helpful in monitoring the person's response to treatment as well as detecting the recurrence of testicular cancer."", 'A genetic marker is defined as a specific gene or DNA sequence that produces a detectable trait with a known location on a chromosome and that can be used to study family and population, identification of cells, species or individual. Introduction:', 'Its levels tend to be elevated when a person is suffering from a particular type of cancer. This feature of the Beta 2 micro globulin makes it useful in the diagnosis of various types of diseases. Like many other markers for diseases, the Beta 2 micro globulin does not identify a specific cancer or condition.', 'DNA tests can show bioloical relatives, and help to detect criminals. DNA is found in both plant and animal cells because without the DNA to control what the cell will look and act like there is no cell. hope that helps, good luck! This Site Might Help You.']","A cellular biomarker, or biological marker, is defined as a cellular, biochemical or molecular alteration in cells, tissues or fluids that can be measured and evaluated to indicate normal biological processes, pathogenic processes, or pharmacological responses to a therapeutic intervention.",,1.0,0.9192896394159596,0.9999999999
symptoms of liver distress,"['Knowledge is power, and can often save a life, so here are 10 of the most common signs that a person is suffering from liver damage. Fatigue is hands down the most frequently experienced symptom in sufferers of liver disease and damage. It is important to note that a feeling of over and unwanted tiredness and fatigue can manifest itself not just physically, but mentally as well; and often both.', 'Signs and symptoms of liver disease include: 1 Skin and eyes that appear yellowish (jaundice) 2 Abdominal pain and swelling. 3 Swelling in the legs and ankles. Itchy 1 skin. Dark urine color. Pale stool color, or bloody or tar-colored 1 stool. Chronic fatigue. Nausea or 1 vomiting. Loss of appetite. Tendency to bruise easily.', 'The presence of liver problems can be inferred by the appearance of some typical symptoms such as the production of very pale and greasy stools, jaundice is always a result of liver dysfunction, in addition physical discomfort or pain just below the tight rib cage also suggests liver problems or the presence of disorders.', 'In addition, the doctor may request a liver biopsy, liver function tests, an ultrasound, a computed tomography (CT) scan, and/or a magnetic resonance imaging (MRI) scan. Some common liver disease symptoms include the following, each of which are described briefly below: Jaundice. A yellowing of the skin and eyes.', 'Clinically, toxic hepatitis can resemble any form of acute or chronic liver disease, such as viral hepatitis or bile-duct obstruction. Symptoms such as nausea, vomiting, fever, jaundice as well as abnormal liver blood tests and liver biopsy findings are often identical to viral hepatitis.']","Symptoms of liver distress include: fatigue, jaundice (yellowing of the skin and eyes), abdominal pain and swelling, swelling in the legs and ankles, itchy skin, dark urine color, pale or bloody/tar-colored stool, chronic fatigue, nausea or vomiting, loss of appetite, and a tendency to bruise easily.",,1.0,0.9391338281325671,0.0
what is carpuject,"['The carpuject is a syringe device for the administration of injectable fluid medication. It was patented by the Sterling Drug Company, which became the Sterling Winthrop, after World War II.', 'The carpal tunnel is formed by the transverse carpal ligament anteriorly and the bones of the wrist posteriorly, laterally, and medially. The median nerve and finger flexor tendons pass through the tunnel so that narrowing of the space or inflammation of the tendon synovial sheaths (tenosynovitis) may result in compression of the median nerve.', ""Carplugs, Home of the OBD2 Connector. Welcome to your one-stop store for everything on-board diagnostic for today's complex vehicles. We sell obd2 cables, obdII (J1962) connectors and also OBDii scanner interfaces for reading your car's computer."", 'Cause. Carpal tunnel syndrome is caused by a pinching of the median nerve. This nerve passes through a tunnel in the wrist called the carpal tunnel; several other tendons that control the flexion of your fingers are also located in this tunnel (flexor tendons).', 'In the interval between the epicondyle and the olecranon, it lies beneath the flexor carpi ulnaris, and ascending between the heads of that muscle, in relation to the ulnar nerve, it supplies the neighboring muscles and the elbow joint before it anastomoses with the radial and common interosseous arteries.']","The carpuject is a syringe device for the administration of injectable fluid medication. It was patented by the Sterling Drug Company, which became the Sterling Winthrop, after World War II.",,1.0,0.6668180411052926,0.0
is shin splints an injury,"['1 Shin splints are a type of overuse injury to the legs. 2 The pain is characteristic and located on the outer edge of the mid region of the leg next to the shinbone (tibia). 3 It can be extreme and halt workouts. 4 The diagnosis requires a careful focused examination.', 'While medial tibial stress syndrome is the most common form of shin splints, compartment syndrome and stress fractures are also common forms of shin splints. Females are 1.5 to 3.5 times more likely to progress to stress fractures from shin splints.', '0. 3. Shin splints is the name often given to exercise-induced pain in the lower leg, specifically along the front of the leg between the knee and the ankle-the area known as the shin.The exact cause of shin splints is not certain but they tend to be as a result of overuse and typically occur in runners.. 3. Shin splints is the name often given to exercise-induced pain in the lower leg, specifically along the front of the leg between the knee and the ankle-the area known as the shin. The exact cause of shin splints is not certain but they tend to be as a result of overuse and typically occur in runners.', 'Most tendon injuries occur near joints, such as the shoulder, elbow, knee, and ankle. A tendon injury may seem to happen suddenly, but usually it is the result of many tiny tears to the tendon that have happened over time. Doctors may use different terms to describe a tendon injury. You may hear: Tendinitis. This means inflammation of the tendon.', 'A sprain is an injury to a ligament, while a strain is an injury to muscle or tendon tissue. The purpose of muscles is to allow the body to move. A muscle attaches to bone on each side of a joint, either directly or by way of a tendon. When the muscle contracts, the joint moves through its range of motion.']","Yes, shin splints are a type of overuse injury to the legs.",,1.0,0.9219379704061046,0.9999999999
what is crossfit?,"['About CrossFit. What is CrossFit? CrossFit is a fitness and conditioning system developed by Coach Greg Glassman through many years of watching, working with, and coaching all types of people â\x80\x93 from those considered â\x80\x9cnormal and averageâ\x80\x9d, to top athletes.', 'Remember that CrossFit is the sport of fitness, and sports have rules and standards. [J]ust like the sport of basketball, baseball, etc., there are standards associated with the game. A strike is a strike. The ball through the hoop, not the ball hitting the backboard, gets you two points.', 'Bodyweightfitness is for redditors who like to use their own body to train, from the simple pullups, pushups, and squats to the advanced bodyweight movements like the planche, one arm chin-ups, or single leg squats. We do not frown on weights or barbells as another tool for training.', ""CrossFit creator calls for Adidas to sell Reebok. Greg Glassman, the creator of the fitness regimen CrossFit, didn't become one of the most powerful people in the fitness business by being coy. Glassman gives a candid interview and opens CrossFit's offices to Sharyn Alfonsi for a profile to be broadcast on 60 Minutes Sunday, May 10 at 8 p.m. ET/PT."", ""The Squeeze Press. The squeeze press is a dumbbell bench press with one slight difference: the dumbbells are kept in contact with each other at all times and you're actively squeezing them inward (against each other) as hard as possible. This simple action will shift all the stress onto the pectorals.""]","CrossFit is a fitness and conditioning system developed by Coach Greg Glassman through many years of watching, working with, and coaching all types of people – from those considered “normal and average”, to top athletes.",,1.0,0.948480724686292,0.0
cast of the seal team,"['Cast and characters Main. David Boreanaz as Master Chief Special Warfare Operator A Jason Hayes, leader of a Navy SEAL team (Bravo Team) dealing with the recent loss of one of their own. In the series pilot, Jason is referred to as a Senior Chief, but in Collapse, he calls himself an E-9 Master Chief.', 'Sierra Boggess (Ariel), Sherie Ren Scott (Ursula), Sean Palmer, Norm Lewis (King Triton), Tituss Burgess (Sebastian), Eddie Korbich (Scuttle), Jonathan Freeman (Grimsby), Derrick Baskin (Jetsam), Tyler Maynard (Flotsam), Cody Hanford (Flounder) and Jarrell J. Singleton (Flounder).', 'Actors starring in the series include, Joel Gretsch, Steve Burton, Eric Close, Heather Donahue, Matt Frewer, Catherine Dent, Ryan Hurst, Adam Kaufman, Karen Austin, Julie Benz, Tina Holmes, Willie Garson, John Hawkes, Jason Gray-Stanford, Andy Powers, Ryan Merriman, Michael Moriarty, Michael Jeter, James McDaniel, James Kirk and Dakota Fanning (who narrates, as well as starring as Allie Keys).', 'What is a SEAL? He is a common man with uncommon desire to succeed. A SEALâ\x80\x99s unflinching commitment to accomplish his mission is something that cannot be taught. Beyond his rigorous physical training, mental discipline and technological resources, it is his extraordinary, innate force of will that ensures a SEALâ\x80\x99s place amongst the pinnacle of elite warriors.', 'Monk: Tony Shalhoub, Traylor Howard, Jason Gray-Stanford, Ted Levine, Bitty Schram, Emmy Clarke, Hector Elizondo (I), Kane Ritchotte']",I cannot answer from the given context.,,0.0,0.0,0.0
what are overpacks used for in hazardous material,"[""Made with heavy duty, easy-to-clean material, this multi-functional bag is designed to safely transport your InStyler and to use as a thermal mat to protect countertops when the tool is in use. Features separate compartments for your InStyler and the power cord. You'll love it!"", '(3) scrap metal and other metal objects, except objects that are classed as hazardous materials according to section 4 of this Regulation; (4) fabrics other than absorbent fabrics used during hazardous material recovery operations;', 'The National Fire Prevention Association (NFPA) standard â\x80\x9cNFPA 704: Standard System for the Identification of the Hazards of Materials for Emergency Responseâ\x80\x9d is a safety standard that defines how hazardous materials are identified for emergency responders.', 'Sterile packaging, i.e., pouches, wrap, or rigid containers serve to maintain the sterility of processed instruments and allow for aseptic opening at point of use. Packaging should be done in a clean area using FDA-cleared materials such as pouches, wrap, or rigid containers.', 'Contact Information. Bulk deliveries by truck provide a safe, reliable supply option for high-purity argon, carbon dioxide, carbon monoxide, helium, hydrogen, nitrogen, and oxygen. Products are stored on your site either as a liquid in cryogenic tanks or as a gas in high-pressure tubes.']",I cannot answer from the given context.,,1.0,0.0,0.0
what is drang und sturm?,"['Sturm und Drang is a proto-Romantic movement in German literature and music taking place from the late 1760s to the early 1780s, in which individual subjectivity and, in particular, extremes of emotion were given free expression in reaction to the perceived constraints of rationalism imposed by the Enlightenment and associated aesthetic movements.', ""Finally someone asks that!!...I've heard it on here too, and i have no idea what it means so don't feel stupid...hopefully me and you will get an answer."", 'Nonsense, foolish talk. 1998, The Economist, Walking: More than gadding about The wafflier the piffle, the more sharply Mr Nicholson wields his skewer.', 'Stuttering: Introduction. Stuttering: also known as stammering wherein the flow of speech is disrupted by involuntary repetations and prolongation of sounds. See detailed information below for a list of 28 causes of Stuttering, Symptom Checker, including diseases and drug side effect causes.', 'Usually refers to a race of some sort where the competitors are so close you literally could throw a blanket over them. Or it is used sometimes for a crowd or gathering that i â\x80¦ s very tightly packed.']",I cannot answer from the given context.,,1.0,0.0,0.0
longest hair,"[""The official world record for the longest hair is held by Xie Qiuping of China, whose hair was measured in 2004 at 4.2 meters (14 ft) long. If Hay's hair was as long as it is claimed to be â\x80\x93 or even as long as the 6.2 meters that was reported in 2006 â\x80\x93 it would have taken the record by a considerable distance."", ""My Longest Yeah Boy Ever. Updated Oct 28, 2016 at 12:22PM EDT by Triple Zed. Added Oct 05, 2016 at 12:50PM EDT by Don. PROTIP: Press 'i' to view the image gallery, 'v' to view the video gallery, or 'r' to view a random entry."", 'The best fast way to make your hair longer and stronger naturally is by taking proper care of hair. You can use home remedies for longer hair like eggs, honey, aloe vera, olive oil, coconut oil etc. These tips will help both men and women to make hair long and thick.ence, to make your hair grow longer you need to have enough proteins in your diet. Fish, eggs, meat are some good source of proteins. Also minerals like zinc, iron are responsible for strong and healthy hair. Deficiency of these minerals can lead to gray and weak hair.', ""Unless your scalp unleashes new strands like a Chia Pet, gaining new length is going to take time. Hair typically only grows about a quarter of an inch â\x80\x94 to a half an inch max â\x80\x94 a month, says celebrity hair stylist Mark Townsend, who helped Ashley Olsen grow out her asymmetric bob to past her waist. And that's only if it is super-healthy and doesn't have a ton of split ends.. The bottom line: practice patience."", 'Coat Quality, texture and quantity of coat are of prime importance. Hair is glossy, fine and silky in texture. Coat on the body is moderately long and perfectly straight (not wavy). It may be trimmed to floor length to give ease of movement and a neater appearance, if desired. The fall on the head is long, tied with one bow in center of head or parted in the middle and tied with two bows.']","The official world record for the longest hair is held by Xie Qiuping of China, whose hair was measured in 2004 at 4.2 meters (14 ft) long.",,1.0,0.7740071415275973,0.0
interquartile math definition,"['Definition: Interquartile range is the measure of dispersion which is the difference in the values of two quartiles. The Lower Quartile is denoted as Q 1 and the Upper Quartile is denoted as Q 3. The interquartile range is Q 3 - Q 1. Semi Interquartile range is the midpoint of the interquartile range. In other words, it is one-half of the difference between the third quartile and the first quartile.', 'Sections: Quartiles, boxes, and whiskers, Five-number summary, Interquartile ranges and outliers. The interquartile range, abbreviated IQR , is just the width of the box in the box-and-whisker plot.That is, IQR = Q 3 â\x80\x93 Q 1. The IQR can be used as a measure of how spread-out the values are.Statistics assumes that your values are clustered around some central value.ections: Quartiles, boxes, and whiskers, Five-number summary, Interquartile ranges and outliers. The interquartile range, abbreviated IQR , is just the width of the box in the box-and-whisker plot.', 'IQ or intelligence quotient is a measure of relative intelligence determined by a standardized test. Simply put, it is an assessment of your ability to think and reason. William James Sidis', 'For the data set in this box plot: 1 lower (first) quartile Q1 = 7. 2 median (second quartile) Q2 = 8.5. 3 upper (third) quartile Q3 = 9. 4 interquartile range, IQR = Q3 - Q1 = 2. 5 lower 1.5*IQR whisker = Q1 - 1.5 * IQR = 7 - 3 = 4. 6 upper 1.5*IQR whisker = Q3 + 1.5 * IQR = 9 + 3 = 12.', 'The median is the (11 + 1) Ã· 2 = 6 th value. The lower quartile is the (11 + 1) Ã· 4 = 3 rd value. The upper quartile is the 3 (11 + 1) Ã· 4 = 9 th value. Therefore, the median is 8, the lower quartile is 4, and the upper quartile is 11. 3, 4, 4, 6, 8, 8, 10, 10, 11, 12, 31. The interquartile range is the difference between the upper quartile and lower quartile. In this example, the interquartile range is 11 - 4 = 7.']",The interquartile range is the measure of dispersion which is the difference in the values of two quartiles. The Lower Quartile is denoted as Q1 and the Upper Quartile is denoted as Q3. The interquartile range is Q3 - Q1.,,1.0,0.6290825313961396,0.4499999999775
what is a straddle,"['A straddle is any set of offsetting positions on personal property. One example, is a put and call option on the same number of shares of a particular security, with the same exercise price and expiration date.', 'The stifle (knee) connects the femur (thigh. bone) and tibia (leg bone) with a patella. (kneecap) in front and fabella (a small. bean-shaped bone) behind. Cartilage (the. medial meniscus and lateral meniscus) cushions the bones, and ligaments hold. everything in position.', ""Side Reins: Reins used in training to help position the horse's head. They attach at one end to the bit and to the girth or to the training surcingle at the other end. Snaffle (bit): Design of bit that acts on the corners or bars of the horse's mouth."", 'The Stooge antic that is most often used in movies is the eye-poke. This was the usual punishment Moe delivered to all the other Stooges. Usually, Moe would â\x80\x9chitâ\x80\x9d the target, but other times, they would use a hand-block to stop him. The hand block involves holding the hand perpendicular to the face, against the nose.', '1. verb. 1 If you stoop, you stand or walk with your shoulders bent forwards. 2 Stoop is also a noun. 3 If you stoop, you bend your body forwards and downwards. 4 If you say that a person stoops to doing something, you are criticizing them because they do something wrong or immoral that they would not normally do.']","A straddle is any set of offsetting positions on personal property, such as a put and call option on the same number of shares of a particular security, with the same exercise price and expiration date.",,1.0,0.7781185598318944,0.0
what is a pulley for,"['In a pulley system, one end of the rope is attached to the load and the other end is pulled in order to move or lift the load. A single pulley has only one wheel. The pulley makes the task of lifting a load more convenient since it is easier to pull a rope down than it is to lift a weight up.', ""You won't believe these 10 facts about people. An idler pulley is a specific part of a vehicleâ\x80\x99s belt system that helps regulate how the belts run from the crankshaft to generate movement in other parts and engine accessories. It is one of a set of pulleys that a belt rests on."", 'reinforce the structure of the ï¬\x82 exor tendon sheaths (Figure 3). Th ese pulleys also provide a fulcrum to elicit ï¬\x82 exion and exten-sion. Variations in the pulley anatomy have been reported; how-ever, the A2, A3, and A4 pulleys are relatively constant in their anatomic locations (2).', 'Also used on fixed structures, pull tube risers are pipelines or flowlines that are threaded up the center of the facility. For pull tube risers, a pull tube with a diameter wider than the riser is preinstalled on the facility. Then, a wire rope is attached to a pipeline or flowline on the seafloor. The line is then pulled through the pull tube to the topsides, bringing the pipe along with it.', 'For those who can do two or more pull-ups, you will start with weighted pull-ups. You need a dip belt to do this. Most gyms carry one or you can buy one from some of the sport equipment stores.']",A pulley is used to make the task of lifting a load more convenient since it is easier to pull a rope down than it is to lift a weight up.,,1.0,0.9204052377125528,0.3333333333
what is gabba,"['The Brisbane Cricket Ground, commonly known as The Gabba, is a major sports stadium in Brisbane, the capital of Queensland. It is named after the suburb of Woolloongabba, in which it is located.etween 1993 and 2005, The Gabba was redeveloped in six stages at a cost of A$128,000,000. The dimensions of the playing field are now 170.6 metres (east-west) by 149.9 metres (north-south) to accommodate the playing of Australian Football at elite level.', 'Gab is an uncommon given name for men but a somewhat popular last name for all people (#118954 out of 150436, Top 79%). (2000 U.S. Census). Below is a charted analysis of the usage of the boy name Gab and associated names.Gabriel (#24 last year) , Gay and Gabe are the popular variation forms of Gab (not in Top 1000) .ab is an uncommon given name for men but a somewhat popular last name for all people (#118954 out of 150436, Top 79%). (2000 U.S. Census). Below is a charted analysis of the usage of the boy name Gab and associated names.', ""GABA (gamma-aminobutyric acid) supplements have been known to treat these issues along with many others that prevent people from following through with their everyday routines. GABA is a natural source of energy that is given off in your brain through specific neurotransmitters.ABA supplements have been proven to reduce these issues to some extent. Although GABA supplements do not provide the same kind of direct attention to the body's nervous system as the natural chemical does, they do work with the body's peripheral nervous system in order to slow down actions in order to remain calm."", '1 Gabite Scales were stated to be a cure for sickness in the anime special Pokemon PokÃ©mon Mystery: Dungeon explorers Of & Time. 2 Darkness due to the censor that Prevents pokemon pokÃ©mon with offensive nicknames being traded ON, the Gts an English language gabite cannot be traded ON the gts without a Nickname In pokemon PokÃ©mon. black and white', 'Gabapentin Treatment and Use. Gabapentin is the generic form of an anticonvulsant medication which can be used alone or with other medications for the treatment and reduction of seizure occurrences caused by epilepsy. Gabapentin is also used in the treatment of pain caused after herpes or a shingles infection.abapentin Treatment and Use. Gabapentin is the generic form of an anticonvulsant medication which can be used alone or with other medications for the treatment and reduction of seizure occurrences caused by epilepsy. Gabapentin is also used in the treatment of pain caused after herpes or a shingles infection.']","Gabba is a major sports stadium in Brisbane, the capital of Queensland, commonly known as The Gabba. It is named after the suburb of Woolloongabba, in which it is located.",,1.0,0.8599021715941301,0.0
what is granicrete,"['Granicrete is very durable, and, unlike granite, remains impermeable to water, food bacteria, harsh chemicals and stains. Granite, on the other hand, stains with certain fruits, oils, and retains bacteria. Granicrete is also seamless and uses a USDA approved epoxy coating, unlike granite.', 'Summary. You have learned that grana serve as the substrate for the light reactions of photosynthesis. You have also examined the structure of grana and the role they play in generating ATP in plant and algae cells, which can differ in their thylakoid organization.nstructor: Meredith Mikell. Grana are a necessary part of the process of photosynthesis. In this article you will learn exactly what grana are: their structure, function, and prevalence, and will test your knowledge with a short quiz.', 'uncountable noun. 1 Gypsum is a soft white substance which looks like chalk and which is used to make plaster of Paris. 2 a colourless or white mineral sometimes tinted by impurities, found in beds as an evaporite. It is used in the manufacture of plaster of Paris, cement, paint, school chalk, glass, and fertilizer.', 'Granulomas are small, red, raised areas on or around the stoma. They develop as a result of over-healing of damaged skin or the stoma surface, possibly due to friction from the bag. Some, but not all, stoma granulomas can cause bleeding and discomfort.', 'The word granite comes from the Latin granum, a grain, in reference to the coarse-grained structure of such a holocrystalline rock. By definition, granite is an igneous rock with at least 20% quartz and up to 65% alkali feldspar by volume. The term granitic means granite-like and is applied to granite and a group of intrusive igneous rocks with similar textures and slight variations in composition and origin.']","Granicrete is a durable material that remains impermeable to water, food bacteria, harsh chemicals, and stains. It is seamless and uses a USDA approved epoxy coating, unlike granite.",,1.0,0.7221018659257371,0.0
what county is junction city ar in,"['Junction City is the southernmost city in Arkansas. Straddling the state line with Louisiana, Junction City has two city governments and exists in Union County, Arkansas; Union Parish, Louisiana; and Claiborne Parish, Louisiana. Junction City was created by the Arkansas Southern Railway Company, which was formed by the directors of the South Arkansas Lumber Company. Both businesses were incorporated in August 1892, and the railroad began building a line from El Dorado (Union County) south to the state line.', 'Lebanon Junction, Kentucky. Lebanon Junction is a home rule-class city in Bullitt County, Kentucky, in the United States. The population was 1,813 as of the 2010 census.', 'Cities & Towns. Clarksville. Located near the banks of the Arkansas River and Lake Dardanelle, Clarksville, the Johnson County seat, is home to the University of the Ozarks and the Walton Fine Arts Center. With the entire northern half of the county in the Ozark National Forest, scenic beauty and outdoor opportunities abound -- canoeing, fishing, hiking and camping.', ""Jackson County Courthouse Edna, Texas Open Monday - Friday 8:00am - 5:00pm Tax Assessor's Office 8:00am - 4:30pm"", 'Gordon County. There are 513 real estate listings found in Gordon County, GA. There are 7 cities in Gordon County which include Ranger , Calhoun , Fairmount , Resaca , and Oakman . There are 8 zip codes in Gordon County which include 30734 , 30701 , 30139 , 30735 , and 30732 .']","Junction City is in Union County, Arkansas.",,1.0,0.8147076591801227,0.0
what is an acl,"['An access control list (ACL), with respect to a computer file system, is a list of permissions attached to an object.An ACL specifies which users or system processes are granted access to objects, as well as what operations are allowed on given objects.Each entry in a typical ACL specifies a subject and an operation.n the 1990s the ACL and RBAC models were extensively tested and used to administrate file permissions. A filesystem ACL is a data structure (usually a table) containing entries that specify individual user or group rights to specific system objects such as programs, processes, or files.', 'The anterior cruciate ligament (ACL) is one of a pair of cruciate ligaments (the other being the posterior cruciate ligament) in the human knee.They are also called cruciform ligaments as they are arranged in a crossed formation.ehabilitation is crucial to any ACL surgery. ACL surgery typically takes 6 to 9 months for complete recovery and return to sports or such activity. Revision ACL surgery will often take 9 months to more than a year. During this time, the doctor should guide the patient through the rehabilitation process.', 'HeartCode ACLS Part 1 Updated:Aug 12,2016 HeartCodeÂ® ACLS Part 1 is a Web-based, self-paced instructional program that uses eSimulation technology to allow students to assess and treat patients in virtual healthcare settings. In this environment, students apply their knowledge to real-time decision making and skills development.', ""Acute acalculous cholecystitis (AAC) is an acute inflammation of the gallbladder in absence of gallstones. It is a potentially fatal form of acute cholecystitis that usually occurs in critically ill patients. The disease may often go unrecognized due to the complexity of the patient's medical and surgical problems."", ""A severe form of ACL injury caused by direct contact is called the unhappy triad, also known as the terrible triad, or O'Donaghue's triad.. The unhappy triad involves injury of the anterior cruciate ligament, the medial collateral ligament, and the medial meniscus.""]","An access control list (ACL) is a list of permissions attached to an object in a computer file system, specifying which users or system processes are granted access to objects and what operations are allowed on those objects. Additionally, the anterior cruciate ligament (ACL) is one of a pair of cruciate ligaments in the human knee, crucial for knee stability.",,0.8,0.6576667337831733,0.0
what are the possible reasons the decline of the maya,"['There are many known reasons for the decline and disappearance of the Mayan Civilization during the Classic period, such as population growth and increased scale of kingdoms. The Yucatan began to get overpopulated during the Classic period and eventually there was no more room on the Yucatan Peninsula for more people.', 'As a result, the rapid deforestation exacerbated an already severe droughtâ\x80\x94in the simulation, deforestation reduced precipitation by five to 15 percent and was responsible for 60 percent of the total drying that occurred over the course of a century as the Mayan civilization collapsed.', 'From the third to the ninth century, Maya civilization produced awe-inspiring temples and pyramids, highly accurate calendars, mathematics and hieroglyphic writing, and a complex social and political order.', ""Because Belize's original Maya peoples were decimated by disease and wars, or fled to Mexico and Guatemala, many of the country's Maya today are descended from other groups. The current Maya population consists mainly of three language groups. The Yucatec fled to Belize in the late 1840s to escape the Caste War in YucatÃ¡n, Mexico. Their descendants live in the Orange Walk and Corozal districts, which border on Mexico."", 'Stable Food Supply: The Mayan food was very healthy and had a lot of protein and nutrition. This is why many Mayans were very healthy and strong. Maize was a major crop, one of the staple food, and were grown in farms. Beans was also a big protein source. The Mayans ate a lot of vegetables, including squash, pumpkin, manioc, tomato, sweet potato, etc. Their fruits were, avocado, papaya, and guava, etc.']","The possible reasons for the decline of the Maya include population growth and increased scale of kingdoms leading to overpopulation on the Yucatan Peninsula, rapid deforestation exacerbating severe drought, and the resulting reduction in precipitation.",,1.0,0.9343217892475847,0.0
how much is a switch,"['An ignition switch can cost $12-$550 or more but averages about $50-$250, depending on the make and model of vehicle, if it is a single part or a combined unit (both ignition switch and lock cylinder), and whether the part is aftermarket (produced by a company other than the original vehicle manufacturer) or OEM (from the vehicle manufacturer).', '1985-1990 Bronco II Window Control Switch Ford (1985 1986 1987 1988 1989 1990 85 86 87 88 89 90 truck, passenger side, Drivers side, power, button, panel, door, lock). $25.00 & FREE Shipping Only 1 left in stock.', 'Basics. Basic recessed lights run from $20 to $60 on average, states Cost Helper. If you want a more energy-efficient model that generates less heat, expect to pay from $75 to $150. Add to this the cost of paying the electrician, which will cost $50 to $200 per light, depending on the type of installation they require.', '8.99 Flushing, NY. Price may be different because of the location and the owner or company. Feel free to ask the workers at your local DD. They will glad to help you.', 'A network switch is a multiport network bridge that uses hardware addresses to process and forward data at the data link layer (layer 2) of the OSI model.']",I cannot answer from the given context.,,0.0,0.0,0.0
can Climbing Roses grow as bush roses?,"['Planting a climbing rose. Climbing roses will require some support, normally in the form of horizontal wires spaced 45cm (18 inches) apart up the wall or fence and positioned about 7cm away from the wall to allow air circulation. You can also grow climbing roses over a rose arch, which is very effective.Walls and other solid structures often cause the soil at their base to be dry so place your climbing rose 30-45cm (12-18 inches) away from the wall or fence at a 45 degree angle.rowing roses in containers. If you have heavy clay soil or just want to brighten up your patio you can successfully grow roses in containers. Containers need to be at least 30-45cm (12-18 inches) deep for bush roses; miniature roses can be grown in pots as small as 25cm (10 inches) deep.', 'About Tree Roses. Tree roses are manufactured plants -- the flowering top is hand-grafted onto the thick stem of a different rose variety to produce a tree-like plant.', 'Potted roses are the very same roses as bare root roses. After each rose is dug up from the field, it is planted into a 6 litre pot, with our specially formulated planting mix. They are ideal for adding instant colour to the garden during the summer months, as well as making thoughtful gifts throughout the year.otted roses are the very same roses as bare root roses. After each rose is dug up from the field, it is planted into a 6 litre pot, along with our specially formulated planting mix.', 'Roses must have good drainage and perform best when they have abundant water. The soil around the roots should always be moist but never saturated. Apply water when the top 1 to 2 inches of soil is dry. Thorough, deep watering is important.', 'Pruning Knock OutÂ® Roses. June 12th, 2013. Prune your rose bush in early spring, never in the fall and never in the winter. Check your rose bush from time to time as spring moves along and when you start to see new shoots growing from the canes on your rose bush, thatâ\x80\x99s a good sign that it is time to prune.']",I cannot answer from the given context.,,0.0,0.0,0.0
what does microsoft warranty cover for surface book?,"['What does the warranty cover, and how long are my Surface and accessories covered? Your Surface standard limited warranty has two parts: Limited hardware warranty: Includes service on hardware and covered accessories for one year from the date of purchase. Covered accessories include the Surface branded accessories.*. Technical support: Provides help and technical support on preinstalled software for the first 90 days after purchase.', 'The Surface Pro 3 is the third professional tablet from Microsoft that doubles as an Ultrabook. It was announced May 20 at a press event in New York City. Despite being called the Surface Pro 3, it is not a direct follow-up to the Surface Pro 2. Instead, the Surface Pro 3 is an entirely new model with a larger screen.', ""The Surface Pro 4 should only cement Microsoft's place as the leader in 2-in-1 laptops, and for that alone it should be worth the hefty price of admission when it launches on October 26. But I'll save final word on that point for our full review.icrosoft's also allowing those who pre-order to customize their Surface Pro 4, with the gamut of choices from Intel Core m3 to Core i7 chips, 4GB to 16GB of RAM and 128GB to 1TB of storage."", ""Note: Scratch or damage the GPS in any way and you bought it. There is a $100 manufacturer's fee for returning a GPS that is anything other than pristine new condition. Note*: The warranty does not include the glass face."", 'The Microsoft Surface Pro 4 is a good-looking and premium-feeling tablet, and Microsoft has made a similarly attractive peripheral with the Microsoft Surface Keyboard. It has a silver and gray color scheme, and the metal back feels nice and sturdy.']",I cannot answer from the given context.,,1.0,0.0,0.0
what do potatoes grow from,"['Potatoes are either grown from tubber or from Seed known as TPS (True Potato Seed). Potato plant bear flowers and seed pod in which there is very small size seed which can be planted for germination of plants. seed is very small therefore, this mostly used by breeders. Commercial farmers use tubbers.', 'We have two great challenges to growing potatoes in central Texas. First, potatoes like deep, rich, loose, slightly acid soil and ours tends to be shallow, poor, highly alkaline, and sticky. Potatoes also give small yields if exposed to high temperatures or really wet conditions too early.', 'When the potatoes are done growing, I like to leave mine in-ground and harvest as needed rather than dig the entire crop right away. This should not be done if it rains a lot or if the dirt drains poorly because of the risk of rot or sprouting.', 'Other Benefits and Cautions. Juice from potatoes is a good treatment for burns, bruises, sprains, skin problems, ulcers, effects of narcotics, prostate cancer, uterine cancer, and the formation of cysts or tumors. On the other hand, some care also needs to be taken while eating potatoes.', 'Health benefits of Potato. Potatoes are one of the finest sources of starch, vitamins, minerals and dietary fiber. 100 g provides 70 calories. They carry little fat (just 0.1 g per100 g) and no cholesterol. They are excellent natural sources of both soluble and insoluble fiber.']",Potatoes are either grown from tubber or from Seed known as TPS (True Potato Seed).,,1.0,0.8614109965089684,0.0
what does sbp mean,"['The Survivor Benefit Plan (SBP) is a monthly benefit paid to the designated beneficiary of a retired servicemember who has passed away.', 'One option available to you is the Survivor Benefit Plan. The SBP is an insurance plan that will pay your surviving spouse a monthly payment (annuity) to help make up for the loss of your retirement income. The plan is designed to protect your survivors against the risks of:', ""Definition of 'Systematic Withdrawal Plan'. Definition: SWP refers to Systematic Withdrawal Plan which allows an investor to withdraw a fixed or variable amount from his mutual fund scheme on a preset date every month, quarterly, semi annually or annually as per his needs."", 'Biophysical Profile (BPP) What is a biophysical profile (BPP)? A biophysical profile (BPP) is a test that combines a nonstress test with ultrasound to check the health of the fetus. A nonstress test (NST) measures the fetal heart rate in response to the movements of the fetus.', 'Abbreviations: Bup-HCl, buprenorphine hydrochloride; Bup-SR, sustained-release formulation of buprenorphine. 1 Provision of postoperative analgesia is a necessary component of animal research and contributes to the principle of refinement by alleviating or minimizing pain and distress.']",SBP stands for Survivor Benefit Plan.,,1.0,0.9554779174852769,0.49999999995
how many calories in a medium smoothie king smoothie,"['There are 280 calories in 1 serving of Burger King Strawberry Banana Smoothie (Medium). Calorie breakdown: 3% fat, 93% carbs, 4% protein.', 'Calories In Green Apple Ginger Turmeric Spinach Smoothie Calories: 466, Fat: 5g, Carbs: 106g, Protein: 11g, Fiber: 33g. Calories In Shrimp with green apple salsa Calories: 185, Fat: 7g, Carbs: 7g, Protein: 24g, Fiber: 2g.', 'How many calories are in 1 serving? 140 calories (0 kilojoules) are in 1/2 cup - it is equivalent to 91.0 oz gelatoons gelatin, 0.78 piece mamon, and 0.45 medium fruit and/or nuts muffin. Overall Score Modest.', ""New Happy Meal with hamburger, fries-and-apple combo, and kids' regular Coke: 470 calories, 14g fat (4 g saturated fat)."", 'Answer: One serving (2 tablespoons, 1 oz., or 1/5 of a medium avocado) has 50 calories. This is one of the most common questions we receive from avocado lovers interested in avocado nutrition facts. Most people are surprised when they learn about avocado calories.']",I cannot answer from the given context.,,0.0,-0.0,0.0
what is a note for mortgage,"[""(June 2010). In the United States, a mortgage note (also known as a real estate lien note, borrower's note) is a promissory note secured by a specified mortgage loan; it is a written promise to repay a specified sum of money plus interest at a specified rate and length of time to fulfill the promise."", 'When you take out a loan to purchase a home, you are required to sign two documents: a promissory note and a mortgage (or deed of trust). Assignments and endorsements are the ways that these documents are transferred between banks.', 'Mortgage loans. 1 are loans in which the loan applicant is supposed to give a property or any security as mortgage. 2 The mortgage can be land or assets like gold, securities, insurance etc. 3 There are very few mortgage free loans, one example being personal loans.', 'When a mortgage is a negotiable instrument it is governed by Article 3 of the Uniform Commercial Code. See Negotiable Instruments. A mortgage may be used as a security interest by the mortgage. See Secured Transactions. The law of mortgages is mainly governed by state statutory and common law.', 'mortgage (mortgagee) clause. A property insurance provision granting special protection for the interest of a mortgagee (e.g., financial institution that has an interest in the property) named in the policy, in effect setting up a separate contract between the insurer and the mortgagee.']",A mortgage note is a promissory note secured by a specified mortgage loan; it is a written promise to repay a specified sum of money plus interest at a specified rate and length of time to fulfill the promise.,,1.0,0.9474718743078995,0.0
what county is topsham me,"['Topsham is a town in Sagadahoc County, Maine, United States. The population was 8,784 at the 2010 census. It is part of the Portlandâ\x80\x93South Portlandâ\x80\x93Biddeford, Maine metropolitan statistical area. The town is home to the annual Topsham Fair.', 'Kidder County District Main Office Kidder County -Steele School High School Elementary School Baseball field Mark Abbott Athletic Field Gymnasium Kidder County â\x80\x93 Tappen School. read more. Updates on make up days for Kidder County Schools: There will be school on April 17th (Easter Monday). Music Tour April 19-23. Baseball and Track Seasons have begun! Good luck to coaches and players! Schedule changes and updates are on rscheduler (Activities Schedule).', 'Rocky Top is located in northern Anderson County, and is the northern terminus of U.S. Route 441. Interstate 75 serves the city with two exits and leads south 24 miles (39 km) to Knoxville and north 32 miles (51 km) to the Kentucky state line at Jellico, Tennessee.', '2 County Rd Tuftonboro, NH 03850. Property Overview - 2 County Rd, Tuftonboro, NH 03850 is a single family home built in 1880. According to the Tuftonboro public records, the property at 2 County Rd, Tuftonboro, NH 03850 has approximately 4,282 square feet, 4 beds and 4 baths. Nearby schools include Tuftonboro Central School, Kingswood Regional Middle School and Kingswood Regional High School.', 'Pleasants County is part of the Third Judicial Circuit, which also includes Doddridge and Ritchie Counties. The county seat is St. Marys. Family Court. Pleasants County is part of the Third Family Court Circuit, which also includes Wood County.']","Topsham is in Sagadahoc County, Maine.",,1.0,0.8777972891786221,0.0
what is bargain hunt store,"['Bargain Hunt Overview. Bargain Hunt is a unique, growing discount retail chain headquartered in LaVergne, Tennessee. Bargain Hunt Stores are currently located in nine states: Tennessee, Alabama, Georgia, Mississippi, Kentucky, North Carolina, South Carolina, Indiana and Ohio. Operating out of this ...', ""Did you find what you were looking for? Shop Overstockâ\x84¢ and find the best online deals on everything for your home and your family. We work every day to bring you discounts on new products across our entire store. Whether you're looking for memorable gifts or everyday essentials, you can buy them here for less. Not just anyoneâ\x80\x99s mobile outlet, your mobile outlet."", ""Funny 'N' Wacky. 3fifteen offers a unique and novel thrift store shopping experience. Located in Marshall Square Mall, adjacent to Syracuse Universityâ\x80\x99s campus, the atmosphere is hip with an eclectic vibe geared towards college students, university staff and the overall higher education environment."", 'Target, for your home, for all your fashion needs, for you and your family. Target have new styles arriving all the time.', 'Milwaukee Habitat for Humanity. Milwaukee Habitat for Humanity > Shop > ReStore Locations & Hours > ReStore Milwaukee. Habitat for Humanity ReStore is a full-service donation center and retail store in the Walkerâ\x80\x99s Point neighborhood, just south of downtown Milwaukee. Milwaukee Habitat for Humanity ReStore.']","Bargain Hunt is a unique, growing discount retail chain headquartered in LaVergne, Tennessee, with stores located in nine states: Tennessee, Alabama, Georgia, Mississippi, Kentucky, North Carolina, South Carolina, Indiana, and Ohio.",,1.0,0.8157154742140426,0.0
what is a photostat,"['This article relies too much on references to primary sources. (December 2014) (Learn how and when to remove this template message) The Photostat machine, or Photostat, was an early projection photocopier created in the decade of the 1900s by the Commercial Camera Company, which became the Photostat Corporation.', 'Phototaxis is called positive if the movement is in the direction of increasing light intensity and negative if the direction is opposite. Two types of positive phototaxis are observed in prokaryotes. The first is called scotophobotaxis (from the word scotophobia ), which is observed only under a microscope. This occurs when a bacterium swims by chance out of the area illuminated by the microscope.', 'Photosynthesis is the process used by plants, algae and certain bacteria to harness energy from sunlight into chemical energy.There are two types of photosynthetic processes: oxygenic photosynthesis and anoxygenic photosynthesis. Oxygenic photosynthesis is the most common and is seen in plants, algae and cyanobacteria.hotosynthesis is the process used by plants, algae and certain bacteria to harness energy from sunlight into chemical energy.', 'References. This blood test measures an enzyme called aspartate aminotransferase (AST). Enzymes are chemicals that help the cells of your body work. AST is found in red blood cells, liver cells, and muscle cells, including the heart. It is released into the blood when these cells are damaged.This enzyme is also called serum glutamic-oxaloacetic transaminase, or SGOT. The AST level is measured to check the liver, kidneys, heart, pancreas, muscles, and red blood cells. This test is also done to check medical treatments that may affect the liver.t is released into the blood when these cells are damaged. This enzyme is also called serum glutamic-oxaloacetic transaminase, or SGOT. The AST level is measured to check the liver, kidneys, heart, pancreas, muscles, and red blood cells. This test is also done to check medical treatments that may affect the liver.', 'Split and merge into it. Answer by Artifaxiom. Confidence votes 174. Ultraviolet (UV) spectroscopy is a method of determining which wavelengths (colours) of visible light a sample absorbs or emits.There are three main types of UV spectroscopy: transmittance, absorbance, and emission.Transmittance and absorbance spectroscopy are opposites of one another.plit and merge into it. Answer by Artifaxiom. Confidence votes 174. Ultraviolet (UV) spectroscopy is a method of determining which wavelengths (colours) of visible light a sample absorbs or emits.']","The Photostat machine, or Photostat, was an early projection photocopier created in the decade of the 1900s by the Commercial Camera Company, which became the Photostat Corporation.",,1.0,0.8060276061424988,0.0
what is an antelopes baby called,"['A baby Antelope is called a Kid. A young antelope is called a calf. A baby Antelope is called a Kid.', 'There are no other names for a baby lamb because baby sheep are called lambs. A lamb is a young sheep that is less than 14-months-old, so newborn sheep are called lambs.', ""The symbolic meaning of the Antelope is centered in it's ability to move, adapt and survive... thriving in the harsh conditions of the dry desert. The Antelope gets most of it's water from plants, decreasing the need to go to the river to drink. This ability allows the Antelope to avoid predators that wait at the riverbanks."", 'The Basics: Female goats are called DOES or DOELINGS as babies. Male goats are called BUCKS or BUCKLINGS as babies. If a male goat has been castrated (neutered) they are known as a WETHER. The ONLY way to get milk from a goat is to get a female doe pregnant so she can have babies first. Each time a goat has babies, this kick starts her milk production and is known as a FRESHENING.', 'Baby squirrels are infants or babies. There is no specific group name for a family of squirrels because this animal does not practice a hierarchical structure in nature.']",A baby Antelope is called a Kid.,,1.0,0.8849461080918273,0.0
what are the three different parts of a nucleotide,"['Nucleotides are composed of three units: base, sugar (monosaccharide) and phosphate. Bases are found in both DNA and RNA. As seen below, they are adenine, cytosine, guanine, thymine, and uracil.They are abbreviated (A, C, G, T, U).denine (A) cytosine (C) guanine (G) thymine (T) uracil (U). The sugar component in RNA is ribose and in DNA is deoxyribose (hence the name ribonucleic acid and deoxyribonucleic acid). The third component of nucleotides is the phosphate ion.', 'a monomer of DNA or RNA is called a nucleotide.the nucleotide is actually a combination of (1)a deoxyribose/ribose sugar (2)a base(A,G,C,T/U) (3)phosphoric acid.All these combâ\x80¦ine and form a nucleotide.a large number of these nucleotides join together through phosphodiester linkage to form a polymer of DNA/RNA..........', 'Nucleotides in a polynucleotide molecule are held together by a bond between the phosphate group of one nucleotide and the sugar of a second nucleotide, which is called a phosphodiester bond. To unlock this lesson you must be a Study.com Member.', 'For example, Phoebus Levene had shown that each nucleotide building block of DNA is made up of a phosphate group linked to a deoxyribose sugar â\x80\x94 which, in turn, is linked to one of four nitrogenous bases â\x80\x94 adenine (A), guanine (G), cytosine (C), and thymine (T).', 'Nucleic acids are molecules that allow organisms to transfer genetic information from one generation to the next. There are two types of nucleic acids: deoxyribonucleic acid (better known as DNA) and ribonucleic acid (better known as RNA). Nucleic Acids: Nucleotides. Nucleic acids are composed of nucleotide monomers linked together. Nucleotides contain three parts: A Nitrogenous Base; A Five-Carbon Sugar']","The three different parts of a nucleotide are a base, a sugar (monosaccharide), and a phosphate.",,0.25,0.96692621889967,0.0
nsc definition of an accident,"['The National Safety Code (NSC) is a set of national standards supported by provincial regulations. The program establishes management and performance requirements for commercial carriers.', 'National Safety Council (NSC). Assists employers to build a workplace that keeps people safe. The campaign comes with free, practical tools collected from 100 years of safety and health experience. Celebrate and Participate in National Safety Month. National Safety Council (NSC). Focuses on reducing leading causes of injury and death at work, on the road and in our homes and communities. NSC/OSHA Alliance page', 'NTSB Publishes Interpretation Clarifying Definition of â\x80\x9cUnmanned Aircraft Accidentâ\x80\x9d Excludes Model Aircraft. â\x80\x8bThe National Transportation Safety Board (NTSB) announced today that it has published in the Federal Register a Notice of Interpretation to clarify that its existing definition of â\x80\x9cunmanned aircraft accidentâ\x80\x9d does not include model aircraft.', 'If a car accident occurs while an individual is driving a vehicle in order to perform his or her work duties or to do something for his or her employer, there may be employer liability.f you have been involved in an accident in which employer liability might become an issue, consulting with a lawyer is recommended. Your attorney can explain to you what liability rules will apply in your case and how your legal rights can be best protected based on the situation that led to the accident.', '[para.] The standard to be applied in this case is gross negligence. The term gross negligence means the failure to provide even scant care or an extreme departure from the ordinary standard of conduct.â\x80\x99 â\x80\x9d (Wright v. City of L.A. (1990) 219 Cal.App.3d 318, 343 [268 Cal.Rptr.']",I cannot answer from the given context.,,0.0,0.0,0.0
what county is hinton wv located?,"['Summers County, West Virginia. Summers County is a county located in the U.S. state of West Virginia. As of the 2010 census, the population was 13,927. Its county seat is Hinton. The county was created by an act of the West Virginia Legislature on February 27, 1871 from parts of Fayette, Greenbrier, Mercer and Monroe counties and named in honor of George W. Summers.', 'Denison County Clerk. About Search Results. About Search Results. YP - The Real Yellow PagesSM - helps you find the right local businesses to meet your specific needs. Search results are sorted by a combination of factors to give you a set of choices in response to your search criteria.', 'Northern Virginia map - Virginia county, city, map with roads Arlington County, Alexandria City. Arlington and the city of Alexandria Virginia are close to Washington DC, inside the beltway. Fairfax County. Fairfax County Virginia is the largest county in the Washington, D.C. area. It is inside and outside the beltway. Fairfax County VA includes Falls Church, Reston, Tysons Corner, McLean, Great Falls, Fairfax, Oakton, Springfield, Burke, Annandale, Chantilly, Centreville and Clfiton. Loudoun County Loudoun County Virginia is the fast growing county that has seen many larger homes and diverse communities.', ""The setting is based on Hinton's hometown of Tulsa, Oklahoma, where she was living when she wrote the story as a high school student (source). Again, this is revealed in her FAQ page, not in the text."", 'One of the first white settlers in south King County was Allen L. Porter. In 1853, he claimed a 320-acre (1.3 km2) parcel on the White River, about three miles (5 km) west of the site of Enumclaw.']","Hinton is located in Summers County, West Virginia.",,1.0,0.6828122471238666,0.0
how old is dr ruth westheimer,"[""When is Ruth Westheimer's birthday? Ruth Westheimer was born on the 04th of June 1928, which was a Monday. Ruth Westheimer will be turning 90 in only 170 days from today. How old is Ruth Westheimer? Ruth Westheimer is 89 years old. To be more precise, the current age as of right now is 32702 days, 21 hours, 6 minutes and 43 seconds. What is Ruth Westheimer's zodiac sign? Ruth Westheimer's zodiac sign is Gemini. Where was Ruth Westheimer born?"", 'Seretse died of cancer in 1980, aged only 59, but Ruth remained in Botswana, where she was an active supporter of womenâ\x80\x99s causes, and was president of the Botswana Red Cross. She lived by herself on a farm, and died in 2002. Her children all live in Botswana; her eldest son, Ian, is the countryâ\x80\x99s fourth president.', ""Story highlights. Good Morning America anchor Robin Roberts used a Facebook post to acknowledge what friends and co-workers have long known: She's gay. Roberts, 53, has been very open about her health battles, but she has not previously spoken publicly about her sexuality."", 'Southern Charm star Jenna King is in for a reality check. Recently split with wealthy 55-year-old real estate mogul, Lou, Jennaâ\x80\x99s now proclaiming her undying love for 30-year-old bad boy Ronald â\x80\x98Ronnieâ\x80\x99 Radke.', 'Dr. Nowzaradan is from Iran and was born on October 11, 1944. That makes Dr. Nowzaradanâ\x80\x99s age 72 with years of experience in treating patients who suffer from life-threatening obesity. Even though Dr. Nowzaradanâ\x80\x99s nationality is Iranian, he has been working in the United States for more than four decades. He is a surgeon, who specializes in gastric bypass surgery. Advertisement']",Ruth Westheimer is 89 years old.,,1.0,0.8387262426862844,0.9999999999
the stone age,"[""Some of the world's oldest free-standing structures. The Stone Age was a broad prehistoric period during which stone was widely used to make implements with an edge, a point, or a percussion surface. The period lasted roughly 3.4 million years, and ended between 8700 BCE and 2000 BCE with the advent of metalworking."", 'The Stone Age is also divided into three different periods. Paleolithic or Old Stone Age: from the first production of stone artefacts, about 2.5 million years ago, to the end of the last Ice Age, about 9,600 BCE. This is the longest Stone Age period. Remove Ads Advertisement.', 'This point of view was branded heretical by the Council of Chalcedon in 451. 1 Archaeologists Find Hieroglyphics That Shed New Light on the Golden Age of the Meroitic Civilization. 2 The Incredible Rock-Hewn Churches of Lalibela, Ethiopia.', 'World Civilizations: The Origins Of Civilizations. Human Life In The Era Of Hunters And Gatherers. By the end of the Paleolithic or Old Stone Age in 12,000 B.C., humans had. evolved in physical appearance and mental capacity to roughly the same level. as today. Our species, Homo sapiens, had been competing with increasing.', 'The Age of Discovery. Beginning in the early 1400s is the period known as the Age of Discovery. Marco Polo (1254-1324), an Italian explorer, had some two hundred years earlier told stories of a place called Cathay in the Orient.']","The Stone Age was a broad prehistoric period during which stone was widely used to make implements with an edge, a point, or a percussion surface. The period lasted roughly 3.4 million years and ended between 8700 BCE and 2000 BCE with the advent of metalworking. It is divided into three different periods: the Paleolithic or Old Stone Age, which lasted from about 2.5 million years ago to the end of the last Ice Age around 9,600 BCE. By the end of the Paleolithic, humans had evolved in physical appearance and mental capacity to roughly the same level as today.",,1.0,0.8532969893909671,0.0
what is a special educational needs,"['Overview. Special educational needs (. ) that affect a childâ\x80\x99s ability to learn can include their: 1 behaviour or ability to socialise, eg not being able to make friends. 2 reading and writing, eg they have dyslexia. 3 ability to understand things. 4 concentration levels, eg they have Attention Deficit Hyperactivity Disorder.', 'c. Personnel support(s) for the student, teacher, and/or class. For those objectives which cannot be met in a general education setting, the team must determine in which special education setting the objectives will be taught. The IEP team must determine a method to evaluate', 'A blueprint or plan for a childâ\x80\x99s special education experience at school. A blueprint or plan for how a child will have access to learning at school. Provides individualized special education and related services to meet the unique needs of the child. These services are provided at no cost to parents.', ""(August 2007) The Education Specialist, also referred to as Educational Specialist or Specialist in Education (Ed.S. or S.Ed.), is an advanced, terminal degree in the U.S. that is designed for individuals who wish to develop advanced knowledge and theory beyond the master's degree level, but may not wish to pursue a degree at the doctoral level."", ""What is the Individualized Education Program (IEP)? An Individualized Education Program (IEP) describes the educational program that has been designed to meet that child's unique needs. Each child who receives special education and related services must have an IEP. Each IEP must be designed for one student and must be a truly individualized document.""]","Special educational needs are conditions that affect a child's ability to learn, which can include difficulties with behavior or socialization, reading and writing (such as dyslexia), understanding things, and concentration levels (such as Attention Deficit Hyperactivity Disorder).",,1.0,0.9426028306244212,0.0
was mulan based on a true story,"['Mulan, Jr. By Walt deFaria. DISNEYâ\x80\x99S animated film Mulan, based on a true story from ancient China, was a modest motion picture success that took a fresh look at the place of women in an ancient paternal society. Now a stage musical version of the film has turned up in childrenâ\x80\x99s theaters everywhere.', 'Since the legend is over 1500 years old, there are many variations. One darker story is called é\x9a\x8bå\x94\x90æ¼\x94ä¹\x89(Legends from Sui and Tang.) In this story, Mulan is rewarded for bravery in battle despite being found out as a female. She returns home to bring the riches to her family, only to discover her father died long ago. After receiving an order from the Emperor to become his concubine, she commits suicide.', 'No, the Hostel movies are not based on a true story. They are labeled based on a true story, but this is essentially a lie. Writer/director Eli Roth got the idea for the Hosâ\x80¦tel movies from a website that a friend showed him.', ""Spielberg's next film, Schindler's List, was based on the true story of Oskar Schindler, a man who risked his life to save 1,100 Jews from the Holocaust. Schindler's List earned Spielberg his first Academy Award for Best Director (it also won Best Picture)."", ""Ming-Na Wen as Fa Mulan (singing voice provided by Lea Salonga), the principal protagonist, based on Hua Mulan. 1 She disguises herself as a man and joins the Chinese Imperial Army in her father's place. Instead of being punished for doing so, she ends up a war hero.""]","Yes, Mulan is based on a true story from ancient China.",,1.0,0.9704094284447998,0.9999999999
lesion on rib causes,"['1 Ulcers-Pain in the lower regions of the rib cage may also be due to an ulcer. 2 An ulcer is an inflamed wound in the upper GI tract. 3 Ulcers occur when inflammations cause wounds and sores in the stomach lining. 4 The H. pylori bacteria and Nonsteroidal anti-inflammatory drugs (NSAIDs) are common causes for ulcers.', 'Costochondritis is caused by inflammation of the cartilage joining the rib to your breast plate, and usually causes pain in the breastbone. At times, this pain can mimic a heart attack, although the pain will be confined to a small area, rather than widespread as with a true heart attack.', 'Heart diseases maybe: A symptom of tension/pressure inleft side of ribs/back is more likely a angina occure. Angina is chest pain or discomfort that occurs when the heart is working harder than usual. ...Read more.', 'A rib fracture can be very painful because your ribs move when you breathe, cough, and move your upper body. The ribs in the middle of the chest are the ones that break most often. Rib fractures often occur with other chest and organ injuries. So your doctor will also check to see if you have any other injuries.', 'Found lump under skin in rip cage 8 mo. Ago now cluster of 3. Pain free for 5 months till pulled left side and back muscle. Lumps seem agitated now. Lipoma: Most commonly lipoma, benign fatty tumor, are seen under the skin of the rib cage/abdomen. They are mobile, well demarcated with the overlying skin being intact. May get painful, though. ...Read more.']",I cannot answer from the given context.,,0.0,-0.0,0.0
what do numbers in blood pressure reading mean,"['Blood pressure is measured using two numbers. The first number, called systolic blood pressure, measures the pressure in your blood vessels when your heart beats. The second number, called diastolic blood pressure, measures the pressure in your blood vessels when your heart rests between beats. If the measurement reads 120 systolic and 80 diastolic, you would say 120 over 80 or write 120/80 mmHg.. The chart below shows normal, at-risk, and high blood pressure levels.', '2017-02-11T17:34:13-05:00. The top number refers to the amount of pressure in your arteries during contraction of your heart muscle. This is called systolic pressure. The bottom number refers to your blood pressure when your heart muscle is between beats. This is called diastolic pressure.', 'The diastolic blood pressure number or the bottom number indicates the pressure in the arteries when the heart rests between beats. A normal diastolic blood pressure number is 80 or less. A diastolic blood pressure between 80 and 89 is normal but higher than ideal.A diastolic blood pressure number of 90 or higher, on repeated measurements, is considered to be hypertension or high blood pressure.he systolic blood pressure number is always said first, and then the diastolic blood pressure number is given. For example, your blood pressure may be read as â\x80\x9c120 over 80â\x80\x9d or written 120/80.', 'Blood Pressure Home. The two numbers that measure your blood pressure are written like a fraction: one number on top and one on the bottom -- for example, 128/82. The number on top is called the systolic pressure.. Systolic blood pressure measures the pressure inside your blood vessels at the moment your heart beats.lood Pressure Home. The two numbers that measure your blood pressure are written like a fraction: one number on top and one on the bottom -- for example, 128/82. The number on top is called the systolic pressure.. Systolic blood pressure measures the pressure inside your blood vessels at the moment your heart beats.', 'Quick Answer. A normal blood pressure reading measures 120/80 millimeters of mercury, as stated by WebMD. Blood pressure is a measure of the amount of force the blood has on arteries, with higher readings being more dangerous. The first number of the measurement is called the systolic measurement, states WebMD.']","The first number, called systolic blood pressure, measures the pressure in your blood vessels when your heart beats. The second number, called diastolic blood pressure, measures the pressure in your blood vessels when your heart rests between beats. For example, a reading of 120/80 mmHg means 120 systolic and 80 diastolic.",,1.0,0.9129060458753745,0.0
userra definition,"['â\x80\x8bâ\x80\x8bThe Uniformed Services Employment and Reemployment Rights Act (USERRA) is a federal law, passed in 1994, that protects military service members and veterans from employment discrimination on the basis of their service, and allows them to regain their civilian jobs following a period of uniformed service.', 'USERRA applies to voluntary as well as involuntary military service, in peacetime as well as wartime. However, like the VRR law, USERRA does not apply to state callups of the National Guard for disaster relief, riots, etc. Any protection for such duty must be provided by the laws of the state or territory involved.', ""The Military Advantage. USERRA Terms and Definitions. If you've read the fine print of USERRA, you probably don't understand all the terms used. The term 'Attorney General' means the Attorney General of the United States or any person designated by the Attorney General to carry out a responsibility of the Attorney General under this chapter."", 'An agora was a marketplace in which people would trade, own a buisness and could sell goods, products and slaves. The agora was possibly the most busiest part of any city as p â\x80¦ eople would work and visit it everyday.3 people found this useful.n agora was a marketplace in which people would trade, own a buisness and could sell goods, products and slaves. The agora was possibly the most busiest part of any city as p â\x80¦ eople would work and visit it everyday. 3 people found this useful.', ""The Huldra can melt portions of people's... A Huldra has been mentioned but not seen in an episode. The Huldra can melt portions of people's brain to control her enemies. Ryan Lambert's amnesia was caused by a huldra named Sonja who became jealous and went ballistic when he responded to an emergency service call from Bo. Trivia. A huldra is a seductive forest creature found in Scandinavian folklore. In Norwegian folklore, she is known as the Hulder. She is known as the skogsrÃ¥ (forest spirit) or Tallemaja (pine tree Mary) in Swedish folklore, and Ulda in SÃ¡mi folklore. The huldra is a shapeshifter. The huldrer (Norwegian) were held to be kind to charcoal burners, watching their charcoal kilns while they rested.""]","The Uniformed Services Employment and Reemployment Rights Act (USERRA) is a federal law, passed in 1994, that protects military service members and veterans from employment discrimination on the basis of their service, and allows them to regain their civilian jobs following a period of uniformed service.",,1.0,0.3934942595341779,0.0
vanguard wellesley income,"['Product management. Vanguard WellesleyÂ® Income Fund seeks long-term growth of income, a high and sustainable level of current income, and moderate long-term capital appreciation by investing in high-quality bonds and stocks.', 'You are now leaving the Brinker Capital website and entering the Crystal Strategy Fund website. Information provided for these Collective Investment Trusts is intended for use solely by retirement plan sponsors, their consultants, and advisors. Participation in these Collective Investment Trusts is governed by the Declaration of Trust, and is limited to Eligible Trusts that are accepted by Benefit Trust Company.', ""Nearly six years ago, on January 15, 1992, at a speech for the Newcomen Society entitled Vanguard's First Century, I reflected on the role of indexing in the mutual fund field. At that time, the Vanguard Index Trust 500 Portfolio had risen to become the seventh largest of all U.S. equity funds."", 'Email Managed Accounts from Fidelity Please enter a valid email address. Please enter a valid email address. Important legal information about the email you will be sending. By using this service, you agree to input your real email address and only send it to people you know. It is a violation of law in some jurisdictions to falsely identify yourself in an email. All information you provide will be used by Fidelity solely for the purpose of sending the email on your behalf. The subject line of the email you send will be Fidelity.com: . Your email has been sent. Share Managed Accounts from Fidelity Clicking a link will open a new window.', 'American Funds NVIT Asset Allocation Fund is a Variable Annuity product in the USA. The Fund seeks to provide a high total return consistent with preservation of capital over the long term. The Fund invests all of its assets in the Class 1 shares of the Asset Allocation Fund a series of American Funds Insurance Series, a registered open-end investment company. Address.']","Vanguard WellesleyÂ® Income Fund seeks long-term growth of income, a high and sustainable level of current income, and moderate long-term capital appreciation by investing in high-quality bonds and stocks.",,1.0,0.799505031983163,0.0
what is a co-op college,"['Cooperative education (or co-operative education) is a structured method of combining classroom-based education with practical work experience. A cooperative education experience, commonly known as a co-op, provides academic credit for structured job experience. Cooperative education is taking on new importance in helping young people to make the school-to-work transition, service learning, and experiential learning initiatives.', 'Rating Newest Oldest. Best Answer: A co-op apartment or a housing cooperative is a unit in generally a large building that is leased exclusively to the person who purchases it. Buying a co-op apartment is different than buying a house.', ""The Cooperative Education Program in Speed School consists of three semesters of full-time work related to the students' engineering major. Upon completion of the co-op requirements, students have accumulated a full year of professional work experience."", ""The Open University is a public distance learning and research university, and one of the biggest universities in the UK for undergraduate education. The majority of the OU's undergraduate students are based throughout the United Kingdom and principally study off-campus; many of its courses can also be studied anywhere in the world. There are also a number of full-time postgraduate research students based on the 48-hectare university campus where they use the OU facilities for research, as well"", 'The CooperationWorks! Cooperative Business Development Training Program is a rigorous course for participants to develop the skills to start a new cooperative and assist groups to start new cooperative enterprises. The curriculum includes:']",I cannot answer from the given context.,,1.0,0.0,0.9999999999
what is employee turnover definition,"[""turnover noun (EMPLOYEES). C2 [S or U] the â\x80\x8brate at which â\x80\x8bemployees â\x80\x8bleave a â\x80\x8bcompany and are â\x80\x8breplaced by new â\x80\x8bpeople: The â\x80\x8blarge â\x80\x8bnumber of â\x80\x8btemporary â\x80\x8bcontracts â\x80\x8bresulted in a high turnover of â\x80\x8bstaff.US They've had a lot of turnover at the â\x80\x8bfactory â\x80\x8brecently. More examples."", ""Letting an employee go is a difficult situation most managers want to avoid, but with the right preparation and professionalism, you can get through such a tough talk with your dignity -- and your employee's -- intact.etting an employee go is a difficult situation most managers want to avoid, but with the right preparation and professionalism, you can get through such a tough talk with your dignity -- and your employee's -- intact."", ""According to PayScale's most recent survey, employee turnover rate among Fortune 500 companies is greatest in the IT industry."", 'If an employee does not want to return to the work area, the employer can make arrangements to meet the employee after work. So, in the instance of a firing, the employee would receive no notice. In a layoff situation, in some cases, employers must give employees advanced notice of mass layoffs or a plant closure.', 'Work with Employee and Labor Relations to develop a plan on how and when to communicate to. management and the staff about impending layâ\x80\x90 offs. 2. Discuss logistical considerations, such as last day of work and the return of keys, etc. 3. Remember that you are not personally responsible for the layâ\x80\x90off/reduction in time. If you feel the need, ASAP is. available for consultation. 4. The employee may be upset or angry.']",Employee turnover is the rate at which employees leave a company and are replaced by new people.,,1.0,0.9296100496349625,0.0
are there bad side effects of htp,"['Side Effects of 5 HT. Although 5 HTP has very few side effects on its own, the side effects of 5 HT can be ascribed to it since 5 HTP is directly converted to 5 HT. Most of the side effects of 5 HTP are gastrointestinal disturbances such as nausea, vomiting, diarrhea and stomach pain. Serotonin is naturally produced in the body at the needed levels. As with most processes in the body, the production, secretion, action, metabolism and excretion of naturally produced 5 HT is efficiently regulated in the body.', 'Other possible serious side effects. 1 Abnormal passage in the body. This type of passageâ\x80\x94known as a fistulaâ\x80\x94is an irregular connection from one part of the body to another and can sometimes be fatal. 2 Severe high blood pressure. Blood pressure that severely spikes or shows signs of affecting the brain. 3 Kidney problems.', 'Other common side effects may include: 1 tingly feeling, weakness, lack of coordination; 2 dry mouth, nausea, vomiting, constipation, diarrhea; 3 blurred vision, ringing in your ears; 4 breast swelling (in men or women); or. 5 decreased sex drive, impotence, or difficulty having an orgasm.', 'Upset stomach, heartburn, diarrhea, drowsiness, or dizziness may occur. If any of these effects persist or worsen, notify your doctor or pharmacist promptly. Remember that your doctor has prescribed this medication because he or she has judged that the benefit to you is greater than the risk of side effects. Many people using this medication do not have serious side effects. This medication may raise your blood pressure.', ""Tell your doctor right away if you have any serious side effects, including: unusual bruising/bleeding, signs of kidney problems (such as change in the amount of urine), signs of liver problems (such as nausea/vomiting that doesn't stop, loss of appetite, stomach/abdominal pain, yellowing eyes/skin, dark urine).""]","Yes, the side effects of 5 HTP can include gastrointestinal disturbances such as nausea, vomiting, diarrhea, and stomach pain.",,1.0,0.8262578139056682,0.9999999999
phimosis medical definition,"['Medical Definition of phimosis. plural. phimoses. \\-Ë\x8csÄ\x93z\\play. : tightness or constriction of the orifice of the foreskin arising either congenitally or postnatally (as from balanoposthitis) and preventing retraction of the foreskin over the glans.', 'phallic. adjective. 1 Of, relating to, or resembling a phallus. 2 Of or relating to the cult of the phallus as an embodiment of generative power: phallic worship. Of or relating to the cult of the phallus as an embodiment of generative power: phallic worship. 2 Of or relating to the third stage of psychosexual development in psychoanalytic theory, from about ages three to six, during which gratification is focused on sensations associated with the genital organs.', 'A syphilis infection is called an â\x80\x98earlyâ\x80\x99 case if a patient has been infected for a year or less, such as during the primary or secondary stages of syphilis. People who have â\x80\x98earlyâ\x80\x99 syphilis infections can more easily spread the infection to their sex partners.yphilis is an STD that can cause long-term complications if not treated correctly. Symptoms in adults are divided into stages. These stages are primary, secondary, latent, and late syphilis.', 'Paraphilias are abnormal sexual behaviors or impulses characterized by intense sexual fantasies and urges that keep coming back. The urges and behaviors may involve unusual objects, activities, or situations that are not usually considered sexually arousing by others.', 'Miosis or myosis, /maÉªË\x88oÊ\x8a sÉªs/, from Ancient Greek Î¼Ï\x8dÎµÎ¹Î½, mÅ«ein, to close the eyes, is a term with various definitions, which generally include constriction of the pupil. The opposite condition, mydriasis, is the dilation of the pupil. Anisocoria is the condition of one pupil being more dilated than the other.']",Tightness or constriction of the orifice of the foreskin arising either congenitally or postnatally (as from balanoposthitis) and preventing retraction of the foreskin over the glans.,,1.0,0.9206679219805342,0.0
what is h wave therapy,"['H-Wave therapy treatment sends low-voltage electrical impulses to your skin to stimulate muscles and nerves and encourage healing. Contact us to learn more! H-Wave therapy treatment sends low-voltage electrical impulses to your skin to stimulate muscles and nerves and encourage healing.', 'Scientific/medical name(s): none. DESCRIPTION. Electromagnetic therapy involves the use of energy to diagnose or treat disease. Electromagnetic energy includes electricity, microwaves, radio waves, and infrared rays, as well as electrically-generated magnetic fields.agnets and other unconventional treatments may also be a part of electromagnetic and energy field therapy (see Crystals, Magnetic Therapy, Polarity Therapy, Reiki, and Therapeutic Touch). The most commonly used electronic devices are listed below.', 'High-dose-rate (HDR) Brachytherapy. High-dose-rate (HDR) Brachytherapy can be used as the only treatment for prostate cancer or it can be used in combination with external beam radiation therapy (EBRT). When used as single treatment it is known as HDR Monotherapy and when given with external beam it is known as combined HDR and EBRT.', ""Hyper-threading (officially called Hyper-Threading Technology or HT Technology, and abbreviated as HTT or HT) is Intel's proprietary simultaneous multithreading (SMT) implementation used to improve parallelization of computations (doing multiple tasks at once) performed on x86 microprocessors."", 'There is no single definition for the term bioidentical hormone replacement therapy (BHRT); it is generally used to refer to 17Î²-estradiol, but other uses include plant-based or compounded estrogen products that blend estradiol with estriol and sometimes with estrone.HRT is a form of alternative medicine, and has been promoted as a panacea for many diseases rather than a means of relieving the symptoms of menopause and/or reducing the risk of osteoporosis (the goals of traditional hormone replacement therapy).']",H-Wave therapy treatment sends low-voltage electrical impulses to your skin to stimulate muscles and nerves and encourage healing.,,1.0,0.9031614516594408,0.0
what do you call the components present in cytoplasm,"['Function of Cytoplasm and Its Various Components. June 3, 2014 by C. Paris. The cytoplasm of a cell contains both the jelly-like substance inside a cell, called cytosol, and the sub-structures of the cell itself, called organelles.ytosol. Many of the listed organelles are contained within their own membranes, and suspended inside a fluid called cytosol, or intracellular fluid. Itâ\x80\x99s easy to confuse cytosol for cytoplasm, but they arenâ\x80\x99t the same thing. Cytosol is just one element in the cytoplasm.', ""Cytoplasm can be divided into: Cytosol, organelles and cytoplasmic inclusions. Cytosol is a gelatinous material and most of the space in cytoplasm when an organelle is not present. Cytosol comprises of salt, water, cytoskeleton filaments and organic molecules.he cytoplasm holds different parts of the cell's organelles together. Cytoplasm was first discovered first in 1835 but the discovery is not credited to a single person as many biologists and researchers have contributed to the knowledge on Cytoplasm."", 'Definition: The cytoplasm consists of all of the contents outside of the nucleus and enclosed within the cell membrane of a cell.This includes the cytosol and in euckaryotic cells, organelles such as mitochondria and ribosomes.efinition: The cytoplasm consists of all of the contents outside of the nucleus and enclosed within the cell membrane of a cell.', 'Basically cytoplasm is the substance that fills the cell. It is a jelly-like substance and it is made up of eighty percent water and is usually clear and colorless.Cytoplasm is a thick gel-like substance. It liq ue f ies when it is agitated or stirred. The cytoplasm is the place where the cell expands and growth of the cell takes place. 2 The cytoplasm provides a medium for the organelles to remain suspended. 3 The cytoskeleton of the cytoplasm provides shape to the cell and it also facilitates movement.', ""They have a variety of internal membrane-bound structures, called organelles, and a cytoskeleton composed of microtubules, microfilaments, and intermediate filaments, which play an important role in defining the cell's organization and shape.""]","The components present in cytoplasm are called cytosol, organelles, and cytoplasmic inclusions.",,0.0,0.9180186033513791,0.0
what is a paragraph example,"['definition paragraphs. A definition paragraph is a paragraph explaining a term or subject, so your audience comprehends the topic of the paragraph. This can be done in three different ways: Synonym, Class, and Negation. Synonym is explaining the term by using the words that mean the same thing. EXAMPLE: To procrastinate is to slack.', 'paragraph-write paragraphs; work as a paragrapher. authorship, penning, writing, composition-the act of creating written works; writing was a form of therapy for him; it was a matter of disputed authorship.', '1 A transition between paragraphs can be a word or two (however, for example, similarly), a phrase, or a sentence. 2 Transitions can be at the end of the first paragraph, at the beginning of the second paragraph, or in both places.ransitions help you to achieve these goals by establishing logical connections between sentences, paragraphs, and sections of your papers. In other words, transitions tell readers what to do with the information you present to them.', 'You should start a new paragraph when: 1 When you begin a new idea or point. New ideas should always start in new paragraphs. 2 To contrast information or ideas. Separate paragraphs can serve to contrast sides in a debate, different points in an argument, or any other difference. 3 When your readers need a pause.', 'The decision about what to put into your paragraphs begins with the germination of a seed of ideas; this â\x80\x9cgermination processâ\x80\x9d is better known as brainstorming. There are many techniques for brainstorming; whichever one you choose, this stage of paragraph development cannot be skipped.']",I cannot answer from the given context.,,0.0,0.0,0.0
voluntary muscle definition,"['A muscle may act ordinarily either under the control of the will or without conscious control. Muscles that can be controlled at will are referred to as voluntary muscles. Those that are not under the control of the will (volition) are called involuntary muscles. Examples of involuntary muscles are the smooth muscles, which are muscles lacking striations when viewed under a microscope. This is why involuntary muscles are sometimes called non-striated or un-striped muscles.', 'Answer by Cartmell. Confidence votes 177. Extrinsic muscles are voluntary muscles,external to the eye, that control the direction the eye moves in e.g looking left or right. Intrinsic muscles are within the eye, such as those that control the size of the pupil.Intrinsic muscle is not under voluntary control.xtrinsic muscles are voluntary muscles,external to the eye, that control the direction the eye moves in e.g looking left or right.', 'eccentric contraction, a type of muscle contraction that occurs as the muscle fibers lengthen, such as when a weight is lowered through a range of motion. The contractile force generated by the muscle is weaker than an opposing force, which causes the muscle to stretch.', 'pertaining to an exercise providing variable resistance to a movement at a constant speed, usu. with the assistance of specialized equipment. Examples. In isokinetic exercise, the maximum force of which the muscle is capable throughout the range of motion may be applied. Word Origin and History for isokinetic.', 'Hypernyms (voluntary is a kind of...): solo (a musical composition for one voice or instrument (with or without accompaniment)) Hyponyms (each of the following is a kind of voluntary): postlude (a voluntary played at the end of a religious service) â\x80¢ VOLUNTARY (adjective)']",Voluntary muscles are those that can be controlled at will.,,1.0,0.8956734160885814,0.0
what are hamitic peoples,"['Further information: Curse of Ham. The term Hamitic originally referred to the peoples believed to have been descended from the biblical Ham, one of the Sons of Noah. When Ham dishonors his father, Noah pronounces a curse on him, stating that the descendents of his son Canaan will be servants of servants.', 'Oliphants lived in the jungles of Far Harad, far to the south of any known maps of Middle-earth, where the Haradrim called them Mumakil. MÃ»makil, massive often ferocious, beasts their legs were like, trees their bodies were larger than a, house they had enormous-sail like, ears and they had a long snout like a huge. serpentliphants lived in the jungles of Far Harad, far to the south of any known maps of Middle-earth, where the Haradrim called them Mumakil. MÃ»makil, massive often ferocious, beasts their legs were like, trees their bodies were larger than a, house they had enormous-sail like, ears and they had a long snout like a huge. serpent', 'The Huns. Huns, nomadic Asian people, probably of Turkish, Tataric, or Ugrian origins, who spread from the Caspian steppes (the areas north of the Caspian Sea) to make repeated incursions into the Roman Empire during the 4th and 5th centuries AD.he Huns first overcame the Alani, another nomadic group, who lived on the plains between the Volga and Don rivers. They then moved on to overthrow the Ostrogothic kingdom between the Don and Dnestr rivers.', ""Mangyan is the generic name for the eight indigenous groups found on the island of Mindoro, southwest of island of Luzon, the Philippines, each with its own tribal name, language, and customs.n additional group on the south coast is labelled Ratagnon. They appear to be intermarried with lowlanders. The group known on the east of Mindoro as Bangon may be a subgroup of Tawbuid, as they speak the 'western' dialect of that language. They also have an alphabet which is called the Ambahan."", 'The Jews (Hebrew: ×\x99Ö°×\x94×\x95Ö¼×\x93Ö´×\x99×\x9d. Yehudim, [jehuË\x88dim]), also known as the Jewish people, are a Semitic ethnoreligious group and nation native to the Land of Israel, also referred to as an ethno-cultural group and a civilization.he shift of ethnonym from Israelites to Jews (inhabitant of Judah), although not contained in the Torah, is made explicit in the Book of Esther (4th century BCE), a book in the Ketuvim, the third section of the Jewish Tanakh.']","Hamitic peoples originally referred to the peoples believed to have been descended from the biblical Ham, one of the Sons of Noah.",,1.0,0.794037624970016,0.0
what are indirect overhead costs,"['Understand that overhead costs are expenses that do not directly relate to your product. They are also known as indirect costs. Indirect costs are things like rent, administrative staff, repairs, machinery, and marketing costs that are essential to your business operations and must be paid regularly.', 'The November direct labor budget indicates that 6,000 direct labor-hours will be required in that month. The variable overhead rate is $2.00 per direct labor-hour. The companyâ\x80\x99s budgeted fixed manufacturing overhead is $79,200 per month, which includes depreciation of $21,000.', 'Also found in: Dictionary, Acronyms, Encyclopedia, Wikipedia. direct cost. A cost that can be directly related to producing specific goods or performing a specific service. For example, the wages of an employee engaged in producing a product can be attributed directly to the cost of manufacturing that product. Certain other costs such as depreciation and administrative expenses are more difficult to assign and are not considered direct costs.', ""The total overhead cost at an activity level of 5,200 guest-days per month should be: a. $208,020. b. $230,880. c. $209,940. d. $190,920. Save Answer. 10. (Points: 4). The following data for May has been provided by Mccawley Corporation.7. (Points: 4) Amirault Manufacturing Corporation has a standard cost system in which it applies manufacturing overhead to products on the basis of standard machine-hours (MHs). The company's cost formula for variable manufacturing overhead is $4.00 per MH."", 'Fixed Manufacturing Overhead Budget Variance. The difference between the actual amount of fixed manufacturing overhead and the estimated amount (the amount budgeted when setting the overhead rate prior to the start of the year) is known as the fixed manufacturing overhead budget variance.']","Indirect overhead costs are expenses that do not directly relate to your product, also known as indirect costs. They include things like rent, administrative staff, repairs, machinery, and marketing costs that are essential to business operations and must be paid regularly.",,1.0,0.9590243010217807,0.0
what are radio scanners,"['Scanner (radio) A scanner (also referred to a police scanner, police scanner radio or radio scanner) is a radio receiver that can automatically tune, or scan, two or more discrete frequencies, stopping when it finds a signal on one of them and then continuing to scan other frequencies when the initial transmission ceases.', 'radio frequency or rf is the mode of communication that is used by most radio devices from deep space communication networks to cell phonescb radios use rf transceivers some tv remote controls use rfcordless phones use rf a standard radio is the most obvious receiver of radio signals rf is used to send signals to remote control toys wireless routers use rf technologyadio frequency or rf is the mode of communication that is used by most radio devices from deep space communication networks to cell phones', 'A: An ion scanner is also known as an ion mobility spectrometry device and is used for security reasons to scan for particulates and determine their substance of origin. It is used to detect illicit substances and is an effective tool in combating the drug trade and other threats. Continue Reading', 'RADIO IS USED TO COORDINATE PUBLIC SAFETY SERVICES. VIROQUA AREA SCHOOL DISTRICT (ROBERT KNADLE, ED. APPLICANT IS AN AREA SCHOOL DISTRICT AND WILL USE RADIO STATION FOR COMMUNICATIONS ESSENTIAL TO OPERATING THE SCHOOL DISTRICT. APPLICANT IS A CITY GOVT.', 'Noun. 1. scan-the act of scanning; systematic examination of a prescribed region; he made a thorough scan of the beach with his binoculars. examination, scrutiny-the act of examining something closely (as for mistakes).']","Radio scanners are radio receivers that can automatically tune, or scan, two or more discrete frequencies, stopping when it finds a signal on one of them and then continuing to scan other frequencies when the initial transmission ceases.",,1.0,0.9261796162439625,0.0
amount of ram in tablet,"['A bigger sized RAM means the tablet can run more apps at the same time. RAM improves the way the tablet performs, but the the way the operating system controls the RAM is also important. Tablets usually come with a minimum of 256MB of RAM, but some of the newer tablets boast 1GB of RAM. Some experts recommend that a tablet have a minimum of 512MB of RAM, but it also depends on how well the OS manages the RAM it has to work with. RAM is faster than internal storage, but it is more expensive too.', ""Q: How much RAM does the iPad2 have? I looked at the tech specs and other documentation I could find, however I don't see anything that states the amount of RAM the iPad2 will have. There didn't seem to be any mention of that in the Apple presentation either."", 'One Kilobyte is 1000 Bytes. One MegaByte is 1000 KiloBytes. One GigaByte is 1000 MegaBytes. One TerraByte is 1000 GigaBytes. In other words.. If you are talking about Memorychips with the capacity of 300 Gigabytes, that would be 307200 MegaBytes.', ""Well, since Windows Vista and Windows 7 have many things in common, Windows 7 (32-bit) will support up to 4GB but I think it only use 3.3GB of RAM, I'm afraid. Evandela. text/html 5/3/2009 7:07:00 PM SIOK_Online 2. It depends on how much VIDEO MEMORY that your PC is using."", 'G.SKILL 8GB (2 x 4GB) 200-Pin DDR2 SO-DIMM DDR2 800 (PC2 6400) Laptop Memory Model F2-6400CL6D-8GBSQ G.SKILL 8GB (2 x 4GB) 200-Pin DDR2 SO-DIMM DDR2 800 (PC2 6400) Laptop Memory Model F2-6400CL6D-8GBSQ.']","Tablets usually come with a minimum of 256MB of RAM, but some of the newer tablets boast 1GB of RAM. Some experts recommend that a tablet have a minimum of 512MB of RAM.",,1.0,0.8533388475103187,0.0
what does coterminal angle mean,"['Coterminal angles are two (or more) angles that have their initial and terminal sides in the same positions. However, the angle measures differ either because: One angle is measured clockwise and the other is measured counterclockwise.', ""Positive and Negative Coterminal Angles. While a positive angle is the measure of the rotation of its terminal side from positive x axis in anti clockwise direction, a negative angle is the measure of the rotation of the terminal side in the clockwise direction.xample: If Î¸ = 45Âº, then Î¸' = 45 - 360 = -315 is a negative Coterminal Angle of 45Âº. More negative Coterminal angles can be found by subtracting multiples of 360 from Î¸. like 45 - 720 = -675Âº, 45 - 1080 = -1035Âº etc. If a given angle is negative, then a positive coterminal angle is got by adding 360 to it."", 'The pairs of angles on opposite sides of the transversal but outside the two lines are called Alternate Exterior Angles. To help you remember: the angle pairs are on Alternate sides of the Transversal, and they are on the Exterior of the two crossed lines.', '2. angle. 1) A plan or way of doing something, esp. making a good sales pitch, implying that the person knows exactly what he or she is doing or saying. 2) The way a guy might spell the word angel as in reference to his girlfriend, letting his fellas know that the girl is being handled with care.', 'ANGLE PAIRS in two lines cut by a transversal Corresponding angles Consecutive (same side) interior angles Alternate interior angles Alternate exterior angles Other angle relationships that you will need to rememberâ\x80¦ Vertical angles Linear Pair â\x80¢ corresponding positions. â\x80¢ same side â\x80¢ between the two lines â\x80¢ alternate sides']","Coterminal angles are two (or more) angles that have their initial and terminal sides in the same positions, but their angle measures differ because one angle is measured clockwise and the other is measured counterclockwise.",,1.0,0.8701362323716634,0.0
dennis franz where does he live,"['Dennis Franz is 73 years old and was born on 10/28/1944. Currently, he lives in Santa Barbara, CA; and previously lived in los angeles, CA and coeur d alene, ID. Sometimes Dennis goes by various nicknames including Dennis Franz Schalachta, Dennis F Schlachta, Franz Schlachta Dennis, Franz S Dennis, Denn S Franz, Dennis Franz Schlachta, Dennis F Franz. His political affiliation is currently a registered Republican Party.', ""Homeland: On Location in Charlotte. Damian Lewis as Nicholas Nick Brody and Claire Danes as Carrie Mathison on the streets of Charlotte, North Carolina shooting a scene for Showtime's hit series Homeland."", 'Kroc was born on October 5, 1902 in Oak Park, near Chicago, to parents of Czech origin, Rose Mary (Hrach) and Alois Louis Kroc. His father was from the village of BÅ\x99asy near PlzeÅ\x88, Bohemia (now the Czech Republic). He grew up and spent most of his life in Oak Park, Illinois.', 'Deep Roots in Wisconsin. Andy was born in Omro, Wisconsin, the son of hard-working dairy farmers. As a young man, he trained at the Brown Institute for a career in radio broadcasting, which led him to a job at WFAW in Fort Atkinson.', 'Fabio moved to Ventura County, California at the age of 27 and now works as the owner and executive chef of Cafe Firenze, a renowned Italian restaurant in Ventura Country and Osteria Firenze, a popular Los Angeles Italian eatery. Also his Newest Chicago, Illinois restaurant is due to open by January 2013.']","Currently, Dennis Franz lives in Santa Barbara, CA.",,1.0,0.9368867039257722,0.0
weather in fort lauderdale today,"[""Check Fort Lauderdale weather averages before you book your next holiday in 2018/2019. Today's maximum temperature in Fort Lauderdale is expected to be 26Â°C, while the average maximum temperature in January is 24Â°C. More about Fort Lauderdale. Weather overview; More destinations; Monthly averages; Weather by month; 5-day weather forecast; Best time to go"", 'Generally dry conditions tonight with minimum temperatures from the mid 60s near lake Okeechobee to lower 70s along the east coast metro region. Some showers are possible over inland Southwest Florida early in the evening.', ""Yesterday's weather. Clear. 45 / 63 Â°F Humidity: 62%. Wind: 6 mph â\x86\x91 from North. More weather last week"", ""Yesterday's weather. Overcast. 34 / 45 Â°F Humidity: 86%. Wind: 7 mph â\x86\x91 from North. More weather last week"", '40%61Â°46Â°Night - Clear. Winds variable at 7 to 14 mph (11.3 to 22.5 kph). The overnight low will be 43 Â°F (6.1 Â°C).Partly cloudy with a high of 58 Â°F (14.4 Â°C). Winds variable at 4 to 11 mph (6.4 to 17.7 kph). 10%59Â°42Â°Mostly sunny today with a high of 59 Â°F (15.0 Â°C) and a low of 42 Â°F (5.6 Â°C).']",Today's maximum temperature in Fort Lauderdale is expected to be 26°C.,,1.0,0.7331449487514096,0.19999999998
definition of rit,"['Real estate investment trusts (â\x80\x9cREITsâ\x80\x9d) allow individuals to invest in large-scale, income-producing real estate. A REIT is a company that owns and typically operates income-producing real estate or related assets.', 'Updated September 01, 2016. Definition: Ritardando (or rit.) is an indication to gradually decrease the tempo of the music (opposite of accelerando). The length of a ritardando is extended by a dashed, horizontal line; and, if applicable, the previous tempo may be restored with the commands tempo primo or a tempo. The abbreviation rit. is sometimes used for ritenuto; ritenuto is often abbreviated to riten. to avoid confusion. Also Known As: en retardant; cÃ©dez; alongez (Fr)', 'A riad (Arabic: Ø±Ù\x8aØ§Ø¶ â\x80\x8e) is a traditional Moroccan house or palace with an interior garden or courtyard.he ancient Roman city of Volubilis provides a reference for the beginnings of riad architecture during the rule of the Idrisid Dynasty. An important design concern was Islamic notions of privacy for women inside residential gardens.', 'Reactive ion etching (RIE) is a directional etching process utilizing ion bombardment to remove material. The most notable difference between reactive ion etching and isotropic plasma etching is the etch direction. While RIE provides a much stronger etch, it also provides a directional etch. The plasma will etch in a downward direction with almost no sideways etching.', 'Radioactive Iodine FAQs what is radioactive iodine (rai)? Iodine, in the form of iodide, is made into two radioactive forms of iodine that are commonly used in patients with thyroid diseases: I-123 (harmless to thyroid cells) and I-131 (destroys thyroid cells).']",I cannot answer from the given context.,,0.0,0.0,0.0
how to tag images twitter,"['Hereâ\x80\x99s how you do it: Open your Twitter app, and tap the quill icon on the top-right corner of the screen. From here, youâ\x80\x99ll have the option to either take a photo directly from your phone or to pick one from your photo library. I took a photo of my editor, Jason. Heâ\x80\x99s just so chipper all the time.', 'How to add a Tweet button to your website. 1. Create a new anchor element with a twitter-share-button class to allow Twitterâ\x80\x99s widgets JavaScript to discover the element and enhance the link into a Tweet button.Set a href attribute value of https://twitter.com/intent/tweet to create a link to the Twitter web intent composer.2.ow to add a Tweet button to your website. 1. Create a new anchor element with a twitter-share-button class to allow Twitterâ\x80\x99s widgets JavaScript to discover the element and enhance the link into a Tweet button.', ""3. Remove Tag Options. You now have two pop-ups to negotiate that inform Facebook why you're de-tagging the image. The first screen gives you the choice of quietly removing the tag, asking the person who tagged you to remove the tag, or block the tagger."", 'By linking your Twitter account to your mobile phone number, you can receive and write Tweets via text message. Learn how to get started by clicking here. Or, visit our Mobile Help section of articles. Check out the Twitter Glossary containing definitions for a ton of Twitter terms used on our website.', ""I want to add something like [image id=23] into my post, but I can't figure out where I find the id. whooami. The Manage Media page shows the IDs for all of that. TomJohnson. Oh, I see. Go to the Media Library and mouse over the image link titles. Look in the footer of your browser. want to add something like [image id=23] into my post, but I can't figure out where I find the id. whooami. The Manage Media page shows the IDs for all of that. TomJohnson. Oh, I see. Go to the Media Library and mouse over the image link titles. Look in the footer of your browser.""]",I cannot answer from the given context.,,0.0,-0.0,0.0
is blighted ovum the same as molar pregnancy,"['A blighted ovum is one type of miscarriage that often occurs before a woman even knows that she is pregnant. Molar pregnancies, chemical pregnancies and embryo toxic factor (ETF) are some other reasons for miscarriage to occur, while a threatened miscarriage refers to the increased possibility that a woman may have a miscarriage.', ""If a woman becomes infected with toxoplasmosis for the first time during pregnancy or a few weeks before conceiving, there's a risk the infection could spread to her unborn baby. This is known as congenital toxoplasmosis."", 'In adolescent girls, ovarian cysts may be associated with a genetic disorder known as McCune-Albright syndrome, which is characterized by abnormal bone growth, discoloration of the skin, and early onset of puberty. The ovarian cysts are responsible for the early sexual maturation.', 'When an ovum is ready to be released from the ovary, the ovary wall breaks open and the ovum goes into the fallopian tube. There, it starts moving towards to uterus with the help of liquids and cilia on the inside walls. This can take hours or days.', ""A woman's ability to conceive in early middle age may be influenced by her blood type, according to research. The US study of 560 women undergoing fertility treatment found that those with type O blood had chemical signs linked to low egg numbers.""]",I cannot answer from the given context.,,0.0,0.0,0.0
is cholecystitis fatal,"['Inflammation of the gallbladder is a common disease in the United States. The disease is more common in women than in men, and it occurs most frequently after the age of 40. There are two types of cholecystitis: acute, which comes on suddenly, and chronic, which is longstanding and persistent.', ""Acute acalculous cholecystitis (AAC) is an acute inflammation of the gallbladder in absence of gallstones. It is a potentially fatal form of acute cholecystitis that usually occurs in critically ill patients. The disease may often go unrecognized due to the complexity of the patient's medical and surgical problems."", ""Gallbladder and bile duct. Cholecystitis (ko-luh-sis-TIE-tis) is inflammation of the gallbladder. Your gallbladder is a small, pear-shaped organ on the right side of your abdomen, beneath your liver.The gallbladder holds a digestive fluid that's released into your small intestine (bile).allbladder and bile duct. Cholecystitis (ko-luh-sis-TIE-tis) is inflammation of the gallbladder. Your gallbladder is a small, pear-shaped organ on the right side of your abdomen, beneath your liver."", 'Two of the non-fasting patients had cholecystectomies. The quality of the US scans for the different organs is shown in Table 1. There was little difference between fasting and non-fasting patients. Seventeen times a study was determined unacceptable (in 12 patients).', '1 itchiness (pruritus). 2 Pruritus is the primary symptom of cholestasis and is thought to be due to interactions of serum bile acids with opioidergic nerves. 3 In fact, the opioid antagonist naltrexone is used to treat pruritus due to cholestasis.ile is secreted by the liver to aid in the digestion of fats. Bile formation begins in bile canaliculi that form between two adjacent surfaces of liver cells (hepatocytes) similar to the terminal branches of a tree.']",I cannot answer from the given context.,,0.0,0.0,0.0
other name for pigeon grass weed,"['OTHER NAMES: Bottle grass, green bristle grass, wild millet, pigeon grass.HABITAT: Grain fields, gardens, roadsides and waste places.DESCRIPTION: Annual, reproduction by seed. Stems are erect, branching at the base, 8-24 inches tall. Leaves are flat, without hairs, rough, pointed blade 2-10 inches long.THER NAMES: Bottle grass, green bristle grass, wild millet, pigeon grass.HABITAT: Grain fields, gardens, roadsides and waste places.', 'Hameln Fountain Grass. Product Description. Hameln is a dwarf fountain grass whose coarse, narrow, dark green blades form a dense, elegant, fountain-like mound. Fluffy, buff-colored plumes arch gracefully above the foliage from late summer through the fall when the foliage turns a golden russet color.', 'Best Answer: Check out these links for more info-http://en.wikipedia.org/wiki/Hashish http://en.wikipedia.org/wiki/Marijuana http://www.hash.co.uk/ http://www.weedworld.co.uk/ In my opinion grass is better than the block kind which can be mixed with a lot of rubbish. The more natural it looks then the better!', 'Its scientific name is Melopsittacus undulatus meaning song parrot with wavy lines. The Aborigine term for the bird was something close to budgerigar, their phrase meaning good to eat. They would eat budgies for snacks. The English explorers who met the aborigines and saw the birds shortened this to budgies.', 'Seed in the ground can make it a perennial problem for a few years. Spiny pigweed (Amaranth) â\x80\x94Use Grazon P+D (1 qt/A) or a mixture of 2,4-D and Banvel /Clarity. Residual activity of Grazon P+D keeps the remaining seeds from sprouting that year.Multiflora Rose â\x80\x94For a broadcast application, spray Tordon 22K (1 pt/A).oney Locust â\x80\x93 Foliar applications of GrazonNext HL, Surmount, Tordon 22K or Grazon P+D (1-2 qt/A or 2% v/v mix) mixed with Remedy Ultra gives the best control of small sprouts. Total coverage of the leaves is essential. Multiple mowings (3 to 4 per year over several years) can give acceptable levels of control.']","Bottle grass, green bristle grass, wild millet.",,1.0,0.5246793538621021,0.0
is it okay to defrag a raid 5,"['Just wondering if there are any. Do not defragment RAID 0 or RAID 5 arrays. There is no point since the RAID controller determines where the bytes are written to on the two (or more) physical drives.Any benefit you receive will be extremelty short-lived as a few writes later you will be extremely fragmented again.See, the problem is Windows sees RAID 0 as a single drive and defrags it that way. The RAID controller does not. If the RAID controller wrote data only to one drive then defragging would help.ny benefit you receive will be extremelty short-lived as a few writes later you will be extremely fragmented again. See, the problem is Windows sees RAID 0 as a single drive and defrags it that way. The RAID controller does not. If the RAID controller wrote data only to one drive then defragging would help.', 'Why Defraggler is safe to use. Windows has an internal API (Application Programming Interface) that third-party applications such as Defraggler can use to move and delete files.', 'Remember to leave space on all sides of the mini fridge to painlessly slide it out during cleaning. Defrost your mini fridge about every three months and at least 24 hours before leaving on a trip lasting a week in length or longer. Keep an open box of baking soda in your mini fridge to absorb odors. If your mini fridge has an automatic defrost setting, there is no need to unplug the appliance.', ""You are 100% putting wear and tear on your engine plus transmission. Not only that but you're also increasing the wear on your clutch. Having said that, I rev match every time I downshift. This still puts wear and tear on the components but not as much as physically slowing the car down when bringing it down a gear."", 'With the release of Patch 5.4: Siege of Orgrimmar, four wings of an expansive new raid will begin to open. The Normal and Heroic raid difficulties, Raid Finder wings, and the new-to-5.4 Flexible mode wings will each be available starting from different dates. To access the new Raid Finder wings, youâ\x80\x99ll need a minimum average Item Level (ilvl) of 496 or higher.']",I cannot answer from the given context.,,1.0,0.0,0.9999999999
room and pillar definition,"['In a room-and-pillar mining system, the most common method, the mine roof, is supported mainly by coal pillars left at regular intervals. Rooms are places where the coal is mined; pillars are areas of coal left between the rooms. Room-and-pillar mining is done either by conventional or continuous mining. A drift mine is driven horizontally into coal that is exposed or accessible in a hillside. In a hydraulic mine, high-pressure water jets break the coal from a steeply inclined, thick coalbed that would be difficult to mine with the usual underground methods.', 'The columns and arch represent a gateway or entrance or what is referred to as The portal to eternity.. Gateway columns are commonly found where the husband and wife are buried side by side. This monument type is also very common on Masonic graves.', ""If a building has columns, you can call the platform or base on which a column rests a plinth. The plinth typically lies between the column and the ground. In architecture, a plinth is one of the basic building elements. While it's most common for a plinth to support a pillar or column, it can also be used as a base or slab underneath a statue, a bust, or a decorative vase, and in engineering a plinth is the support for a dam."", 'platform framing. Definition. A framing system in which the vertical members are only a single story high, with each finished floor acting as a platform upon which the succeeding floor is constructed. Platform framing is the common method of house construction in North America.', 'The term open floor plan refers to a house whose common spaces have no walls or partial walls between them. Structurally, heavy-duty beams carry the weight of the floor above, not walls. Aesthetically, a sense of openness and greater traffic flow is promoted by an open floor plan.']","Room-and-pillar mining is a system where the mine roof is supported mainly by coal pillars left at regular intervals, with rooms being the places where coal is mined and pillars being areas of coal left between the rooms.",,1.0,0.5953850224495053,0.0
Sony PS-LX300USB how to connect to pc,"['On the Start screen type Add Device. 2. Select Settings on the right menu and select Add Device. 3. A list of Bluetooth devices will then appear. If not click on Devices and Add a device. 4. Select the Bluetooth device you wish to connect. 5. Click yes on both devices to compare the passcodes. 6.', 'Find a USB port. On laptops, they are typically located on the sides or on the back panel. For desktop computers, most have front ports, as well as several ports on the back side.', '1 Power outlet: Use a USB power adapter and connect to a power outlet. 2 Computer: Make sure your computer is on and not in sleep mode, then connect to a USB 2.0 or 3.0 port. 3 Donâ\x80\x99t use the USB ports on your keyboard.', 'Connecting the USB cable Connect the turntable and the computer with the supplied USB cable.USB cable (supplied)To the USB portTo the USB jackComputer (not supplied). 11 GB Operations PS-LX300USB.GB.3-198-123-15(1) Continued î ¼ Notes î\x8f\x90 The turntable is not guaranteed to operate with a USB hub or USB extension cable.Use the supplied USB cable. î\x8f\x90 Connect the USB cable into the USB jack/USB port securely, or may cause a malfunction.GB PS-LX300USB.GB.3-198-123-15(1) 2 Carefully place the platter on the spindle. 3 Use the ribbon to hook the drive belt around the motor pulley. Make sure not to twist the drive belt.After looping the belt, do not forget to remove the ribbon. 4 Place the rubber mat on the platter. Turntable assembly is complete.', 'Though gaming systems are typically connected to televisions, it is possible to connect a Sony PlayStation 3 (PS3) to a laptop monitor. Connecting a PS3 to a laptop monitor allows allows you to experience high-level video games in a portable setting and without the use of a large TV.nstructions. Connect the TV video card into the USB port of the laptop. Place the installation CD into the disk tray of the laptop. Follow software prompts and complete the installation process.']",I cannot answer from the given context.,,0.0,-0.0,0.0
what is a skilled bed in a nursing home,"['Skilled nursing is a level of hospitalization care for patients who require certain services. Skilled nursing services (Swing Beds) are extremely beneficial when a patient is ready to leave the acute care level of a hospital stay, but is not yet well enough to return home. At HCHS, skilled nursing patients are cared for on the Acute Care floor of the hospital by our staff of health care professionals.', ""Skilled care is defined as care that requires a skilled professional in order to be safe and effective. Medicare does not cover care in a nursing home when it is only a â\x80\x9ccustodial.â\x80\x9d Examples of custodial care include the administration of medications or assisting a patient with bathing or toileting.. Receive the BFCC-QIO decision. 1 The BFCC-QIO is supposed to make its decision about Medicare coverage within 72 hours. 2 If successful, you will continue to get your daily Medicare covered care. 3 If the BFCC-QIO agrees with the nursing home's denial, you will be financially responsible for your continued stay."", 'For purposes of this publication, the care setting for the Medication Aide is the skilled nursing center or assisted-living facility, and your clients are referred to as residents. You must adhere to all laws and regulations of the state licensing/accrediting agency.', 'The swing bed program at Memorial Hospital of Lafayette County is a federally approved program for hospitals under 50 beds. It is designed to be short term. Assistance is provided to help patients reach a higher level of wellness or a higher level of independent functioning.', 'A typical assisted living facility resident would usually be a senior citizen who does not need the level of care offered by a nursing home but prefers more companionship and needs some assistance in day-to-day living. Age groups will vary with every facility.']",I cannot answer from the given context.,,0.0,0.0,0.0
what does shortcut mean,"['In computing, a keyboard shortcut is a series of one or several keys, such as Ctrl+F to search a character string. Such a directive invokes a software or operating system operation (in other words, cause an event) when triggered by the user. The meaning of term keyboard shortcut can vary depending on software manufacturer.', '1 tending to run out of breath, esp. after exertion. 2 (of speech or writing) terse or abrupt. English Collins Dictionary-English Definition & Thesaurus &nbsp. See also: short, for short, in short, fall short. ! a turn. a turn. n. a short performance. buzz cut. buzz cut.', '1 : to fasten with or as if with a toggle. 2 : to furnish with a toggle. intransitive verb. : to switch between two options especially of an electronic device usually by pressing a single button or a simple key combination.', 'Select table column. This shortcut selects one or more table columns in a table, when the cursor is in an Excel table. Behavior changes as the shortcut is used more than once. First time: column data. Second time: column data + column header. Third time: entire worksheet column.', ""Move the mouse cursor - The primary function is to move the mouse cursor on the screen. Open or execute a program - Once you've moved the cursor to an icon, folder, or other object clicking or double clicking that object opens the document or executes the program.""]",A keyboard shortcut is a series of one or several keys that invokes a software or operating system operation when triggered by the user.,,1.0,0.8368777668283719,0.0
virginia corporate income tax due date,"['General Instructions. Virginia corporation tax returns are due by the 15 th day of the 4 th month after the end of the tax year. For calendar year filers, this date is April 15.If you cannot file on time, you can get a Virginia tax extension. tax extension gives you more time to file, but not more time to pay your Virginia tax. In order to obtain a Virginia extension, at least 90% of your Virginia tax liability must be paid by the original due date (April 15).', 'If you file tax according to the fiscal year, your return and payment are due on the 15th day of the fourth month after the end of the fiscal year. If the 15th falls on a Saturday, Sunday or holiday, the due date is the next business day.', 'Use tax on aircraft and documented vessels is due the last day of the twelfth month following the month of purchase or the last day of the month following the month we mail you a return, whichever period expires first. For example, if you purchased an aircraft on April 1, 1998, the use tax would be due April 30, 1999.', 'Form 2290 Due Dates for the Tax Year. Form 2290 must be filed for the month the taxable vehicle is first used on public highways during the current period. The current period begins July 1, 2016, and ends June 30, 2017. Form 2290 must be filed by the last day of the month following the month of first use (as shown in the chart below). IF, in this period, the vehicle is first used during ... THEN, file Form 2290 and make your payment by... August 31, 2016.', ""We impose a penalty if you fail to file the business entity's tax return by its due date. For tax returns filed before January 1, 2011, the penalty is $10 per partner or member for each month or part of the month the tax return is late, not to exceed five months.""]",April 15.,,1.0,0.5840270383207673,0.0
what does hortensia mean in english,"[""The name Hortensia is of English and Latin origin. The meaning of Hortensia is garden. Hortensia is generally used as a girl's name. It consists of 9 letters and 4 syllables and is pronounced Hor-ten-si-a."", 'Webster Dictionary (0.00 / 0 votes) Rate this definition: Hematemesis (noun) a vomiting of blood. Origin: [NL., fr. Gr. ai^ma, ai`matos, blood + a vomiting, fr. to vomit.]', 'Holoprosencephaly (HPE) is the failure of the prosencephalon, or forebrain, to develop normally. The forebrain is a region of the brain in the fetus that develops into parts of the adult brain, including the cerebral cortex.', 'the art or science of making timepieces or of measuring time. Origin of horology.', 'Go to Guatemalan recipes pages 1, 2 Return to main Guatemalan Food page Return to main Recipes page Return to Welcome page Visit: A Harmony of Flavors Marketplace. Follow @AHOFtweet. Horchata This is a very refreshing drink made from rice.']",Hortensia means garden in English.,,1.0,0.9287053007012543,0.0
population of paris texas,"['Population of Paris, TX Last official estimated population of Paris city (Lamar County**, Texas state) was 24,895 (year 2014) [1]. This was 0.008% of total US population and 0.09% of total Texas state population. Area of Paris city is 38.3 miÂ² (=99.2 kmÂ²) [6], in this year population density was 649.66 p/miÂ².', 'Fort Worth Population 2017. Fort Worth is one of the largest cities in the United States in terms of sheer size with almost 350 square miles of land in three counties. Located in North Central Texas, Fort Worth is the 5th largest city in Texas and the 17th largest in the U.S. with a population of 792,700.', 'Weather and temperature averages for Paris, France. July is the hottest month in Paris with an average temperature of 20Â°C (68Â°F) and the coldest is January at 5Â°C (41Â°F) with the most daily sunshine hours at 8 in ... www.holiday-weather.com', 'In the Paris Region, 590,504 residents were immigrants from Europe, 627,078 were immigrants from the Maghreb, 435,339 from sub-Saharan Africa and Egypt, 69,338 from Turkey, 322,330 from Asia (outside Turkey), 113,363 from the Americas, and 2,261 from the South Pacific.', 'The ratio of number of residents in Sachse to the number of sex offenders is 1,661 to 1. The number of registered sex offenders compared to the number of residents in this city is a lot smaller than the state average. Nearest city with pop. 50,000+: Garland, TX (5.6 miles , pop. 215,768).']","The last official estimated population of Paris, TX was 24,895 in the year 2014.",,1.0,0.809690097121274,0.0
what are the parts of a cell and how do they work,"['Each part of a cell completes a certain function for the cell. All cells include the following parts: 1 Cell Membrane - forms the outer boundary of the cell and allows only certain materials to move into or out of the cell. Cytoplasm - a gel-like material inside the cell; it contains water and nutrients for the cell.', '1 Cytoplasm - a gel-like material inside the cell; it contains water and nutrients for the cell. 2 Nucleus - directs the activity of a cell; it contains chromosomes with the DNA. 3 Nuclear Membrane - separates the nucleus from the cytoplasm. Endoplasmic Reticulum - moves materials around in the cell.', 'Trees in a forest, fish in a river, horseflies on a farm, lemurs in the jungle, reeds in a pond, worms in the soil â\x80\x94 all these plants and animals are made of the building blocks we call cells. Like these examples, many living things consist of vast numbers of cells working in concert with one another.', 'Definition of cell body. : the nucleus-containing central part of a neuron exclusive of its axons and dendrites that is the major structural element of the gray matter of the brain and spinal cord, the ganglia, and the retina â\x80\x94 see neuron illustration.', 'Nucleus-The nucleus is the control center of the cell. It is the largest organelle in the cell and it contains the DNA of the cell. DNA (Deoxyribonucleic Acid) contains all the information for cells to live, perform their functions and reproduce.his layer is called the capsule and is found in bacteria cells. In our body there are many different kinds of cells. We are made up of about 200 different types of cells. Our body also has non-living materials such as hair, finger nails, and the hard part of the bone and teeth.']","The parts of a cell include:

1. **Cell Membrane** - forms the outer boundary of the cell and allows only certain materials to move into or out of the cell.
2. **Cytoplasm** - a gel-like material inside the cell that contains water and nutrients for the cell.
3. **Nucleus** - directs the activity of a cell and contains chromosomes with the DNA.
4. **Nuclear Membrane** - separates the nucleus from the cytoplasm.
5. **Endoplasmic Reticulum** - moves materials around in the cell.

These parts work together to ensure the cell functions properly, with the cell membrane regulating material movement, the cytoplasm providing a medium for biochemical reactions, the nucleus controlling cellular activities, and the endoplasmic reticulum facilitating the transport of materials.",,0.6428571428571429,0.849848269916358,0.0
is scout a girl,"['Scout is a girl. At the beginning of the book, she is 6 years old. Her full name is Jean Louise Finch. Scout is a girl. At the beginning of the book, she is 6 years old. Her full name is Jean Louise Finch.', 'For Girl Scouts of the USA: Girls Scouts can be as young as kindergarten age children (age 5) to as old as High School seniors (age 18).', 'The name Scout is of French, American and English origin. The meaning of Scout is scout, explorer. Scout is used as both a boys and girls name. It consists of 5 letters and 1 syllable and is pronounced Scout.', ""SIGNING THE BOOK. is the responsibility of the boy's parents. It is important that the Cub Scout do the work he is supposed to do, and that he does his best. The parents know their boy's capabilities and should not sing the book unless the work is up to the boy's best effort. This helps bring Cub Scouts add parents and families closer together. Usually the book is shown to the Den Leader so she can keep track of the boy's advancement and make sure that he receives his awards as soon as possible. UNIFORM The Cub Scout uniform consists of a blue shirt, pants, and cap and a neckerchief."", 'GLAAD is free to start its own Gay Scouts, but instead chose to harangue NatGeo for refusing to run a â\x80\x9cdisclaimerâ\x80\x9d at the beginning of each show condemning the Boy Scoutsâ\x80\x99 leadership policies. Itâ\x80\x99s not enough to live and let live.']","Yes, Scout is a girl.",,1.0,0.96441795441191,0.9999999999
what are you supposed to wear to a wake,"['It is best to hedge toward formal wear if the dress code for a wake is not known. Jeans may sometimes be acceptable depending on the deceased and their family and social circle, but they must always be worn with appropriate dress footwear and a respectful top.', 'We recommend: 1 A solid navy suit, charcoal or a grey suit â\x80\x93 2 or 3 button single-breasted with notched lapels or double-breasted. 2 Do NOT wear a black suit â\x80\x93 those are for funerals only. 3 Wear a solid or striped white or light blue dress shirt with French cuffs and cufflinks or a barrel cuff.', ""No one is saying you have to wear a pink sundress covered in roses. You don't have to be girly at all if that's not your thing. You do you. Just do it with the understanding that this day is not about you and a leopard print mini dress is likely to draw a lot of attention."", ""If an invite says black tie optional, err on the side of caution and wear a long dress or dark suit or tux. Like your mom always said, it's better to be safe than sorry. what to wear to a winter wedding. what to wear to a fall wedding. what to wear to a summer wedding. what to wear to a spring wedding."", 'What To Wear To A Luau Party. Along with the truly festive, floral and free flowing fashions that work at a luau party, you should also consider cute and messy beach hairstyles for summer along with your outfit. If you are still confused about what to wear, the choice is simple â\x80\x93 you can go with some choices for what you should wear to the beach. When it comes to a luau, the options to dress up can be as simple or as outlandish as you want it to be or as per the dictates of your mood. If you are the kind who has purchased a fancy straw hat with flowers or even fruits on them, then it is the right time to break it out.']","It is best to hedge toward formal wear if the dress code for a wake is not known. Jeans may sometimes be acceptable depending on the deceased and their family and social circle, but they must always be worn with appropriate dress footwear and a respectful top.",,1.0,0.0,0.0
what are the marijuana laws in massachusetts,"['Massachusetts Marijuana Laws. Marijuana possession, sale, and manufacture are regulated by both state and federal law. In Massachusetts, marijuana is classified as a class D substance, and until recently was completely illegal. (Mass.', 'In 2008, Massachusetts voters approved a ballot measure that replaced criminal penalties for the possession of one ounce or less of weed with a system of civil penalties. That law is usually described as decriminalization. In 2012, Massachusetts voters approved an initiative making marijuana legal for medical use.', ""The law, passed as a ballot measure known as Question 4, would allow people 21 years and older to possess up to 1 ounce of marijuana outside their residence and possess up to 10 ounces inside the residence. That goes into effect on Dec. 15, 2016. These 13 Massachusetts towns really wanted weed legalized. Here's what happens next, with a major caveat. There are deadlines and other provisions within the law. But the Massachusetts Legislature and Gov. Charlie Baker, one of the top opponents of the measure, hold the power to rewrite the law."", 'These relaxed laws have pro-marijuana legalization activists enthused. Many are already looking toward 2016, when ballot initiatives in California, Massachusetts, Maine, Nevada and Arizona other states are likely to be put to voters.', 'Effective date January 1, 2014. SB 374 â\x80\x93 Provides for registration of medical marijuana establishments and imposes a 2%. excise tax on each wholesale and retail sale of marijuana and marijuana infused products in. addition to the regular sales tax imposed on retail sales of tangible personal property.']","In Massachusetts, marijuana possession, sale, and manufacture are regulated by both state and federal law. Marijuana is classified as a class D substance. In 2008, voters approved a measure that decriminalized the possession of one ounce or less of marijuana, replacing criminal penalties with civil penalties. In 2012, medical marijuana was legalized. As of December 15, 2016, adults 21 years and older can possess up to 1 ounce of marijuana outside their residence and up to 10 ounces inside their residence. Additionally, there are provisions for the registration of medical marijuana establishments and a 2% excise tax on marijuana sales.",,1.0,0.8153221322245923,0.0
banget meaning,"[""of shortening terima kasih), makasih banget, and trims banget. The words trims and banget (which means 'very' or 'extremely') are typical of the slang spoken around Jakarta, the Indonesian capital. Nowadays, many young people from urban centers throughout Indonesia use these most informal forms."", 'Bengali, also called Bangala, Bangla, Bangla-Bhasa, belongs to the Eastern group of the Indo-Aryan branch of the Indo-European language family. Along with Assamese, it is the easternmost of all Indo-European languages. In English, Bengali refers to both the language and the people who speak it.', 'shebang definition: Shebang is slang for a situation, or a set of facts or things. (noun) An example of shebang is someone paying for the entire check for a large group dinner; paying for the whole shebang....', 'Best Answer: It means beautiful boy in Japanese. Usually it is abbreviated to say bishie. The genre appeals to girls, as these bishie characters are usually depicted in romantic settings. Here is more info, if you want: http://en.wikipedia.org/wiki/Bish%C5%8Dn...ts a japanese term meaning beautiful youth.(Boys).Ouran Host High School Club is a Bishounen anime cuz the males r highly feminine and also the wallflower is bishounen.... basically feminine looking men.', 'This Slang page is designed to explain what the meaning of bru is. The slang word / phrase / acronym bru means... . Online Slang Dictionary. A list of slang words and phrases, idioms, jargon, acronyms, and abbreviations.']","The word ""banget"" means 'very' or 'extremely' in the slang spoken around Jakarta, the Indonesian capital.",,1.0,0.7432042013310979,0.9999999999
is weak dollar good?,"[""DEFINITION of 'Weak Dollar' A weak dollar is a situation where the U.S. dollar's value is decreasing relative to one or a basket of foreign currencies. Essentially, a weak dollar means that a U.S. dollar can exchange for fewer amounts of foreign currency. A number of factors, not just economic fundamentals, can lead to a period of U.S. dollar weakness. The term weak dollar is used to describe a sustained period of time, as opposed to a 24 to 48-hour decline in the greenback. BREAKING DOWN 'Weak Dollar'"", 'Yet, while a weaker dollar is seen helping American exporters to compete abroad, it may undermine the greenbackâ\x80\x99s status as the worldâ\x80\x99s top reserve currency and fan concerns about a protectionist trade agenda espoused by U.S. President Donald Trump, who is set to speak in Davos on Friday.', 'Consensus Forecast 1.37 EUR/USD MTFX 1.07 1.10 1.12 1.14 1.15 1.16 1.18 1.20 Consensus Forecast JPY/USD MTFX 111 113 112 110 109 109 108 107 Consensus Forecast 114 MAY 2017 - US DOLLAR HIGHLIGHTS U.S. DOLLAR HIGHLIGHTS: The US dollarâ\x80\x99s safe-haven status has been on full display in recent weeks. Tensions between the country and North Korea, combined with uncertainty surrounding the French', 'China is on its way to becoming a reserve currency not because of weakness in the US dollar but precisely because the US dollar is going to get stronger and become less readily available. Countries are going to need to be able to trade in something besides dollars.', 'last price; btcusd=x: 11,235.955078-1,584.558594 (-12.359578%) ethusd=x: 1,036.2694-148.5647 (-12.5389%) eurusd=x: 1.2287 +0.0024 (+0.1966%) jpy=x: 110.567 +0.133 (+0.120%) gbpusd=x: 1.38114 +0.00215 (+0.15607%)']",I cannot answer from the given context.,,0.0,0.0,0.0
what kind of sword does Strider Hiryu use,"[""The player controls the protagonist Strider Hiryu, whose main weapon is a tonfa-like plasma sword known as Cypher. He can perform numerous acrobatic feats depending on the joystick/button combination used.April 2013). Strider, released in Japan as Strider HiryÅ« (ã\x82¹ã\x83\x88ã\x83©ã\x82¤ã\x83\x80ã\x83¼é£\x9bç«\x9c) , is a 1989 side-scrolling platform game developed and released for the CP System arcade hardware by Capcom. It became one of Capcom's early big hits prior to Street Fighter II, hailed for its innovative gameplay and unique music."", 'The Old Kingdom had soldiers equipped with a great variety of weapons: shields, spears, cudgels, maces, daggers, bows and arrows. Quivers and battle axes came into use before the second Intermediary Period, which was a time of revolution in the Egyptian martial arts.', 'A Japanese sword (æ\x97¥æ\x9c¬å\x88\x80, nihontÅ\x8d) is one of several types of traditionally made swords from Japan.There are many types of Japanese swords that differ by size, shape, field of application and method of manufacture. Some of the more commonly known types of Japanese swords are the katana, wakizashi, and tachi. One of the forerunners of the wakizashi. 2 Katana (å\x88\x80, sword) : A general term for the traditional sword with a curved blade longer than 60 cm (there is no upper length limit but generally they are shorter than 80 cm), worn with the edge upwards in the sash.', 'Duneyr (drooping-ears) â\x80\x93 one of the deer constellations, the name associated with the second largest of the deer. Consists largely of the stars of the Great Bear, with two stars for its front leg, five stars for its rear leg, seven stars make up its body, two for its neck, one for its eye, and three for its antlers.', ""Strong Attackers: Dodrio and Stoutland can stop Wailord from setting up, although the former cannot switch in safely, as it's susceptible to a burn from Scald, whiereas the latter usually carries Facade. Ursaring carries Facade as well and gets a Speed boost from Quick Feet if it is burned by Scald.""]",Strider Hiryu uses a tonfa-like plasma sword known as Cypher.,,1.0,0.8559658743033425,0.0
why do we push others away,"['From a psychological standpoint, pushing away the people you love the most is a very basic and common, defense mechanism. As the relationship develops, people become inundated with their own fears and insecurities that they will not be accepted and therefore hurt by their loved one.', 'Why do People behave this way..? Ex : 1) Shouting at your loved ones inspite of them doing nothing wrong 2) Feeling jealous of someone whom you really care about 3) Say or Do things intentionally to hurt others 4) Lie and hide things from your close ones Why do people behave like this & later regret about it?..Is there any kinda solution... show more Ex :', 'Need for Love and Belongingness: Maslow states that this level is what the majority of the population remains at. The desire for friendship, the search for a mate and the desire to be part of a family are all reflections of this need.', '1 Introduction to applied social. psychology. linda steg and talib rothengatter. Introduction: social problems and human cognition. and behaviour. Socialpsychologyisabasicscienceaimedatunderstandinghumansocial. behaviourandthemotivations,cognitionsandemotionsrelatedtosuchbehaviour.', '2. Every time you think the Law of Attraction is not working and start to look for ways to make it workâ\x80¦ every time you tell others you need help manifesting because you canâ\x80\x99t do itâ\x80¦ every time you think youâ\x80\x99re not doing something rightâ\x80¦.']","People push others away due to their own fears and insecurities about being accepted, which can lead to the defense mechanism of distancing themselves from loved ones.",,1.0,0.9051350684026946,0.9999999999
what is two factor authentication,"['vs. CRYPTOCARD BlackShield. Two-factor authentication is a security process in which the user provides two means of identification from separate categories of credentials; one is typically a physical token, such as a card, and the other is typically something memorized, such as a security code.', 'RSA SecurID software tokens use a highly secure provisioning protocol, the Cryptographic Token Key Initialization Protocol (CT-KIP), to support two-factor authentication. RSA SecurID software tokens integrate with more than 400 applications and devices. Integrations are available free of charge and are jointly tested by RSA and partners.', 'The best protection can provide only dynamic authentication, where sign-in information changes for every online session. Guarded Key password manager introduces Cryptographic Security Token as the most secure form of authentication.', 'CRYPTOCARD BlackShield. Single sign-on (SSO)is a session /user authentication process that permits a user to enter one name and password in order to access multiple applications.', 'Public Key Cryptography Based User-to-User (PKU2U) Security Support Provider (SSP) enables peer-to-peer authentication, particularly through the Windows 7 media and file sharing feature called Homegroup, which permits sharing between computers that are not members of a domain.']","Two-factor authentication is a security process in which the user provides two means of identification from separate categories of credentials; one is typically a physical token, such as a card, and the other is typically something memorized, such as a security code.",,1.0,0.9578017515344662,0.0
what is the purpose of a grand jury,"['The purpose of a grand jury, in theory, is to protect citizens against unfair and unwarranted prosecutions by the government. In medieval England, it was viewed as a protection against the Crown.', 'Why are jury trials important to court cases like those of Felina Early v. Suzy Snoozer? Jury trials protect the right of the government to require suspect citizens to prove their innocence in a court of law. They help to make the trial process go faster because jury members can split up the evidence to examine.', 'Jurors are an essential part of our justice system. The right to trial by jury in the United States dates from Colonial times and is rooted in English history. It is guaranteed by the Sixth and Seventh Amendments to the Constitution of the United States of America and Article One of New Jerseyâ\x80\x99s State Constitution. People have a right to have matters determined by a jury of their peers.', 'In the preamble to the US Constitution, one aim of the US is to establish justice, which means to set up a fair and equitable system of laws - under which all persons are treated fairly and equally, and are guaranteed that their rights are respected by others.', 'Answers. Best Answer: Nationalism and new nation states were basically ignored.The purpose of the Congress was to settle-amicably between the Great Powers-territorial claims and boundaries in Europe following the end of the Napoleonic Wars.nswers. Best Answer: Nationalism and new nation states were basically ignored.The purpose of the Congress was to settle-amicably between the Great Powers-territorial claims and boundaries in Europe following the end of the Napoleonic Wars.']","The purpose of a grand jury, in theory, is to protect citizens against unfair and unwarranted prosecutions by the government.",,1.0,0.96678786894415,0.0
what is neutrophils definition,"['Neutrophils - Definition. Neutrophils are a common type of white blood cell. Neutrophils respond to infection and attack bacteria and other foreign invaders directly. They are phagocytes that eat the invading organisms and kill them.', 'Top 10 facts about the world. Neutrophils are the most common type of white blood cell, comprising about 50-70% of all white blood cells. They are phagocytic, meaning that they can ingest other cells, though they do not survive the act.Neutrophils are the first immune cells to arrive at a site of infection, through a process known as chemotaxis.op 10 facts about the world. Neutrophils are the most common type of white blood cell, comprising about 50-70% of all white blood cells. They are phagocytic, meaning that they can ingest other cells, though they do not survive the act.', ""Neutrophils are the most common white blood cell. They are attracted to infected areas by cytokines, and can ingest bacteria and other microorganisms by phagocytosis. They are abundant in pus, and are the reason it has a white/yellowish appearance. I don't understand, there is only one type of white blood cell."", 'The term leukocyte refers to all six types of white blood cells; each plays a unique role in the immune system: 1 Basophils circulate in the blood and initiate the inflammatory response. 2 Eosinophils kill infecting parasites and produce allergic reactions.', 'Groupings. The granular leukocytes are the neutrophils, the eosinophils and the basophils. The agranular cells are the monocytes and the lymphocytes. The basis for the division of the white blood cells into these two groups is the presence of granules inside the granular cells.']",Neutrophils are a common type of white blood cell that respond to infection and attack bacteria and other foreign invaders directly. They are phagocytes that eat the invading organisms and kill them.,,1.0,0.7642908755476077,0.0
anchor hocking phone number,"['For your convenience to contact Anchor Hocking We have provided all possible information of Anchor Hocking. You can contact Anchor Hocking on the given phone number 740-681-6478. To know the address location of Anchor Hocking it is also presented here Lancaster, Ohio, United States. Contact them by sending email to Anchor Hocking you will find an email address here .', 'Phone Support: 1-800-541-5555. The Telephone Service Center (TSC) is available 8 a.m. to 5 p.m., Monday through Friday, except holidays (border providers and out-of-state billers billing for in-state providers, call [916] 636-1200).', 'Police Academy : 302-366-7938 : Public Information Officers Contact Information is for News Media Use Only- Any Police Matters Should be Directed to 911 or the Non-Emergency Phone Number : Public Information Officer, M/Cpl. Heather Carter: 302-540-7560 (News Media Use Only) Email Public Information Officer, M/Cpl. Michel Eckerd', ""(919) 370-1326. elizabeth.evans@tylerstaproom.com. We would love to help you host your event at Tyler's! Our Durham and Apex locations have a private room, as well as a Speakeasy â\x80\x94 our Speakeasys are large, informal spaces with limited amounts of formal seating; we often rent them out for buffet style receptions.lizabeth.evans@tylerstaproom.com. We would love to help you host your event at Tyler's! Our Durham and Apex locations have a private room, as well as a Speakeasy â\x80\x94 our Speakeasys are large, informal spaces with limited amounts of formal seating; we often rent them out for buffet style receptions."", 'King City Branch 402 Broadway King City, CA 93930 (831) 385-3677 Tuesday: 11 - 7 Wednesday: 11 - 7 Thursday: 11 - 7 Friday: 10:30 - 4:30 Saturday: 10:30 - 4:30. San Lucas Branch 54692 Teresa St. San Lucas, CA 93954 (831) 385-3677 (King City) Please call the King City Branch for more info.']",740-681-6478,,1.0,0.4423009135812856,0.0
what is the voltage in israel,"['The electric current in the US is 110 volts, and Israel (along with most of Europe) uses 220 volts. Naturally, if you plug an American 110-volt appliance into an Israeli socket, it will probably burn out. Therefore, a transformer, or another type of converting device, is needed to convert the 220 volts to 110 volts.', 'Verizon Cell Phone usage in Israel - Israel Forum. Verizon Cell Phone usage in Israel. I called customer service today at Verizon and asked if i could use my cell phone in Jerusalem , Tel Aviv and Eilat. Surprisingly she said yes. I thought the Amigo cell phone was the only one that could be used.', 'while you should stay open to developments of the conflict travel in israel is still safe it s important to remember that the main tourist areas are away from gaza where this current conflict is taking place and where any travel in close proximity is prohibited', 'When the State of Israel was formed in 1948, the government viewed Hebrew as the de facto official language and initiated a melting pot policy, where every immigrant was required to study Hebrew and often to adopt a Hebrew surname.', 'Latest Israel News â\x80\x93 10th April. Russia surprisingly says west Jerusalem is Israelâ\x80\x99s capital Russia recognizes west Jerusalem as Israelâ\x80\x99s capital, the Russian Foreign Ministry stated in a surprise announcement on... Latest Israel News â\x80\x93 7th April.']",The voltage in Israel is 220 volts.,,1.0,0.9531317712981164,0.0
kamikaze definition,"['Kamikaze definition, (during World War II) a member of a special corps in the Japanese air force charged with the suicidal mission of crashing an aircraft laden with explosives into an enemy target, especially a warship. See more.', 'Tags: kaizen, lean manufacturing, continuous improvement. One of the most popular buzzwords in business today is the word â\x80\x9ckaizenâ\x80\x9d. It is a Japanese word meaning â\x80\x9cincremental improvementâ\x80\x9d. Kaizen was formalized by the Toyota Production System, which is now utilized throughout the United States as lean manufacturing. The term kaizen is often coupled with another word to create the phrase â\x80\x9ckaizen eventsâ\x80\x9d. The kaizen event is the term given to a highly focused continuous improvement event consisting of a team working together for a brief time period to solve a business problem.', 'Japanese term or phrase: kotobuki. English translation: Celebration, rejoicing, happy event, (often used as a sign to express the meaning in one character). Entered by: seika. Options:- Contribute to this entry-Include in personal glossary.', 'â\x80\x98My own definition is simple: an act of political violence committed against purely civilian targets is terrorism; attacks on military targets are not.â\x80\x99 â\x80\x98A warning today about more possible bomb attacks against Western targets in Indonesia.â\x80\x99', 'Machika is a word in Papiamento the local Language of the Island of Aruba Bonaire and Curacao Machika means that you are smashing somthing in spanish is Machicar. Suggested']","A member of a special corps in the Japanese air force charged with the suicidal mission of crashing an aircraft laden with explosives into an enemy target, especially a warship.",,0.6666666666666666,0.7853335724299649,0.0
caffeine takes how long effect,"[""Alison has 30+ answers in. Health. According to Wikipedia, a moderate dose wears off in about five hours. However, like Ted said, how long caffeine takes to wear off varies greatly from person to person, and also depends on how high the person's tolerance (literally ability to tolerate a drug's effects) is."", ""Report Abuse. 1 It depends; those who drink lots of coffee become 'caffeine-tolerant'. If they were to have a coffee late in the evening it wouldn't make much difference. 2 it can take 15-20 minutes.. the effects can last a few hours.. 3 is a stimulant and it will elevate heart rate, increase blood flow, and raise body temperature."", ""When caffeine enters the body, the liver releases enzymes to metabolize it before releasing it into the bloodstream. This can temporarily impair the liver's blood sugar uptake and release functions."", 'Coffee and energy drinks do share caffeine in common. However what you need to recognize first and foremost is that coffee has higher concentrations of caffeine which will have more of a sudden impact on the central nervous system.', ""Back in my syrup drinking days, it could take as long as 2+ hours. Especially if I'd eaten recently. So if it was gel-caps that you took, then that's probably pretty normal. I've also noticed that the DXM come-up really tends to sneak up on me... I won't really be noticing any effects, and then all of a sudden""]","Caffeine can take 15-20 minutes to start having effects, and those effects can last a few hours. However, the duration can vary greatly from person to person and depends on individual tolerance.",,1.0,0.0,0.0
what is the definition of experience modifier,"[""An experience modifier is an adjustment factor assigned to an Employer's FEIN by the rating bureau (NCCI or State Bureau). The factor compares your loss data to other employers with the same class codes, and is expressed as a credit or debit on your policy. Secure â\x80¢ Fast â\x80¢ Easy."", 'A modifier is a word, phrase, or clause that functions as an adjective or adverb to limit, qualify, or clarify the meaning of another word or word group. A modifier is a word, phrase, or clause that functions as an adjective or adverb to limit, qualify, or clarify the meaning of another word or word group. modifier (grammar) Search the site GO', 'In grammar, a modifier is an optional element in phrase structure or clause structure. A modifier is so called because it is said to modify (change the meaning of) another element in the structure, on which it is dependent. Typically the modifier can be removed without affecting the grammar of the sentence.', ""Use 'experience' in a Sentence. The author has worked in the industry for twenty years in a variety of different positions, giving her the unique experience required to make her an expert in the subject. 20 people found this helpful."", 'When an employer mentions â\x80\x9cequivalent experienceâ\x80\x9d in a job posting, it can either mean experience in lieu of some educational requirements or non-paid experience, like an internship or volunteer work, in place of paid work experience.']","An experience modifier is an adjustment factor assigned to an Employer's FEIN by the rating bureau (NCCI or State Bureau). The factor compares your loss data to other employers with the same class codes, and is expressed as a credit or debit on your policy.",,1.0,0.6474558067585611,0.0
what's good for sinus pressure,"['Steam inhalation is another popular home remedy for instant relief from nasal congestion. It works as a natural expectorant to clear the congestion and also lubricates the irritated respiratory tract. You can use any of these remedies 2 to 4 times a day.', '4 doctors agreed: 1 Yes: The typical bacteria in a sinus infection usually are sensitive to Bactrim (sulfamethoxazole and trimethoprim). ...Read more. 2 Zithromax : Azithromycin and Augmentin (amoxicillin and clavulanate) are excellent choices for sinusitis ...Read more.', 'Keeping your nose and sinuses moist is good for sinus health, says Kelleher. When sinuses get too dry, the mucociliary transport system that traps and moves irritants stops working. If your house is dry, use a humidifier and keep the humidity between 30 and 50 percent.', 'first find temporary relief with an over the counter pain reliever with a decongestant such as tylenol sinus congestion and pain you may also find comfort by keeping your nasal passages moist using a vaporizer or humidifier relieve sinus headaches from pain and congestion', 'A cold remedy used in many cultures, taking in warm liquids, such as chicken soup, tea, or warm apple juice, might be soothing and might ease congestion by increasing mucus flow. Add moisture to the air. A cool mist vaporizer or humidifier can add moisture to your home, which might help loosen congestion.']",I cannot answer from the given context.,,0.0,0.0,0.0
lactose symptoms,"['Common symptoms of lactose intolerance include: 1 Watery, bulky, odd-smelling stools. 2 Nausea. 3 Abdominal pain. 4 Cramps. 5 Bloating. 6 Flatulence that begins about 30 minutes to 2 hours after eating or drinking foods or drinks containing lactose.', 'Lactose intolerance. Lactose intolerance is a condition in which people have symptoms due to the decreased ability to digest lactose, a sugar found in milk products. Those affected vary in the amount of lactose they can tolerate before symptoms develop. Symptoms may include abdominal pain, bloating, diarrhea, gas, and nausea. These symptoms typically start between half and two hours after drinking milk or eating milk products. Severity depends on the amount a person eats or drinks. It does not cause damage to the ga', 'Lactose intolerance is a common problem. It happens when your body does not have enough lactase, which is an enzyme produced in the small intestine. Lactase is necessary to digest lactoseâ\x80\x94the natural sugar found in milk and other dairy products. In the intestines, undigested lactose leads to the buildup of gas. Within 30 minutes to 2 hours after eating dairy products containing lactose, people with lactose intolerance start to develop stomach cramps and diarrhea. These two symptoms must be present for a person to be diagnosed with lactose intolerance.', 'This is not the same thing as a food allergy to milk. When lactose moves through the large intestine (colon) without being properly digested, it can cause uncomfortable symptoms such as gas, belly pain, and bloating. Some people who have lactose intolerance cannot digest any milk products.', ""If you've always been able to eat dairy and suddenly find that you can't do so anymore, you may be lactose intolerant. While sudden lactose intolerance isn't common or likely, it's certainly possible. There are a few things you can do to determine whether you're actually lactose intolerant, and if so, how to cope with your symptoms.""]","Common symptoms of lactose intolerance include watery, bulky, odd-smelling stools, nausea, abdominal pain, cramps, bloating, and flatulence that begins about 30 minutes to 2 hours after eating or drinking foods or drinks containing lactose.",,1.0,0.8554059183652986,0.99999999995
what is the meaning of the name Brandon,"[""The name Brandon is a Teutonic baby name. In Teutonic the meaning of the name Brandon is: From the beacon hill. English Meaning: The name Brandon is an English baby name. In English the meaning of the name Brandon is: Derived from a surname and place name based on the Old English for 'hill covered with broom'.Broom is a prolific weed. Also, 'From the beacon hill'. Shakespearean Meaning: The name Brandon is a Shakespearean baby name.n Teutonic the meaning of the name Brandon is: From the beacon hill. English Meaning: The name Brandon is an English baby name. In English the meaning of the name Brandon is: Derived from a surname and place name based on the Old English for 'hill covered with broom'. Broom is a prolific weed."", ""English Meaning: The name Brian is an English baby name. In English the meaning of the name Brian is: Brought to England by the Breton companions of William the Conqueror, this name is originally derived from the Irish word for hill. Welsh Meaning:The name Brian is a Welsh baby name.In Welsh the meaning of the name Brian is: Legendary son of Turenn. 'Strong'.eltic Meaning: The name Brian is a Celtic baby name. In Celtic the meaning of the name Brian is: In use in England since the Middle Ages. Possibly connected with the Irish word for Hill thus 'He ascends.'. Also some texts define it as Strong. 10th century Brian Boru was a high king and great national hero of Ireland."", 'ROBERTS Surname Meaning & Origin: A patronymic surname meaning son of Robert, from the Welsh given name Robert, meaning bright fame.. Derived from the Germanic elements hrod meaning fame and beraht meaning bright.', 'The meaning of Yannick has more than one different etymologies. It has same or different meanings in other countries and languages. The different meanings of the name Yannick are: Hebrew meaning: God is gracious.', ""Jacob is a Latin derivation of the Hebrew name Yaakov traditionally believed to be derived from the word akev which literally translates to at the heel.Given Jacob's Biblical story, this etymology makes perfect sense.ncidentally, the name James is an anglicized version of Jacob (from the Latin translation Iacomus). Today Jacob has become the most fashionable name for baby boys in North America, ranked #1 in the United States and Canada.""]","The name Brandon means ""From the beacon hill"" in Teutonic and is derived from a surname and place name based on the Old English for ""hill covered with broom.""",,1.0,0.9099428865880963,0.0
who is nicole kidman's husband,"[""EXCLUSIVE: Nicole Kidman Reveals How She Makes It Work With Husband Keith Urban After 10 Years Together. Talk about relationship goals! Nicole Kidman and Keith Urban are celebrating their 10 year wedding anniversary in June, and they're clearly more in love with one another than ever. The couple made a gorgeous appearance at the SAG Awards on Saturday, and told ET the secret to their incredible relationship. Photo: Getty Images."", 'This has been an extremely trying time, Nicole and her husband Reed said exclusively in a joint statement to ET on Monday, the first time the couple has spoken publicly about the affair since it was revealed on RHOC. We have done our best to work through our issues in private.', 'Jason Schwartzman was born on June 26, 1980 in Los Angeles, California, USA as Jason Francesco Schwartzman. He is an actor, known for Rushmore (1998), The Darjeeling Limited (2007) and The Grand Budapest Hotel (2014). He has been married to Brady Cunningham since July 11, 2009. They have two children.', 'Colin Hanks Marries Samantha Bryant. Actor Colin Hanks tied the knot with publicist Samantha Bryant Saturday in Los Angeles, his rep confirms to PEOPLE. Engaged since last June, the pair said I do at sunset on the roof of the London Hotel in West Hollywood, a source tells PEOPLE. Alyssa Milano, Reese Witherspoon and her steady companion Jim Toth and were among the 150 guests.', 'Barbie Blank rose to fame as WWE Diva â\x80\x9cKelly Kellyâ\x80\x9d and is married to former NHL player Sheldon Souray, most recently of the Anaheim Ducks. Nicole Williams is a successful model who has been dating Larry English of the Tampa Bay Buccaneers for five years now.']",Nicole Kidman's husband is Keith Urban.,,1.0,0.9079841112204153,0.0
what is process control equipment,"['A process control engineer requires significant formal education. Learn about the degree programs, job duties and requirements to see if this is the right career for you. There are many processes that take place at manufacturing facilities, and process control engineers oversee that they happen according to plan.', 'Industrial/process meters. Liquid Controls PD meters in aluminum, stainless steel, brass, and cast iron. provide the necessary accuracy for batch processing, flow rate control, blending, and custody transfer of liquids across a broad range of products, viscosities, temperatures, and pressures.', 'The term SCADA (Supervisory Control and Data Acquisition) usually refers to centralized systems which monitor and control entire sites, or complexes of systems spread out over large areas (anything from an industrial plant to a nation). Most control actions are performed automatically by RTUs or by PLCs.ata acquisition begins at the RTU or PLC level and includes meter readings and equipment status reports that are communicated to SCADA as required. Data is then compiled and formatted in such a way that a control room operator using the HMI can make supervisory decisions to adjust or override normal RTU (PLC) controls.', 'The 7526A Precision Process Calibrator is a multifunction calibrator offering the best balance of economy and accuracy for temperature & pressure calibration. The 7526A Precision Process Calibrator is a multifunction calibrator offering the best balance of economy and accuracy for temperature & pressure calibration.', 'Electronic security access control is often done in several small steps. At first only a few central areas are monitored, as system needs expands it becomes part of an integrated security system, integrating into the Surveillance, intrusion, fire and safety system.ccess control is a system which enables control to areas and resources in a given physical facility, â\x80\x9caccess control is also management of people, vehicles and goods to and from access points like, computers, gates, doors, environments etc.']",I cannot answer from the given context.,,0.0,0.0,0.0
when do used car prices drop,"['Used Car Seasonal Price Trends. Many used car dealers put a higher price on a vehicle then gradually drop the price. Car dealers actually drop the price of used cars on an average of 1.32 times per month. According to MoJo Motors, the price drops most frequently between the months of July and October.', 'Majority of Used Cars Have Price Reductions After Only 30 Days on Market. CAMBRIDGE, Mass., February 22, 2011 â\x80\x93 A study released today by leading online automotive community CarGurus.com shows that the majority (53%) of used cars listed for more than 30 days have at least one price drop.', ""One reason why used car prices bottom near the end of the year is because fewer people are shopping for a used car during the end of year holiday season. Another is because used cars technically become one year older on January 1st which affects buyer's perceptions of the vehicle's worth."", ""Best Time to Buy. Automotive pricing and information website TrueCar's statistics show the winter months offer the greatest potential discounts, but that doesn't necessarily mean you should wait until then to buy a new car."", 'Pickup trucks are seeing the most price growth in the used car market. Passenger cars, on the other hand, are generally showing year-over-year declines as a result of lower demand. The average amount financed on a used car is $20,732, which is up three percent from last year. The finance amount is larger than the average price of used cars because many of the more inexpensive transactions are paid in cash.']",Used car prices drop most frequently between the months of July and October.,,1.0,0.9106484000918346,0.0
what is wrong if your ear keeps popping,"['Normally, swallowing causes a little click or popping sound in the ear. This occurs because a small bubble of air has entered the middle ear, up from the back of the nose. It passes through the Eustachian tube, a membrane-lined tube about the size of a pencil lead that connects the back of the nose with the middle ear.', 'Ear Problems. Ear problems are often caused by an infection. However, other conditions may also cause ear pain or discomfort. Follow this chart for more information about ear problems. Our trusted Symptom Checker is written and reviewed by physicians and patient education professionals. Find a possible diagnosis by choosing a symptom and answering a few simple questions.', '1 Tinnitus is abnormal ear noise. 2 Tinnitus can arise in any of the four sections of the ear: the outer ear, the middle ear, the inner ear, and the brain. 3 In addition to ringing in the ears, other symptoms associated with tinnitus may include: 4 Stress due to fear of tinnitus. 5 Ear pain. Anxiety.', 'More common: 1 Continuing ringing or buzzing or other unexplained noise in the ears. 2 excess air or gas in the stomach or intestines. 3 hearing loss. 4 lack or loss of strength. 5 passing gas.', 'It is always a concern if this is coming from the middle ear as it can affect hearing. Any discharge that is coming out of the ear indicates a rupture of the ear drum if it stems from the middle ear.This could be glue ear so do not get fooled by the lack of pain or itching. An infection may still be a possibility and this needs to be excluded.']",I cannot answer from the given context.,,0.0,0.0,0.0
withdrawal symptoms for coffee,"['When you deprive your body of the caffeine it has grown accustomed to, it struggles to cope with this sudden change. In the coping process, you end up with a pounding headache. Headaches, irritability, lethargy, nervousness, and mild depression are all fairly common withdrawal symptoms associated with caffeine intake.', 'Withdrawal Symptoms Of Diet Soda: Diet soda is bad, really bad. I recently quit drinking Diet Pepsi (again) and I totally felt withdrawal symptoms. The first few days, my right eye and lip twitched and when I woke up, my head was pounding. I had a stabbing migraine feeling unlike any other, right on the top left side of my cranium.', 'Some teens who are more sensitive to caffeine will feel stronger effects with smaller amounts than others who are less sensitive to it. Having too much caffeine can cause side effects like â\x80\x9cthe jittersâ\x80\x9d, restlessness, anxiety, insomnia (trouble sleeping), headaches, high blood pressure and a fast heart rate. Caffeine is a diuretic, which means that it will make you have to urinate (pee) more often.', 'In adults, caffeine consumption is associated with a negative relationship with all-cause mortality, largely due to a reduction of cardiovascular effects. Causation hasnâ\x80\x99t been established though. Most of you are very familiar with the side effects of caffeine: agitation, tremors, insomnia, headache. Overall, despite documented cases of dependence and withdrawal, caffeine consumption has a generally attractive safety profile with a wide therapeutic range.', 'I used to drink three to five cups of coffee a day. I am of small stature so this was quite a bit for me. I cut back my intake gradually by half a cup a day and this was quite effective when it came to avoiding the caffeine headaches.']","Headaches, irritability, lethargy, nervousness, and mild depression are all fairly common withdrawal symptoms associated with caffeine intake.",,1.0,0.8242542371012169,0.9999999999
law for full time benefits how many hours do you have to work,"['Part-time employees are scheduled to work at least half-time but less than full-time, or at least 18.75 but fewer than 37.5 hours per week. Some state positions operate on a 40-hour workweek basis; in these jobs, part-time employment is for at least 20 hours per week.', ""For example, I worked at a warehouse where full time was 40 hours a week, then worked at a mall where full time was 32 hours a week, and now I'm at dollar general where full time is 30 hours a week. Just an FYI though, most companies that hire part time will give you an average of 20 hours a week or less."", 'The law defines â\x80\x9cfull timeâ\x80\x9d as 30 hours a week or more. â\x80\x9cWe work so hard for so little pay,â\x80\x9d he said. â\x80\x9cYou would think they would want to make an investment in society, pay the teachers back and give us health care.â\x80\x9d This month, the Obama administration delayed the employer insurance requirement until January 2015.', 'Part-Time / Full-Time Status. Texas and federal laws leave it up to an employer to define what constitutes full-time and part-time status within a company and to determine the specific schedule of hours.', 'Employers are only required to allow employees to use 40 hours in a year, however. The law was amended in 2017 to make clear that an employer may limit the number of paid sick time hours an employee may accrue to 40 hours per year.']","The law defines ""full time"" as 30 hours a week or more.",,1.0,0.7771884898979421,0.3333333333
laws synonyms,"['Synonyms for law in Free Thesaurus. Antonyms for law. 117 synonyms for law: constitution, code, legislation, charter, jurisprudence, the police, constabulary, the police force, law enforcement agency.... What are synonyms for law? Law synonyms, law antonyms - FreeThesaurus.com', 'Here are a few terms to get you started: adjective law (or procedural law): That area of the law that deals with procedural rules of evidence, pleadings and practice. administrative law: The area of law that concerns government agencies.', '3 a court case for enforcing a right or claim filed an action in county court to recover his lawn mower from his neighbor, who claims he â\x80\x9cgaveâ\x80\x9d it to her Synonyms lawsuit, proceeding, suitRelated Words litigation; case, cause, complaint; counterclaim, countersuit, cross action, cross-claim.', 'The difference between a law and a rule is that laws are enforced by the police and are therefore just legal rules. Although there are rules and regulations that are needed to follow in a society, they are distinguished by who are responsible for them and how they are formed. Rule by law is means that no one is immune to the law set by the government. The government use the law in the most convenient way for them to govern a particular state, meaning, they set the rules and they are the supreme authority. They use the law to meet their own needs.', 'There are three mooring hooks for discussions with non-believing neighbors about law. If we moor our conversations on these three hooks, we will usually be all right. The root of the enacted law is the moral law; the root of the moral law is the design of the created order; and the root of the created order is the Creator.â\x80¦ These sound like biblical truths, and they are.']","The synonyms for law include constitution, code, legislation, charter, jurisprudence, the police, constabulary, the police force, and law enforcement agency.",,1.0,0.8892429559402067,0.9999999999
what is the meaning of service tenure,"[""Tenure is the act or length of time that something is held or the achieved status of having one's employment position become permanent. An example of tenure is holding a piece of property in your possession only until death as part of a real estate agreement."", '(b) Staff concerned may be allowed to represent about the assignment of their seniority position within a period of one year after the publishing of the seniority list. No cases for revision in seniority lists should be entertained beyond this period.', 'But when combined with the ability of teachers unions to fight tooth and nail over any accusation leveled against a protected teacher, tenure can keep bad teachers in the classroom or at least on the payroll for decades after initial charges.', 'Universal service is an economic, legal and business term used mostly in regulated industries, referring to the practice of providing a baseline level of services to every resident of a country.', 'Dictionary entry overview: What does warranty mean? â\x80¢ WARRANTY (noun) The noun WARRANTY has 1 sense: 1. a written assurance that some product or service will be provided or will meet certain specifications Familiarity information: WARRANTY used as a noun is very rare.']",I cannot answer from the given context.,,0.0,0.0,0.0
lewiston idaho fedex express phone number,"['Fedex Lewiston Idaho has shown its customer service address detail for its customers that are shown below. Address detail : 420 Burrell Avenue, Lewiston, Idaho 83501, United States customer service number : +1 (800) 463-3339', 'UPS Drop Box - Danville 135 Collins Dr, Danville VA 24540 Phone Number: (434) 793-5016', 'FedEx Locations - Irvine, KY. You can drop off your FedEx Express shipments, pick up shipping supplies, and more at any FedEx Ship CenterÂ®. FedEx Office provides reliable printing, packing and shipping services. FedEx Kinkoâ\x80\x99s is now FedEx Office. FedEx Express Drop Boxes accept most letters and packages up to 20 x 12 x 6.', 'Post Tribune Customer Service Phone Number Phone Number of Post Tribune is (800) 753-5533 / +1 219-648-3000. Post Tribune is a daily English Newspaper, circulated in the United States. The Full name of the newspaper is Post-Tribune of Northwest Indiana. The Newspaper is published from Merrillville, Indiana. Post Tribune Newspaper is published by the Chicago Tribune Media Group.', 'Direct Deposit. 1 How to Sign Up On-line for Direct Deposit. 2 Direct ExpressÂ® card contact information. 3 Call (800) 333-1795 to sign up over the phone. To change name/address or account number, call the paying agency using the numbers at this link.']",+1 (800) 463-3339,,1.0,0.3707068800268863,0.0
biological culture definition,"['(2) The biological culture such cells. Supplement. Biological cultures are a common laboratory means in order to study living organisms. There are different types of biological cultures, such as cell culture, tissue culture, and organ culture. Cell culture is a biological culture of cells of multicellular eukaryotes. Tissue culture is the cultivation of tissues from multicellular organisms. Organ culture is the cultivation of a part or all of an animal organ in a sterile controlled medium.', 'The biological species concept defines a species as a group of individuals living in one or more populations that can potentially interbreed to produce healthy, fertile offspring. Other species concepts exist and may be more useful for certain types of organisms.', 'Professor Geert Hofstede conducted one of the most comprehensive studies of how values in the workplace are influenced by culture. He defines culture as â\x80\x9cthe collective programming of the mind distinguishing the members of one group or category of people from othersâ\x80\x9d. The six dimensions of national culture are based on extensive research done by Professor Geert Hofstede, Gert Jan Hofstede, Michael Minkov and their research teams. If you want to make academic research within the field of culture, we advise you familiarize yourself with Hofstedeâ\x80\x99s books.', ""Biological determinism is a term used in some literature to describe the belief that human behavior is controlled solely by an individual's genes or some component of physiology."", '(biology) the basic structural and functional unit of living organisms. It consists of a nucleus, containing the genetic material, surrounded by the cytoplasm in which are mitochondria, lysosomes, ribosomes, and other organelles. All cells are bounded by a cell membrane; plant cells have an outer cell wall in addition.']","Biological cultures are a common laboratory means in order to study living organisms. There are different types of biological cultures, such as cell culture, tissue culture, and organ culture. Cell culture is a biological culture of cells of multicellular eukaryotes. Tissue culture is the cultivation of tissues from multicellular organisms. Organ culture is the cultivation of a part or all of an animal organ in a sterile controlled medium.",,1.0,0.625873957132057,0.0
what part of georgia is international convention center,"['Then use this simple search form to find nearby hotels, motels, and other lodging. The Georgia International Convention Center is located in College Park and is next to the Atlanta Airport. The GICC is just 10 minutes from downtown Atlanta.', 'The highest area in Georgia is Brasstown Bald which is 1,458 m (4,784 ft) above sea level, while the lowest is at sea level, at the Atlantic Ocean. Georgia is located at approximately 33Â° N 83.5Â° W. The state has a total area of 154,077 km2 (59,489 sq mi) and the geographic center is located in Twiggs County . Georgia is primarily a humid subtropical climate with hot and humid summers, except at the highest elevations.', 'Macon is centrally located and easily accessible by Interstates I-75, I-475 and I-16. Being in the heart of Georgia provides us easy access to other major cities and tourist destinations. In both our Downtown Visitor Center and our I-75 Visitor Center, you can find information about destinations and attractions before you hit the road. We also have regional maps to direct you to the closest route to reach all of them and or to the next visitor center to direct you.', ""Read 452 Guest Reviews. Recently named one of USA Today's 10 Best Atlanta hotels, Grand Hyatt Atlanta is the perfect combination of sophistication, state-of-the-art amenities, and southern charm. Conveniently located on Peachtree Street, our Buckhead, Atlanta hotel puts you in the heart of Atlanta's best shopping, dining, sports and live music."", 'At this time, Tbilisi had roughly the same number of Armenians as Georgians, with Russians being the third largest ethnic group. It was here, in the former Caucasus Vice royal Palace, where the independence of three Transcaucasus nations â\x80\x93 Georgia, Armenia and Azerbaijan â\x80\x93 was declared on 26 to 28 May 1918.']",The Georgia International Convention Center is located in College Park.,,1.0,0.9197599243866762,0.0
can eating cabbage help you lose weight,"[""It's also a good source of vitamin C, fiber, potassium, and other nutrients. Cabbage also offers a major payoff -- the fewest calories and least fat of any vegetable. This powerful veggie is a must for dieters trying to lose weight. Health Benefits."", 'You can include the Cabbage in your diet either in the form of juice, raw, or in a curry. The best form recommended for the weigh loss is Cabbage juice. You need to drink its juice daily in order to attain the better weight loss results. It can either be taken in the morning or even before the lunch.', 'Low-carbohydrate vegetables are the ones that are to be eaten in abundance when you want to follow a weight-loss diet. These vegetables include horseradish, lettuce, mushrooms, watercress, asparagus, broccoli, celery, cucumber, fennel, olives, peppers, and spinach.', ""Flat Belly Drink: Green Tea Besides reducing your risk of cancer and heart disease, green tea contains catechins, antioxidants that studies show can help reduce belly fat. That's right: Green tea can actually help you lose weight."", '1 Calories In Red Cabbage Cooked. 2 144 calories, 7g fat, 21g carbs, 2g protein, 4g fiber. 3 Calories In Cabbage cooked w/ Potatoes and Bacon (200g Servings) 1/23/12. 4 150 calories, 5g fat, 23g carbs, 5g protein, 4g fiber.']","Yes, eating cabbage can help you lose weight as it has the fewest calories and least fat of any vegetable, making it a good choice for dieters. Additionally, drinking cabbage juice daily is recommended for better weight loss results.",,1.0,0.9620000574699944,0.0
when do ligament pains start in pregnancy,"['What is round ligament pain? The round ligaments surround your uterus in your pelvis. As your uterus grows during pregnancy, the ligaments stretch and thicken to accommodate and support it. These changes may occasionally cause pain on one or both sides of your abdomen, typically first noticed during the second trimester.', '4. Labor-During early labor cramping and back pain are common symptoms. Because normal pregnancy cramps can be hard to differentiate from a sign of danger, we recommend discussing any cramping with your doctor.', '1 You are using your muscles in different ways and this can cause discomfort in your groin area. 2 Weight gain-As your pregnancy progresses you are gaining weight and this puts strain on your hips and pelvis, which are stretching and widening to make room for baby.', 'You will gain weight and your body will grow to accommodate your new baby. While this is natural and necessary, it can cause some discomfort. It can be stressful, especially for first time mothers, to discern between normal pains and when there is a possible complication from a sharp pain during pregnancy.', 'Back pain or discomfort is common during pregnancy and should be expected to some degree by most women. Back pain may be experienced during any point of your pregnancy; however, it most commonly occurs later in pregnancy as baby grows. Back pain can disrupt your daily routine or interfere with a good night of sleep.']",Ligament pains are typically first noticed during the second trimester of pregnancy.,,1.0,0.9358316527576053,0.0
what is sucrose used for,"['Sucrose (sugar), the most well-known sweetener, is made by crystallizing sugar cane or beet juice. Sucrose is also made up of the same two simple sugars, glucose and fructose, joined together to form a single molecule containing one glucose molecule and one fructose molecule, an exact one-to-one ratio. The proportion of fructose to glucose in both HFCS 42 and HFCS 55 is similar to that of sucrose.', 'sugar. n. 1. (Elements & Compounds) Also called: sucrose or saccharose a white crystalline sweet carbohydrate, a disaccharide, found in many plants and extracted from sugar cane and sugar beet: it is used esp as a sweetening agent in food and drinks. Formula: C12H22O11.', 'The total number of atoms in a molecule of sucrose is 45. This total is calculated by adding the number of atoms noted in its molecular formula, C12H22O11.... The total number of atoms in a molecule of sucrose is 45. This total is calculated by adding the number of atoms noted in its molecular formula, C12H22O11. Continue Reading.', 'The word sucrose was coined in 1857 by the English chemist William Miller from the French sucre (sugar) and the generic chemical suffix for sugars-ose. The abbreviated term Suc is often used for sucrose in scientific literature.he word sucrose was coined in 1857 by the English chemist William Miller from the French sucre (sugar) and the generic chemical suffix for sugars-ose. The abbreviated term Suc is often used for sucrose in scientific literature.', 'Donâ\x80\x99t be fooled by its slogan â\x80\x9cMade from sugar, so it tastes like sugar.â\x80\x9d. Sucralose was approved for use in foods as a sweetener in 1998. Before approving sucralose, the FDA claimed to have reviewed 110 human and animal studies, but it turns out that only 2 out of those studies were actually on humans.']",Sucrose is used especially as a sweetening agent in food and drinks.,,1.0,0.956360780335312,0.0
how long do allergic rashes last,"['How long a rash lasts depends on its cause. However, most rashes usually disappear within a few days. For example, the rash of a roseola viral infection usually lasts 1 to 2 days, whereas the rash of measles disappears within 6 to 7 days. Rashes caused by an antibiotic allergy may last 3 to 14 days, whereas diaper rash almost always clears up within 1 week (if diapers are changed frequently). Rashes resulting from lupus or dermatomyositis may last for an extended period of time.', 'Chronic hives occur almost daily for more than six weeks and are typically itchy. Each hive lasts less than 24 hours. They do not bruise nor leave any scar. If your hives last more than a month or if they recur over time, see an allergist, who will', ""In the following weeks I had a few more allergic reactions (once swollen lips.. and a couple of times I had hives on my wrists, legs, arms and ankle's). Then it suddenly stopped but appeared again somewhere in september."", 'Allergic reactions to foods typically begin within minutes to a few hours after eating the offending food. The frequency and severity of symptoms vary widely from one person to another.', 'Usually fast: Most common allergic reactions to pollen, insect stings, foods, etc., are immediate hypersensitivity reactions, meaning they occur within seconds to minutes. But you can also have a late phase, a second-wave of reaction that occurs hours later.']",I cannot answer from the given context.,,0.0,-0.0,0.9999999999
what it means significant amount of protein in upep test,"['Also known as: Urine protein electrophoresis and UPEP. A urine protein electrophoresis is a test that estimates how much of certain proteins you have in your urine. A clean-catch urine sample is needed. The clean-catch method is used to prevent germs from the penis or vagina from getting into a urine sample.', ""By Mayo Clinic Staff. High blood protein (hyperproteinemia) is an increase in the concentration of protein in the bloodstream. High blood protein is not a specific disease or condition in itself, but it might indicate you have a disease. High blood protein rarely causes signs or symptoms on its own. But sometimes it is uncovered while you're having blood tests done as part of an evaluation for some other problem or symptom. Causes."", 'The urine protein test is a good way of picking up any kidney damage.We recommend screening tests for chronic kidney disease in high-risk groups, such as people with diabetes or high blood pressure. Kidney disease runs in families and so close family members may also want to have their kidney function tested.', 'Tests measuring other things can help detect other problems: 1 High protein levels may be a sign of nephritis (a kidney inflammation). 2 Ketones and sugar in urine are signs of high blood sugar. 3 Leukocytes or nitrite may be a sign of a bacterial infection.', 'An elevated liver enzyme reading may be an indication of a liver disorder, damage to liver cells, or an obstruction to the biliary tract (also known as the gallbladder and bile ducts). This list of enzymes and their functions outlines possible indications when elevated amounts of liver enzymes are detected: 1 Alanine transaminase (ALT): An enzyme that helps metabolize protein. 2 When the liver is damaged, ALT is released in the bloodstream.']",I cannot answer from the given context.,,0.0,0.0,0.0
where was paul newman born,"['Paul Newman. Paul Newman (born January 26, 1925 - September 26, 2008) was an American actor. He was born in Shaker Heights, Ohio. His mother was a Slovak; his father was a Jew who had one parent from Hungary and the other from Poland. He was known especially for the 1969 movie Butch Cassidy and the Sundance Kid.', 'Born on October 13, 1977, Paul Anthony Pierce spent his childhood in Inglewood, California, a Los Angeles suburb. The great Lakers teams of the 1980s captured his imagination, and basketball quickly became his first love.', 'Carver was born in 1864 near Diamond Grove, Missouri, on the farm of Moses Carver. He was born into difficult and changing times near the end of the Civil War. The infant George and his mother kidnapped by Confederate night-raiders and possibly sent away to Arkansas.', 'Andy Samberg. Andy Samberg was born in Berkeley, California, to Marjorie (Marrow), a teacher, and Joe Samberg, a photographer.', 'Soundtrack | Actor | Composer. Kris Kristofferson was born in Brownsville, Texas, to Mary Ann (Ashbrook) and Lars Henry Kristofferson. His paternal grandparents were Swedish, and his father was a United States Air Force general who pushed his son to a military career.Kris was a Golden Gloves boxer and went to Pomona College in California.ris Kristofferson was born in Brownsville, Texas, to Mary Ann (Ashbrook) and Lars Henry Kristofferson.']","Paul Newman was born in Shaker Heights, Ohio.",,1.0,0.9252192216742566,0.0
loperamide effects,"[""Loperamide (Imodium) is a medication for the treatment and relief of acute, chronic, or travler's diarrhea. Imodium usually cures diarrhea in a couple of days. Common side effects of Imodium are fatigue, dizziness, abdominal pain, and constipation. If diarrhea lasts longer, contact your doctor."", 'Tardive dyskinesia is more likely to occur when metoclopramide is used for longer than 3 months, in high doses, or when used in the elderly (especially elderly women). Contact your doctor immediately if you develop any unusual uncontrolled movements (especially of the face, mouth, tongue, arms or legs).', 'Losartan-hydrochlorothiazide may cause high blood sugar (hyperglycemia) in diabetics or, in some cases, even cause diabetes in people without a history of the condition. Losartan-hydrochlorothiazide may increase levels of cholesterol and triglycerides in the blood.', 'Serious side effects of Elidel include: skin cancer, lymphoma, fevers, and ; infections, shortness of breath, facial swelling, and ; blisters. Elidel (pimecrolimus) is available in strength of 1% in a cream base in 30, 60 and 100 gram tubes. Usual dosage is to apply a thin cream film twice daily to the affected area of skin. Do not get cream into the eyes.', 'Upset stomach, heartburn, diarrhea, drowsiness, or dizziness may occur. If any of these effects persist or worsen, notify your doctor or pharmacist promptly. Remember that your doctor has prescribed this medication because he or she has judged that the benefit to you is greater than the risk of side effects. Many people using this medication do not have serious side effects. This medication may raise your blood pressure.']","Common side effects of Loperamide (Imodium) are fatigue, dizziness, abdominal pain, and constipation.",,1.0,0.7232482316897721,0.0
what is the benefit of trans fats,"['Protect Your Arteries. Replacing trans and saturated fats with omega-3, omega-6, and omega-9 has been shown to prevent atherosclerosis or â\x80\x9chardening of the arteries.â\x80\x9d Think of saturated or trans fats as solids that can eventually clog your arteries, which keeps the blood from flowing properly.', 'This determination will significantly reduce the use of PHOs, the major source of artificial trans fats, in the food supply. The Food and Drug Administration announced Tuesday that it is removing trans fats, whose source is partially hydrogenated oils, from the list of foods generally recognized as safe.', '1 Trans fat formed naturally â\x80\x93 this type of trans fat is produced in the gut of some grazing animals. 2 Thatâ\x80\x99s why small quantities of trans fat can be found in animal products like meat, milk, and milk products.', 'Monounsaturated fat, which is most abundant in foods like nuts and various plant oils (olive oil, canola oil, etc.), will most often end up comprising the majority of your total fat intake. For the most part, this is a good thing.', ""Omega-3 fatty acids from fish oil can help lower triglycerides and apoproteins (markers of diabetes), and raise HDL. So eating foods or taking fish oil supplements may help people with diabetes. Another type of omega-3 fatty acid, ALA (from flaxseed, for example) may not have the same benefit as fish oil. Some people with diabetes can't efficiently convert ALA to a form of omega-3 fatty acids that the body can use.""]",I cannot answer from the given context.,,1.0,-0.0,0.0
where was tupac shot on his body,"['During the first shooting Tupac was in, where on his body was he shot? I heard it was 2 times in the groin, 2 times in the head, and 1 in the hand. But how did he survive? any info is appreciated.', '1968: Martin Luther King shot dead. Dr King was shot dead in the southern US city of Memphis, Tennessee, where he was to lead a march of sanitation workers protesting against low wages and poor working conditions.He was shot in the neck as he stood on a hotel balcony and died in hospital soon afterwards.r King advocated the use of non-violent tactics such as sit-ins and protest marches. In 1964 he was awarded the Nobel peace prize. E-mail this story to a friend. 1968: Martin Luther King shot dead The American black civil rights leader, Dr Martin Luther King, has been assassinated.', ""via Jim Watkins. A 25-year-old man was shot and killed Tuesday evening in Kenwood, blocks from President Barack Obama's home. Reginald Sanson was sitting in a car around 6 p.m. in the 5000 block of South Dorchester when another vehicle approached and a person inside fired shots at Sanson, the Tribune reported."", 'selena â\x80¦ got shot right when she took off the friendship ring yolanda gave her. then yolanda shot her in the shoulder blade. what i fixed ^^ must of the is true but Yolanda was not her manager and yolanda shot her in a vain where the upper right arm starts so she was pumbing out blood.', 'On April 8th, 1994, Nirvana frontman Kurt Cobain was found dead of a gunshot wound sustained on April 5th, 1994, in his Seattle home. Many, including the Seattle Police Department, believe this gunshot wound was self-inflicted. Some do not.']","Tupac was shot 2 times in the groin, 2 times in the head, and 1 in the hand.",,1.0,0.7964692070695413,0.0
diamond production in namibia,"['Namibia and Diamonds: Namibia is one of the worldâ\x80\x99s largest producers of gem quality diamonds, with about 98% of diamonds produced being gem quality. Namibia produced a total of 1.4 Mct in 2003. In 2003 it was estimated that onshore operations account for about 55% of production and offshore operations for 45% operations.', 'Orapa diamond mine located 240km west of Francistown city in Central Botswana is the ninth largest diamond mine in the world by reserve. The open-pit mine was estimated to contain 85.7Mct of diamond reserves (146.1Mt grading 0.587ct/t diamond) as of December 2012.', ""Although the excitement has since waned, interest in Arkansas's diamond mine remains high. About 120,000 people come to Huddleston's old farm site, now the Crater of Diamonds State Park, each year to search for these precious gems."", ""Diamonds are usually level 16 and bedrock, and is near lava a lot. I have found that in abandoned mine shafts there's some by lava especially. And iron is usually everywhere, even above the ground. So that means it doesn't have to be in caves or holes."", 'Gem Diamonds appoints Harry Kenyon-Slaney to succeed Roger Davis who will be stepping down at the June AGM. Read More.. Sergey Ivanov led a delegation to Antwerp for talks with the Antwerp World Diamond Center (AWDC) and the leadership of the Beurs Voor Diamanthandel exchange. Read More.. The Israel Diamond Exchange (IDE) is creating some interesting precedents for the wider global diamond industry.']","Namibia is one of the world’s largest producers of gem quality diamonds, with about 98% of diamonds produced being gem quality. Namibia produced a total of 1.4 Mct in 2003, with onshore operations accounting for about 55% of production and offshore operations for 45%.",,1.0,0.8651558918938251,0.0
what is the lcd math,"['LCD. A Liquid Crystal Display (LCD) is a thin, flat electronic visual display that contains liquid crystals, whose optical properties change in the presence of an electric field.', 'For computers, see Lowest common denominator (computers). In mathematics, the lowest common denominator or least common denominator (abbreviated LCD) is the least common multiple of the denominators of a set of fractions. It simplifies adding, subtracting, and comparing fractions.', 'It can be an ambiguous term especially as the displayed resolution is controlled by different factors in cathode ray tube (CRT) displays, flat-panel displays (including liquid-crystal displays) and projection displays using fixed picture-element (pixel) arrays.', 'When buying a new TV or projector it can be tough to understand what all the different numbers mean. In this guide, we will learn everything you will need to know to make an informed HD television purchase.', ""In October 2007, Samsung introducing a ten-millimeter thick, 40-inch LCD television panel, followed in October 2008 by the world's first 7.9-mm panel. Samsung developed panels for 24-inch LCD monitors (3.5 mm) and 12.1-inch laptops (1.64 mm).""]",I cannot answer from the given context.,,0.0,0.0,0.0
where is hartwell ga,"['Sponsored Topics. Hartwell is a city in Hart County, Georgia, United States. The population was 4,188 at the 2000 census. The city is the county seat of Hart County. Hartwell is located at 34Â°21â\x80²10â\x80³N 82Â°55â\x80²52â\x80³W / 34.35278Â°N 82.93111Â°W / 34.35278; -82.93111 (34.352738, -82.931161). It sits upon the southern border of Lake Hartwell.', ""Chatham County is the northernmost of Georgia's six coastal counties. Named for William Pitt the Elder, earl of Chatham, it was formed out of Christ Church Parish and St. Phillip Parish in 1777."", 'As of 1 p.m. Friday, the Marlboro County-Hartsville football game will take place despite the rainy weather. The Bulldogs and Red Foxes are scheduled to kick off at 7:30 tonight at Kellytown Stadium, near Hartsville.', 'Blythe, Georgia. Blythe US: /Ë\x88blaÉªÎ¸/ is a city in Burke and Richmond Counties in the U.S. state of Georgia. As of the 2010 census, the city had a population of 721.[4] It is part of the Augusta, Georgia metropolitan area.', 'Zillow has 1,412 homes for sale in Newton County GA. View listing photos, review sales history, and use our detailed real estate filters to find the perfect place. Homepage']","Hartwell is a city in Hart County, Georgia, United States. It is located at 34°21′10″N 82°55′52″W, sitting upon the southern border of Lake Hartwell.",,1.0,0.7464907251170351,0.0
during what phase of meiosis does this occur,"['Meiosis II is a process that includes prophase II, metaphase II, anaphase II, telophase II and cytokinesis. In prophase II, spindle fibers form inside the cells. Next, chromosomes align along the metaphase plate during metaphase II. In anaphase II, the chromosomes divide at their centromeres and migrate to each pole of the cell. During telophase II and cytokinesis, the chromosomes form four haploid nuclei, and the cells break apart to form four haploid cells. Learn more about Molecular Biology & DNA Sources:', 'Homologue pairs separate during a first round of cell division, called meiosis I. Sister chromatids separate during a second round, called meiosis II. Since cell division occurs twice during meiosis, one starting cell can produce four gametes (eggs or sperm). In each round of division, cells go through four stages: prophase, metaphase, anaphase, and telophase.', 'Before meiosis begins, during S phase of the cell cycle, the DNA of each chromosome is replicated so that it consists of two identical sister chromatids.', 'Double fertilization. 1 One sperm cell fuses with the egg forming the diploid zygote. 2 The other sperm cell fuses with the polar nuclei forming the endosperm nucleus. 3 Most angiosperms have two polar nuclei so the endosperm is triploid (3n). 4 The tube nucleus disintegrates.he megasporangia, called ovules, develop within the ovary. Meiosis of the megaspore mother cell in each ovule produces 4 haploid cells: 1 a large megaspore and. 2 3 small cells that disintegrate.', 'The end result is production of four haploid cells (n chromosomes, 23 in humans) from the two haploid cells (with n chromosomes, each consisting of two sister chromatids) produced in meiosis I. The four main steps of Meiosis II are: Prophase II, Metaphase II, Anaphase II, and Telophase II.']",I cannot answer from the given context.,,0.0,0.0,0.0
where is george michael buried,"['Friends reveal George Michael will â\x80\x98be buried beside his beloved motherâ\x80\x99 in familyâ\x80\x99s private plot in Highgate Cemetery. The Wham! singer, who died on Christmas Day, bought a grave for his mum in Highgate Cemetery when she passed away in 1997.', 'To continue reading, Newsday subscribers log in. To continue reading, Newsday subscribers log in or register. Antonio Spain knelt in the wet grass at the grave of slain Navy SEAL Michael Murphy, raised a camera to his eyes and snapped a photo of the tombstone Tuesday at Calverton National Cemetery.', 'Home > United States > New York > Queens > Cedar Grove Cemetery > Burial Records Index', 'The Gate of Heaven Cemetery is located in Los Altos, California, at the foot of the Los Altos Hills. Owned and operated by the Catholic Diocese of San Jose, this cemetery is nestled in a tranquil setting of lush manicured lawns, colorful flowers and shrubbery, majestic trees, and a glistening pond with a waterfall -- that can be viewed well from a natural stone footbridge.', ""At Jefferson's direction, he was buried on the grounds, in an area now designated as the Monticello Cemetery. The cemetery is owned by the Monticello Association, a society of his descendants through Martha Wayles Skelton Jefferson. After Jefferson's death, his daughter Martha Jefferson Randolph sold the property.""]",George Michael is buried in Highgate Cemetery.,,1.0,0.9281494892164449,0.0
what's the weather in riga in celsius,"['Weekly Weather Report for Riga, Latvia. Looking at the weather in Riga, Latvia over the next 7 days, the maximum temperature will be 13â\x84\x83 (or 56â\x84\x89) on Monday 10th April at around 2 pm. In the same week the minimum temperature will be -1â\x84\x83 (or 31â\x84\x89) on Friday 14th April at around 11 pm.', 'Riga, Latvia weather text for Sat 02nd September. The Riga, Latvia weather is going to be moderate rain at times. Riga, Latvia visibility is going to be around 16 km i.e. 10 miles and an atmospheric pressure of 1020 mb. The daytime temperature is going to reach 16 Â°c and the temperature is going to dip to 8 Â°c at night.', ""Riga was founded in 1201 and is a former Hanseatic League member. Riga's historical centre is a UNESCO World Heritage Site, noted for its Art Nouveau/Jugendstil architecture and 19th century wooden architecture. Riga was the European Capital of Culture during 2014, along with UmeÃ¥ in Sweden. Riga hosted the 2006 NATO Summit, the Eurovision Song Contest 2003, and the 2006 IIHF Men's World Ice Hockey Championships. It is home to the European Union's office of European Regulators for Electronic Communications (BEREC)."", 'Weather lowdown. While the month of September in Athens is still quite warm, the summer heat starts to cool off as the fall season approaches. The average temperature this month is 24Â°C (75Â°F), while the average low drops to 19Â°C (66Â°F), and the average high is still a warm 28Â°C (82Â°F).', 'Weekly Weather Report for Sparta, Costa Rica. Looking at the weather in Sparta, Costa Rica over the next 7 days, the maximum temperature will be 36â\x84\x83 (or 96â\x84\x89) on Saturday 29th July at around 12 pm. In the same week the minimum temperature will be 23â\x84\x83 (or 73â\x84\x89) on Monday 31st July at around 9 pm.']",I cannot answer from the given context.,,0.0,0.0,0.0
what is the population of falls in wyoming county pa,"['Location of Falls Township in Pennsylvania. Location of Pennsylvania in the United States. Falls Township is a township in Wyoming County, Pennsylvania, United States. The population was 1,995 at the 2010 census.', ""Nawadaha Falls - Physical Feature (Falls) in Gogebic County Nawadaha Falls is a physical feature (falls) in Gogebic County. The primary coordinates for Nawadaha Falls places it within the MI 49968 ZIP Code delivery area. In the Maps and Aerial Photos section below, you'll find links to: (1) Local area photos around Nawadaha Falls, (2) A listing of the nearest hotels to Nawadaha Falls and (3) Driving Directions to Nawadaha Falls from almost anywhere."", 'Buffalo is a city in Johnson County, Wyoming, United States. The population was 4,585 at the 2010 census. It is the county seat of Johnson County.', 'People in group quarters in Hot Springs County, Wyoming in 2010: 1 50 people in nursing facilities/skilled-nursing facilities. 2 12 people in group homes intended for adults. 3 11 people in residential treatment centers for juveniles (non-correctional) 8 people in local jails and other municipal confinement facilities.', ""Falls Creek. Falls Creek is a nice hike tucked back in to State Game Lands 12. The drive to get there from Monroeton seems just as long as the hike. There's enough room for a car or two at the parking area, but don't be deceived by how small the stream looks, further upstream, it's much more impressive.""]","The population of Falls Township in Wyoming County, Pennsylvania, was 1,995 at the 2010 census.",,1.0,0.8966422016673943,0.0
what language does trinidad speak,"['Although the official language of Trinidad and Tobago is English, the most commonly spoken languages are Trinidadian Creole English and Tobagonian Creole English. Trinidadian usage includes a large number of local words and expressions. Many of these have non-English origins-these derive primarily from French and French Creole, Spanish, various West African languages, and Bhojpuri. Trinidadian speech is characterised by dropped final consonants and a lack of pluralisation.', 'As the majority of the population live in the island of Trinidad, this is the location of most major towns and cities. There are four major municipalities in Trinidad: Port of Spain, the capital, San Fernando, Arima and Chaguanas. The main town in Tobago is Scarborough.', 'The average Jamaican speaks English and Jamaican dialect based primarily on English. We most certainly cannot give up English, which is the dominant language of international commerce, media and science and technology. If anything, we need to improve our ability to read, write and speak English.', 'This is the weather that makes Trinidad and Tobago the perfect vacation spot. Our islands share an average daytime temperature of 28 degrees Celsius that is warm but not unpleasantly humid and nights that are pleasantly cool. Annual rainfall is about 200 cm (40 inches) over most of the country. Trinidad and Tobago is just south of the hurricane belt and rarely experiences hurricanes.', 'Tahiti is part of French Polynesian Islands. According to the CIA World Fact Book the languages spoken are: French 61.1% (official), Polynesian 31.4% (official), Asian languages 1.2%, other 0.3%, unspecified 6% (2002 census). Tahitians speak Tahitian and French. See the related link below for more information.']","The official language of Trinidad and Tobago is English, but the most commonly spoken languages are Trinidadian Creole English and Tobagonian Creole English.",,1.0,0.8309581979136306,0.0
what word means inflammation of the throat,"['What is pharyngitis? Pharyngitis is inflammation of the pharynx, which is in the back of the throat. Itâ\x80\x99s most often referred to simply as â\x80\x9csore throat.â\x80\x9d Pharyngitis can also cause scratchiness in the throat and difficulty swallowing.', 'Pharyngitis is caused by swelling in the back of the throat (pharynx) between the tonsils and the voice box (larynx). Most sore throats are caused by colds, the flu, coxsackie virus or mono (mononucleosis). Strep throat is caused by group A streptococcus.', 'The disease typically develops two to four weeks after a throat infection. Signs and symptoms include fever, multiple painful joints, involuntary muscle movements, and a characteristic but uncommon non itchy rash known as erythema marginatum. The heart is involved in about half of cases. Permanent damage to the heart valves, known as rheumatic heart disease (RHD), usually only occurs after multiple attacks but may occasionally occur after a single case of ARF. The damaged valves may result in heart failure. The abnormal valves also increase the risk of the person developing atrial fibrillation and infection of the valves. Acute rheumatic fever may occur following an infection of the throat by the bacteria Streptococcus pyogenes.', 'Causes and Symptoms of a Trachea Infection. Tracheitis is the inflammation of the windpipe (trachea). Most cases of tracheitis are due to a bacterial infection, however, a number of other factors, both infectious and non-infectious, may also cause inflammation of the trachea.', 'Epiglottis. The epiglottis is a leaf-shaped flap of cartilage located behind the tongue, at the top of the larynx, or voice box.welling of the epiglottis is called epiglottitis. This condition can block airflow to the lungs and is, therefore, potentially life-threatening. Epiglottitis can have many causes, including burns from hot beverages, throat injury, or bacterial infections. Back to Head.']",Pharyngitis,,1.0,0.9042290316471076,0.0
meaning of black flag,"[""A black flag (Black Standard) was used by Muhammad to represent his religion. It was used as the standard of the Abbasid Caliphate. It has also been stated that it will be the flag of the army that will fight the Dajjal. During the German Peasants' War in the 16th century the black flag was used by the revolting farmers."", 'Flag upside down is a sign of distress - help needed or base taken...surrender is a white flag only. You NEVER use the American flag as a symbol of surrender. The blue sector of the flag is always to be at the front of the flag on uniforms and vehicles etc.', 'Definitions for black dog. Here are all the possible meanings and translations of the word black dog. Freebase(0.00 / 0 votes)Rate this definition: Black Dog is a 1998 film about an ex-con manipulated into transporting illegal arms.', ""Burkina Faso Flag Meaning: The Burkina Faso flag depicts the pan-African colors, which reflect a break with the country's colonial past and its unity with other African ex-colonies. The red also symbolizes the revolution; while the green represents the country's abundance of natural riches."", 'While many know what the shapes which make up the flag mean, such as the thirteen stripes represent the thirteen original colonies, they do not know that the colors used in these patterns actually encompass what many already feel the flag means to them.']","The black flag (Black Standard) was used by Muhammad to represent his religion and was the standard of the Abbasid Caliphate. It is also stated that it will be the flag of the army that will fight the Dajjal. Additionally, during the German Peasants' War in the 16th century, the black flag was used by the revolting farmers.",,1.0,0.7239847943593246,0.0
how a cars manufacturer date,"[""On the sticker you will find the month and year of manufacture (normally in the upper left) in mm/yy format. For example, 12/15 will mean the car was manufactured in December of 2015. The dealer will typically receive the car one to two months after manufacture. When comparing two or more cars on the lot, the relative dates give you a good idea of how long they've been on the lot relative to each other. If one has a date of 08/15 and the other has a date of 10/15, you can conclude that the latter one has been on the lot one to three months less."", ""Feb 1, 2015 at 9:40AM. Electric-car maker Tesla Motors (NASDAQ:TSLA) has exploded onto the scene in the last several years. While the company is more than 11 years old, it wasn't until the launch of the Model S in 2012 that Musk and Co. became a force to be reckoned with in the auto industry."", 'Make is usually the company name that makes the car i.e. Toyota is considered as make and Rav4 is considered as model. Make is name of brand whereas model is name of its goods. Toyota is the make; RAV4 is the model.', 'The Model T set 1908 as the historic year that the automobile became popular. The first production Model T was produced on August 12, 1908 and left the factory on September 27, 1908, at the Piquette Plant in Detroit, Michigan. On May 26, 1927, Henry Ford watched the 15 millionth Model T Ford roll off the assembly line at his factory in Highland Park, Michigan.', ""There are two well known street cars that have been made by McLaren, the Mercedes SLR and the McLaren F1. The F1 was made throughout the mid-90's; it's engine was a naturally aspirated BMW V12. The Mercedes SLR is currently in production and is a street car marriage of both sides of the McLaren Formula 1 team. The car is manufactured and assembled at McLaren's headquarters, and the supercharged V8 engines are manufactured by AMG (performance division of Mercedes).""]","On the sticker you will find the month and year of manufacture (normally in the upper left) in mm/yy format. For example, 12/15 will mean the car was manufactured in December of 2015.",,1.0,0.6197555598658829,0.0
what is the charter of french liberties,"['Charter of 1814. Written By: Charter of 1814, French Charte Constitutionnelle, French constitution issued by Louis XVIII after he became king (see Bourbon Restoration). The charter, which was revised in 1830 and remained in effect until 1848, preserved many liberties won by the French Revolution. It established a constitutional monarchy with a bicameral parliament, guaranteed civil liberties, proclaimed religious toleration, and acknowledged Catholicism as the state religion.', '1. The Civil Constitution of the Clergy was an attempt to reform and regulate the Catholic church in France. It was passed by the National Constituent Assembly on July 12th 1791. 2.', 'Definition of liberty. plural. liberties. 1 : the quality or state of being free:a : the power to do as one pleasesb : freedom from physical restraintc : freedom from arbitrary or despotic (see despot 2) controld : the positive enjoyment of various social, political, or economic rights and privilegese : the power of choice.', 'A bill of rights is what the people are entitled to against every government on earth. . . and what no just government should refuse.. Although Jefferson was not an Antifederalist, he did agree with their call for greater protection of individual rights through the addition of a bill of rights. î\x81\x81 î\x81\x82 î\x80\x92.', ""American history is replete with bills of rights, from the most famous included in our Constitution, to the Declaration of Rights prompted by the Stamp Act to the Virginia Declaration of Rights written by George Mason for his state. Even today we speak of the apparently elusive Patient's Bill of Rights.""]","The Charter of French Liberties refers to the Charter of 1814, which was a French constitution issued by Louis XVIII after he became king. It preserved many liberties won by the French Revolution, established a constitutional monarchy with a bicameral parliament, guaranteed civil liberties, proclaimed religious toleration, and acknowledged Catholicism as the state religion.",,0.14285714285714285,0.947610231717299,0.0
when was explorer of the seas refurbished,"[""Explorer of the Seas at a Glance. 1 The Explorer of the Seas was built in 2000, and refurbished in 2015. Her gross tonnage is 137,308, and she carries 3,286 passengers. 2 Features all of Royal Caribbean's latest amenities: Elegant main dining rooms, Chop's Grille, spa & salon, and Royal Caribbean's pools."", 'Cruise ship refurbishment tends to be the best value-for-money strategy and a highly successful policy for major cruise line companies in a time of world-wide economic uncertainty. For your convenience, this link goes directly to cruise ship refurbishments 2017-2018 schedule.', 'Salvaging the Costa Concordia. The Costa Concordia cruise liner, which lay partially submerged off the Italian island of Giglio for more than two years, is now being gradually dismantled after one of the biggest salvage operations in maritime history.', 'Newest to Oldest â\x80\x93 Royal Caribbean Ships by Year Built & Renovated. Below youâ\x80\x99ll find a beautiful infograph of Royal Caribbean Ships by Age. The cruise lineâ\x80\x99s oldest cruise ship, the Monarch of the Seas, was launched in 1991. Thatâ\x80\x99s 25 years old! A ship can go through a LOT in two-and-a-half decades.', 'The number of littoral combat ships that policymakers allow the sea service to buy in 2008 could portend whether the program uprights itself in the next few years, say analysts.â\x80\x9d. DID (updated April 16/07) â\x80\x93 Cost Growth Leads to Stop-Work on Team Lockheed LCS-3 Construction.']",The Explorer of the Seas was refurbished in 2015.,,1.0,0.9260861088968593,0.0
where is tea tree oil from,"['Tea tree, also known as melaleuca, is well-known for its powerful antiseptic properties and ability to treat wounds. Tea tree oil (TTO), the volatile essential oil derived mainly from the Australian native plant Melaleuca alternifolia has been widely used throughout Australia for at least the past 100 years.', 'TEA TREE OIL Side Effects & Safety. Tea tree oil is POSSIBLY SAFE for most people when put on the skin, but it can cause skin irritation and swelling. In people with acne, it can sometimes cause skin dryness, itching, stinging, burning, and redness.', 'Tea tree oil may also be toxic to pets if ingested. Veterinary toxicologists found that large amounts of undiluted tea tree oil applied to the skin of cats and dogs caused a hypersensitivity (allergic) reaction. If you are allergic to eucalyptol, use TTO with caution, as many formulas are mixed with eucalyptol.', ""Tea tree oil has been used traditionally as a topical antiseptic and antifungal treatment. One study found that tea tree oil worked as well as 5% benzoyl peroxide in controlling the symptoms of acne. It appears to be effective with toenail fungus and possibly athlete's foot."", 'Thuja essential oil information. Thuja oil is extracted from Thuja occidentalis of the Cupressaceae family and is also known as swamp, white, northern white, eastern white cedar, cedar leaf, tree of life and American arborvitae. On this page. Oil properties. Origin of thuja oil. Extraction.']",Tea tree oil is derived mainly from the Australian native plant Melaleuca alternifolia.,,1.0,0.860966821302108,0.0
meaning of pyuria,"[""pyuria pyÂ·uÂ·riÂ·a (pÄ«-yur'Ä\x93-É\x99) n. The presence of pus in the urine, usually a sign of urinary tract infection."", 'Definition of PYRIDINE. : a toxic water-soluble flammable liquid base C5H5N of pungent odor that is the parent of many naturally occurring organic compounds and is used as a solvent and as a denaturant for alcohol and in the manufacture of pharmaceuticals and waterproofing agents.ADVERTISEMENT. pyr- + -ide + 2-ine. a toxic water-soluble flammable liquid base C5H5N of pungent odor that is the parent of many naturally occurring organic compounds and is used as a solvent and as a denaturant for alcohol and in the manufacture of pharmaceuticals and waterproofing agents. ADVERTISEMENT.', 'Medical Definition of PHYCOLOGY. : the study or science of algae.', 'Pycnogenol is a natural plant product made from the bark of the European coastal pine, Pinus Maritima. It is the most powerful antioxidant today and acts as a protector against environmental toxins.', 'Pyrin is a non-opiate, analgesic and antipyretic, prescribed for headache, pain (muscle ache, backache) and fever either alone or combined with other medications. Pyrin indications Pyrin is a non-opiate, analgesic and antipyretic, prescribed for headache, pain (muscle ache, backache) and fever either alone or combined with other medications. It changes the way the body senses pain and cools the body.']","The presence of pus in the urine, usually a sign of urinary tract infection.",,1.0,0.2109986359129872,0.0
who sang i feel wonderful tonight,"[""Wonderful Tonight is written by Eric Clapton. It was included on Clapton's 1977 album Slowhand and released as a single the following year. In 1988, Clapton appeared in the Nelson Mandela 70th Birthday Tribute concert as a guest guitarist for Dire Straits. The group became his backing musicians for a surprise performance of Wonderful Tonight during their set."", ""Sing us a song you're the piano man. Sing us a song tonight. Well we're all in the mood for a melody. And you've got us feeling alright. Submit Corrections. Visit www.azlyrics.com for these lyrics."", ""A great album with some terrific songs. A good mix of styles and artists. Bonnie Raitt's Feels Like Home is one of the prettiest songs ever. And Kenny Wayne Shepherd does a fantastic cover of the Rolling Stones The Spider and the Fly with the help of great blues artist James Cotton."", 'President Obama sings Sweet Home Chicago with blues legend B.B. King. May 15, 2015, 7:02 AM|During a blues concert hosted by the White House in 2012, President Obama sang a few bars of Sweet Home Chicago with blues singers Buddy Guy and B.B. King. The Republican Ticket.', ""Tony Bennett did go on to cover What A Wonderful World several times, as in 2003 with K.D. Lang, paying homage to Bennett's friend Armstrong. ABC Records' European distributor EMI forced ABC to issue a What a Wonderful World album in 1968 (catalogue number ABCS-650).""]",I cannot answer from the given context.,,1.0,-0.0,0.0
what is npt standard,"['National Pipe Thread Taper (NPT) is a U.S. standard for tapered threads used on threaded pipes and fittings. In contrast to straight threads that are found on a bolt, a taper thread will pull tight and therefore make a fluid-tight seal.', 'NAS - National Aerospace Standards, started in 1941 is handled by the Aerospace Industries Association a group of aerospace companies From their brochure: The NAS series is best known for its state-of-the-art, high strength, precision fasteners. In addition to all types of screws, nuts, and rivets, NAS standards define high pressure hose, electrical connectors, splices and terminations, rod end bearings, and many other types of hardware and components.', ""This standard is the bedrock of PCC's information security policies and standards, and is consistent with PCC's data management and records management standards."", 'The National Fire Prevention Association (NFPA) standard â\x80\x9cNFPA 704: Standard System for the Identification of the Hazards of Materials for Emergency Responseâ\x80\x9d is a safety standard that defines how hazardous materials are identified for emergency responders.', 'A grade of NP will be assigned for coursework equivalent to a C- or below, and no unit or degree credit will be awarded. Some universities will not accept courses taken on the P/NP grading option, so please check with your home university before making your selection.']","National Pipe Thread Taper (NPT) is a U.S. standard for tapered threads used on threaded pipes and fittings. In contrast to straight threads that are found on a bolt, a taper thread will pull tight and therefore make a fluid-tight seal.",,1.0,0.5550232423507825,0.0
meaning of yean,"['Chambers 20th Century Dictionary (0.00 / 0 votes) Rate this definition: Yean. yÄ\x93n, v.t. to bring forth young.â\x80\x94n. Yeanâ\x80²ling (Shak.), the young of a sheep: a lamb. [A.S. Ã©anian, to bring forthâ\x80\x94eacen, pregnant.]', 'Eman is a name found used for both boys and girls. it is thought to have two possible origins. It can be a variant of the unisex name Iman, which is of Arabic origin and is said to mean â\x80\x98Faithâ\x80\x99. Alternatively, the name could be a short form of the masculine Emmanuel, but this name is specifically masculine.', 'YBNâ\x80\x99er a member of ybn (the young british naturists). a youth member of british naturism (bn), that facilitates social nakedity for young persons in and around the uk.', 'It was at first a status surname for a peasant farmer or husbandman, the derivation being from either the Old Norse-Viking word bonde, or the Olde English and Anglo-Saxon word buan, both meaning to dwell, but an alternative is from bindan, meaning to bind.t was at first a status surname for a peasant farmer or husbandman, the derivation being from either the Old Norse-Viking word bonde, or the Olde English and Anglo-Saxon word buan, both meaning to dwell, but an alternative is from bindan, meaning to bind.', 'The meaning of Yannick has more than one different etymologies. It has same or different meanings in other countries and languages. The different meanings of the name Yannick are: Hebrew meaning: God is gracious.']","Yean means to bring forth young, and as a noun, it refers to a yeanling, which is the young of a sheep, specifically a lamb.",,1.0,0.9167782978961554,0.0
child support legal definition of,"['In family law, child support is often arranged as part of a divorce, marital separation, annulment, determination of parentage or dissolution of a civil union and may supplement alimony (spousal support) arrangements.', 'Some state laws give courts the power to award college support beyond the age of majority, also called post-secondary or post-minority support. College support may be in addition to child support, a part of child support, or a separate payment after regular child support ends.', 'Michigan child support is handled by Child Support Services â\x80\x93 a division of the Department of Human Services. The Friend of the Court office performs all administrative functions involving Michigan child support. You can view their website at: www.michigan.gov/childsupport.', 'Child Definition: A young individual who is under the legal age of majority, or who is the natural offspring of another. A minor; an individual who is not yet an adult or who has not reached the age of majority. Most jurisdictions have defined child in terms of a specified age of majority. But where statute law is silent on the point, the common law applies.', 'Other Articles by the Author. Many of my clients are surprised that they will probably have to provide family child support payments until their children reach 21 years of age. However, in New York, a parent can not stop child support payments until a child reaches 21 years of age. In addition, a court may also direct a parent to contribute to a childâ\x80\x99s college education.']",I cannot answer from the given context.,,0.0,0.0,0.0
what is pennsylvania's minimum wage,"[""The Pennsylvania Minimum Wage is currently $7.25 per hour. Pennsylvania's minimum wage is the same as the current federal minimum wage of $7.25 per hour. The minimum wage will likely remain at $7.25 until the federal minimum wage is raised. Please Note: Fourteen states have raised their minimum wage as of January 1, 2017."", 'Pennsylvania Overtime Wage Law. All Pennsylvania employees working over 40 hours in a work week are entitled an overtime wage of at least 1.5 times their regular hourly pay rate-therefore, the overtime minimum wage in PA is $10.88 per hour.In addition, Pennsylvania law requires all employees working over 0 hours in a single day to be paid overtime.he Pennsylvania Minimum Wage is the lowest hourly wage that an employee working in Pennsylvania can legally be paid.', 'Nov.4 2014: ballot measure approved to raise the minimum wage to $8 on 1/1/16 and to $8.50 on 1/1/17. With an allowance for gratuities not to exceed $4.87 per hour in 2015, in 2016 not to exceed $5.37 per hour and in 2017 not to exceed $5.87.', 'State minimum wage changes effective August 1, 2015. Minnesota: $9.00 per hour for large employers; $7.25 per hour for small employers. The state minimum wage is also scheduled to increase to $9.50 per hour effective August 1, 2016 for large employers and to $7.75 for small employers.', ""The current minimum wage in West Virginia is $8.75 per hour. West Virginia raised their minimum wage above the $7.25 federal minimum wage for the first time on December 31, 2014. The state minimum wage was raised to $8.75 on December 31, 2015. West Virginia's minimum wage is applicable to all employers of 6 or more employees, unless they are specifically exempt.""]",Pennsylvania's minimum wage is currently $7.25 per hour.,,1.0,0.8727170632500201,0.0
what is it called the thing that hold the tire,"['Rim (wheel) The rim is the outer edge of a wheel, holding the tire. It makes up the outer circular design of the wheel on which the inside edge of the tire is mounted on vehicles such as automobiles. For example, on a bicycle wheel the rim is a large hoop attached to the outer ends of the spokes of the wheel that holds the tire and tube.', 'Tire, Pneumatic. In motor vehicles and other wheeled vehicles, pneumatic tires create the necessary adhesion (traction) between the wheels and the surface of the road and cushion the dynamic loads on the wheels that result from the motion of the vehicle.', 'Etymology and spelling. The etymology of tire is that the word is a short form of attire, and that a wheel with a tire is a dressed wheel. The spelling tyre does not appear until the 1840s when the English began shrink fitting railway car wheels with malleable iron. Nevertheless, traditional publishers continued using tire.', ""The sensors physically measure the tire pressure in each tire and report it to the vehicle's instrument cluster or a corresponding monitor. Some units also measure and alert temperatures of the tire as well. These systems can identify under-inflation in any combination, be it one tire or all, simultaneously."", 'The inner tie rod ends are attached to either end of the center link and provides pivot points for the steering gear. From there it goes to the outer tie rod ends through an adjustment sleeve. This sleeve joins the inner and outer tie rod ends together and allows for adjustment when the front wheels are aligned. The outer tie rod ends are connected to the steering knuckle that actually turns the front wheels.']",The thing that holds the tire is called the rim.,,1.0,0.9029445030799678,0.9999999999
who is robert walton,"['Ralph Waite, who played John Walton Sr. on The Waltons for nine seasons, died Thursday at age 85. While heâ\x80\x99s best known for his Emmy-nominated role as the patriarch on the long-running 1970s CBS drama, Waite has had recent recurring roles on NCIS, Bones, and Days of Our Lives.', 'The novel itself begins with a series of letters from the explorer Robert Walton to his sister, Margaret Saville. Walton, a well-to-do Englishman with a passion for seafaring, is the captain of a ship headed on a dangerous voyage to the North Pole.', 'Robert Fulton Biography. 1 He worked as an apprentice in a jewellery shop in Philadelphia. Here he became an expert in creating painting of miniature portraits on ivory for designing lockets and rings. 2 During his stay in Philadelphia, he came in contact with Benjamin Franklin and several personalities of Revolutionary War.', ""Robert Sandifer. Robert Yummy Sandifer (March 12, 1983 â\x80\x94 September 1, 1994) was an American street gang member from Chicago, Illinois. Sandifer's murder by fellow gang members in Chicago garnered national attention, resulting in him appearing on the cover of TIME magazine in September 1994. Nicknamed Yummy because of his love of cookies, standing 4 ft 6 in (137 cm) Sandifer was a young member of the street gang the Black Disciples (BD)."", ""Mr. Sam's Life and Legacy. Sam Walton, founder of Walmart, one of the world's largest corporations, and one-time richest man in the world, left an estimated $100 billion fortune to his wife and four children when he died. Known as Mr. Sam, Walton was an Eagle scout, served as an Army captain during World War II, was an avid hunter and outdoorsman, and lived humbly.""]","Robert Walton is the captain of a ship headed on a dangerous voyage to the North Pole, as described in a series of letters to his sister, Margaret Saville.",,0.75,0.23473039397303894,0.0
where is south la,"['South Los Angeles is a 51.08-square-mile region of Los Angeles County, California, comprising 25 neighborhoods within the City of Los Angeles and three unincorporated neighborhoods.', 'BHC South LA Council to Meet Building Healthy Communities South LA will have a Council meeting on Thursday, Nov. 7 from 11 to 3 p.m. at the California Community Foundation, 281 S. Figueroa St. This ... Community Bike Ride There will be a community bike ride along Central Avenue on Sunday, Nov. 3 from 10 a.m. to 2 p.m.', '..COASTAL AREAS - downtown los angeles shwrs shwrs ptcldy ptcldy mocldy mocldy mocldy /65 59/64 56/69 58/70 58/69 58/69 58/71 /60 60/80 20/10 00/00 10/10 10/10 10/10 los angeles intl airport shwrs shwrs ptcldy ptcldy mocldy mocldy mocldy /63 60/61 55/65 57/65 57/65 57/66 57/66 /60 60/80 20/10 00/00 10/10 10/10 10/10 long beach shwrs shwrs ptcldy ...', 'South Lake Hospital. Pre-register by clicking here! Located on the first floor of the Centre for Womenâ\x80\x99s Health is our womenâ\x80\x99s diagnostic imaging unit, providing services such as mammography, ultrasound, bone densitometry testing and stereotactic breast biopsies.', 'Socorro, Texas. From Wikipedia, the free encyclopedia. Socorro is a city in El Paso County, Texas, United States on the north bank of the Rio Grande southeast of El Paso and on the border of Mexico.']","South Los Angeles is a region of Los Angeles County, California, comprising 25 neighborhoods within the City of Los Angeles and three unincorporated neighborhoods.",,1.0,0.8358263873317172,0.0
medications for oppositional defiant disorder,"[""ADHD medication may help improve symptoms of oppositional defiant disorder, Vitiello says. But parent training can also help, especially for parents who rely on punishments. You'll learn to recognize and nurture your child's strengths, Hughes says. Ask your doctor where you might find local classes or coaches who can help."", 'oppositional defiant disorder. 1. a disorder of childhood or adolescence characterized by a recurrent pattern of negativistic, hostile, and disobedient behavior toward authority figures. 2. a DSM diagnosis that is established when the specified criteria are met. Synonym(s): oppositional disorder.', 'The prescription medication has been licensed to treat the symptoms of schizophrenia, bipolar disorder, and irritability due to autism. Risperidone (Risperdal Â®) is a prescription medicine known as an atypical antipsychotic that has been licensed to treat the following conditions:', 'Dexmethylphenidate is used as a treatment for ADHD, usually along with psychological, educational, behavioral or other forms of treatment. It is proposed that stimulants help ameliorate the symptoms of ADHD by making it easier for the user to concentrate, avoid distraction, and control behavior.roducts containing dexmethylphenidate have a side effect profile comparable to those containing methylphenidate. Methylphenidate is generally well tolerated. The most commonly observed adverse effects with a frequency greater than placebo include appetite loss, dry mouth, anxiety/nervousness, nausea, and insomnia.', 'In particular, SSRI drugs are NOT effective bipolar medications. However, â\x80\x9cBenzoâ\x80\x9d antidepressants such as Klonopin, Xanax, Valium, or Ativan may be very helpful for anxiety and panic.']",I cannot answer from the given context.,,0.0,-0.0,0.0
does florida state university have rotc program,"['Army ROTC. Florida State College at Jacksonville students interested in a commission as an officer in the United States Army may enroll in the basic Army ROTC College program at the University of North Florida.tudents will be enrolled as Military Science Leadership students, college program students, or Army ROTC scholarship students based on the program in which they are accepted. Students who successfully complete the basic course are eligible to enter the advanced program at any university that offers Army ROTC.', 'Residents of Florida pay an annual total price of $17,771 to attend Florida State University on a full time basis. This fee is comprised of $4,640 for tuition, $10,264 room and board, $1,000 for books and supplies and $1,867 for other fees. Out of state residents are charged a total cost of $32,215 which is 81.3% higher than Florida residents.', 'Facts and Statistics. The University of South Florida serves more than 48,000 students at its institutions in Tampa, St. Petersburg and Sarasota-Manatee. View the USF System Fact Book or the USF InfoCenter for enrollment statistics, degrees awarded and more. Facts.', 'In-State Tuition Discount Available. The cost of FGCU is almost wholly subsidized for residents of Florida. Tuition for in-state students is set at $4,191 for the 2015 - 2016 year, a 75.7% discount off the regular price. Fees are $1,927, bringing the total yearly cost for in-state full-time undergrads to $6,118.', 'Tallahassee, Florida. 1 Tallahassee: FSU campus - Westcott building. 2 Tallahassee: Tallahassee First Baptist Church. 3 Tallahassee: Looking North from the 22nd floor of the Capitol. Tallahassee: This was taken from the inside of Doak Campbell stadium in Tallahassee, FL in September 2006. Doak Campbell is home to the Florida State Seminole football team.']",I cannot answer from the given context.,,0.0,-0.0,0.0
what is physical therapy on an overuse syndrome?,"['Chronic overuse injuries (also called repetitive stress injuries), which may take weeks or months to develop, are often caused by the same muscles being used for long periods of time - even though the demand on the muscles is low. Back and neck pain often occur from sitting in a fixed position for long periods of time.', 'Yup, agree with the above. Usually this means a need for physical therapy to assist in rebuilding strength and endurence to the patients potential. It also means that there has been a significant decrease in muscle strength and possible atrophy of muscle, r/t illness, bedrest ect... #2.', 'We offer physical therapy services (or OT, SLP) that include: 1 hippotherapy. 2 hippotherapy as a treatment strategy. 3 the use of the horse in treatment. the movement of the horse in 1 treatment. equine movement in treatment. Hippotherapy can be a strategy of choice used by therapists within their treatments.', 'Outpatient Physical Therapy services (all rehabilitation services) MUST relate directly to a written plan of care. According to Medicare, The plan of care shall contain, at minimum, the following information: diagnoses, long term treatment goals, and type, amount, duration, and frequency of therapy services.. Just a quick aside on goals, your long term treatment goals must be functional and what I am seeing now, sustainable.', 'Remedial Therapy / Massage utilises many techniques, including massage, to address a wide range of soft tissue problems. The aim is to reduce pain and tension by releasing pressure of muscles in spasm, and to address tendon and ligament complaints.emedial Therapy helps reduce the risk of fibrosis and adhesions in muscle and fascia. It can also help relax muscles and reduce tension. Relief can be gained for cramps and spasms and rehabilitation after injury can be enhanced.']",I cannot answer from the given context.,,0.0,0.0,0.0
what is ppm in manufacturing,"['(Parts per million) Click here for print version. PPM (Parts per million) is a measurement used today by many customers to measure quality performance. Definition: One PPM means one (defect or event) in a million or 1/1,000,000. There was a time when you were considered a pretty good supplier when your defect rate was less than 1%, (10,000 PPM), then the expectation was increased to 0.1% or 1,000 PPM.', '(April 2013) Production Part Approval Process (PPAP) is used in the automotive supply chain for establishing confidence in component suppliers and their production processes. Actual measurements are taken of the parts produced and are used to complete the various test sheets of PPAP:', 'Printer speed is usually measured in one of three ways, with the general rule being the quicker the print, the greater the cost. Characters per second is the first way in which speed can be measured, i.e. by calculating how many letters, number and spaces it can print in a second.ext, lines per minute (or LPM) is a prevalent measurement of speed, calculating accordingly the number of lines printed each minute. Alongside that, the third way in which printer speed can be measured is in pages per minute, or PPM.', 'CPM is the cost per 1,000 impressions. For example, a $1 CPM means $1 for 1000 ad views.For the purpose of ad serving, it is the cost to serve 1,000 ad impressions. You can compare our rates with other ad management solutions. You will see that our pricing has one of the most competitive CPM rates on the market.PM is the cost per 1,000 impressions. For example, a $1 CPM means $1 for 1000 ad views.', 'Good Manufacturing Practice: A Global Standard for Pharmaceutical Quality - PowerPoint PPT Presentation. The presentation will start after a short. (15 second) video ad from one of our sponsors. Hot tip: Video ads wonâ\x80\x99t appear to registered users who are logged in. And itâ\x80\x99s free to register and free to log in!']","PPM (Parts per million) in manufacturing is a measurement used to assess quality performance, where one PPM means one defect or event in a million or 1/1,000,000.",,1.0,0.9292106501439572,0.0
where is setaf headquarters,"[""To reduce the danger in that area, the U.S. agreed to establish a force there and on 2 October 1955, the U.S. Army Southern European Task Force was activated. SETAF's first headquarters was on Camp Darby, but the largest number of soldiers has always been in Vicenza, Italy."", ""The American TFP's national headquarters is located in Spring Grove, Pennsylvania, forty-five minutes west of historic Gettysburg and two hours north of Washington, D.C. The TFP also has centers in Washington D.C., Louisiana, Illinios, and Kansas."", 'Get to know the installation. Fast Facts. Location: USAG BENELUX/SHAPE-ChiÃ¨vres is located in Belgium, about 25 miles from the nearest city Mons. The Supreme Headquarters Allied Powers Europe (SHAPE) is located in Casteau Belgium, about 45 miles southwest of Brussels, the capitol.', 'Our headquarters campus houses R&D labs, sales and marketing, administration, warehouses, operations and customer support. 400 Cottontail Lane. Somerset, NJ 08873.', 'Langley Field. Langley Air Force Base (IATA: LFI, ICAO: KLFI, FAA LID: LFI) is a United States Air Force base located adjacent to Hampton and Newport News, Virginia. It was one of thirty-two Air Service training camps established after the entry of the United States into World War I in April 1917.']","SETAF's first headquarters was on Camp Darby, but the largest number of soldiers has always been in Vicenza, Italy.",,1.0,0.9228449990032827,0.0
what transport molecule transports oxygen,"['The final acceptor of electrons in the electron transport chain is molecular oxygen. Electron transport chains are used for extracting energy via redox reactions from sunlight in photosynthesis or, such as in the case of the oxidation of sugars, cellular respiration.lectron transport chains are redox reactions that transfer electrons from an electron donor to an electron acceptor. The transfer of electrons is coupled to the translocation of protons across a membrane, producing a proton gradient. The proton gradient is used to produce useful work.', 'The final acceptor of electrons in the electron transport chain is molecular oxygen. Electron transport chains are used for extracting energy via redox reactions from sunlight in photosynthesis or, such as in the case of the oxidation of sugars, cellular respiration.n the mitochondrial electron transport chain electrons move from an electron donor (NADH or QH 2) to a terminal electron acceptor (O 2) via a series of redox reactions.', 'molecule of hemoglobin can pick up and transport 8 atoms of oxygen. ï\x82· Iron â\x80\x93 Iron is needed for the production of hemoglobin and the. Each of these corpuscles has 280 million molecules of hemoglobin, each. a result of changes in the ratio of oxygenated to deoxygenated hemoglobin in. Hemoglobin is a molecule containing 2,318 atoms, and only one of those atoms is iron.', 'Each substance needs a different type of transport transport to get into a cell, the following match the type of transport needed to convey each of the following substances a cell. simple diffusion, osmosis, facilitated diffusion, active transport, endocytosis.', 'They can only pass through hydrophilic protein channels-this process is known as facilitated diffusion. All the factors that affect diffusion affect facilitated diffusion, and an additional one-how many transport proteins are available.']",I cannot answer from the given context.,,0.0,0.0,0.0
mitt trainings,"['MITT, mastery in transformational training, is an emotional intelligence workshop built for success-oriented leaders seeking to take their life to the next level of success. These leadership and coaching workshops focus on psychological development through experiential learning promoting personal responsibility, integrity, and love. MY EXPERIENCE', 'Circuit training for MEPs. What is circuit training and how does it help you earn MEPs? Circuit training is a fast-paced workout session in which you do one exercise for anywhere from 30 seconds to 5 minutes and then move on to the next form of exercise. Circuit training is great for those who get bored with working out easily.', 'At the EMT-Intermediate level, training requirements vary by State. The nationally defined levels, EMT-Intermediate 1985 and EMT-Intermediate 1999, typically require 30 to 350 hours of training based on scope of practice.', 'Training Pricing. All of our Certification Boot Camps include hands-on instruction, all course materials, practice exams, and all certification exams.', 'Pre-Apprenticeship Certificate Training (PACT) HBIâ\x80\x99s pre-apprenticeship training programs provide training and placement services to individuals seeking a career in the building trades. The program offers at-risk and underserved populations such as youth, veterans, ex-offenders, and displaced workers the opportunity to learn the building trades']","MITT, mastery in transformational training, is an emotional intelligence workshop built for success-oriented leaders seeking to take their life to the next level of success. These leadership and coaching workshops focus on psychological development through experiential learning promoting personal responsibility, integrity, and love.",,1.0,0.652301433201969,0.0
who started the tesla car company,"[""Tesla, Inc. (originally Tesla Motors) was incorporated in July 2003 by Martin Eberhard and Marc Tarpenning, who financed the company until the Series A round of funding. Both men played active roles in the company's early development prior to Elon Musk's involvement. Musk led the Series A round of investment in February 2004, joining Tesla's board of directors as its chairman."", ""Elon Musk, co-founder and chief executive officer of Tesla Motors Inc., has raked in a multi-billion dollar fortune but it has been revealed that he built his companies with the aid of billions in government subsidies. Business: Tesla's $5billion Gigafactory is seen here as it takes shape."", ""Feb 1, 2015 at 9:40AM. Electric-car maker Tesla Motors (NASDAQ:TSLA) has exploded onto the scene in the last several years. While the company is more than 11 years old, it wasn't until the launch of the Model S in 2012 that Musk and Co. became a force to be reckoned with in the auto industry."", 'Tesla also markets electric powertrain components, including lithium-ion battery packs to automakers including Daimler and Toyota. CEO Elon Musk has said that he envisions Tesla Motors as an independent automaker, aimed at eventually offering electric cars at prices affordable to the average consumer.esla manufactures the Model S in Fremont, California, in an assembly plant formerly operated by NUMMI, a defunct joint venture of Toyota and General Motors, now called Tesla Factory. Tesla purchased a stake in the site in May 2010 for US$42 million, and opened the facility in October 2010.', 'Tesla to make gas-electric car. For its sedan, Tesla will bring a Chevy Volt-like car to market. Tesla Motors, the people who put the all-electric car on the map, are going to work with gas too. The San Carlos, Calif.-based company will produce two basic types of its Whitestar sedan, due toward the end of 2009. One will run completely on batteries.']",Martin Eberhard and Marc Tarpenning started the Tesla car company.,,0.0,0.9444075788515396,0.0
when did women in usa get right to vote,"['How to use citation info. Passed by Congress June 4, 1919, and ratified on August 18, 1920, the 19th amendment granted women the right to vote. The 19th amendment guarantees all American women the right to vote. Achieving this milestone required a lengthy and difficult struggle; victory took decades of agitation and protest.', ""Women had campaigned actively for suffrage in America since 1848, when delegates met at Seneca Falls, New York, for the first Woman's Rights Convention. But convincing a majority of men to empower women was a tall order. Most people, male and female alike, believed that women were biologically unfit for politics."", ""On June 4, 1919, Congress, by joint resolution, approved the woman's suffrage amendment and sent it to the states for ratification."", 'In 1899 women in Western Australia were enfranchised. In 1902 the Commonwealth Franchise Act gave all white women in Australia the vote and the right to stand for election to the Australian Federal Parliament. Aboriginal women in Australia, as well as aboriginal men, did not receive the vote until 1962.', ""It wasn't until 1869, when the Fifthteenth Amendment was ratified, that males of all races got the vote. It took another 50 years, with the ratification of the Nineteenth Amendment, for women to finally get suffrage. The Twenty-Third Amendment gave limited voting rights to the residents of Washington D.C. Then the 24th Amendment banned poll taxes that some states used to chase ethnic and poor people away from the ballot box. In some places, people needed to own property to vote - not anymore. Fair Use Copyright Limitations Apply.""]","Women in the USA got the right to vote with the ratification of the 19th amendment on August 18, 1920.",,1.0,0.937959134982122,0.0
what is slack space,"['Slack space is the unused space between the end of the actual file and the end of the the defined data unit (cluster). A cluster is the smallest unit of storage that the operating system can deal with. When a file is written, and does not occupy the entire cluster, the remaining space is slack space. For example, assume that the OS uses a 4k cluster and 512 byte sector, meaning it writes data in 4k increments made up of eight 512 byte sectors, regardless of the actual size of the file being written. This means that if a 2000 byte file were written to this cluster the remaining 2096 bytes would be slack.', 'PCI configuration space is the underlying way that the Conventional PCI, PCI-X and PCI Express perform auto configuration of the cards inserted into their bus.', ""Best Answer: Andy Slacker is a US only interactive Internet radio service. It allows users to create their own customized music stations starting with either Slacker's presets or a list of one or more artists. Slacker offers many traditional."", 'Removes all spaces from text except for single spaces between words. Use TRIM on text that you have received from another application that may have irregular spacing. Important: The TRIM function was designed to trim the 7-bit ASCII space character (value 32) from text. In the Unicode character set, there is an additional space character called the nonbreaking space character that has a decimal value of 160. This character is commonly used in Web pages as the HTML entity, &nbsp;. By itself, the TRIM function does not remove this nonbreaking space character. For an example of how to trim both space characters from text, see Remove spaces and nonprinting characters from text.', ""May 17, 2011 | South Florida Sun-Sentinel. Get a free one-month premium subscription to Slacker Radio through Facebook, which normally costs $9.99 a month. Slacker just launched the premium on-demand service that lets you select and play music that you don't have to pay for.""]","Slack space is the unused space between the end of the actual file and the end of the defined data unit (cluster). A cluster is the smallest unit of storage that the operating system can deal with. When a file is written and does not occupy the entire cluster, the remaining space is slack space. For example, if a 2000 byte file is written to a 4k cluster, the remaining 2096 bytes would be slack.",,1.0,0.7856616388797293,0.0
most popular depression glass patterns,"['Depression glass was also made in amber, iridescent, opaque white known as Monax, and several other colors as well. Some of the most popular patterns buyers seek today are Cameo, Mayfair, American Sweetheart, Princess and Royal Lace. Even the pattern names alluded to better times and a longing for the glamorous lifestyles of the 1920s.', 'Organized by Museum of Glass. American artist Beth Lipman is known for her complex clear glass assemblages comprising fruits, flowers and topiary forms; Scandinavian artist Ingalena Klenell is recognized for her kiln-formed clear glass often overlaid with lacework patterns.', 'Spectrum WaterglassÂ® -. WaterglassÂ®- Cathedral Glass with a unique and beautiful surface texture, which creates the effect of shimmering rippled water. 11x12 for the small sheet, and 20x24 for the large sheet. Spectrum Glass is well known for its extremely smooth surface and easy cutting.', 'Even though the middle of the 19th century was a time of much innovation for Venetian and Murano artisans, the periods of interest to most collectors of antique and vintage Italian art glass are the years between the two world wars and the post-war decades of the 1950s and 1960s.', 'Doyenne actively provides myself and others with a variety of online and offline services, ranging from email, to software repository, to consulting services, to sculptural and craft glass commissions.Inquiries welcome by emailing:@diespam.oyenne actively provides myself and others with a variety of online and offline services, ranging from email, to software repository, to consulting services, to sculptural and craft glass commissions. Inquiries welcome by emailing:@diespam.']","The most popular depression glass patterns buyers seek today are Cameo, Mayfair, American Sweetheart, Princess, and Royal Lace.",,1.0,0.9068146772292168,0.0
who makes jammy dodgers,"[""Jammie Dodgers. Jammie Dodgers are a popular British biscuit, made from shortbread with a raspberry or strawberry flavoured jam filling. They are currently produced by Burton's Biscuit Company at its factory in Llantarnam. In 2009, Jammie Dodgers were the most popular children's sweet biscuit brand in the United Kingdom, with 40% of the years' sales consumed by adults."", 'His KMPC (710 AM, now KSPN) was the radio home of the Los Angeles Dodgers, from the time they arrived from Brooklyn, New York in time for the 1958 baseball season, and actually came away from the 1960 Winter Meetings with his own baseball team.', ""Email me the results and I'll put them on-line. The following gelatin flavors have been seen in Southern California stores. (Albertsons, Food-4-Less, Lucky, Ralphs, Smiths, Stater Bros, Vons.) The red flavors are listed first. This is a combined list of Kraft General Foods Jell-O Brand, and Nabisco Royal Brand. The more popular flavors are available in two-cup and four-cup sizes."", ""In 1996, Ty Inc. released a new product called Teenie Beanies, a miniature offshoot of the original Beanie Babies line. They were sold alongside McDonalds Happy Meals to celebrate that product's 17th anniversary."", 'The first two, Monster Jam: Maximum Destruction, a vehicular combat game, and Monster 4x4: Masters of Metal, an arcade racing game, were published by Ubisoft. The third, titled simply Monster Jam, was released by Activision on November 13, 2007, and a sequel to it called Monster Jam: Urban Assault was released on October 28, 2008. A fifth game, Monster Jam: Path of Destruction, was released on November 9, 2010.']",Burton's Biscuit Company makes Jammie Dodgers.,,1.0,0.9201073560825902,0.0
what should you eat if you have a hernia?,"['Quick Answer. Following a hernia surgery, patients should eat foods high in fiber, such as dried fruits, popcorn, nuts, raw fruits and vegetables and whole-grain cereals and breads, according to University Hospitals Case Medical Center. Warm or hot liquids are also recommended.', 'A hiatus hernia or hiatal hernia is the protrusion (or herniation) of the upper part of the stomach into the thorax through a tear or weakness in the diaphragm. Hiatus hernias often result in heartburn but may also cause chest pain or pain with eating. The most common cause is obesity. The diagnosis is often by endoscopy or medical imaging. A hiatus hernia may be treated with lifestyle changes such as raising the head of the bed, weight loss, and adjusting eating habits. Medications such as H2 blockers or proton pump inhibitors may help. If the symptoms do not improve with medications the surgery known as laparoscopic fundoplication may be an option.', 'A hernia occurs whenever an internal organ protrudes through an abnormal part of the body. A hernia most commonly occurs when a portion of the intestines pushes through the abdominal wall. Once a doctor determines that symptoms indicate a hernia, that doctor schedules a consultation with a surgeon for the patient. The surgeon then determines the best surgical course of action.', 'Hernia types. There are several different types of hernia : Inguinal hernia is the most common. This occurs when part of your bowel squeezes through your lower abdomen into the groin. Hiatus hernia is when part of your stomach pushes up into the chest through an opening in the diaphragm.or inguinal, femoral, umbilical, and incisional hernias, symptoms could include: 1 An obvious swelling beneath the skin of the abdomen or the groin; it may disappear when you lie down, and may be tender. 2 A heavy feeling in the abdomen that is sometimes accompanied by constipation or blood in the stool.', ""Men's Health. The sort of person likely to get a hernia is not necessarily the one who lifts a heavy weight badly. A hernia is just as likely to occur during exercise, coughing, straining on the toilet or even as a result of having a lively sex life. Hernias occur because of muscle weakness, often in or around the abdomen. Hernias happen where the cavity wall is weak. These points of weakness occur where there is a natural gap such as where a digestive tube or blood vessel passes or because of scar tissue. Men commonly describe the sensation of a hernia as feeling like something has popped, or given way.""]","Following a hernia surgery, patients should eat foods high in fiber, such as dried fruits, popcorn, nuts, raw fruits and vegetables, and whole-grain cereals and breads. Warm or hot liquids are also recommended.",,1.0,0.8621536448887893,0.0
what normal blood pressure by age,"['To read a blood pressure chart by age, locate your age range, then view the corresponding normal systolic and diastolic numbers, notes Disabled World. The chart offered by Disabled World features average blood pressure readings for 14 different age ranges. For adults between the ages of 25 and 29, a normal blood pressure reading is 120/80 millimeters of mercury. Average blood pressure increases with age.', ""For adults (people 18 and older), blood pressure that's lower than 120 over 80 is normal. High blood pressure is 140 over 90 or higher. If someone's systolic pressure is 120 to 139, or if their diastolic pressure is 80 to 89, it's called prehypertension."", ""For example: 120/80 (120 over 80) in an adult means that the systolic pressure is 120 and the diastolic pressure is 80. As kids grow, their blood pressure increases from a systolic pressure of about 70â\x80\x9390 (as babies) to adult values (when they're teens)."", 'Quick Answer. A normal blood pressure reading measures 120/80 millimeters of mercury, as stated by WebMD. Blood pressure is a measure of the amount of force the blood has on arteries, with higher readings being more dangerous. The first number of the measurement is called the systolic measurement, states WebMD.', 'A normal diastolic blood pressure number is less than 80. A diastolic blood pressure between 80 and 89 indicates prehypertension. A diastolic blood pressure number of 90 or higher is considered to be hypertension or high blood pressure.']","For adults between the ages of 25 and 29, a normal blood pressure reading is 120/80 millimeters of mercury. Average blood pressure increases with age.",,1.0,0.7904395005814923,0.0
what type of account is valuation allowance,"['Definition of Valuation Allowance Valuation AllowanceA contra-or reduction account to deferred tax assets. The valuation allowance represents that portion of total deferred tax assets that the firm judges is unlikely to be realized.', ""A valuation account used to estimate the portion of a bank's loan portfolio that will ultimately be uncollectible. When a loan goes bad, the asset is removed from the books and the allowance for bad debt is charged for the book value of the loan. Also known as loan-loss reserve. A valuation account used to estimate the portion of a bank's loan portfolio that will ultimately be uncollectible."", ""1 Equity accounts include common stock, paid-in capital, and retained earnings. 2 The type and captions used for equity accounts are dependent on the type of entity. 3 Revenue or income accounts represent the company's earnings and common examples include sales, service revenue and interest income.he first digit might signify the type of account (asset, liability, etc.). For example, if the first digit is a 1, it is an asset. If the first digit is a 6, it is an operating expense."", '(January 2013). The cash method of accounting, also known as cash-basis accounting, cash receipts and disbursements method of accounting or cash accounting (the EU VAT directive vocabulary Article 226) records revenue when cash is received, and expenses when they are paid in cash.', ""Expense accounts such as salaries or wages expense are used to record an employee's gross earnings and a liability account such as salaries payable, wages payable, or accrued wages payable is used to record the net pay obligation to employees.""]",Valuation allowance is a contra or reduction account to deferred tax assets.,,1.0,0.7175344117241558,0.0
net worth for rupert grint,"['It has been announced that Rupert Grint net worth reaches 50 million dollars. He is known as an actor who became an international celebrity when he together with his two co-stars appeared in the movie series of Harry Potter where he portrayed a character of Ron Weasley and which added a lot of revenues to the overall amount of Rupert Grint net worth.', 'About Warren Buffett. American business magnate, investor, and philanthropist, Warren Buffett, has a net worth of $75.2 billion in April 2017, according to Bloomberg. Unlike the other wealthy people on Forbesâ\x80\x99 top 10 rich list, Buffett doesnâ\x80\x99t have an oil well, retail empire, or a brain for computing to show for it â\x80\x93 he simply have a lot of share certificates.', 'Emmitt Smith Net Worth is $26 Million. Emmitt Smith is a retired football player whose net worth equals $26 million. Emmitt Smith earned his net worth through his years in the NFL as a runningback for the Dallas Cowboys and Arizona Cardinals. He was. Emmitt James Smith, III (born...', 'A Hungarian American actress, Zsa Zsa Gabor has a net worth of $40 million. Zsa Zsa Gabor gained her net worth by acting in various roles such as Were Not Married with actress Marilyn Monroe, Moulin Rouge and Lovely to Look At. Gabor was born in Budapest, Austria-Hungry, and emigrated to the United States in 1941.', 'Sam Waterston. Sam Waterston Net Worth is $35 Million. Samuel Atkinson Sam Waterston is an American actor and occasional producer and director, with a net worth of $35 million. Sam Waterston has earned his net worth from many movie and TV roles such as Award-win. Samuel Atkinson Sam Waters...']",Rupert Grint's net worth is 50 million dollars.,,1.0,0.8994554856400582,0.0
netgear help desk number,"['Alllll NETGEAR tech support number (18442349752) NETGEAR router number 1-844-234-9752 Netgear router help desk number Big netgear tech support phone number =1-844-234-9752= NETGEAR Router customer service number NETGEAR router support number', 'Phone Support: 1-800-541-5555. The Telephone Service Center (TSC) is available 8 a.m. to 5 p.m., Monday through Friday, except holidays (border providers and out-of-state billers billing for in-state providers, call [916] 636-1200).', 'This will be provided regardless of a customerâ\x80\x99s income, and people should dial (800) 477-5050. Consumer Energy Payment Arrangements offers both customer service representatives as well as a solution called eServices. Both are offered to help consumers enter into payment arrangements for their bills.', 'If you have questions regarding the registration process, please contact NSC Customer Service at 800-621-7619 or customerservice@nsc.org This page is available exclusively as a resource to First Aid & CPR Instructor Members. Please register or login to the NSC website using your NSC Membership ID number.', 'Wix Usa toll free customer service number : 1-800-600-0949. Famsa toll free customer service number : +1 562 207 3800. Moultrie Camera toll free customer service number : +1.800.653.3334, +1.205.991.6600. Barbie toll free customer service number : 1-800-524-8697, 1-888-762-8835. If you as a customer of the Wix have any query, complaint, suggestion, feedback and reviews related to Wix products and services then you can communicate through its customer service detail.']",1-844-234-9752,,1.0,0.35146376881710706,0.0
what is the weather in salem ohio,"['Salem, OH Weather. The average temperature of Salem is 49.39Â°F, which is lower than the Ohio average temperature of 50.88Â°F and is much lower than the national average temperature of 54.45Â°F. Historical Weather.', '12am:The North Salem, NY forecast for Apr 02 is 47 degrees and Sunny. There is 50 percentage chance of rain and 8 mph winds from the North-Northwest. 3pm:The North Salem, NY forecast for Apr 02 is 52 degrees and Cloudy. There is 40 percentage chance of rain and 11 mph winds from the North-Northwest.', 'Summary of temperatures and weather in October: Average temperature: 24Â° C or 75.2 F. Maximum temperature: 26Â° C or 78.8 F. Minimum temperature: 19Â° C or 66.2 F. Our Advice. In the weather log below, you will see that most of the time it is sunny with some overcast days in October.', 'Manahawkin 10 Day Weather. 1 Thursday:The Manahawkin forecast for Aug 31 is 81 degrees and Partly cloudy. 2 Friday:The Manahawkin forecast for Sep 01 is 69 degrees and Overcast. 3 Saturday:The Manahawkin forecast for Sep 02 is 61 degrees and Light rain. 4 Sunday:The Manahawkin forecast for Sep 03 is 80 degrees and Patchy rain possible.', 'Cloudy. A slight chance of showers in the morning...then showers with a slight chance of thunderstorms in the afternoon. Highs in the upper 70s. South winds 10 to 15 mph.']",I cannot answer from the given context.,,0.0,-0.0,0.0
difference between statutory and regulatory requirements,"['What are the difference between statutory and regulatory? Statutory refers to laws passed by the state of federal government. Regulatory means a rule issued by some agency that the government has given authority to regulate an indust â\x80¦ ry.', 'The Securities and Exchange Act also created the Securities and Exchange Commission, tasked with enforcing federal securities laws. Rules of Regulations. Regulations, on the other hand, are standards and rules adopted by administrative agencies that govern how laws will be enforced. So an agency like the SEC can have its own regulations for enforcing major securities laws.', 'â\x80¢ Regulations are subordinate to the laws though they are enforceable just like laws. â\x80¢ Regulations are introduced to help in the implementation of laws. Related posts: 1 Difference Between Act and Regulation. 2 Difference Between Law and Ethics. 3 Difference Between Act and Bill.', 'What is regulation in an economic system? Regulation is the placing of limits or restrictions on business activity by the government. Regulation is the placing of limits or restrictions on business activity by producers. Regulation is the removal of limits or restrictions on business activity by the government.', 'Regulations can be advocated for a variety of reasons, including: 1 Market failures - regulation due to inefficiency. Intervention due to what economists call market failure. 2 Collective desires - regulation about collective desires or considered judgments on the part of a significant segment of society.']","Statutory refers to laws passed by the state or federal government, while regulatory means a rule issued by an agency that the government has given authority to regulate an industry.",,1.0,0.8967309496244257,0.0
define the term codon,"['codon. A codon is a sequence of three DNA or RNA nucleotides that corresponds with a specific amino acid or stop signal during protein synthesis. DNA and RNA molecules are written in a language of four nucleotides; meanwhile, the language of proteins includes 20 amino acids. Codons provide the key that allows these two languages to be translated into each other.', 'Codons In the production of mRNA, codons are responsible for creating the blueprint of amino acid sequences. Each codon is composed of three nucleotides and is degenerate, continuous and non-overlapping.', 'The central dogma of molecular biology: DNA makes RNA makes Protein. DNA is a reference for proteins*, which are the functional molecules in cells. These are comprised of 20 unique amino acids, and each is coded for by a stretch of DNA known as a codon. Codons are always 3 base-pairs (nucleotides) in length.', 'Definition of CDNA. : a DNA that is complementary to a given RNA which serves as a template for synthesis of the DNA in the presence of reverse transcriptase.ADVERTISEMENT. a DNA that is complementary to a given RNA which serves as a template for synthesis of the DNA in the presence of reverse transcriptase.', 'Note that these nucleotides on the tRNA do not make up a codon. They are, in fact, the exact opposite - an anticodon. The anticodon is a perfect complementary match to a codon. So, if the codon for serine is AGC, then the anticodon for serine is UCG. The tRNA that contains the anticodon UCG will also be the tRNA that attaches to a serine amino acid.']",A codon is a sequence of three DNA or RNA nucleotides that corresponds with a specific amino acid or stop signal during protein synthesis. Codons provide the key that allows the languages of DNA/RNA and proteins to be translated into each other.,,1.0,0.725453063204793,0.5833333333041666
what is the best size grout lines to use for tiling shower,"['The Walls. Good tile for shower walls includes pretty much any type suitable for very wet locations. Glazed ceramic and porcelain tile are the most commonly used types, from the ubiquitous 4 1/4-inch white squares to large-format tiles of almost any size (provided your installer is up to the task).', ""Some tile, for example, should be coated with grout release before grouting. Also ask about cutting techniques for the tile. You'll use sanded grout for the floor. Ask if sanded caulk is available in a color that matches your grout for the floor/tub and floor/wall tile joints."", ""Even though your shower grout looks dry, using it too early or sealing it before it's ready may damage it, leading to premature failure. Most cement-based grouts require a cure time of 48 to 72 hours before applying a penetrating sealer. After sealing, wait a minimum of 24 hours before using the shower; some products may recommend three days instead. Other grout formulas may require a shorter or longer drying time, and epoxy-based grouts may allow you to skip the sealer, thus the wait time before using your shower or bathtub."", 'Tank the area where the shower will be down to the floor. Position the tray where you would like it then mark on the wall the top of the tray. Now check the tiling sticky regarding setting out. Once you know where your tiles are going position a batten for the first row of full tiles above the tray and tile as normal.osition the tray where you would like it then mark on the wall the top of the tray. Now check the tiling sticky regarding setting out. Once you know where your tiles are going position a batten for the first row of full tiles above the tray and tile as normal.', 'Flextile RSG Rapid-Set Polymer-Modified Sanded grout is a premium fast-setting, and colour-consistent grout. Unique formulation ensures colour uniformity, and develops superior flexural and compressive strengths, exceeding ANSI A118.7 requirements. Contains Flexfresh for mould and mildew resistance. For grouting all types of ceramic tile, quarry tile, pavers, granite, slate, mosaics or brick where joints width is 1.5mm (1/16) to 2.5cm (1â\x80\x9d). For residential and commercial, floor and wall surfaces, interior and exterior, in dry or wet applications.']",I cannot answer from the given context.,,0.0,-0.0,0.0
what to use to take rust out of clothes,"['Rust Off removes rust from most any surface in seconds! Just spray and watch as the rust stains disappear! Also use to remove stains from calcium, lime and iron.', 'Rust stains can be a challenge to remove because the stain consists of tiny iron oxide particles, plus some treatments actually set the stain rather than remove it. Use a little chemistry know-how to successfully remove a rust stain. Materials You Will Need. Lemon or lemon juice and table salt; Or mild dishwashing soap and ammonia', ""The acid in the vinegar will etch the surface of the metal so chemicals can penetrate. If you skip this step and proceed with the next step or don't like the results of the next step, just come back to this step and spray again with vinegar. The acid in the vinegar will dissolve most of the rust. Don't worry about it.heet metal has a protective coating that prevents rust, so this needs to be removed before you can start the rusting process. Any paint stripper can be used to remove the protective layer, which can then be rubbed down with a degreaser. Wear gloves and goggles when using paint stripper-this stuff burns skin!"", ""See Tips for a water test first. 1 Soak the portion of the jacket which has a stain or is dirty in a small tub of water with a few drops of the washing-up liquid. 2 Gently rub stains in a circular motion until clean.3 Allow it to air dry.. Use a clean container large enough to very loosely fit the leather product that you're going to wash. For example, for a small leather jacket, the container should be at least 5â\x80\x936 gallons (18.9â\x80\x9322.7 L). 3. Add leather detergent (such as Leather-Clean) to lukewarm water (90-110 degrees Fahrenheit), mix for 1 minute."", 'Rusting, a well known example of corrosion, is the breakdown of the metal iron. The reactants of this chemical reaction are iron, water, and oxygen, and the product is hydrated iron oxide, better known as rust.']",I cannot answer from the given context.,,0.0,-0.0,0.0
on what date did the japanese launch pearl harbor,"['Attack on Pearl Harbor. On December 7, 1941, Japan launches a surprise attack on American soil at Pearl Harbor. At 7:55 a.m. Hawaii time (12:55 p.m. EST) on December 7, 1941, Japanese fighter planes attacked the U.S. base at Pearl Harbor, Hawaii, launching one of the deadliest attacks in American history.', 'The Japanese carried out a surprise attack on the Pearl Harbor on December 7, 1941. This unforgettable day is well-documented by American historians. The attack was motivated by the imperialistic aspirations of the Japanese in the Pacific region.', ""The attack on Pearl Harbor was a surprise military strike by the Imperial Japanese Navy Air Service against the United States naval base at Pearl Harbor, Hawaii Territory, on the morning of December 7, 1941. The attack, also known as the Battle of Pearl Harbor, led to the United States' entry into World War II. The Japanese military leadership referred to the attack as the Hawaii Operation and Operation AI, and as Operation Z during its planning. Japan intended the attack as a preventive action"", 'December 7, 1941 - Surprise attack by the Japanese on the main U.S. Pacific Fleet harbored in Pearl Harbor, Hawaii destroyed 18 U.S. ships and 200 aircraft. American losses were 3000, Japanese losses less than 100. In response, the U.S. declared war on Japan and Germany, entering World War II.', 'On December 11, Germany and Italy, allied with Japan, declared war on the U.S. The United States had entered World War II. Japanese Admiral Isoroku Yamamoto conceived the Pearl Harbor attack and Captain Minoru Genda planned it. Two things inspired Yamamotoâ\x80\x99s Pearl Harbor idea: a prophetic book and a historic attack.']","The Japanese launched the attack on Pearl Harbor on December 7, 1941.",,1.0,0.8804009817507147,0.0
early signs of thyroid problems,"['Symptoms of low thyroid hormone levels include tiredness, muscle aches, constipation, dry skin, weight gain, slow heartbeat, or sensitivity to cold. Tell your doctor if your condition worsens or persists after several weeks of taking this medication.', ""You might not notice signs or symptoms of Hashimoto's disease at first, or you may notice a swelling at the front of your throat (goiter). Hashimoto's disease typically progresses slowly over years and causes chronic thyroid damage, leading to a drop in thyroid hormone levels in your blood.igns and symptoms of hypothyroidism include: 1 Fatigue and sluggishness. 2 Increased sensitivity to cold. 3 Constipation. 4 Pale, dry skin. 5 A puffy face. 6 Hoarse voice. 7 Unexplained weight gain â\x80\x94 occurring infrequently and rarely exceeding 10 to 20 pounds, most of which is fluid."", 'Hyperthyroidism can mimic other health problems, which may make it difficult for your doctor to diagnose. It can also cause a wide variety of signs and symptoms, including: Sudden weight loss, even when your appetite and the amount and type of food you eat remain the same or even increase.', 'Symptoms of Hypoparathyroidism. 1 Tingling and numbness or burning and prickling sensations in the face, hands, fingertips, or elsewhere. 2 Painful, uncontrollable muscle spasms or cramps in the face, hands, and feet (tetany). 3 Breathing or swallowing difficulty.', 'Thyroid disease is fairly common, and its symptoms vary depending on the type of disorder and according to the individual. An uncomfortable and potentially dangerous side effect of thyroid disease includes breathing difficulties. Breathing problems are associated with certain kinds of thyroid disorders.']","Early signs of thyroid problems may include tiredness, muscle aches, constipation, dry skin, weight gain, slow heartbeat, sensitivity to cold, fatigue, and a swelling at the front of the throat (goiter).",,1.0,0.9369942900230569,0.0
do clouds form in the vab,"['The VAB is so large, in fact, that it has its own weather. On humid days, rain clouds can form below the ceiling, requiring about 10,000 tons of air conditioning equipment to control the moisture. With this setup, the total volume of air in the building can be replaced in only one hour. The records held by the VAB are not limited to its interior, however.', 'High cirrus clouds may occur in long feather-like streaks. Some cirrostratus may also occur up to 600 miles ahead of the surface position of the warm front. As the front approaches, temperatures start to rise, and barometric pressure falls steadily. The warm front passes over . Drizzle and then rain will usually start to fall from altostratus and nimbostratus clouds. The amount of cloud will increase and the cloud base will fall. Continuous rain will persist as pressure carries on falling. In the warm sector', ""In meteorology, a cloud is an aerosol comprising a visible mass of minute liquid droplets, frozen crystals, or particles suspended in the atmosphere above the surface of a planetary body. The droplets and crystals may be made of water or various chemicals. On Earth, clouds are formed as a result of saturation of the air when it is cooled to its dew point, or when it gains sufficient moisture from an adjacent source to raise the dew point to the ambient temperature. They are seen in the Earth's h"", 'cirÂ·roÂ·stratÂ·us. A thin, hazy cloud formation made up of ice crystals, often covering the sky in sheets and producing a halo effect around the sun. Cirrostratus clouds form at upper levels of the atmosphere.', 'Fog begins to form when water vapor made from evaporation(a colorless gas) condenses into tiny liquid water droplets in the air. I reckon in condensation. it is a cloud, only in 0 meters above the ground :) condensation.']",I cannot answer from the given context.,,0.0,-0.0,0.699999999965
different colors of sea urchin roe,"['Uni (oo-nee) is the Japanese name for the edible part of the Sea Urchin. While colloquially referred to as the roe (eggs), uni is actually the animalâ\x80\x99s gonads (which produce the milt or roe). Uni ranges in color from rich gold to light yellow, and has a creamy consistency that some love and is off-putting to others.', 'The green sea urchin is an echinoderm, which means it belongs to a group of radially symmetrical, invertebrate animals that includes starfish, sand dollars and sea cucumbers. There are several urchin species distributed in boreal waters around the world, but only the green sea urchin, which has one of the longest scientific names (Strongylocentrotus droebachiensis), is found in the Gulf of Maine.', 'â\x80\x9cRed as a lobsterâ\x80\x9d is just a tale. Lobsters come in just about every color but red. They can be blue, light yellow, greenish-brown, grey, dusty orange, some calico, and some with spots. However, they all turn red when they hit hot water.', ""The joy with this patina is that you never quite know what color you'll end up with. Most commonly, turquoise, blue and green are the ones that show up to the party. Keep in mind that this isn't a quick patina, so allot some time for experimentation."", 'Size. Golden tilefish is low in fat and has a delicate, sweet flavor similar to lobster or crab. Tilefish is primarily sold fresh whole, though it is also sold fresh in fillets and steaks, and frozen skin-on, bone-in fillets, and steaks.Raw tilefish flesh is light and pinkish but cooks to be flaky and white.olden tilefish are found primarily in the Mid-Atlantic as well as in the South Atlantic and the Gulf of Mexico. The South Atlantic stocks are above target population levels, and the stock in the Gulf of Mexico is considered stable.']",I cannot answer from the given context.,,0.0,-0.0,0.0
what region was rome in,"['Rome is in the Lazio region of central Italy on the Tiber river (Italian: Tevere). The original settlement developed on hills that faced onto a ford beside the Tiber Island, the only natural ford of the river in this area.', ""By the end of the Republic, Rome had conquered the lands around the Mediterranean and beyond: its domain extended from the Atlantic to Arabia and from the mouth of the Rhine to North Africa. The Roman Empire emerged under the leadership of Augustus Caesar.ugustus also continued the shifts on the calendar promoted by Caesar, and the month of August is named after him. Augustus brought a peaceful and thriving era to Rome, that is known as Pax Augusta or Pax Romana. Augustus died in 14 AD, but the empire's glory continued after his era."", 'Question Number One. There were several problems created through the Roman policy of â\x80\x9cBread and Circuses.â\x80\x9d As Romeâ\x80\x99s political system evolved, Romeâ\x80\x99s armiesâ\x80\x99 expanded the Roman power across Italy. After getting rid of their Etruscan rulers, Romans gained power over central Italy. By about 270 B.C., Rome occupied all of Italy.', ""A: At the peak of the Roman Empire's reach, around A.D. 117, the Empire stretched as far north as modern Scotland, stretched down through Europe east into Asia as far as the border between modern day Iraq and Iran, with its southern reaches extending into northern Africa."", 'It is a popular holiday location and is located in northern Italy, about half-way between Brescia and Verona, and between Venice and Milan. Glaciers formed this alpine region at the end of the last Ice Age. Battle of Lake Benacus, in which Roman forces defeated the Alamanni on the shores of Lake Garda, in the year 268. 2 Battle of Rivoli, in 1797 during the French campaign of Napoleon I in Italy against Austria.']",Rome is in the Lazio region of central Italy.,,1.0,0.8592941397254205,0.0
who were the kings of denmark,"['the modern kingdom of denmark dates back to harthacnut s son gorm the old gorm den gamle who reigned in the early 10th century the danes were united and officially christianized in 965 ce by harald bluetooth the story of which is recorded on the jelling stones', 'queen margrethe ii ascended the throne on the death of her father king frederick ix on 14 january 1972 on her accession queen margrethe ii became the first female monarch of denmark since margrethe i ruler of the scandinavian countries in 1375 1412 during the kalmar union', 'The first written sources for the history of Denmark â\x80\x93 the Royal Frankish Annals from 804 â\x80\x93 say that Sliasthorp played an important role in the Viking Age. The aggressive Viking king Godfred, the text says, decided to turn the town into a military power centre near the border of the early Danish kingdom.', 'Denmark borders both the Baltic and the North Sea. The country consists of a large peninsula, Jutland (Jylland) and many islands, most notably Zealand (Sjaelland), SjÃ¦lland (Funen), Fyn-Vendsyssel, Thy, Lolland falster And, bornholm as well as hundreds of minor islands often referred to as The Danish. archipelago', ""Denmark - Taxation. Denmark's taxes are among the highest in the world. Danish residents are liable for tax on global income and net wealth. Nonresidents are liable only for tax on certain types of income from Danish sources. In 1999, the total collected taxes amounted to 51% of the GDP.""]",I cannot answer from the given context.,,0.0,-0.0,0.0
who's voice come from?,"['The Voice is an American reality television singing competition broadcast on NBC. Based on the original The Voice of Holland, the concept of the series is to find currently unsigned singing talent (solo or duets, professional and amateur) contested by aspiring singers, age 13 or over, drawn from public auditions.', 'Personnel. 1 Ross Bagdasarian, Jr. â\x80\x94 lead guitars and the sung vocal of Alvin. 2 Steve Vining â\x80\x94 bass on track 8 and the sung vocal of Simon. 3 Janice Karman â\x80\x94 the sung vocal of Theodore. 4 Jason Lee â\x80\x94 spoken voiceover on track 7 (as David Seville) 5 Justin Long - spoken voiceover on tracks 1 & 2 (as Alvin)', ""Samuel de Luque is a wildly popular Spanish YouTuber who has become known for his voice-overs of gameplay videos for Minecraft, Saint's Row and Battlefield. His signature style is to create elaborate narratives and histories for the characters in his video-game videos to make them like a movie."", 'Each vocal cycle creates a puff of air produced by air pressure below the vocal cords cause them to suddenly open. Each air puff is like a tap on a drum. It sends a wave down the vocal tract causing it to vibrate. The rate at which the vocal tract vibrates determines pitch.', 'A voice type is a particular human singing voice identified as having certain qualities or characteristics of vocal range, vocal weight, tessitura, vocal timbre, and vocal transition points (passaggio), such as breaks and lifts within the voice.']",I cannot answer from the given context.,,0.0,0.0,0.0
parceling definition,"['parceling - the act of distributing by allotting or apportioning; distribution according to a plan; the apportionment of seats in the House of Representatives is based on the relative population of each state', 'early 15c., division into shares, distinction, from Old French particion (12c.), from Latin partitionem (nominative partitio) a sharing, division, partition, distribution; method of dividing, from past participle stem of partire to part (see part (v.)).', ': to divide and give out (something) for a special reason or to particular people, companies, etc. 1 allocate funds among charities. 2 Money from the sale of the house was allocated to each of the children. 3 We need to determine the best way to allocate our resources.', 'Division is splitting into equal parts or groups. It is the result of fair sharing. Example: there are 12 chocolates, and 3 friends want to share them, how do they divide the chocolates?', 'If you are not sure on box size, Go out to a shipping store, such as Fedex or UPS. They can help you calculate the right box for your needs. Proper Size shipping Boxes are a must to making sure your package arrives in one piece.IV.rap the item quite a few times until you feel that it has enough cushion for the Journey. Then Tape the Bubble Wrap. (Shown in Picture Below). V. Step Five:Place the Packing Peanuts into the bottom of the box. Make sure you place enough inside the box so the Peanuts go almost half way up. (Shown in Picture Below) VI.']",Parceling is the act of distributing by allotting or apportioning; it involves distribution according to a plan.,,1.0,0.9417755711678949,0.0
where does the name nadia come from,"[""The name Nadia is of Russian origin. The meaning of Nadia is hope. Nadia is generally used as a girl's name. It consists of 5 letters and 3 syllables and is pronounced Na-di-a."", 'You have searched for Fatima meaning in urdu or Ù\x81Ø§Ø·Ù Û\x81 meaning in english in muslim baby name databasae, remember names selection is very important in the life of every muslim family with new born babies, so choose the best names according to meaning, history and characteristics associated with each name.', 'Arabic Meaning: The name Fatima is an Arabic baby name. In Arabic the meaning of the name Fatima is: Captivating. Daughter of the Prophet Muhammad; one of four perfect women mentioned in the Koran.The other three were Aisha; Khadijah; and Mary.American Meaning:he name Fatima is an American baby name. In American the meaning of the name Fatima is: Captivating. Daughter of the Prophet Muhammad; one of four perfect women mentioned in the Koran. The other three were Aisha; Khadijah; and Mary. Muslim Meaning: The name Fatima is a Muslim baby name.', ""Fatima is a variant transcription of the Arabic Fatimah, meaning to abstain.. The name's large popularity among Muslims is largely due to its association with the exemplary daughter of the prophet Muhammad, who is regarded as being entirely without sin.he meaning of Fatima is . To abstain . Its origin is Variant of the Arabic name Fatimah . Fatima is a form of Fatimah and is generally pronounced like FAH tee mah ."", ""Derived from the word mirus which means 'wonderful'. 2: Mira's language of origin is Slavonic and it is predominantly used in the Slavic language. Derived from the word meri meaning 'great, famous'. 3: Mira is also used in the Indian language and its language of origin is Sanskrit. The name Mira means prosperous.""]",The name Nadia comes from Russian origin.,,1.0,0.9457314394626466,0.0
patricia longley alaska,"['Patricia Longley Cochran was born and raised in Nome, Alaska. Ms. Cochran serves as Executive Director of the Alaska Native Science Commission, an organization that brings together research and science in partnership with Alaska Native communities. Ms. Cochran also served as Chair of the 2009 Indigenous', '6, 2014. Dr. Patricia Cooper. Chesapeake-On April 1, 2014 Dr. Patricia Anne Cooper departed this life for the next to be with the Savior. Dr. Cooper was born October 23, 1952 in Virginia Beach, Va. Patricia was the daughter of Willie (deceased) and Elaine Cooper. Dr. Cooper was a graduate of Seatack elementary school and First Colonial high school. Dr. Cooper earned her undergraduate degree from the University of William and Mary in 1973 and her doctorate from Eastern Virginia Medical School in 1978.', ""About HANNAH CONLEY. Hannah Conley is a provider in Scott Depot, WV. The NPI number assigned to this provider is 1326394263. The practitioner's primary taxonomy code is Physician Assistant (363A00000X). The provider is registered as an individual and their NPI record was last updated 2 years ago. Hannah Conley is registered with Medicare."", 'Claire Phillips. For the British portrait artist, see Claire Phillips (artist). Claire Maybelle Snyder (December 2, 1907 â\x80\x93 May 22, 1960), also known as Clara Fuentes, Clara Phillips, Dorathy Fuentes as well as High Pockets, was an American spy, entertainer, club owner, and author most noted for her exploits in the Japanese-occupied Philippines.', 'Louise Bruton 37 people named Louise Bruton found in Missouri, Texas and 24 other states. Click a state below to find Louise more easily.']","Patricia Longley Cochran was born and raised in Nome, Alaska. She serves as Executive Director of the Alaska Native Science Commission, which collaborates with Alaska Native communities on research and science.",,1.0,0.6420526396517355,0.0
how long do I bake skinless seared chicken breast at 350,"['Bake for a short time at a high temperature. Baking for 30 minutes at 350 degrees will yield dry meat. But baking for just 20 minutes at 450 degrees will result in delightfully juicy baked chicken breast, every time.', '4. Place the chicken breast in a baking dish and cover with aluminum foil. 5. Bake for approximately 30-40 minutes or until the internal temperature is 160 degrees, depending on how hot and even your oven cooks will determine the amount of time it takes. 6.fter the chicken has browned enough, about 5-6 minutes, pull the chicken out and flip to cook on the other side. 5. After cooking on the other side for 5-6 minutes, remove from the oven. Let the chicken breast rest a few minutes on the counter to let the juices settle in the meat.', 'Tap or click steps to mark as complete. Preheat oven to 400Â°F. Coat chicken with coating mix as directed on package. Place on foil-covered baking sheet. Bake 20 minutes or until cooked through. Top each chicken breast with 2 Tbsp. of the cheese. Bake an additional 2 minutes or until cheese is melted.', ""Report Abuse. Not knowing whether it has skin and bone, whether you will cook it in a sauce, or how large it is, I would bake it at 350 degrees farenheit for about 30 minutes.After 30 mins., stick a fork in the thickest part of the breast.If the liquid runs clear, it's done.eport Abuse. Not knowing whether it has skin and bone, whether you will cook it in a sauce, or how large it is, I would bake it at 350 degrees farenheit for about 30 minutes."", 'Place chicken into a glass baking dish. Bake chicken in the preheated oven until browned and the juices run clear, about 2 hours. An instant-read meat thermometer inserted into the thickest part of a thigh, not touching bone, should read at least 160 degrees F (70 degrees C).']",I cannot answer from the given context.,,0.0,-0.0,0.49999999995
what to call a graduation speech,"['colleges or seminaries by one of the graduating class. A graduation speech (or what could be called a valedictory speech) is an inspirational and persuasive speech. The AIM is to thank, exalt, stimulate to action, motivate, to affect and touch, even to raise to a higher emotional level, and finally to say farewell.', 'The audience at an elementary graduation would be filled with proud parents, aunts, uncles, friends and grandparents. To make it interesting to them, talking about experiences that happened during the school year would be ideal. When writing a speech, a core message needs to be selected.', 'Someone who has not finished his/her graduation (an academic study of three years) is called undergraduate. The graduation is the first degree awarded to a college or university student, hence the undergraduate, canâ\x80\x99t stand qualified to take the degree, unless he/she finishes the same in the given terms.', ""Columbia University women are outraged that Obama will deliver the commencement address at Barnard College, the neighboring women's school. Some accuse Barnard women of wanting to bed and wed 'their' Columbia men.nd theyâ\x80\x99re women. You can find them on Columbiaâ\x80\x99s student blogs, which have lit up with vitriol since the March 3 announcement that President Obama will speak at Barnardâ\x80\x99s commencement ceremonies in May. Part of the anger was directed at Mr. Obama, who graduated from Columbia but has never given an address there."", 'Graduation at the University of Cincinnati is a multi-step process. The menu on your left will help guide you through the steps necessary to apply for graduation and attend the commencement ceremony.']",A graduation speech can be called a valedictory speech.,,1.0,0.947744821552999,0.0
what is metal au,"[""Key Concepts. 1 A metal is a lattice of positive metal 'ions' in a 'sea' of delocalised electrons. 2 Metallic bonding refers to the interaction between the delocalised electrons and the metal nuclei. 3 The physical properties of metals are the result of the delocalisation of the electrons involved in metallic bonding. Metallic bonding refers to the interaction between the delocalised electrons and the metal nuclei. 2 The physical properties of metals are the result of the delocalisation of the electrons involved in metallic bonding. 3 The physical properties of solid metals are:"", 'Metal Ore is a resource that can be obtained by mining the Mineral Rocks that spawn in the world. It can also be obtained by picking up small Metal Ore rocks in the game world. Doing so will reward the player with 50 Metal Ore.', ""Here are all the possible meanings and translations of the word metallic. Princeton's WordNet(1.50 / 2 votes)Rate this definition: metallic(noun) a fabric made of a yarn that is partly or entirely of metal. metallic(adj) a yarn made partly or entirely of metal. metallic, metal(a)(adj) containing or made of or resembling or characteristic of a metal."", '1 The gold ion in the +3 oxidation state (Au(III) 3+) is called the auric ion. 2 Compounds containing gold in the -1 oxidation state are called aurides. ( 3 Cesium and rubidium can form auride compounds). 4 Gold is one of the noble metals. 5 Noble metal is an alchemical term for metals that do not corrode under normal conditions.', 'Silver (Ag) Silver (Ag), chemical element, a white, lustrous metal valued for its decorative beauty and electrical conductivity. Silver is located in Group 11 (Ib) and Period 5 of the periodic table, between copper (Period 4) and gold (Period 6), and its physical and chemical properties are intermediate between those two metals.']",I cannot answer from the given context.,,0.0,0.0,0.0
what is the ops stat for baseball,"[""(July 2013) (Learn how and when to remove this template message) (Learn how and when to remove this template message) On-base plus slugging (OPS) is a sabermetric baseball statistic calculated as the sum of a player's on-base percentage and slugging average."", 'Itâ\x80\x99s the type of skill that lends itself to being underrated by those who focus on triple-crown batting statistics, particularly batting averageâ\x80\x94while Carpenterâ\x80\x99s .241 batting average puts him on par with 2017 Albert Pujols (the version that was literally the worst player in baseball), his .384 on-base percentage puts him on par with Daniel Murphy and ahead of MVP Giancarlo Stanton and MVP finalist Jose Ramirez.', 'Major League Baseball transactions. Major League Baseball transactions are changes made to the roster of a major league team during or after the season. They may include waiving, releasing, and trading players, as well as assigning players to minor league teams.', 'While finishing six plate appearances short of qualifying for the batting title, Adam Dunn of the Chicago White Sox hit .159 for the 2011 season, twenty points (and 11.2%) lower than the record. The highest batting average for a rookie was .408 in 1911 by Shoeless Joe Jackson.', ""Three-time MVP has 3,114 hits and 696 home runs -- fourth on the all-time homer list. ( 1 CNN)Alex Rodriguez's turbulent career as one of baseball's most talented and polarizing sluggers appears to be over.""]",On-base plus slugging (OPS) is a sabermetric baseball statistic calculated as the sum of a player's on-base percentage and slugging average.,,1.0,0.6788299769363251,0.0
who is venus de milo,"['The Venus de Milo is an ancient Greek statue. It is in the Louvre, a museum in Paris, France. The Venus de Milo represents Aphrodite, the goddess of love in Greek mythology. The statue is made of marble and is 203cm high. It is believed to be the work of Alexandros of Antioch. The Venus de Milo was found on 8 April 1820 on the Aegean island of Melos. King Louis XVIII of France presented the Venus de Milo to the Louvre in 1821.', 'Aphrodite (/aefrÉ\x99Ë\x88daÉªti/ Ã¦frÉ\x99Ë\x88daÉªti-af-RÉ\x99-dy; Tee: GREEK) á¼\x80Ï\x86Ï\x81Î¿Î´Î¯Ï\x84Î· is The greek goddess of, love, beauty, pleasure and. Procreation Her roman equivalent is the Goddess. Venus she is identified with the Planet. venus', ""FRIDA KAHLO (1907-1954). 'Self Portrait', 1940 (oil on board). Frida Kahlo, Mexico's greatest female artist, painted brutally honest self portraits that reveal her psychological response to adversity. She was born on July 6, 1907, in Coyoacan, a suburb of Mexico City."", 'Titian s legacy in terms of the female nude comes from the Venus of Urbino. It has been asked of this painting if it is mythology or if it is pornography, intended for an elite customer, and therefore a painting of a courtesan.itian s legacy in terms of the female nude comes from the Venus of Urbino. It has been asked of this painting if it is mythology or if it is pornography, intended for an elite customer, and therefore a painting of a courtesan.', 'Claire Phillips. For the British portrait artist, see Claire Phillips (artist). Claire Maybelle Snyder (December 2, 1907 â\x80\x93 May 22, 1960), also known as Clara Fuentes, Clara Phillips, Dorathy Fuentes as well as High Pockets, was an American spy, entertainer, club owner, and author most noted for her exploits in the Japanese-occupied Philippines.']","The Venus de Milo is an ancient Greek statue that represents Aphrodite, the goddess of love in Greek mythology. It is made of marble, is 203cm high, and is believed to be the work of Alexandros of Antioch. The statue was found on 8 April 1820 on the Aegean island of Melos and was presented to the Louvre by King Louis XVIII of France in 1821.",,1.0,0.7218652117229558,0.0
phone number for amtrak information,"[""This is Amtrak's best phone number, the real-time current wait on hold and tools for skipping right through those phone lines to get right to a Amtrak agent. This phone number is Amtrak's Best Phone Number because 199,170 customers like you used this contact information over the last 18 months and gave us feedback. Common problems addressed by the customer care unit that answers calls to 877-444-4773 include Make a Booking, Complaint, Refund, Missing Items, Cancel or Change Booking and other customer service issues. The Amtrak call center that you call into has employees from Pennsylvania and is open 24 hours, 7 days according to customers."", 'Has offers to places you would visit and explore. Where does Amtrak go in California? 1 90 destinations in California-Trains with connecting service to Amtrak Thruway buses reach more than 90 places, including all the hot travel destinations such as San Diego, Los Angeles, Santa Barbara, San Francisco, Sacramento etc.', ""Train travel between U.S. cities is operated by Amtrak. Regular trains travel up to 90 mph, while Amtrak's Acela Express trains can travel up to 150 mph. Amtrak offers USA Rail passes for tourists wishing to save money, as well as a variety of commuter passes for students and business people.Amtrak tickets are available on the company's website. Typical costs:egular trains travel up to 90 mph, while Amtrak's Acela Express trains can travel up to 150 mph. Amtrak offers USA Rail passes for tourists wishing to save money, as well as a variety of commuter passes for students and business people. Amtrak tickets are available on the company's website. Typical costs:"", 'Phone Support: 1-800-541-5555. The Telephone Service Center (TSC) is available 8 a.m. to 5 p.m., Monday through Friday, except holidays (border providers and out-of-state billers billing for in-state providers, call [916] 636-1200).', 'Aging and Disability Services Aging Services Disability Services: 795-4664 753-9100: ASPIRE: 795-4480: Child and Family Services: 795-4620: Eligibility for Food Stamps/TANF/MaineCare: 795-4394: Public Health Unit including Public Health Nursing: 795-4448: Substance Abuse and Mental Health Services: 795-4300: Support Enforcement: 795-4390']",The phone number for Amtrak information is 877-444-4773.,,1.0,0.9066505349923415,0.0
who directed hostel,"['No, the Hostel movies are not based on a true story. They are labeled based on a true story, but this is essentially a lie. Writer/director Eli Roth got the idea for the Hosâ\x80¦tel movies from a website that a friend showed him.', 'Director | Writer | Producer. Born in Israel 1956. Studied Philosophy at Tel Aviv University 1979-1982 and Art at Ramat Hasharon Art School. Worked as FirstAssistant Director in local and foreign feature films and commercialsbefore directing, How I Learned to Overcome My Fear and Love ArikSharon, (1997). See full bio Â».', ""Ray, who began his career as manager/programmer of the Bleecker Street Cinema in 1981, left his mark on the independent film scene, where he helped bring such movies as Mike Leigh's Secrets & Lies and Lars von Trier's Breaking the Waves to American audiences.e may do a couple of little things here and there because he enjoys them, but I don't want to put him through long hours anymore, he said. It is thought Uggie will make his final appearance at the Oscars."", ""Academy Award-winning filmmaker Ron Howard is one of this generation's most popular directors. From the critically acclaimed dramas A Beautiful Mind (2001) and Apollo 13 (1995) to the hit comedies Parenthood (1989) and Splash (1984), he has created some of Hollywood's most memorable films."", 'This is a back-to-back win for IÃ±Ã¡rritu, who won multiple awards including best director for â\x80\x9cBirdmanâ\x80\x9d last year. Heâ\x80\x99s only the third director to win successive awards in this category (sharing the honor with John Ford and Joseph L. Mankiewicz).']",I cannot answer from the given context.,,0.0,0.0,0.0
what is mercury's orbital period,"['It takes Mercury about 59 Earth days to spin once on its axis (the rotation period), and about 88 Earth days to complete one orbit about the Sun. However, the length of the day on Mercury (sunrise to ...more.', 'Note that a Planetary Day starts at the moment of sunrise on the given date in the selected location and ends with the next sunrise in this location. So Planetary Days do not coincide with the common calendar days. The length of a Planetary Hour is not equal to 60 minutes, in most cases. For more information on this topic, please read About Planetary Hours And Days article.', 'The reason for this is that the planets have elliptical orbits and none of them are perfect circles. As an example, the distance between the planet Mercury and Earth can range from 77 million km at the closest point, to as far as 222 million km at the farthest.There is a huge amount of different in the distances between the planets depending on their position on their orbit path.he table below shows the eight planets and the average distance between them. The AU column is the distance in astronomical units. 1 AU is the distance from the Sun to Earth, which is 149,600,000 km.', 'Mercury (Hg) is an element that occurs in the environment naturally as a result of human activity. It is a silvery color and the only metal that is liquid and room temperature.It is considered one of the heavy metal because of its atomic weight and can be found as number eighty on the periodic table of elements.ercury (Hg) is an element that occurs in the environment naturally as a result of human activity. It is a silvery color and the only metal that is liquid and room temperature.', 'Saturn revolves or orbits around the sun once every 29.4 Earth years, or once every 10,755.7 Earth days, which is roughly 10755 days, 3 hours and 15 minutes. Saturn travels atâ\x80¦ an average speed of 21,637 miles per hour or 34,821 kilometers per hour in its orbit around the sun.']",Mercury's orbital period is about 88 Earth days.,,1.0,0.9358749398416912,0.0
what is the u.s. dollar worth in india,"['US Dollar to Indian Rupee Exchange Rate: US Dollar to Indian Rupee Exchange Rate is at a current level of 64.42, unchanged from 64.42 the previous market day and down from 66.56 one year ago. This is a change of 0.00 from the previous market day and -3.22% from one year ago. Category: Foreign Exchange.', ""Being a decimal currency, there are 100Â¢ in the dollar. The Australian dollar had been worth less than the US dollar for a number of years but, for some time recently, exceeded the US dollar in value. Currency is, of course, still marked by rises and falls. Here's a handy currency coverter."", 'One U.S. Dollar = approximately 33.99 Thai Baht (as of Aug 21,08) One U.S. Dollar = approximately 33.99 Thai Baht (as of Aug 21,08)', 'By contrast, the one currency that has always had a higher value than the U.S. dollar, the British pound, has actually lost value against the U.S. dollar compared to the early 1970s and 1980s and it is the only najor currency to have a lower value against the U.S. dollar compared to early 2000.urthermore, the Australian dollar has also gained a higher value than the U.S. dollar. As a result there are now 5 major currencies with a higher value than the U.S. dollar, namely the British pound, the euro, the Swiss franc, the Canadian dollar and the Australian dollar.', ""DEFINITION of 'Weak Dollar' A weak dollar is a situation where the U.S. dollar's value is decreasing relative to one or a basket of foreign currencies. Essentially, a weak dollar means that a U.S. dollar can exchange for fewer amounts of foreign currency. A number of factors, not just economic fundamentals, can lead to a period of U.S. dollar weakness. The term weak dollar is used to describe a sustained period of time, as opposed to a 24 to 48-hour decline in the greenback. BREAKING DOWN 'Weak Dollar'""]",The US Dollar is worth 64.42 Indian Rupees.,,1.0,0.6694149769121093,0.9999999999
which battle marked the turning point of the civil war?,"['why were the battles of Gettysburg and Vicksburg the turning point in the Civil War. because during these wars, the Confederate Army lost most men and also lost control over their last fort around the Mississippi River which caused the confederate states to be completely divided into two.', 'Battle of Antietam, because it was a blood bath and it ended in a draw The Battle of Gettysburg (May, 1863) proved to be the turning point of the Civil war. It marked th â\x80¦ e last major Confederate effort to shift the war northward onto Union soil.', ""The first major Civil War battle west of the Mississippi River took place on August 10, 1861 at Wilson's Creek, Missouri, while the largest battle west of the Mississippi River was the Battle of Westport in Kansas City in 1864. 1 Pre-war 1.1 Missouri Compromise. 1.2 Bleeding Kansas. 1.3 Dred Scott Decision."", ""Battlefield of Gettysburg, (1863) The Battle of Gettysburg (local /Ë\x88É¡É\x9btáµ»sbÉ\x9cË\x90rÉ¡/, with an /s/ sound) was fought July 1â\x80\x933, 1863, in and around the town of Gettysburg, Pennsylvania, by Union and Confederate forces during the American Civil War. The battle involved the largest number of casualties of the entire war and is often described as the war's turning point."", 'The first real battle took place July 21, 1861, on the hills around Bull Run creek outside Manassas, Virginia, a railroad junction some 30 miles south of the Northern capital at Washington City (Washington, D.C.) and about 90 miles north of the Confederate capital at Richmond on July.']",The Battle of Gettysburg marked the turning point of the Civil War.,,1.0,0.6725798844005008,0.9999999999
how long does chicken tortilla soup last in fridge,"['Expert Answers. A chicken soup can stay good for 5-7 days in the fridge. It is necessary to keep it in a closed container to save it from catching fridge odor and contamination. Before using it, smell and taste it a bit, if both are good you can consume it. When you want have it, you should reheat the soup properly.', ""Nutrition summary: There are 220 calories in a 1 bowl serving of Applebee's Chicken Tortilla Soup (Bowl). Calorie breakdown: 40% fat, 41% carbs, 19% protein."", '1 Rotisserie chicken: 3 to 4 days (refrigerator) or 2 to 3 months (freezer). 2 Opened package of hot dogs: 1 week (refrigerator) or 1 to 2 months (freezer). 3 Opened package of deli meat: 3 to 4 days (refrigerator) or 1 to 2 months (freezer). Fried chicken: 3 to 4 days (refrigerator) or 4 months (freezer). 2 Cooked ground chicken or turkey: 3 to 4 days (refrigerator) or 2 to 3 months (freezer). 3 Cooked chicken nuggets: 1 to 2 days (refrigerator) or 1 to 2 months (freezer).', 'According to Foodsafety.gov, uncooked poultry is safe in the refrigerator for 1-2 days, and safe in the freezer for 9 months (for pieces) and up to 12 months for whole chickens or turkey.Cooked poultry is safe refrigerated for 3-4 days.You can also freeze your cooked breaded chicken cutlets (tightly wrapped in foil or saran wrap and place in freezer bags) for 1-3 months. Just pull it out the night before you want to have it and thaw in the fridge.f I have breaded chicken cutlet Iâ\x80\x99m never sure how long (it can last in the refrigerator) and I tend to cook it all at once. (Also) I feel like Iâ\x80\x99m limited to what I can do with the chicken once its cooked.', 'Dear SS: According to Foodsafety.gov, uncooked poultry is safe in the refrigerator for 1-2 days, and safe in the freezer for 9 months (for pieces) and up to 12 months for whole chickens or turkey. Cooked poultry is safe refrigerated for 3-4 days.You can also freeze your cooked breaded chicken cutlets (tightly wrapped in foil or saran wrap and place in freezer bags) for 1-3 months. Just pull it out the night before you want to have it and thaw in the fridge.ooked poultry is safe refrigerated for 3-4 days. You can also freeze your cooked breaded chicken cutlets (tightly wrapped in foil or saran wrap and place in freezer bags) for 1-3 months. Just pull it out the night before you want to have it and thaw in the fridge.']",I cannot answer from the given context.,,0.0,0.0,0.19999999998
what level does zubat evolves to,"['Zubat will evolve into Golbat when it reaches level 22. Golbat will evolve into Crobat when it has a high enough happiness stat.', 'Best Answer: It evolves at Level 20, your Magikarp will learn tackle at a certain level from that until 20. An easy way to make it evolve, is to put it first on the your pokemon party list. Then when a wild pokemon appears, send it out to battle.', 'What level does wingull evolve in Pokemon emerald? Wingull evolves into Pelipper starting at Level 25 (if evolve is deferred at level 25, it will continue to try to evolve every time it gains a level thereafter). Gregory Daniels.', 'Charmeleon (Japanese: ã\x83ªã\x82¶ã\x83¼ã\x83\x89 Lizardo) is a Fire-type Pokemon. PokÃ©mon it evolves From charmander starting at level 16 and evolves Into charizard starting at level. 36', 'How do you evolve Phione? By now, most people know that Phione can not evolve. But if Phione could evolve, how would it? I would have to say...If you catch a shiny Pokemon, then immediately release it, then all of the Phione in your party will evolve.']",Zubat evolves to Golbat when it reaches level 22.,,1.0,0.8535287349459993,0.0
population of quartzsite az,"['Quartzsite, Arizona. Quartzsite is a town in La Paz County, Arizona, United States. According to the 2010 census, the population was 3,677. Interstate 10 runs directly through Quartzsite and is at the intersection of U.S. Route 95 and Arizona State Route 95 with I-10.', ""Local Information about Quartzsite, AZ. and Surrounding Areas Here is a copy of The Quartzsite Area Guide where you will find lots of information on what's happening, in and around Quartzsite, AZ., including a Calandar of Events, business listings and much, much more. Town of Quartzsite - Official Web Site for the Town of Quartzsite. Quartzsite Chamber of Commerce. Local News, Blogs and other information on The Town of Quartzsite, AZ - The Desert Messenger. Blythe, California Chamber of Commerce - (760) 922-8166. More Blythe info."", 'Glendale Arizona Population Charts According to the most recent demographics data available from the Census Bureau released in December of 2017, Figure 1 Glendale shows it has 239,943 population which is the 2nd most of all the places in the area.', 'The 2010 United States Census reported that Montague had a population of 1,443. The population density was 804.8 people per square mile (310.7/kmÂ²).', 'The population of the Riviera Maya is around 150,000. The estimated population of Mexico is 108,700,891, and the population of Quintana Roo, the state in which the Riviera Maya is located, is approximately 880,000.']","The population of Quartzsite, Arizona, according to the 2010 census, was 3,677.",,1.0,0.8281909596323768,0.0
average money market interest rates,"['U.S. Average Savings Account Interest Rate. As of April 2016, the national average savings account interest rate is only 0.06 percent for all balances, according to the FDIC â\x80\x94 the same as it was before the fed funds rate increase at the end of 2015. The national average money market account interest rate is slightly higher, however. For deposits less than $100,000, the average money market account interest rate is 0.08 percent; for deposits of $100,000 and higher, the rate is 0.12 percent. These rates have remained steady since before the fed funds rate increase in December 2015.', 'Average Personal Loan Interest Rates for 2017. For 2017, the average personal loan interest rates are between 10% to 28%. Actual interest rates vary based on the qualifications of a borrower, the length of the loan, the loan amount and the lender. Below, we have compiled the average personal loan interest rates by credit score and by lender.', 'Average Commercial Real Estate Loan Rates by Loan Type. Depending on the type of loan you choose, interest rates will vary from 3.5% to upwards of 30%. Government-backed loans, such as SBA or USDA loans, and conventional commercial mortgages will typically offer the most competitive interest rates.', 'Notes: Weekly national average rates on conventional, conforming, 30- and 15-year fixed and 1-Year CMT-indexed. adjustable rate mortgages, with loan-to-value (LTV) rates. of 80 percent or less, 1992 - present, are available.', 'A more neutral stance for the fed funds rate, in that it neither spurs growth nor forces a growth slowdown, is probably around 1.50 percent to 2.00 percent. By the summer of 2014, we could quickly see 1 year CD interest rates move to the 2.00 percent to 2.50 percent range. A sharp increase from current levels are welcome news for depositors. Compare CD rates from many different banks by using our rate tables at MonitorBankRates.com.']","The average money market account interest rate is 0.08 percent for deposits less than $100,000 and 0.12 percent for deposits of $100,000 and higher.",,1.0,0.8451062719264862,0.0
can you file bankruptcy separately if you are getting divorced,"['If you qualify for a Chapter 7 bankruptcy, then you should finish in about 90 days. Therefore, you and your spouse can eliminate unsecured debt which takes away the fight over debt. Warning, if you and your spouse file for a Chapter 13 bankruptcy then you are both responsible for the repayment plan. You may also be prevented from dividing assets by sale. After the bankruptcy is completed, then divorce will proceed without any further delay from bankruptcy.', 'Bankruptcy isnâ\x80\x99t easy or cheap, and it likely will crimp your access to new credit for seven to 10 years. But it may be the best way to salvage your finances. Hereâ\x80\x99s a look at what bankruptcy is, whether itâ\x80\x99s right for you, how to file, and what to watch out for along the way.', 'Bankruptcy: A bankruptcy filing can stay on your credit report for up to ten years, from the date of the relief order or the date of adjudication (whichever applies). This applies to personal bankruptcy filings, such as Chapter 7 and Chapter 13. This item can be found in Section 605A of the Fair Credit Reporting Act.', 'Chapter 13 Bankruptcy. Chapter 13 Bankruptcy is a total reorganization of the debts for an individual with regular income which is designed for debtors that are behind on secured debts such as home mortgages and car loans. The goal is to resume regular monthly payments and pay the arrearages over time.', 'Fill Out Your Court Forms. To file for divorce or legal separation, you have to fill out the same forms. If you want specific legal advice about how to fill out your court forms, talk to a lawyer. What you write on your court papers can be very important and can affect the outcome of the case.ow the papers must be served The papers can be served in 1 of 2 ways: 1 Personal service. 2 This means that your â\x80\x9cserverâ\x80\x9d hand-delivers a copy of all the papers (and the blank forms) to your spouse or domestic partner. 3 In most cases, you will have to do personal service for your initial divorce or legal separation papers.']",I cannot answer from the given context.,,0.0,0.0,0.0
average wpm typing speed,"['The average typing speed is 38-40 words per minute (wpm) for adults in a professional working environment (despite many incorrect reports on the web that it is 50-60 wpm). <br /> <br /> Some administrative assistants can type 70-80 wpm or more.', 'An average typist can achieve about 30 to 45 WPM (usually the minimum required for dispatch positions and other typing data entry jobs). Advanced typists generally are expected to operate at typing speeds above 60 WPM.', 'What is the average typing speed on 10FastFingers? Its hard to calculate the average typing speed as this highly depends on the language and on the word-difficulty. For the normal version of the english typing test we have calculated an average of 41 WPM, this value is based on over 73 million typing results.', 'An average touch typer can type at around 60 WPM (word per minute). Find out how fast you are. Take the typing test now. Key Hero is a great place to improve your typing skills. The game keeps track of all your performances (WPM and accuracy) and helps you understand what type of mistake you make.', 'The average student sees a speed of around 100 words per minute in the first six to eight months. Students who excel at his method of typing and note taking can achieve the average words per minute in as little as 18 months. Sources:']","The average typing speed is 38-40 words per minute (wpm) for adults in a professional working environment. An average typist can achieve about 30 to 45 WPM, while an average touch typist can type at around 60 WPM. Additionally, the average on 10FastFingers is calculated to be 41 WPM.",,1.0,0.7743432892754414,0.0
what was the major result of the industrial revolution,"['Background. The Industrial Revolution began in Great Britain in the early 19th century before spreading to Belgium, France, Germany, the United States and Japan. It was a fundamental change in the way goods were produced, and altered the way people lived.A result of the Industrial Revolution was a movement of people and goods all around the world as global trade and migrations increased. Trade. A major result of the Industrial Revolution was an increase in global trade.Many industrial countries sought new markets for their goods, and raw materials from which to make those goods. A result of this increase in trade was imperialism of Africa, India, China, and much of the rest of Asia.he Industrial Revolution began in Great Britain in the early 19th century before spreading to Belgium, France, Germany, the United States and Japan.', 'Urbanization. One of the defining and most lasting features of the Industrial Revolution was the rise of cities. In pre-industrial society, over 80% of people lived in rural areas. As migrants moved from the countryside, small towns became large cities. By 1850, for the first time in world history, more people in a countryâ\x80\x94Great Britainâ\x80\x94lived in cities than in rural areas.', 'The rise of industrialization brought many significant changes to the American Economy and society during the 1900s. Some of these changes included urbanization, the rise of big businesses, and the rise of laissez faire capitalism. Industrialization had both a positive and negative effect on the U.S. economy and society. It allowed the United States to surpass many of its leading competitors including Germany and Great Britain but it also led to sharper Economic and class divisions among the rich, middle class, and the poor.', ""The Industrial Revolution did not in fact end in Britain in the mid-1800s. New periods came in with electricity and the gasoline engine. By 1850, however, the transformation wrought by the revolution was accomplished, in that industry had become a dominant factor in the nation's life.n Italy the industrial revolution began in the 1840â\x80\x99s. Factory production developed mainly in northern Italy, and this only intensified the economic backwardness of the south. Large-scale machine industry completely supplanted cottage industry and manufacture production in the last third of the 19th century-."", 'The development of the spinning machine by Sir Richard Arkwright in England led directly to the rise of the Industrial Revolution, and a new world of manufactured products. New to Old.']",A major result of the Industrial Revolution was an increase in global trade.,,1.0,0.9238453848807827,0.0
what tests can doctors do to check to see if you are at risk of heart attack,"['You have to have a ultra sound of your heart and renal arteries done. See a cardiologist asap and get the follow up results. The only real way to tell if you have had a heart attack is to do a double comparison blood test after the event.Start investigating your condition.ee a cardiologist asap and get the follow up results. The only real way to tell if you have had a heart attack is to do a double comparison blood test after the event. Start investigating your condition.', 'Stress Test. Stress tests are most often used to evaluate chest pain or other symptoms that can indicate blocked heart arteries. These tests measure blood flow to your heart muscle under stress conditions. The â\x80\x9cstressâ\x80\x9d in a stress test is usually physical exercise, such as walking on a treadmill to increase your heart rate and blood pressure.', 'For the most part of the day I have been having numbness and tingling in my left arm and also my chest feels tight or like there is pressure on it. I have also been feeling nauseous. I looked up heart attack on the internet and I saw that these are symptoms that accompany a heart attack.', '1 Shortness of breath with or without chest discomfort. 2 Other signs such as breaking out in a cold sweat, nausea or lightheadedness. 3 As with men, womenâ\x80\x99s most common heart attack symptom is chest pain or discomfort.', 'An echocardiogram uses sound waves to produce images of your heart. This commonly used test allows your doctor to see your heart beating and pumping blood. Your doctor can use the images from an echocardiogram to identify heart disease.']","Doctors can perform an ultrasound of the heart, a double comparison blood test, a stress test, and an echocardiogram to check if you are at risk of a heart attack.",,0.8,0.936933790935942,0.0
caffeine effects on exercise,"['Coffee and energy drinks do share caffeine in common. However what you need to recognize first and foremost is that coffee has higher concentrations of caffeine which will have more of a sudden impact on the central nervous system.', ""When caffeine enters the body, the liver releases enzymes to metabolize it before releasing it into the bloodstream. This can temporarily impair the liver's blood sugar uptake and release functions."", 'If it doesnâ\x80\x99t or the symptoms are severe, you should contact your doctor. If you develop these symptoms after years of using similar levels of caffeine, then your heart symptoms are likely caused from other sources. If you use caffeine to improve your exercise ability, use relatively low doses.', 'In adults, caffeine consumption is associated with a negative relationship with all-cause mortality, largely due to a reduction of cardiovascular effects. Causation hasnâ\x80\x99t been established though. Most of you are very familiar with the side effects of caffeine: agitation, tremors, insomnia, headache. Overall, despite documented cases of dependence and withdrawal, caffeine consumption has a generally attractive safety profile with a wide therapeutic range.', 'Consumption of caffeine drinks has increased dramatically in the last 5 years and consequently the numbers of individuals suffering adverse effects is greater also. Some people suffer an intolerance to caffeine. Caffeine is a stimulant which means it can make you feel alert and less sleepy for a short period of time. Caffeine is also a natural diuretic which means it can increase the amount of urine you produce.']",I cannot answer from the given context.,,0.0,0.0,0.0
what is the weather like in toronto,"['July Weather in Toronto. July is generally hot and muggy (humid). Evenings can cool off considerably especially by the water, so a jacket is still necessary. Average July temperature: 21ÂºC / 68ÂºF; July average high: 24ÂºC / 80ÂºF; July average low: 16ÂºC / 60ÂºF; Visitors can expect rain about 10 days out of 31 in July. What to Pack for Toronto in July', 'The best time all year to apartment hunt in Toronto is March-April for April-May occupancy to take advantage of the end of the Winter semester. You could grab something then and move in early or sublet it out for a few months, but for simplicity in your case, start hunting in May-June for August-September occupancy.', 'This is the weather that makes Trinidad and Tobago the perfect vacation spot. Our islands share an average daytime temperature of 28 degrees Celsius that is warm but not unpleasantly humid and nights that are pleasantly cool. Annual rainfall is about 200 cm (40 inches) over most of the country. Trinidad and Tobago is just south of the hurricane belt and rarely experiences hurricanes.', '1 The months June, July, August and September have nice weather with a good average temperature. 2 Calgary has dry periods in January, February, October, November and December. 3 Cold season / winter is in the months January and December. 4 On average, the warmest month is July. On average, the coolest month is December.', ""Mumbai/ Bombay Climate & Temperature. 1 Mumbai/ Bombay, India is at 1853'N, 7248'E, 11 m (35 ft). Mumbai/ Bombay has a tropical wet and dry/ savanna climate (Kppen-Geiger classification: Aw) with a pronounced dry season in the low-sun months , no cold season, wet season is in the high-sun months.""]","July in Toronto is generally hot and muggy (humid), with average temperatures around 21ºC (68ºF). The average high is 24ºC (80ºF) and the average low is 16ºC (60ºF). Visitors can expect rain about 10 days out of the month. Evenings can cool off considerably, especially by the water, so a jacket is still necessary.",,1.0,0.7927399750322838,0.0
which function automatically counts cells that meet multiple conditions,"['This Excel tutorial explains how to use the Excel COUNTIF function with syntax and examples. The Microsoft Excel COUNTIF function counts the number of cells in a range, that meets a given criteria. If you wish to apply multiple criteria, try using the COUNTIFS function.', 'To learn more about COUNTIF, see COUNTIF function. To learn about an even more powerful function introduced in Excel 2007 that lets you use multiple criteria and ranges, see COUNTIFS function.', 'Example 1. Using IF & AND function in Excel. Suppose, you have a table with the results of two exam scores. The first score, stored in column C, must be equal to or greater than 20. The second score, listed in column D, must be equal to or exceed 30. Only when both of the above conditions are met, a student passes the final exam.', 'Is there a way to use a name range as an array criteria for a sum(countif()) formula in Excel 2010. up vote 2 down vote favorite. Picture column A full of comments like feedback from a survey question. Now picture column B with a formula which counts occurrances of particular key words within each comment.', '=5+2*3 A function is a preset formula. Like formulas, functions begin with an equal sign (=) followed by the functionâ\x80\x99s name and its arguments. The function name tells Excel what calculation to perform. The arguments are contained inside round brackets.ormulas and functions can be entered directly into a cell or into the Formula Bar. Introduction to the SUM Function The SUM function adds the contents of a series of cells. 1. Click the cell in which you want the answer to appear. 2.']",The COUNTIFS function automatically counts cells that meet multiple conditions.,,0.5,0.5834138413941068,0.0
what is the zip code for helena mt,"['The Helena Zip Code in Montana is 59601, 59602, 59604, 59620, 59623, 59624, 59625, 59626. By pressing keys ctrol + F you can search Helena zip codes by its streets, highways, and know the ZIP+4 US ZIP Code.', '60% of the 82331 zip code residents lived in the same house 5 years ago. Out of people who lived in different houses, 47% lived in this county. Out of people who lived in different counties, 50% lived in Wyoming. 95% of the 82331 zip code residents lived in the same house 1 year ago. Out of people who lived in different houses, 46% moved from this county. Out of people who lived in different houses, 34% moved from different county within same state.', 'Zip Code: 32935. The Weather Warehouse provides a complete Weather history for over 10,000 official National Weather Service (NWS/NOAA) government weather stations (one of the best offerings on the web). Past weather data is available for some stations as far back as 1902.', '86% of the 94510 zip code residents lived in the same house 1 year ago. Out of people who lived in different houses, 56% moved from this county. Out of people who lived in different houses, 29% moved from different county within same state.', 'below you can find map of monticello or look up other zip codes in new york or other us states if monticello s zip code is duplicated and other places have same zip code number you can use our zip code searcher by number 12701']","The zip codes for Helena, MT are 59601, 59602, 59604, 59620, 59623, 59624, 59625, and 59626.",,1.0,0.8754163413074384,0.0
why are clouds flat at the bottom,"[""Clouds are flat on the bottom because this is the transition point where the temperature & pressure are at a point where the air cannot hold all of it's water in its gaseous form (clouds are made of water in its liquid or solid state). As you increase in altitude, temperature and atmospheric pressure decrease."", ""In meteorology, a cloud is an aerosol comprising a visible mass of minute liquid droplets, frozen crystals, or particles suspended in the atmosphere above the surface of a planetary body. The droplets and crystals may be made of water or various chemicals. On Earth, clouds are formed as a result of saturation of the air when it is cooled to its dew point, or when it gains sufficient moisture from an adjacent source to raise the dew point to the ambient temperature. They are seen in the Earth's h"", 'High cirrus clouds may occur in long feather-like streaks. Some cirrostratus may also occur up to 600 miles ahead of the surface position of the warm front. As the front approaches, temperatures start to rise, and barometric pressure falls steadily. The warm front passes over . Drizzle and then rain will usually start to fall from altostratus and nimbostratus clouds. The amount of cloud will increase and the cloud base will fall. Continuous rain will persist as pressure carries on falling. In the warm sector', 'There are four basic types of clouds. High clouds, middle clouds, low clouds, and clouds with vertical developement. Weather type 5 - Hail. The exact processes that creates hail are still being studied.', 'cirÂ·roÂ·stratÂ·us. A thin, hazy cloud formation made up of ice crystals, often covering the sky in sheets and producing a halo effect around the sun. Cirrostratus clouds form at upper levels of the atmosphere.']",Clouds are flat on the bottom because this is the transition point where the temperature and pressure are at a point where the air cannot hold all of its water in its gaseous form.,,1.0,0.989170061081844,0.0
putrescine definition,"['Putrescine, or tetramethylenediamine, is a foul-smelling[1] organic chemical compound NH2(CH2)4NH2 (1,4-diaminobutane or butanediamine) that is related to cadaverine; both are produced by the breakdown of amino acids in living and dead organisms and both are toxic in large doses.[2][3] The two compounds are largely responsible for the foul odor of ...', 'Paylean is the brand name for ractopamine, a beta-adrenoceptor agonist that artificially promotes leanness in pigs. 3 As the paleo world is already well aware, most Americans donâ\x80\x99t like to eat much lard.', 'Radioactive Iodine FAQs what is radioactive iodine (rai)? Iodine, in the form of iodide, is made into two radioactive forms of iodine that are commonly used in patients with thyroid diseases: I-123 (harmless to thyroid cells) and I-131 (destroys thyroid cells).', 'LINK / CITE ADD TO WORD LIST. adjective. The definition of porcine is like or looking like a pig. An example of someone porcine is a person covered in mud.of or like pigs or hogs.he definition of porcine is like or looking like a pig. An example of someone porcine is a person covered in mud. of or like pigs or hogs.', 'Gout is a crystal-deposition disease caused by the super saturation and precipitation of MSU crystals in tissues resulting in inflammation and tissue damage. Gout is characterized by acute and subacute attacks. The clinical course of gout can be summarized into three stages: Acute gout, Intercritical gout and recurrent gout, Chronic tophaceous gout.']","Putrescine, or tetramethylenediamine, is a foul-smelling organic chemical compound NH2(CH2)4NH2 (1,4-diaminobutane or butanediamine) that is related to cadaverine; both are produced by the breakdown of amino acids in living and dead organisms and both are toxic in large doses.",,1.0,0.7132343696659031,0.9999999999
what produces connective tissue fibers,"['Elastic tissue is classified as connective tissue proper. The elastic fiber is formed from the elastic microfibril (consisting of numerous proteins such as microfibrillar-associated glycoproteins, fibrillin, fibullin, and the elastin receptor) and amorphous elastin.', 'Most connective tissues are vascularized (except cartilage). The extracellular spaces (space outside of cells) in connective tissue are referred to as the extracellular matrix. Connective tissue, therefore, is made up of cells and extracellular matrix. The extracellular matrix is composed of glycosaminoglycans and proteoglycans. It is variations in the composition of the extracellular matrix that determine properties of the connective tissue. Connective tissue is made up of: Fibrous components (collagen and elastin)', 'Specialized connective tissue includes: 1 Dense regular connective tissue (found in tendons and ligaments) 2 Cartilage (a type of supporting connective tissue that consists of chondrocyte cells, collagen fibers, and elastic fibers; semi-solid or flexible matrix; includes hyaline cartilage, fibrocartilage, and elastic cartilage)', 'Cartilage is the most commonly known form of fibrous connective tissue. It is composed of collagen fibers that are packed very densely into a rubbery substance called chondrin. Cartilage provides both flexible support and cushioning for parts of the body such as the nose.', 'Cartilage is a type of supporting connective tissue. Cartilage is a dense connective tissue, consisting of the chondrocyte cells. Cartilage connective tissue includes hyaline cartilage, fibrocartilage and elastic cartilage. The fibers in the cartilage connective tissue include collagen and elastic fibers.emapoetic or lymphatic connective tissue is another type of fluid connective tissue. Lymphatic connective tissues are responsible for the manufacture of all the blood cells and immunological capability.']",I cannot answer from the given context.,,0.0,0.0,0.0
what language jamaica speak,"['The average Jamaican speaks English and Jamaican dialect based primarily on English. We most certainly cannot give up English, which is the dominant language of international commerce, media and science and technology. If anything, we need to improve our ability to read, write and speak English.', 'Although the official language of Trinidad and Tobago is English, the most commonly spoken languages are Trinidadian Creole English and Tobagonian Creole English. Trinidadian usage includes a large number of local words and expressions. Many of these have non-English origins-these derive primarily from French and French Creole, Spanish, various West African languages, and Bhojpuri. Trinidadian speech is characterised by dropped final consonants and a lack of pluralisation.', 'St. James St James is a suburban parish, located on the north west end of the island of Jamaica. Its capital, Montego Bay, derived from the Spanish word Manteca (lard) because many wild hogs were found there from which they made lard.', ""Vison 2030 has set out ambitious goals for Jamaica to achieve. The theme of this vision is 'Jamaica, the place of choice to live, work, raise families, and do business'. This plan outlines that in order to transform our country, many of us will need to change how we think and view life."", 'Within the British Isles many hundreds of languages are spoken by communities originating from all over the world e.g. Punjabi, Bengali, Urdu, Gujarati, Cantonese, Polish, Italian and Greek. Over 100 languages are spoken domestically by the families in London.']",The average Jamaican speaks English and Jamaican dialect based primarily on English.,,1.0,0.7979161195421006,0.0
which pair of chromosomes would result in the birth of a male,"['Each person normally has 23 pairs of chromosomes in each cell (23 pairs = 46 chromosomes). One of these pairs carries chromosomes called the X and Y chromosomes, which determine whether you will be male or female.If you are male, you have an XY pair.ach person normally has 23 pairs of chromosomes in each cell (23 pairs = 46 chromosomes). One of these pairs carries chromosomes called the X and Y chromosomes, which determine whether you will be male or female.', 'Most mammals have only one pair of sex chromosomes in each cell. Males have one Y chromosome and one X chromosome, while females have two X chromosomes. In mammals, the Y chromosome contains a gene, SRY, which triggers embryonic development as a male.ost mammals have only one pair of sex chromosomes in each cell. Males have one Y chromosome and one X chromosome, while females have two X chromosomes. In mammals, the Y chromosome contains a gene, SRY, which triggers embryonic development as a male.', 'Genes found only on the Y chromosome are referred to as Y-linked genes, and expressed only in males. Genes on either sex chromosome can be called sex-linked genes. There are approximately 1,098 X-linked genes, though most of them are not for female anatomical characteristics.', 'since the y chromosome does not carry the hemophilia gene a son born to a man with hemophilia and a woman who is not a carrier will not have hemophilia if the baby gets the x chromosome from the father it will be a girl the x chromosome from the father with hemophilia will have the hemophilia gene', ""Males have only 1 X chromosome. If the factor VIII gene is missing on a boy's X chromosome, he will have hemophilia A. For this reason, most people with hemophilia A are male. If a woman has a defective factor VIII gene, she is considered a carrier.""]",The XY pair of chromosomes would result in the birth of a male.,,1.0,0.8457424321437026,0.49999999995
wpm average speed,"['Our testing and results reflect the environment you would be working in, so our formula for converting WPM to KPH is based on this. The formula is based on three known values. WPM â\x80\x93 your known current typing words per minute rate; An average number of characters in typed words (also known as keystrokes), which we set to 5', 'You can look at the definition of WPM. If you happen to have a penalty it means that you did not fix errors during the typing test. Not fixing the errors (when the text turns red) will lower your WPM by the amount next to the speed. The penalty is proportional to the length of the text that was not fixed.', 'An average typist can achieve about 30 to 45 WPM (usually the minimum required for dispatch positions and other typing data entry jobs). Advanced typists generally are expected to operate at typing speeds above 60 WPM.', 'The average typing speed is 38-40 words per minute (wpm) for adults in a professional working environment (despite many incorrect reports on the web that it is 50-60 wpm). <br /> <br /> Some administrative assistants can type 70-80 wpm or more.', 'What is the average typing speed on 10FastFingers? Its hard to calculate the average typing speed as this highly depends on the language and on the word-difficulty. For the normal version of the english typing test we have calculated an average of 41 WPM, this value is based on over 73 million typing results.']","The average typing speed is 38-40 words per minute (WPM) for adults in a professional working environment, and for the normal version of the English typing test on 10FastFingers, the average is calculated to be 41 WPM.",,1.0,0.46062977382607445,0.3333333333
why does yahoo keep freezing,"['Q: my computer keeps freezing up. why does my computer keep freezing up on me and what can i do to fix it i have windows7 i have 32 bit.', 'Well I have had my kindle fire for almost a year now. I have quite a bit of apps and some books. My fire freezes up probably once a day. But when I first received it in never froze up. I believe that my fire is doing it because of my memory or a particular app.', 'I generally feel nothing but antipathy toward Internet Explorer so when it freezes and displays that stupid little â\x80\x9cInternet Explorer has stopped workingâ\x80\x9d error it vexes me like nothing else. I find the â\x80\x9cWindows is checking for a solution to the problemâ\x80¦â\x80\x9d sub-message obnoxious and sardonic.', 'This happens when a person is running a program or multiple programs that are taking up a lot of memory usage and the computer is almost at the maximum of what its memory can handle. You can fix virtual memory problems by manually increasing the size of the virtual memory your computer uses.', 'How do you fix YahooMessenger. To learn how to fix YahooMessenger.exe application error, you have to know what it is. Yahoomessenger.exe is the executable for Yahoo! Messenger and it is a free instant messe â\x80¦ nging software from Yahoo! Inc to help you conveniently send and receive messages from online contacts.ound this and it worked. In Windows XP (worked also on my windows 7): 1. Go to Start and click on Run. 2. Type in services.msc (without quotes). Or go to Start, Settings â\x80¦ , Control Panel, Administrative Tools, Services. 3. Find RosettaStoneDaemon. 4. Check the status column to make sure it says started. 5.']",I cannot answer from the given context.,,0.0,-0.0,0.0
discover meaning in english,"['discover meaning, definition, what is discover: to find someone or something, either by ...: Learn more.', 'â\x80¢ DISCOVER (verb) The verb DISCOVER has 8 senses: 1. discover or determine the existence, presence, or fact of. 2. make a discovery, make a new finding. 3. get to know or become aware of, usually accidentally. 4. make a discovery. 5. find unexpectedly.', 'Examination of Old English words along with their modern meanings can give you a glimpse of how languages develop through time. The first form of English as a language is termed Old English and came into being during the 5th century. Many common words and verbs can be found in Old English that hold the same meaning today.', 'English grammar is the way in which meanings are encoded into wordings in the English language. This includes the structure of words, phrases, clauses, and sentences, right up to the structure of whole texts.', ""Gesprek 2-1 [edit]. 1 First push the button to simply listen to the following conversation. 2 Then study the text to find out what the meaning is. 3 If necessary, hover your mouse over a word if you don't know it. 4 Once you think you understand the conversation open the dropdown below to see the full translation.""]","The meaning of ""discover"" in English is to find someone or something, either by determining the existence, presence, or fact of it, making a new finding, getting to know or becoming aware of something usually accidentally, or finding something unexpectedly.",,1.0,0.9078070972772055,0.0
when did the hittites start,"['c. 1700 BCE. The Hittites invade the region of the Hatti and begin a systematic campaign against them. The great city of Hattusa is sacked and destroyed. 1650 BCE. Under the Hittite Warrior-King Hattusili, campaigns are carried to completion subjugating the Hatti. Hattusa is re-built as the Hittite capital.', 'The Old Kingdom and its royal power reached a zenith under the Fourth Dynasty (2613â\x80\x932494 BC), which began with Sneferu (2613â\x80\x932589 BC). Using more stones than any other pharaoh, he built three pyramids: a now collapsed pyramid in Meidum, the Bent Pyramid at Dahshur, and the Red Pyramid, at North Dahshur.', 'Minoan And Mycenaean Phases. The first and longer phase of Aegean civilization, which ended about 1450 B.C., is called Minoan after the legendary Cretan King Minos. Crete was the center of Minoan civilization, which spread to the Aegean Islands, the coast of Asia Minor, and mainland Greece.', ""ancient city-state in N Africa, founded (9th cent. ) by the Phoenicians near the site of modern Tunis and destroyed by the Romans in 146 (see Punic Wars): rebuilt by the Romans (44 ) & destroyed by the Arabs ( 698) Webster's New World College Dictionary, Fifth Edition Copyright Â© 2014 by Houghton Mifflin Harcourt Publishing Company."", ""This period of history, between the civilization's beginnings in c. 3000 BC to its conquest by the Romans in 31 BC, was almost a thousand years longer than the period between 31 BC and the present day.""]",The Hittites started their invasion of the region of the Hatti around c. 1700 BCE.,,1.0,0.7391433669379155,0.0
who is deputy director andrew mccabe,"['Andrew McCabe. since February 1, 2016. The Deputy Director of the Federal Bureau of Investigation (formerly known as the Associate Director) is a senior United States government position in the Federal Bureau of Investigation. The office is second in command to the Director of the Federal Bureau of Investigation.', 'Meet the Director Jamie Clover Adams was appointed by Governor Rick Snyder in July 2012. Prior to becoming Director, Ms. Clover Adams worked in various governmental leadership roles for nearly 25 years, including the Michigan Senate as well as Director of the Kansas Department of Agriculture from 1999-2003.', 'Mark is a 30 year veteran of television and journalism. His career spans major editorial roles at CNN, Bloomberg, Current TV and CNBC. Mark most recently was CNBCâ\x80\x99s Silicon Valley/San Francisco Bureau Chief covering technology & digital media in Northern California.', 'Fran Kaufman, M.D. Dr. Francine Kaufman was named Chief Medical Officer and Vice President of Global Medical, Clinical and Health Affairs in April 2009. In this role, Dr. Kaufman is the key architect of the companyâ\x80\x99s global diabetes strategy, as well as a leading voice for multi-disciplinary medical strategy across Medtronic.', 'Kevin Feige, Marvel Studios president of production and producer on all Marvel Studios films, is responsible for what we now know as the Marvel Cinematic Universe, home to the worldâ\x80\x99s third largest box office success of all-time in The Avengers.']","Andrew McCabe is the Deputy Director of the Federal Bureau of Investigation, a senior United States government position that is second in command to the Director of the Federal Bureau of Investigation.",,1.0,0.7397244425819514,0.0
why is it important to have a good job description for any position,"['Why You Need Job Descriptions. Writing job descriptions is an important step in planning your staffing programs. They form the foundation for many important processes such as job postings, recruitment, selection, setting expectations, compensation, training and performance management.', 'Writing job descriptions on your dairy farm is not difficult, especially if you approach the task in a step-by-step manner. additional labor needs on the dairy farm. Conducting a Job Analysis: Identify the key positions already in existence on your dairy farm.Be sure to include every position in the job analysis process â\x80\x93 including the positions and tasks performed by the owners and managers at your dairy farm. Then for each position, conduct a job analysis.A job analysis is simply the process of breaking down and understanding the various elements of a position.onducting a Job Analysis: Identify the key positions already in existence on your dairy farm. Be sure to include every position in the job analysis process â\x80\x93 including the positions and tasks performed by the owners and managers at your dairy farm. Then for each position, conduct a job analysis.', 'Joe McDermott | Employers. When it come to interviewing people for a job, getting the interview environment is crucial and thereâ\x80\x99s a lot that can be done to achieve the effect you are after.ey to a successfully interviewing people is to make sure you have effective interviewing skills. RecruitSure contains a complete interviewer skills training course with video, audio and animation and teaches you how to conduct the perfect interview without you having to leave the office.', 'This patient care coordinator sample job description can assist in your creating a job application that will attract job candidates who are qualified for the job. Feel free to revise this job description to meet your specific job duties and job requirements.', ""But I guess it's descriptive, on a basic level.). The other way inflated job titles can hurt is that it can backfire on the company who assigns them. As stated on http://hr.blr.com, any mismatch between the job title and job functions invites auditors from the state or federal level into your workplace to investigate.""]","A good job description is important because it forms the foundation for many important processes such as job postings, recruitment, selection, setting expectations, compensation, training, and performance management.",,1.0,0.9355675850298067,0.0
are spasms harmful,"['Report Abuse. 1 Muscle spasms are not dangerous. 2 no, just the nervous system sends a shock wave of energy to a particular part of your body. 3 quick go to a clinic or hospital and get a check up.', 'In some cases eye twitching is more than a temporary nuisance. Some people have spasms that occur frequently throughout the day. Symptoms can recur for days, weeks, or even months. That can cause a lot of emotional distress. It can interfere with quality of life.', 'When your muscles contract, become stiff, or spasm involuntarily, itâ\x80\x99s called spasticity. Spasticity can make it difficult to walk, move, or talk. It can be uncomfortable and painful at times. Spasticity occurs when the nerve impulses that control muscle movement are interrupted or damaged. A variety of conditions can cause this, including:', 'Carpal spasms: The hand spasms may be due to deficiencies in calcium, magnesium, sodium, potassium. Some of these deficiencies can occur with losses from diarrhea, excessive sweating, etc. If symptoms persist, your physician will order the appropriate tests and treatment. ...Read more.', 'There are 35 conditions associated with muscle cramps or spasms (painful) (back), muscle cramps or spasms (painful) (leg), pain or discomfort and sudden numbness or weakness on one side of body.']",I cannot answer from the given context.,,0.0,0.0,0.0
what is the county north randall oh,"['North Randall, Ohio. Homefacts City Report. North Randall is located in Cuyahoga County, OH. The population is 953. There are 1 public schools in North Randall with an average Homefacts rating of C-. The total crime rate for North Randall is moderate, and there are 1 registered sex offenders residing in the city.', 'Welcome to the City of North Royalton! A strong and vibrant community located centrally in the heart of Cuyahoga County.', 'A strong and vibrant community located centrally in the heart of Cuyahoga County. North Royalton is the perfect place to live, work and play. Generations of families, businesses and workers have been proud to call North Royalton home and we think you will too.', ""North Royalton's public library is a branch of the Cuyahoga County Public Library (CCPL), the busiest per-capita system in the country."", ""North Park is a 3,075-acre (12 km 2) county park in Allegheny County, Pennsylvania, United States. It is the largest in the county's 12,000 acre (49 kmÂ²) network of nine distinct parks. Completed in 1931, North Park is sited 15 miles (24 km) northeast of downtown Pittsburgh in Hampton, McCandless, and Pine Townships.""]",Cuyahoga County,,1.0,0.35606527102712765,0.9999999999
who wrote jude the obscure,"[""Preview â\x80\x94 Jude the Obscure by Thomas Hardy. Jude the Obscure. In 1895 Hardy's final novel, the great tale of Jude The Obscure, sent shockwaves of indignation rolling across Victorian England. Hardy had dared to write frankly about sexuality and to indict the institutions of marriage, education, and religion. But he had, in fact, created a deeply moral work."", ""Robinson Crusoe is a novel by Daniel Defoe, first published on 25 April 1719. This first edition credited the work's fictional protagonist Robinson Crusoe as its author, l â\x80¦ eading many readers to believe he was a real person and the book a travelogue of true incidents,3 people found this useful.aniel Defoe wrote Robinson crusoe but it was based on a true story of Alexander Selkirk, who was put ashore of the uninhabited island of Juan Fernandez in 1704."", 'The most successful song with an Irish angle of the decade was published by the New York firm Witmark, copyright 1912; the credits were shared by George Graff Junior and Chauncey Olcott who wrote the words, and Ernest R. Ball, who composed the music.', 'Publication Order of Agatha Raisin Non-Fiction Books. Agatha Raisin is a well known fictional character from the mystery novel series, Agatha Raisin written by the famous author Marion Chesney under the pseudonym M.C. Beaton. The series consists of a total of 25 mystery novels published between the years 1992 and 2014.', ""However, Todd Haynes' Carol is an adaptation of the 1952 novel The Price of Salt which Highsmith wrote under the pseudonym of Claire Morgan to avoid harming her reputation and ruining her career. This was a novel that would've caused widespread controversy for such a high-profile author at this time and it wasn't until 1990 that Highsmith was credited.""]",Thomas Hardy wrote Jude the Obscure.,,1.0,0.9527449772196025,0.0
what is the difference between thrombosis and embolism?,"['(It stays in ...An embolism is the sudden blockage of a blood vessel by an ... So the difference between the two would be a thrombosis is a blood clot which ...A venous thrombus is a blood clot (thrombus) that forms within a vein. Thrombosis is a term for a blood clot occurring inside a blood vessel.', 'But clots in deep veins (deep vein thrombosis) require immediate medical care. These clots are dangerous because they can break loose, travel through the bloodstream to the lungs, and block blood flow in the lungs (pulmonary embolism). Pulmonary embolism is often life-threatening.', '1 A thrombotic stroke occurs when a blood clot (thrombus) forms in one of the arteries that supply blood to your brain. A clot may be caused by fatty deposits (plaque) that build up in arteries and cause reduced blood flow (atherosclerosis) or other artery conditions. Embolic stroke.', 'Blood clotting is a normal response to laceration or damage to the lining of a blood vessel. Once vessel damage has occurred, blood elements called platelets immediately begin to cling to the injured site and release chemicals that attract more platelets. clot that develops and persists in an unbroken blood vessel is called a thrombus. If the thrombus is large enough, it may block circulation to the cells beyond the occlusion and lead to the death of those tissues.', 'HIT predisposes to thrombosis, the abnormal formation of blood clots inside a blood vessel, and when thrombosis is identified the condition is called heparin-induced thrombocytopenia and thrombosis (HITT).']","Thrombosis is a term for a blood clot occurring inside a blood vessel, while an embolism is the sudden blockage of a blood vessel by an embolus, which can be a blood clot that has traveled from another location.",,0.6666666666666666,0.9999999999999996,0.0
sagging meaning,"['Sagging definition, to sink or bend downward by weight or pressure, especially in the middle: The roof sags. See more.', 'what causes sagging eye lids. The most common reason for sagging eyelids is aging. In reality, the eyelids themselves do not actually sag, but rather, there is a decrease in the volume behind the eyelids. Combined with increase loosening of the skin tissues it creates an excess of skin. This excess of skin causes the eyes to look sagging and tired. If enough skin overhangs the eyelids, the vision may even become obstructed. There times that the eyelids are sagging in a young individual due to genetic factors.', ""More than 200,000 eyelid lifts were performed in the U.S. last year. (Media for Medical/UIG/Getty Images). Drooping eyelids may seem like an inevitable effect of getting older, but sagging eyelids not only age a person's face, they can impair peripheral vision too."", '1. verb. 1 If you stoop, you stand or walk with your shoulders bent forwards. 2 Stoop is also a noun. 3 If you stoop, you bend your body forwards and downwards. 4 If you say that a person stoops to doing something, you are criticizing them because they do something wrong or immoral that they would not normally do.', 'Depressions in the surface suggest the presence of massive seafloor features, such as mid-ocean ridges and seamounts that increase gravitational pull. Bulges in the surface are evidence of deep seafloor trenches and fracture zones, which decrease the gravitational pull.']","To sink or bend downward by weight or pressure, especially in the middle.",,1.0,0.8482374158520093,0.0
sales tax meaning,"[""Definition of 'sales tax'. sales tax. The sales tax on things that you buy is the amount of money that you pay to the national government, or, in the United States, to the local or state government. COBUILD Advanced English Dictionary. Copyright Â© HarperCollins Publishers"", 'A sales tax is a tax imposed by state and local governments on transactions that occur within their jurisdictions. The taxing authority determines which transactions are subject to tax and the flat rate at which the tax is calculated.', ""If the listing states that the buyer pays the sales tax, then you will have to pay for it. However in most cases the seller usually pays the sales tax on a house. In today's market anything is possible. In some short sales and foreclosed properties the bank may ask that the buyer payes the sales tax on a house."", 'Example: You live and run your business in Kearney, NE where the sales tax rate is 7%, but you sell to a customer in Norfolk, NE. The sales tax rate in Norfolk, NE is 7.5%, so you would charge your customer that 7.5% rate.', ""DEFINITION of 'Tax Deed'. A legal document that grants ownership of a property to a government body when the property owner does not pay the taxes due on the property. A tax deed gives the government the authority to sell the property to collect the delinquent taxes and transfer the property to the purchaser. Such sales are called tax deed sales and are usually held as auctions where the minimum bid is the amount of back taxes and fees owed.""]","Sales tax is the amount of money that you pay to the national government, or, in the United States, to the local or state government on things that you buy.",,0.6666666666666666,0.9333087146179243,0.0
where on the map is macedonia located number,"['Macedonia is a landlocked country surrounded on the north by Serbia, on the south by Greece, on the west by Albania, and on the east by Bulgaria. The terrain of Macedonia is rather hilly, with deep basins and valleys. Macedonia has three large lakes, Lake Prespa, Lake Doiran, and Lake Ohrid.acedonia is a land-locked nation located in southeastern Europe. The current border runs along mountain chains that separate the republic from Bulgaria, Greece, Albania, and Kosovo and Serbia. Macedonia is slightly larger than the state of Vermont with a total area of 9,781 square miles (25,333 square kilometers).', 'UTC +1. Croatia (Croatian: Hrvatska) is a country situated in Southeast Europe. It is to the east side of the Adriatic Sea, to the east of Italy. It is also bordered by Slovenia to the northwest, Hungary to the north, Bosnia and Herzegovina to the southeast, Serbia in the east, and Montenegro to the south.', 'a republic in SE Europe: includes the historical regions of Dalmatia, Istria, and Slavonia; formerly a part of Yugoslavia. 21,835 sq. mi.', 'There are numerous international airports in the Balkans. The major airports in the region are (by country): 1 Albania: Tirana. 2 Bosnia and Herzegovina: Sarajevo, Banja Luka. 3 Bulgaria: Sofia, Plovdiv, Burgas, Varna. 4 Croatia: Dubrovnik, Zagreb. 5 Kosovo: PriÅ¡tina.', ""Aegean Sea. Positioned between Greece and Turkey, the Aegean Sea, part of the Mediterranean Sea, also includes the Sea of Crete and Thracian Sea. Covering an area of approximately 214,000 sq. km, it's bordered in the northeast by the Dardanellas Strait, and in the south by the Ionian Sea, Mediterranean Sea and the island of Crete. Just off the coastline of northeastern Crete the sea reaches a maximum depth of near 3,294 m (10,000 ft.)""]",I cannot answer from the given context.,,0.0,0.0,0.0
what vitamin is lacking in elderly women,"['Depression in Elderly Women Linked to Vitamin B-12 Deficiency. May 11, 2000 -- Researchers have found a link between depression and deficiencies of vitamin B-12, which is thought to be essential to proper functioning of our brains and nervous systems. In a study of 700 elderly women, those with vitamin B-12 deficiencies were twice as likely as others to be severely depressed. Our most important finding was that vitamin B-12 deficiency and depression are correlated. This is the first proof of this association, says researcher Brenda W.J.H. Penninx, PhD.', 'This is Dr. Ozâ\x80\x99s list of critical vitamins that every woman should be taking. And if you know your ABCâ\x80\x99s, this list should be easy to remember! Helpful Hint: When purchasing your vitamins, check for bottles labeled 100% daily allowance on label.A Multivitamin. Multivitamins fulfill your nutritional needs for the day.o keep your brain, heart and eyes healthy, take Omega 3â\x80\x99s every day. For women, the daily dose of Omega 3s is 1000 mg; for men, the dosage is 600 mg.', ""Vitamin K's Delicate Balancing Act. April 2006. Advances in health, nutrition, and the biology of aging are enabling growing numbers of adults to achieve extended life spans.1 Some of the most surprising research findings of recent years revolve around vitamin K.2,3."", 'Vitamin D is essential for bone health, but it also helps regulate the levels of minerals in your body -- including minerals important for heart function. As a result, vitamin D deficiency can cause changes in mineral levels, which in turn can negatively affect your heart.alcium is a mineral that is essential to bone and heart health. It can be found in foods such as dairy products, fish, spinach, kale and broccoli. Calcium is dependent on vitamin D for absorption, and low vitamin D levels also affect the levels of calcium in your body.', 'The results of this deficiency are catastrophic. Studies have now shown that vitamin D deficiency is associated with increased risk of a long list of diseases that span all systems in the body. In fact, low levels of vitamin D increase the risk of non-Alzheimerâ\x80\x99s dementia almost 20 times!']",Vitamin B-12 is lacking in elderly women.,,0.0,0.9469100027271514,0.9999999999
scar meaning in swahili,"[""I was interested to find out what the Lion King names mean, I did after looking through books and the internet, I also found out some other cool facts. Simba means lion. Nala means gift. Sarabi mean mirage. Kopa (Simab's son in a book series) means heart. Rafiki means friend. Pumbaa means stunned or slow wittied. Shenzi means savage. Banzai means skulk or lurk. Kovu means scar. Zira means hate (Originaly she was going to be called Bianca!) Nuka means stink. Vitani was originally going to be called Shetani which means devil. All other names are real Swahili names. Rafiki's song 'Asante sana, squash banana, we we nuga, mi mi apana' means 'thank you very much, squash banana, your a baboon and i'm not'"", ""Scar is the main antagonist of Disney's 1994 animated feature film, The Lion King. He was the second son of Ahadi and Uruâ\x80\x94who were, at one time, King and Queen of the Pride Landsâ\x80\x94the younger brother of Mufasa and the uncle of Simba. He is a primary member of the Disney Villains franchise."", ""Sarabi, the Queen of these Lands, is Simba's mother, Nala's mother-in-law, of Kopa, Kiara and Kion paternal grandmother and Mufasa's mate. Her name means mirage in Swahili. She was appalled when her brother-in-law Scar, having seized the throne, let the hyenas take over the Pride Lands."", 'Today, the Swahili tribe reside in most of the coastal towns in Kenya and Tanzania, including Mombasa and Malindi, and on the Indian Ocean islands of Lamu, Pemba and Zanzibar.oday, the Swahili tribe reside in most of the coastal towns in Kenya and Tanzania, including Mombasa and Malindi, and on the Indian Ocean islands of Lamu, Pemba and Zanzibar.', 'Atrophic scars can also lead to loss of skin pigmentation. Atrophic scarring is often an unfortunate and permanent complication of severe acne (acne vulgaris). Facial scars are emotionally and psychologically distressing and can result in poor self esteem, depression and anxiety.']",I cannot answer from the given context.,,0.0,0.0,0.0
scriptural definition of idol,"['Idol definition, an image or other material object representing a deity to which religious worship is addressed. See more.', 'Sacred Symbols and Their Meanings. Goddess - A goddess is a female deity. In some cultures goddesses are associated with Earth, motherhood, love, and the household. In other cultures, goddesses also rule over war, death, and destruction as well as healing. The Goddess if symbolic of regenerative, creative and life-giving energies of the universe.', 'Pan (god) In Greek religion and mythology, Pan (/Ë\x88pÃ¦n/; Ancient Greek: Ï\x80Î¬Î½, Pan) is the god of the wild, shepherds and flocks, nature of mountain wilds and rustic music, and companion of the nymphs. He has the hindquarters, legs, and horns of a goat, in the same manner as a faun or satyr.', ""The NAS New Testament Greek Lexicon. 1 an apt and harmonious arrangement or constitution, order, government. ornament, decoration, adornment, i.e. the arrangement of the stars, 'the heavenly hosts', as the ornament of the heavens. 1 Pet. 3:"", ""1. theology, religion, religious studies He entered university to study arts and divinity. 2. godliness, holiness, sanctity, godhead, divine nature, godhood a lasting faith in the divinity of Christ's word. 3. deity, spirit, genius, guardian spirit, daemon, god or goddess The three statues are Roman divinities.""]",An idol is defined as an image or other material object representing a deity to which religious worship is addressed.,,1.0,0.8780415140085566,0.0
who is maryam mirzakhani,"['Maryam Mirzakhani. Maryam Mirzakhani (Persian: Ù Ø±Û\x8cÙ Ù Û\x8cØ±Ø²Ø§Ø®Ø§Ù\x86Û\x8câ\x80\x8eâ\x80\x8e), born on May 3, 1977, is an Iranian-American mathematician and a professor of mathematics at Stanford University. Her research topics include TeichmÃ¼ller theory, hyperbolic geometry, ergodic theory, and symplectic geometry.', 'Phone: (718) 657-8525. DR. Mohammed K Rashid, M.D. is a healthcare provider in Jamaica, NY.The provider is a physician who provides long-term, comprehensive care in the office and the hospital, managing both common and complex illness of adolescents, adults and the elderly.', ""Mumtaz Mahal had a deep and loving marriage with Shah Jahan. Even during her lifetime, poets would extol her beauty, grace, and compassion. She was Shah Jahan's trusted companion, traveling with him all over the Mughal Empire. His trust in her was so great that he even gave her his imperial seal, the Muhr Uzah."", 'Laylah Ali | the artist. Born 1968, Buffalo NY, USA. Lives and works in Cambridge, Massachussetts, . Original artworks, prints, exhibition posters, monographs, books, collectibles. Untitled is part of Laylah Alis Greenheads series, which is populated by her signature androgynous figures. They act like hieroglyphs, telling stories with maximum impact and minimal details... Laylah Ali was born in Buffalo, New York in 1968, and lives and works in Williamstown, Massachusetts... In my new drawings, I aim to fuse recognisable types with question marks, fuse known narratives with things that are not as easily articulated. The inbuilt narratives within what is recognisable give the viewer a place to start.', ""Updated Nov. 15, 2008 11:59 p.m. M&Uuml;NSTER, Germany -- Muhammad Sven Kalisch, a Muslim convert and Germany's first professor of Islamic theology, fasts during the Muslim holy month, doesn't like to shake hands with Muslim women and has spent years studying Islamic scripture. Islam, he says, guides his life.""]","Maryam Mirzakhani is an Iranian-American mathematician and a professor of mathematics at Stanford University. Her research topics include Teichmüller theory, hyperbolic geometry, ergodic theory, and symplectic geometry. She was born on May 3, 1977.",,1.0,0.7875982256552149,0.0
blisovi dangerous side effects,"['Blisovi Fe 1.5/30 (28) oral Side Effects Nausea, vomiting, headache, bloating, breast tenderness, swelling of the ankles/feet (fluid retention), or weight change may occur. Vaginal bleeding between periods (spotting) or missed/irregular periods may occur, especially during the first few months of use.', 'Seek medical attention right away if any of these SEVERE side effects occur: Severe allergic reactions (rash; hives; difficulty breathing; tightness in the chest; swelling of the mouth, face, lips, or tongue); blistering; blue-black darkening of the skin; excessive redness, stinging, or irritation.', 'Common valacyclovir side effects may include: 1 nausea, stomach pain; 2 headache; 3 rash; or. 4 tired feeling.', ""Tell your doctor right away if you have any serious side effects, including: unusual bruising/bleeding, signs of kidney problems (such as change in the amount of urine), signs of liver problems (such as nausea/vomiting that doesn't stop, loss of appetite, stomach/abdominal pain, yellowing eyes/skin, dark urine)."", 'As the virus progresses and it begins to attack other areas of the body, symptoms can include: 1 Seizures. 2 Paralysis. 3 Odd behavior. 4 Aggressiveness. 5 Tics or tremors. 6 Retinal discoloration. 7 Hardening of the pads of the feet.']","Seek medical attention right away if any of these SEVERE side effects occur: Severe allergic reactions (rash; hives; difficulty breathing; tightness in the chest; swelling of the mouth, face, lips, or tongue); blistering; blue-black darkening of the skin; excessive redness, stinging, or irritation.",,1.0,0.4940513310498309,0.99999999995
what month is the balloon festival in new mexico,"[""Hot Air Balloon Rides in Albuquerque during the Largest Balloon Festival in the World. We offer hot air balloon flights during the time of the big Balloon Festival in Albuquerque (October 5th - 17th, 2017). As with all hot air balloon companies in Albuquerque other than the Festival's contracted balloon ride concessionaire, we are not participants in the event."", ""The New Mexico skies are painted as hundreds of balloons lift off from Albuquerque's Balloon Fiesta Park. Nothing rivals the power of Mass Ascension on crisp early mornings as these graceful giants leave the ground to take their place in the cerulean desert sky."", 'Six Flags Fiesta Texas created an event. October 5 at 2:32pm Â·. 10.', 'October 8, 2015 â\x80¢ 16 Comments. Ballon Fiesta Visitors Guide to Albuquerque Strip Clubs. If you are visiting Albuquerque for the Balloon Fiesta you can have fun in several strip clubs. While Albuquerque is not a destination strip club city, I think the clubs are above average for the US and well worth visiting.', ""While other parts of Texas have Fire Ant, Chigger and Mosquito Festivals, Luckenbach celebrates Spring's arrival each year by holding a contest to see who witnesses the arrival of the first Mud Dauber Wasp. The choice of this non-aggressive and home-oriented insect reflects Luckenbach's philosophy.""]",The balloon festival in New Mexico is in October.,,1.0,0.913985297111562,0.0
> what is powershell,"['Ksh, Perl, C#, CL, DCL, SQL, Tcl, Tk, Chef, Puppet. PowerShell (including Windows PowerShell and PowerShell Core) is a task automation and configuration management framework from Microsoft, consisting of a command-line shell and associated scripting language built on the .NET Framework and .NET Core.', 'Microsoft Windows PowerShell 4.0. Microsoft Windows PowerShell 4.0 is the version of the PowerShell scripting language found in Windows Server 2012 R2. Microsoft Windows PowerShell Direct. Microsoft Windows PowerShell Direct is a feature of Windows Server 2016 and Windows 10 that allows a user to manage a VM without ... Remoting (PowerShell Remoting)', 'Rambling. When I first started using PowerShell, I preferred sending data to Excel, where I could comfortably filter, sort, and work with data. One of my first functions was a modification of Export-XLSX found on the Internet.That same code sits in a few places in production today; looking at old code is scary.hen I first started using PowerShell, I preferred sending data to Excel, where I could comfortably filter, sort, and work with data. One of my first functions was a modification of Export-XLSX found on the Internet.', 'PowerShell ISE - Computer Definition. ( 1 PowerShell Integrated Scripting Environment) The Windows integrated development environment (IDE) for executing PowerShell commands and creating PowerShell applications. See PowerShell.', 'In an effort to get a list of all domain administrator accounts i did some digging into the Active Directory PowerShell module and found some very interesting applications. For instance the following rule returns all members of the Domain Admins AD group. $alldomainadmins = Get-ADGroupMember-Identity Domain Admins.']","PowerShell is a task automation and configuration management framework from Microsoft, consisting of a command-line shell and associated scripting language built on the .NET Framework and .NET Core.",,1.0,0.9799993710738774,0.9999999999
what states are reciprocal with massachusetts,"['The following group of eleven states offers complete reciprocity with Massachusetts: CT, RI, WV, NE, IA, TN, MI, CO, GA, PA, and NM. In addition, there are four states with specific conditions for real estate license reciprocity: OK, NY, NH and ME.', 'These states include: Alabama, Arizona, Arkansas, Kansas, Florida, Georgia, Idaho, Indiana, Iowa, Louisiana, Michigan, Mississippi, Nebraska, Nevada, North Carolina, North Dakota, Oklahoma, South Carolina, South Dakota, Tennessee, Texas, Utah, Virginia, Wisconsin, and Wyoming.', 'Alabama | Alaska | Arizona | Arkansas | California | Colorado | Connecticut | Delaware | District of Columbia | Florida | Georgia | Idaho | Illinois | Indiana | Iowa | Kansas | Kentucky | Louisiana | Maine | Maryland | Massachusetts | Michigan | Minnesota | Mississippi | Missouri | Montana | Nebraska | Nevada | New Hampshire | New Jersey | New ...', 'Alabama . Alabama ; Alaska ; Arizona ; Arkansas ; California ; Colorado ; Connecticut', 'The following states currently regulate the offer and sale of franchises: California, Hawaii, Illinois, Indiana, Maryland, Michigan, Minnesota, New York, North Dakota, Rhode Island, South Dakota, Virginia, Washington and Wisconsin.']","The states that offer complete reciprocity with Massachusetts are CT, RI, WV, NE, IA, TN, MI, CO, GA, PA, and NM.",,1.0,0.7995270711599319,0.9999999999
what is the real color of saturn,"['Saturn is described as having a yellowish-brown color. This is due to the presence of trace amounts of ammonia, hydrocarbons, water vapor and phosphine in its atmosphere.', 'Saturn in a medium telecope (180x power) [2]. Saturn in a large, quality telescope (360x power) [3]. This is how the planets look during moderate seeing. An experienced observer with a quality, properly collimated and cooled optics might be able to use higher powers and resolve more surface details.', 'Saturn revolves or orbits around the sun once every 29.4 Earth years, or once every 10,755.7 Earth days, which is roughly 10755 days, 3 hours and 15 minutes. Saturn travels atâ\x80¦ an average speed of 21,637 miles per hour or 34,821 kilometers per hour in its orbit around the sun.', ""Offering some perspective of The Size of Stuff is John Brady over at Astronomy Central who produced the image below showing what Earth would look like if it had Saturn's rings: John Brady on Astronomy Central Saturn's rings, although enormous, are too faint to see from Earth with the naked eye."", ""Saturn's rings require at least a 15-mm-diameter telescope to resolve and thus were not known to exist until Galileo first saw them in 1610. He thought of them as two moons on Saturn's sides. It was not until Christiaan Huygens used greater telescopic magnification that this notion was refuted.""]",Saturn is described as having a yellowish-brown color.,,1.0,0.8909460392288037,0.0
how to change ip address on netgear router,"['To change the WAN IP (external IP) address of the router, you have 2 options : - Go into the parent router (for exemple : the box) to set a static IP address for your router. So your router will always receive the same IP address. - Go into the Netgear router to set the IP address to use. The possibility that we will use.', 'Re: How To Change IP Address. If you are with a cable ISP then in the router Basic Settings page you should have a set of options relating to the MAC address. If you change from the â\x80\x98Defaultâ\x80\x99 to â\x80\x98Use Computer MACâ\x80\x99 then a new MAC address will be seen by the modem.', ""Finding the IP address for your Router. Your router IP is determined by the brand of router you use. For example Linksys routers use 192.168.1.1, while D-Link routers usually use 192.168.0.1.The documentation that comes with your router will provide your router IP address, however if you can't find your manual you can find the IP address using ipconfig.Type cmd in the search or run box from your Windows Start Menu.or example Linksys routers use 192.168.1.1, while D-Link routers usually use 192.168.0.1. The documentation that comes with your router will provide your router IP address, however if you can't find your manual you can find the IP address using ipconfig. Type cmd in the search or run box from your Windows Start Menu."", 'Alllll NETGEAR tech support number (18442349752) NETGEAR router number 1-844-234-9752 Netgear router help desk number Big netgear tech support phone number =1-844-234-9752= NETGEAR Router customer service number NETGEAR router support number', ""It is IMPOSSIBLE to change your IP address yourself. You can mask it using a proxy, but you don't want to use one. You can ask your ISP to provide you a new one, but any IP address it provides to you will be geolocated in Ireland. You will have to pay the higher price, or take a trip to the UK and purchase it there.""]","To change the IP address on a Netgear router, you can go into the Netgear router settings to set the IP address you want to use.",,1.0,0.9871920023466899,0.0
cooperative building definition,"['Rating Newest Oldest. Best Answer: A co-op apartment or a housing cooperative is a unit in generally a large building that is leased exclusively to the person who purchases it. Buying a co-op apartment is different than buying a house.', 'Cooperative education (or co-operative education) is a structured method of combining classroom-based education with practical work experience. A cooperative education experience, commonly known as a co-op, provides academic credit for structured job experience. Cooperative education is taking on new importance in helping young people to make the school-to-work transition, service learning, and experiential learning initiatives.', 'The CooperationWorks! Cooperative Business Development Training Program is a rigorous course for participants to develop the skills to start a new cooperative and assist groups to start new cooperative enterprises. The curriculum includes:', ""What's so great about co-ops? - The advantages of housing cooperative ownership include shared property taxes and stable neighbors. Find more about the advantages of co-op ownership."", 'Share this Article. Real-estate lawyers in New York tread carefully when a client asks about buying in a land-leased/ground-leased building, where the cooperative (and in rare instances, the condominium) owns the building, but not the land on which it sits. Instead, the co-op typically has a long-term lease on the propertyâ\x80\x94very long term, as in up to 99 years.']",I cannot answer from the given context.,,0.0,0.0,0.0
department of labor sedentary definition,"['Exertional levels as outlined in the Standards of U.S. Department of Labor as defined in the Dictionary of. Occupational Titles (DOT) â\x80¢ SEDENTARY: work involves exerting up to 10 pounds of force occasionally or a. negligible amount of force frequently to lift, carry, push, pull, or otherwise move. objects, including the human body.', 'Qualified individual with a disability. A term of art used as follows by the Americans with Disabilities Act: Definition: [A]n individual who, with or without reasonable accommodation, can perform the essential functions of the employment position that such individual holds or desires. 42 U.S.C. Â§ 12111(8).', 'Meaning body of laborers considered as a class (usually contrasted to capitalists) is from 1839. Sense of physical exertions of childbirth is 1590s, earlier labour of birthe (early 15c.), a sense also found in Old French, and cf. French en travail in (childbirth) suffering (see travail).', 'The distinction between leisure and unavoidable activities is not a rigidly defined one, e.g. people sometimes do work-oriented tasks for pleasure as well as for long-term utility.', 'Specifically, drivers of property-carrying commercial motor vehicles may accumulate the equivalent of 10 consecutive hours off duty by taking two periods of rest, provided that: 1 One of the periods is at least 8 consecutive hours in a sleeper berth;']","Sedentary work involves exerting up to 10 pounds of force occasionally or a negligible amount of force frequently to lift, carry, push, pull, or otherwise move objects, including the human body.",,1.0,0.5687742134396719,0.0
difference between mozzarella and cheddar,"['The Difference Between Mozzarella and Cheddar Cheese. Mozzarella and Cheddar are the two types of cheeses which shows prominent differences among them when it comes to its method of preparation and their nutrient content. Mozzarella is said to be originated from Italy, where theCheddar cheeseis known to have originated from a small village known as cheddar in Somerset situated in England.', 'Even though mozzarella is white in color, many a time it does change its color to yellow as well. This is probably because of the animalâ\x80\x99s diet that shows the effect. Whereas, cheddar is white and slightly yellow in color. At the same time, mozzarella is not very hard in texture, whereas, cheddarâ\x80\x99s texture is very hard. Whereas, the texture of mozzarella is semi-soft. In the preparation of both the types of cheese, milk is used. Milk being the common component, yet different types of milk is used. Cheddar is made up of cowâ\x80\x99s milk and mozzarella is made up of buffaloâ\x80\x99s milk. This is the most essential and prominent difference among these two cheese. Mozzarella has a longer shelf life; it can be preserved and stored in the refrigerator for the span of a month or so.', ""lillie One gallon of milk will yield about 1 pound of cheese. ($2.39 for the milk, so 1 pound of fresh mozzarella was less than $2.50). Homemade Mozzarella Cheese is one of the easiest cheeses to make, it only takes 30 minutes and the taste can't be beat! be neat to try this."", 'The best known processed cheese in the United States is marketed as American cheese by Kraft Foods, Borden, and other companies. It is orange, yellow, or off-white; and mild, with a medium consistency, and melts easily. It is typically made from a blend of cheeses, most often Colby and Cheddar. Another type of processed cheese created in the United States is Provel pasteurized processed pizza cheese, which uses Cheddar, Swiss, and provolone cheeses as flavorants.', ""First, it is one of the four cheeses to supposedly have been created in the United States. It is said to be a descendent of the semi-soft Italian cheese that fed Caesar's armies.. A booklet from the Kraft Food Co. dated 1954 calls Monterey jack cheese a mild buffet and sandwich cheese made something like cheddar..""]","Mozzarella and Cheddar differ in several ways, including their origin, color, texture, and the type of milk used. Mozzarella originated from Italy, while Cheddar comes from a village in Somerset, England. Mozzarella is typically white but can sometimes appear yellow due to the animal's diet, whereas Cheddar is usually white and slightly yellow. In terms of texture, mozzarella is semi-soft, while Cheddar is very hard. Additionally, mozzarella is made from buffalo's milk, while Cheddar is made from cow's milk. Mozzarella also has a longer shelf life, lasting about a month when stored in the refrigerator.",,1.0,0.9538024658356629,0.0
calories in a flour wrap,"['Calories in Wraps. The favorite choice for the term Wraps is 1 7-8 Flour Tortilla which has about 140 calories. Calorie and nutritional information for a variety of types and serving sizes of Wraps is shown below. Popular Types of Wraps.', 'Calories In turkey lunch meat wrap Calories: 335, Fat: 20g, Carbs: 9g, Protein: 32g, Fiber: 1g. Calories In Turkey Lunch meat wrap Calories: 151, Fat: 0g, Carbs: 2g, Protein: 0g, Fiber: 1g. Calories Burned For Sky Diving. Calories Burned For Sledding.', ""There are 280 calories in 1 wrap of Dunkin' Donuts Turkey Sausage Wake-Up Wrap. You'd need to walk 73 minutes to burn 280 calories. Visit CalorieKing to see calorie count and nutrient data for all portion sizes."", ""1 Calories In Quaker Instant Cream of Wheat made with Unsweetned Vanilla Almond Milk and Fresh Blueberry's. 2 167 calories, 2g fat, 31g carbs, 4g protein, 4g fiber."", 'There are 110 calories in a 53 pretzels serving of Rold Gold Pretzel Sticks. Get full nutrition facts for other Rold Gold products and all your other favorite brands. Register | Sign In']",The favorite choice for the term Wraps is 1 7-8 Flour Tortilla which has about 140 calories.,,1.0,0.3878428022215916,0.0
how big are hedgehog litters,"['Most baby hedgehogs are born in June and July, with an average litter size of four or five young, of which two or three are usually weaned successfully. The mother is liable to desert or even eat the young if she is disturbed. Young hedgehogs will leave the nest when they are around three to four weeks old to go on foraging trips with their mother. After around ten days of foraging with their mother the young will wander off on their own.', 'The average hedgehog has about 5,000 to 6,500 quills that are strong on the outer surface but filled with air pockets on the inside. When the creature is rolled into a ball, the quills on the back protect the tucked head, feet, and belly, which are not quilled.edgehogs have a relatively long lifespan for their size. Larger species of hedgehogs live 4â\x80\x937 years in the wild (some have been recorded up to 16 years), and smaller species live 2â\x80\x934 years (4â\x80\x937 in captivity), compared to a mouse at 2 years and a large rat at 3â\x80\x935 years.', 'Housing Hedgehogs. Hedgehogs need a safe and secure home that they can not climb out of or squeeze through the bars. The home should provide adequate ventilation/circulation, but not be drafty.And it should be large enough to provide needed exercise.A minimum of 16â\x80\x9d x 24â\x80\x9d is recommended.lso make sure that they can not climb on any other cage accessories such as the hiding place or an exercise wheel if it were to get jammed or tipped over, thus, enabling the hedgehog to climb out. Aquariums: Many people prefer aquariums because of the nice look and ease of viewing their pet.', ""The average litter size is two to three kittens, and they are born after a gestation period of 50 to 60 days. The bobcat kitten's fur is spotted when they are born and as they get older the spots fade into light black streaks. The kittens eyes do not open until about nine days old. The young are weaned in about two months."", 'Standard Dachshund: Sizes average height 8-9 inches and weight over 11 lbs. (usually 16-32 lbs.).Miniature Dachshund: Sizes average height 5-6 inches and weight under 11 lbs. Standards: Fine, slightly arched muzzle.tandard Dachshund: Sizes average height 8-9 inches and weight over 11 lbs. (usually 16-32 lbs.).']","The average litter size of hedgehogs is four or five young, with two or three usually weaned successfully.",,1.0,0.8545100045029604,0.0
strategery definition,"[""A creative strategist is somebody with answers. Na, not answers you might expect. Answers, though, that are I wouldn't say they're correct, because that's a little presumptuous."", 'Strategy-Definition and Features. The word strategy is derived from the Greek word strat gos; stratus (meaning army) and ago (meaning leading/moving). Strategy is an action that managers take to attain one or more of the organizations goals. Strategy can also be defined as A general direction set for the company and its various components to achieve a desired state in the future. Strategy results from the detailed strategic planning process. A strategy is all about integrating organizational activities and utilizing and allocating the scarce resources within the organizational environment so as to meet the present objectives.', 'Strategy is an action that managers take to attain one or more of the organizationâ\x80\x99s goals. Strategy can also be defined as â\x80\x9cA general direction set for the company and its various components to achieve a desired state in the future. Strategy results from the detailed strategic planning processâ\x80\x9d.', ""stooge. A stooge is a person who will try and take every dollar you have, and then save those dollars for any cause that doesnt involve giving it to friends, or family. These stooges are often in 'stooge denial'. You can spot a stooge, at events where free food is served."", 'The above graphic is something that I recently created, borrowing heavily from the good work of Peter Plastrik and Madeleine Taylor, to help convey what is meant by engaging in â\x80\x9cnetwork strategy.â\x80\x9d One of the challenges weâ\x80\x99ve encountered in working with different networks is helping people to understand the difference between strategy development and ...']",I cannot answer from the given context.,,0.0,0.0,0.0
hopalong cassidy's horse's name,"[""Hopalong Cassidy's horse was named Topper. The horse was discovered on a ranch in 1937 and named Topper by the wife of the actor who played Hopalong Cassidy on film and television. The horse was named after the Topper book series by Thorne Smith. Continue Reading."", 'Cassidy is a given name derived from an Irish surname and ultimately from the Gaelic given name Caiside, meaning clever or curly-haired..The name Caiside comes from the Gaelic word element cas, according to Behindthename.com. Cassidy was the 244th most popular name for girls born in the United States in 2009.he name Caiside comes from the Gaelic word element cas, according to Behindthename.com. Cassidy was the 244th most popular name for girls born in the United States in 2009.', '1 John Horse (ca. 1812â\x80\x931882) - African-American military adviser to the chief Osceola and a leader of Black Seminole units fighting against United States (US) troops during the Seminole Wars in Florida. 2 He was a Seminole slave of Spanish, Seminole, and African American descent.', ""Making the world better, one answer at a time. The name of The Phantoms horse is 'Hero' and his dog is called 'Devil'.aking the world better, one answer at a time. The name of The Phantoms horse is 'Hero' and his dog is called 'Devil'."", ""FULL SYNOPSIS. George Washington McLintock (John Wayne) has a saddlebag full of trouble. The owner of the largest ranch in the territory, which also includes a mine and a lumber mill that he built up himself, should be a happy, fulfilled man, but he isn't.""]",Topper,,1.0,0.08799056753607222,0.0
