user_input,retrieved_contexts,response,reference,ragas_faithfulness,ragas_answer_relevancy,ragas_context_relevancy
botulinum definition,"['medical Definition of botulinum toxin : a very powerful neurotoxin that causes botulism and is produced by the botulinum bacterium (Clostridium botulinum); also: botulinum toxin type a Note: Botulinum toxin acts primarily on the parasympathetic nervous system.', 'Botulism is a rare but deadly form of food poisoning caused by Clostridium botulinum, which is found almost everywhere, including in soil and water. Low acid foods, such as meat, fish, poultry, or vegetables, that are improperly canned or improperly preserved may be breeding grounds for this bacteria.otulism is a rare but deadly form of food poisoning caused by Clostridium botulinum, which is found almost everywhere, including in soil and water. Low acid foods, such as meat, fish, poultry, or vegetables, that are improperly canned or improperly preserved may be breeding grounds for this bacteria.', 'Cosmetic Uses of Botox. Doctors have been using Botox for years to successfully treat wrinkles and facial creases. Botox is a brand name of a toxin produced by the bacterium Clostridium botulinum. There are also other brand names, such as Dysport and Xeomin.', 'There are five main kinds of botulism: 1 Foodborne botulism can happen by eating foods that have been contaminated with botulinum toxin. 2 Wound botulism can happen if the spores of the bacteria get into a wound and make a toxin. 3 Infant botulism can happen if the spores of the bacteria get into an infantâ\x80\x99s intestines.', 'Although the bacterial spores that cause infant botulism are known to occasionally be present in honey, even if a mother was to eat botulism spores in honey, the spores are far too large to pass through her body and into breast milk. Also, botulinum toxin does not pass into breast milk.']",Botulinum toxin is defined as a very powerful neurotoxin that causes botulism and is produced by the botulinum bacterium (Clostridium botulinum); it acts primarily on the parasympathetic nervous system.,,1.0,0.6895200203525457,0.0
central city definition,"['Definition of central city. : a city that constitutes the densely populated center of a metropolitan area.', 'Central Jersey. Central Jersey is the central region of the U.S. state of New Jersey. The designation of central New Jersey with a distinct toponym is a colloquial one rather than an administrative one, with no official definition and even a contentious taxonomic existence.', 'Centralia, Illinois. Centralia is a city in Clinton, Jefferson, Marion, and Washington counties in the U.S. state of Illinois. The population was 13,032 as of the 2010 census, down from 14,136 in 2000. The current mayor is Tom Ashby.', 'The definition of centrally is near the center, or equal distance from various points. An example of centrally used as an adverb is in the phrase centrally located, which means near the center. noun', 'Central Region. Set in the heart of the state, Albuquerque is New Mexicoâ\x80\x99s biggest city, and gateway to this striking region along the RÃ\xado Grande. Here youâ\x80\x99ll find abundant Native culture, a lively entertainment scene, filmmaking hotspots, dining, shopping, and the worldâ\x80\x99s largest balloon fiesta. Featured Video NM True TV: Central NM.']",A central city is a city that constitutes the densely populated center of a metropolitan area.,,1.0,0.9110079422043438,0.0
hotels in thornton co,"['Econo Lodge Thornton -Denver North, a Thornton hotel near Downtown Denver. 1 For everything you need while on the road, book with our Econo LodgeÂ® Thornton-Denver North hotel in Thornton, CO near Downtown Denver to explore Colorado with ease. Visit these popular attractions near this pet-friendly discount hotel in Thornton during your stay in Colorado: Denver Botanic Gardens.', 'Thornton Hotels. Candlewood Suites Denver North - Thornton. Welcome to the Candlewood Suites Thornton serving Northglenn, Westminster, Brighton, Commerce City, Broomfield, and Thornton. We are minutes from downtown Denver, many RTD stations, Water World, downtown Louisville, and the Broomfield event center.', ""4. Hampton Inn Denver-North/Thornton. From Business: Property Location With a stay at Hampton Inn Denver Thornton in Thornton, you'll be close to Boondocks Food and Fun and Thorncreek Golf Course. This hotel is withâ\x80¦. Add to mybookRemove from mybook."", 'Popular hotels in Yorkshire Dales. 1 The Devonshire Fell Hotel 4 stars. 2 The Devonshire Arms Hotel & Spa 4 stars. 3 Beck Hall Exceptional 9. 4 5. Red Lion Hotel 2 stars. The Kings Head Hotel 3 1 stars. Falcon Manor Hotel 2 stars. The Lister Arms - a Thwaites Inn of Character 4 1 stars. The Coniston Hotel & Spa - Skipton 4 stars.', ""Hotels within 1 mile of Jennette's Pier. 1 Surf Side Hotel 2.5 stars Excellent 4.5 / 5( 142 genuine reviews ) Hotels.comÂ® RewardsFor every 10 nights, get 1 free! 70 people looked at this hotel in the last hour.""]","The context mentions the following hotels in Thornton, CO: Econo Lodge Thornton - Denver North, Candlewood Suites Denver North - Thornton, and Hampton Inn Denver-North/Thornton.",,1.0,0.8911411947017431,0.0
how bicycle tire tubes are sized,"['29er (bicycle) a mountain bike with wheels that are approximately 29 inches in diameter, including a 2-inch-wide tire, and are based on ISO 622 mm (aka 700C) rims. 3:1 rule. a UCI rule stating the length and the width of the bicycle tubes cannot exceed the ratio of 3:1.', 'The numbers on the sidewall of you tyre are the best place to look for your tyre and tube size information. Most tyres will show both an ETRTO size and a Metric or Imperial size. See below images for examples of two of the most common tyre sizes. Mountain Bike 54-559 ETRTO or 26 x 2.1. Road Bike 23-622 ETRTO or 700 x 23c.', 'Inspect the sidewall of the bicycle tire that needs a new tube. The sidewall is the area of the tire next to the rim on either side that does not touch the ground when the bike is in motion. The tire size will be printed there in raised numbers along with the recommended tire pressure and possibly other information.', '29 inch mountain bike wheels actually use the same diameter rims as 700c, but the reason why they are 29 inch is because of the larger size of the tire itself. The old fashioned inches method of measuring tires is very confusing, there are at least 5 different 26 inch rims, all with different rim diameters.', ""Inflate the tire using an air compressor or CO2 canister. While you can't keep an air compressor with you on your next ride, you can store a small CO2 canister in your tool kit. Do not attempt to inflate the tire using a standard hand pump. Mounting and inflating tubeless bicycle tires requires a rapid burst of air pressure.""]","Bicycle tire tubes are sized based on the numbers printed on the sidewall of the tire, which indicate the tire and tube size information. Most tires will show both an ETRTO size and a Metric or Imperial size.",,1.0,0.9777605058672326,0.49999999995
"synonyms for the word, decline","['decline | definition: grow worse | synonyms: retrogress, slip, tumble, deprive, fall away, drop away, degenerate, fail, suffer, come down, sicken, worsen, deteriorate, lose, impoverish, inflame, turn down, drop off, drop, turn, retrograde, regress, devolve, change state| antonyms: better, enrich, recuperate, progress, advisable', ""These words are all synonyms for the word 'bad'. They have a similar definition, which is an event or experience that is not good or wrong. All these words are also antonyms for the word 'good,' in that each shows the opposite meaning of something that is good. Finally, just like the synonyms for 'good,' these words can show different variations."", 'List of Synonyms. 1 Action Come â\x80\x94 advance, approach, arrive, near, reach. 2 Antonyms Begin â\x80\x94 start, open, launch, initiate, commence, inaugurate, originate. 3 Descriptive Describe â\x80\x94 portray, characterize, picture, narrate, relate, recount, represent, report, record. 4 Feelings Anger â\x80\x94 enrage, infuriate, arouse, nettle, exasperate, inflame, madden.', 'Synonyms: endure, bear1, stand, abide, suffer, tolerate. These verbs mean to put up with something, especially something difficult, annoying, or painful. Endure stresses forbearance in the face of ongoing difficulties: Human life is everywhere a state in which much is to be endured and little to be enjoyed (Samuel Johnson).', 'The thesaurus of synonyms and related words is fully integrated into the dictionary. Click on the thesaurus category heading under the button in an entry to see the synonyms and related words for that meaning. more. preposition strong /pÉ\x9cË\x90(r)/ weak /pÉ\x99(r)/. Contribute to our Open Dictionary.']","retrogress, slip, tumble, deprive, fall away, drop away, degenerate, fail, suffer, come down, sicken, worsen, deteriorate, lose, impoverish, inflame, turn down, drop off, drop, turn, retrograde, regress, devolve, change state",,1.0,0.9678318937954188,0.9999999999
causes for uti in women,"[""The National Women's Health Information Center lists these common causes of urinary tract infections in women: 1 Wiping from back to front after a bowel movement. 2 Having sex. 3 Holding urine for too long. Being 1 diabetic. Having a kidney stone or other factor that makes it difficult to urinate. Producing less estrogen, such as after menopause."", ""Symptoms may include itching, burning, and painful urination. The National Women's Health Information Center lists these common causes of urinary tract infections in women: 1 Wiping from back to front after a bowel movement. 2 Having sex. Holding urine for too long."", 'UTIs may also be asymptomatic (without symptoms), found on urine analysis and culture. Recurrent UTIs may be related to a variety of sources including kidney stones, fecal incontinence, urinary incontinence, urinary retention, cystocele, rectocele, enterocele or uterine prolapse. In some women, UTIs may occur after intercourse. A prolapse may cause incomplete bladder emptying allowing for stagnation of urine and bacterial growth.', 'When bacteria enter into the urinary tract, this can result in an infection. Escherichia coli (E. coli) is the bacteria that causes the vast majority of UTIs. However, other bacterial pathogens can also cause UTIs. A urine culture can help isolate the bacteria responsible for a particular UTI.', ""Each year, about 8.1 million people see a doctor about a urinary tract infection. Women tend to be more prone to UTIs than men, for two reasons: their urethra is shorter, allowing easier access for bacteria to get into the bladder, and ; a woman's urethral opening is close to the anus and vagina which are sources of bacteria.""]","The common causes of urinary tract infections (UTIs) in women include: 1) Wiping from back to front after a bowel movement, 2) Having sex, 3) Holding urine for too long, 4) Being diabetic, 5) Having a kidney stone or other factors that make it difficult to urinate, and 6) Producing less estrogen, such as after menopause.",,1.0,0.8449933038857268,0.0
how long does respite last,"[""At assisted living communities, temporary care respite stays are usually less than one month long, and can cost between $75 to $200 per day, according to 2012 Genworth.com data. It's important to keep in mind that the cost of respite care varies with the type of agency and services the person needs."", ""Managing your life. One important function of respite care is that it allows you to take a break from being a caregiver so that you can manage the other important responsibilities in your life. The Alzheimer's Association said that people often use respite care to give them time to run errands during the week."", 'Duration of a Miscarriage. How long does a miscarriage last? Miscarriages can last from one day to about 3 weeks in duration. It depends on various factors like the time required by the body to completely eliminate the fetal tissues etc. For some women the bleeding and cramping stops in a week, however, some can experience it for over 3 weeks.', 'How long a rash lasts depends on its cause. However, most rashes usually disappear within a few days. For example, the rash of a roseola viral infection usually lasts 1 to 2 days, whereas the rash of measles disappears within 6 to 7 days. Rashes caused by an antibiotic allergy may last 3 to 14 days, whereas diaper rash almost always clears up within 1 week (if diapers are changed frequently). Rashes resulting from lupus or dermatomyositis may last for an extended period of time.', 'Long term inpatient treatment translates to anywhere from 60 to 90 days or longer. The average length of a stay in an inpatient treatment center is about 28 days. This is about the time it takes to break a habit, receive the appropriate therapy and return to a productive life.']",Respite stays are usually less than one month long.,,1.0,0.9148869612469738,0.0
task definition,"['Definition of task: The smallest identifiable and essential piece of a job that serves as a unit of work, and as a means of differentiating between the various components of a project. Dictionary Term of Day Articles Subjects Sign Up', 'If you have innovative software what you must have is this: a task that needs completing and the mechanism to accomplish that task. The task might take a very long time, perhaps forever, without automation. Through the use of tools, conditions and processes (i.e., the mechanisms) you accomplish the task.', 'The definition of sisyphean is a task that is endless and cannot ever be completed. An example of a Sisyphean task is a task that will never be done no matter how long you work at it. Sisyphean', 'Fulfill your obligations. Doing your duty means more than carrying out your assigned tasks. Duty means being able to accomplish tasks as part of a team. The work of the U.S. Army is a complex combination of missions, tasks and responsibilities â\x80\x94 all in constant motion.', 'Terry Ellis, PT, PhD, NCS; Laura Savella sPT; & the PD Edge Task Force of the Neurology Section of the APTA. The Continuous Scale-Physical Functional Performance assesses a personâ\x80\x99s ability to perform a variety of functional activities by having them actually perform, and not simulate, those activities. Sixteen tasks are performed sequentially, progressing from easy to more difficult.']","The smallest identifiable and essential piece of a job that serves as a unit of work, and as a means of differentiating between the various components of a project.",,1.0,0.341334267786128,0.9999999999
technology working group definition,"['Biofloc Working Group. Biofloc technology (BFT) is gaining popularity as an aquaculture strategy. The technology is applied to a variety of system types and is currently most commonly used for the culture of shrimp and tilapia, although other taxa such as catfish are being explored.', ""Looking for the definition of DWG? Find out what is the full meaning of DWG on Abbreviations.com! 'Device Working Group' is one option -- get in to view more @ The Web's largest and most authoritative acronyms and abbreviations resource."", 'Technology can be most broadly defined as the entities, both material and immaterial, created by the application of mental and physical effort in order to achieve some value. In this usage, technology refers to tools and machines that may be used to solve real-world problems.', 'Research and development (R&D or R+D), also known in Europe as research and technical (or technological) development (RTD), is a general term for activities in connection with corporate or governmental innovation.', 'DVI redirects here. For other uses, see DVI (disambiguation). Digital Visual Interface (DVI) is a video display interface developed by the Digital Display Working Group (DDWG). The digital interface is used to connect a video source, such as a video display controller, to a display device, such as a computer monitor.']",I cannot answer from the given context.,,0.0,0.0,0.0
temperature in clearwater florida per month,"[""Clearwater enjoys moderately hot temperatures in summer with highs in the 80s or 90s Fahrenheit. The 90-degree weather can show up anytime from May to October. But it normally doesn't get any hotter than 100 Â°F (38 Â°C) at this vacation destination. Days per month in Clearwater of at least 70, 80 or 90 Â°F."", 'Clearwater Beach: Annual Weather Averages. January is the hottest month in Clearwater Beach with an average temperature of 59 Â°F (15 Â°C) and the coldest is January at 59 Â°F (15 Â°C). Average Temperature: Clearwater Beach Loading weather data.', ""Clearwater Beach, Florida. Â© Visit St. Petersburg/Clearwater. Clearwater Beach, located on Central Florida's West Coast and home to the nightly Pier 60 Sunset Celebration, has an overall average high temperature of 83Â° and an average low of 63Â°.learwater Beach, Florida. Â© Visit St. Petersburg/Clearwater. Clearwater Beach, located on Central Florida's West Coast and home to the nightly Pier 60 Sunset Celebration, has an overall average high temperature of 83Â° and an average low of 63Â°."", 'Average monthly temperatures range from 57.3 Â°F (14.1 Â°C) in January to 72 Â°F (22 Â°C) in August, although late summer and early autumn are typically the hottest times of the year with temperatures occasionally reaching 90 Â°F (32 Â°C) or higher.', 'The average recorded low temperature in Orlando on August First is 73 degrees Fahrenheit and the average low on the last day of August is 73 degrees. Orlando usually receives an average of 6.25 inches of precipitation during the month.The most precipitation recorded on a single day in August, according to August Orlando Weather data, was 4.8 inches on August 27, 1949.isney World Weather. Interactive Orlando Weather Map. In the last 68 years the highest measured temperature in Orlando Florida for August was 99 degrees Fahrenheit, on August 13, 1961, while the normal high temperature is 92.']",I cannot answer from the given context.,,0.0,-0.0,0.0
the cast of emoji movie,"[""The Emoji Movie is a 2017 American 3D computer-animated comedy film directed by Tony Leondis, and written by Leondis, Eric Siegel and Mike White, based on the trend of emojis. It stars the voices of T. J. Miller, James Corden, Anna Faris, Maya Rudolph, Steven Wright, Rob Riggle, Jennifer Coolidge, Christina Aguilera, SofÃ\xada Vergara, Sean Hayes and Patrick Stewart. The film centers on Gene, a multi-expressional emoji who lives in a teenager's phone, and who sets out on a journey to become a ..."", ""Heath Ledger, Christopher Plummer, Andrew Garfield, Lily Cole, Verne Troyer, and Tom Waits star in the film, though Ledger's death one-third of the way through filming caused production to be temporarily suspended."", 'Actors starring in the series include, Joel Gretsch, Steve Burton, Eric Close, Heather Donahue, Matt Frewer, Catherine Dent, Ryan Hurst, Adam Kaufman, Karen Austin, Julie Benz, Tina Holmes, Willie Garson, John Hawkes, Jason Gray-Stanford, Andy Powers, Ryan Merriman, Michael Moriarty, Michael Jeter, James McDaniel, James Kirk and Dakota Fanning (who narrates, as well as starring as Allie Keys).', 'Leonardo DiCaprio, Ken Watanabe, Joseph Gordon-Levitt, Marion Cotillard, Ellen Page, Tom Hardy. Inception Synopsis. Acclaimed filmmaker Christopher Nolan directs an international cast in an original sci-fi actioner that travels around the globe and into the intimate and infinite world of dreams.', 'With Aykroyd thoroughly attached to all things â\x80\x9cGhostbustersâ\x80\x9d coming in the future, heads are starting to turn toward other original cast members Ernie Hudson and Bill Murray. Original Ghostbusters cast Harold Ramis, Dan Aykroyd, Bill Murray and Ernie Hudson in a still from the first movie. Photo: Facebook / Columbia Pictures. Hudson told EW in the past heâ\x80\x99d be on board to join either movie in whatever role producers would have him.']","The cast of The Emoji Movie includes T. J. Miller, James Corden, Anna Faris, Maya Rudolph, Steven Wright, Rob Riggle, Jennifer Coolidge, Christina Aguilera, Sofía Vergara, Sean Hayes, and Patrick Stewart.",,1.0,0.9199150754945277,0.9999999999
the economics is or are,"['The ceteris paribus rule. Economics is a social science, and, unlike the physical sciences, cannot engage in controlled experimentation to demonstrate how variables are connected. In the real world, economic variables such as price and income, are constantly changing, and this creates a problem in demonstrating the relationship between variables.', 'Multiple Choice Questions. 1. Economics is the study of: A. increasing the level of productive resources so there is maximum output in society. B. increasing the level of productive resources so there is a minimum level of income. C. how people, institutions, and society make choices under conditions of scarcity. D. the efficient use of scarce resources paid for at the minimum level of cost to consumers and businesses.', 'Business economics is the study of the financial issues and challenges faced by corporations operating in a specified marketplace or economy. Business economics deals with issues such as business organization, management, expansion and strategy. Studies might include how and why corporations expand, the impact of entrepreneurs, the interactions between corporations, and the role of governments in regulation.', 'Definition: An economic good is a physical object or service that has value to people and can be sold for a non-negative price in the marketplace. Terms related to Economic Goods: 1 Giffen Good. 2 Inferior Good. 3 The Demand Set.', 'A: An economic indicator is simply any economic statistic, such as the unemployment rate, GDP, or the inflation rate, which indicate how well the economy is doing and how well the economy is going to do in the future.']",I cannot answer from the given context.,,0.0,0.0,0.0
britne oldford worth,"['Britne Oldford Net Worth is $100,000 Britne Oldford Biography 19 Synopsis: Twenty-three yrs . old Britne Oldford is certainly a Canadian film and television actress, whoâ\x80\x99s best known on her behalf attractive function as Eddie Campbell on the American remarks of Skins.', 'Kate Middleton Net Worth. Kate Middleton net worth is estimated at $1 million. Kate Middleton, also known by her royal title of â\x80\x9cThe Duchess of Cambridgeâ\x80\x9d is the wife of Prince William and a member of the British Royal family.', 'Based on my assumptions above, the average net worth of the above average 30 year old is around $250,000. By the time this person is 40, his/her net worth should climb to around $660,000 and all the way up to around $2,180,000 million by the age of 60.ccording to CNN Money 2014, the average net worth for the following ages are: $9,000 for ages 25-34, $52,000 for ages 35-44, $100,000 for ages 45-54, $180,000 for ages 55-64, and $232,000+ for 65+.', 'Kyle Richards. Kyle Richards Net Worth is $20 Million. Kyle Richards is an actress of film and television, with a net worth of $20 million. Kyle Richards earned her net worth through her acting roles in films and her appearances in several television shows, includi. Kyle Egan Richards (born Jan...', 'Dean McDermott is a well known actor with a net worth of $3 million. Dean McDermott earned his net worth through his many roles in movies and TV. He was born in Toronto, Ontario, Canada and is the husband of Tori Spelling.']","Britne Oldford Net Worth is $100,000.",,1.0,0.8713915042981992,0.0
does flomax cause liver damage,"[""Do you know of a medication with less side effects than Flomax, that is not hard on the liver and doesn't cause loss of strength, drowsiness, and confusion, for relieving the symptoms of BPH? If you do know of one or more, please provide me with the brand and generic names of these medications, and if you have a print out on the side effects."", 'Strattera can cause liver injury in some patients. Call your doctor right away if you or your child has itching, right upper belly pain, dark urine, yellow skin or eyes, or unexplained flu-like symptoms. Heart-related problems have been reported with Strattera.hen your child starts treatment with Strattera, itâ\x80\x99s important to set some small goals. Remember to be patientâ\x80\x94some people notice small changes within 2 weeks, and by 4 to 6 weeks at target dose you should see significant improvement in your childâ\x80\x99s symptoms.', 'Fatty liver is simply the build-up of fat in the liver. Fat in the liver usually does not cause liver damage. However, certain other conditions and diseases can be associated with the development of fatty liver. Research is ongoing to uncover what processes may take place to trigger fat build-up in the liver.', 'Lipitor (atorvastatin) is a cholesterol-lowering statin created by Pfizer that has been linked to liver damage, elevated liver enzyme levels, liver failure, and death. The U.S. Food and Drug Administration (FDA) warned about the risk of liver damage in 2009 and again in 2012.', '1 exposure to poisons â\x80\x93 can damage the liver because one of the liverâ\x80\x99s main roles is to remove toxins from the blood. Prolonged exposure to environmental toxins such as arsenic can damage the liver and lead to cirrhosis. schistosomiasis â\x80\x93 a tropical disease caused by a parasitic worm called Schistosoma.']",I cannot answer from the given context.,,1.0,-0.0,0.0
united home life insurance phone number,"['United Home Life Insurance Company(UHL) 225 S. East St Indianapolis, IN 46202 : Phone: 1-800-428-3001 : Website: www.unitedhomelife.com * A.M. Best: A- (Excellent) BBB: A-About: United Home Life Insurance Company was formed in 1948. They specialize in life insurance policies with simplified underwriting. This means there are no medical exam and no bodily fluids required for underwriting your policy.', ""This People's United Bank phone number is ranked #3 out of 6 because 774 People's United Bank customers tried our tools and information and gave us feedback after they called. The reason customers call 800-525-9248 is to reach the People's United Bank Customer Service department for problems like Setup an account, Question, Complaint."", 'Call our shortcut number Shortcut Number (Opens Pop-up Layer) to reach. us from a mobile phone. 210-531-USAA (or 210-531-8722) Phone Menu Tips for Auto and Property Insurance Claims(Opens Pop-up Layer) 800-531-USAA (or 800-531-8722) Phone Menu Tips for Auto and Property Insurance Claims(Opens Pop-up Layer)', 'Please call 1.888.260.7736 to use our automated policyholder information line, or you may also speak to a live representative by calling Monday through Friday between. 8:00 a.m. - 8:00 p.m. ET.', 'Here are the steps to buy no exam life insurance and apply: 1 Call Us for a Quote at 877-443-9467 â\x80\x93 Our quote form only quotes traditional policies that require exams. Call us for no exam rates. 2 Simple Application â\x80\x93 The application is simple and typically requires very few questions.']",1-800-428-3001,,1.0,0.4202372960787315,0.0
us estate tax for canadians,"['Given the lack of details beyond the above statement, it is natural for people to wonder what this proposal really means and how the changes will impact them, particularly for Canadians. As a reminder, US estate tax, which Trump calls the death tax, is a federal estate tax that applies at a rate of 40% on individual estates over $5.49million or $10.98million for married couples. The US estate tax affects Canadians who are dual US citizens and even Canadians who own US situs property, which includes both real property and US-based securities (whether registered or not).', 'The Old Age Security pension (or OAS or OAS-GIS) is a taxable monthly social security payment available to most Canadians 65 years of age or older with individual income less than $114,815.As of April 2015, the basic amount is $563.74 per month.At tax time, recipients with a 2014 income of over $71,592 must pay back a portion of their Old Age Security at a rate of 15% of net income. This is often referred to as the OAS clawback.s of April 2015, the basic amount is $563.74 per month. At tax time, recipients with a 2014 income of over $71,592 must pay back a portion of their Old Age Security at a rate of 15% of net income.', 'Median real estate property taxes paid for housing units with mortgages in 2013: $1,535 (0.9%) Median real estate property taxes paid for housing units with no mortgage in 2013: $1,317 (1.0%) Estimated median house/condo value in 2013: $162,600.', 'Technically the first tax bracket is $0 to $44,701, but Iâ\x80\x99ve included the effect on marginal tax rate from the federal basic personal amount of $11,327 and the Alberta basic personal amount of $18,214. 1 Up to $11,327 â\x80\x93 tax rate of 0%.', 'â\x80ºâ\x80º All employed Canadians adults contribute a defined fraction of their earnings to the CPP. The contribution rate for employees to the CPP is 4.95% of gross employment income between $3,500 and $51,000 (2013) up to a maximum contribution of $2,356.20. These payments are matched by employers. Self-employed people contribute 9.9% of their net income up to a maximum of $4815.74 (2013).']","The US estate tax, which Trump calls the death tax, is a federal estate tax that applies at a rate of 40% on individual estates over $5.49 million or $10.98 million for married couples. The US estate tax affects Canadians who are dual US citizens and even Canadians who own US situs property, which includes both real property and US-based securities (whether registered or not).",,1.0,0.6578529959098343,0.0
cadillac meaning,"['Cadillac definition: The definition of a Cadillac is a car brand produced by General Motors, or something that is the highest quality of its kind. (noun) An example of a Cadillac is the most expensive and well made designer bag on the market....', 'A proper noun names a specific member of a group: Janet, Asia, and Cadillac are proper nouns. Proper nouns are always capitalized. A proper noun names a specific member of a group: Janet, Asia, and Cadillac are proper nouns. Proper nouns are always capitalized. This is what I find in English Grammar (ISBN 0-06-467109-7). Asia is a member of the group of the continents, in the same way January is a member of the group of months, and Monday is a member of the group of weekdays. As per definition of proper nouns, weekday names are proper nouns.', 'By KBB.com Editors. Fast-living rappers and bling-dazzled celebrities swooned over the original Escalade, but, in addition to more power and a greater length, the 2009 Cadillac Escalade stresses finesse over flashiness. Refinements are easily noticeable inside and out, and the newest Escalade behaves more admirably on the road than its predecessor.', 'Certified Pre-Owned: No Transmission: 6-Speed Manual Color: Radiant Silver Metallic Description: Used 2016 Cadillac ATS-V Sedan for sale - $46,977, 8,760 miles with Navigation System, Leather Seats.', 'American Picker is currently the top ranked non-fiction show on television and is popular with multiple age groups which means a promising Frank Fritz net worth. Iâ\x80\x99ve been into motorcycles since I was a little kid. I started out on mini-bikes and then I went to dirt bikes and then to street bikes. I bought a low rider in 1979 when I was a sophomore in high school and it was $3999. It was $4100 brand new and I think a brand new Cadillac was $6500 back then.']","The definition of a Cadillac is a car brand produced by General Motors, or something that is the highest quality of its kind.",,1.0,0.8438018020246679,0.0
calculation of geometric mean,"['How to calculate Geometric Mean. The Geometric mean of a set of data can be derived from the formula Geometric Mean Calculation Example For example, to find the geometric mean of 9, 27 and 66; The first step is to multiplying the given numbers 9 x 27 x 66 will yield the result 16038. By taking cube root of the result 16038 gives the resulting Geometric Mean 25.2184.', 'Sum of the Terms of a Geometric Sequence (Geometric Series) To find the sum of the first n terms of a geometric sequence use the formula, S n = a 1 ( 1 â\x88\x92 r n ) 1 â\x88\x92 r , r â\x89 1 , where n is the number of terms, a 1 is the first term and r is the common ratio .', 'A ratio of two sides of a right triangle. In a right triangle, the ratio of the length of the leg opposiâ\x80¦. In a right triangle, the ratio of the length of the leg adjaceâ\x80¦. Geometric mean. In the example shown, side CD is what we would call the ______â\x80¦.', 'Example 2: Find the first five terms and the common ratio of the geometric sequence . Since a geometric sequence is a sequence, you find the terms exactly the same way that you do a sequence. n is our term number and we plug the term number into the function to find the value of the term.', 'There are 9 numbers in the series, so the mean is: Mean = 135/9 = 15. A quick way to check if your answer is reasonable is to see if your answer is somewhere between the lowest and greatest number in the series. In our case, 11 is the lowest and 20 is the greatest.']","The geometric mean of a set of data can be derived from the formula by multiplying the given numbers and then taking the root based on the number of values. For example, to find the geometric mean of 9, 27, and 66, you multiply the numbers (9 x 27 x 66) to get 16038, and then take the cube root of 16038 to find the resulting geometric mean, which is approximately 25.2184.",,0.8571428571428571,0.7793423255327485,0.0
weather in avon in,"['The lowest monthly average temperature in Avon for February is 30 degrees. The most monthly precipitation in Avon occurs in June with 5.1 inches. The air quality index in Avon is 18% worse than the national average. The pollution index in Avon is 53% better than the national average.', 'A steady rain arriving overnight. Low 62F. Winds E at 5 to 10 mph. Chance of rain 80%. A shower or two around the area in the morning, then partly cloudy in the afternoon. High 69F. Winds NNE at 10 to 15 mph.', 'In its lower reaches from Bath to the Severn Estuary at Avonmouth near Bristol the river is navigable and known as the Avon Navigation. The Avon is the 19th longest river in the UK at 75 miles (121 km) although there are just 19 miles (31 km) as the crow flies between the source and its mouth in the Severn Estuary.he river Avon had been navigable from Bristol to Bath during the early years of the 13th century but construction of mills on the river forced its closure. The floodplain of the Avon, on which the city centre of Bath is built, has an altitude of about 59 ft (18 m) above sea level.', 'Avondale Homes for Sale and MLS Search. The city of Avondale is in Maricopa County and adjacent to Phoenix. It has a population of 76,238 and covers an area of 41.3 square miles. It was incorporated in 1946. Avondale is a sports mecca. Home to the Phoenix International Raceway it hosts two NASCAR races every year and is near many Cactus League stadiums.', 'Mainly cloudy. 30 percent chance of showers early this afternoon. Wind west 20 km/h gusting to 40. High 12. UV index 3 or moderate.']",I cannot answer from the given context.,,0.0,-0.0,0.49999999995
what are bound fields connected to,"['Subform: Use to display data from more than one table on a form or report. ï\x82· Bound Controls are connected to a data source (like a combo box that lets you choose the customer. for an order.) In Design View, they display the name of the bound field; in Form or Layout View, they. display database records.', 'A coenzyme is a type of cofactor. It is the loosely bound cofactor to an enzyme. Cofactors are chemical compounds that are bound to proteins. A cofactor is a non-protein chemical compound, while a coenzyme is a non-protein molecule. It is important to understand that, in our body, enzymes are very important.', 'Currently, physicists describe nature as having 4 fundamental forces: the Electromagnetic force, the Strong nuclear force, the Weak nuclear force, and the Gravitational force. At one point in history, the Electric and Magnetic fields were treated as separate. If you count these two fields as separate and add them to the other 3 traditional force fields -- the Gravitational, Strong, and Weak fields -- then, nature might be described as having a total of 5 fundamental fields in Physics.', 'The smooth endoplasmic reticulum has functions in several metabolic processes, including synthesis of lipids, metabolism of carbohydrates and calcium concentration, drug detox â\x80¦ ification, and attachment of receptors on cell membrane proteins.It is connected to the nuclear envelope.n the cell the smooth ER is a network of membrane bound bodies which lack ribosomes (the molecules used in protein synthesis) and its primary function is to modify, encapsulate and transport newly synthesized proteins and lipids which will be secreted or remain in the cytoplasm as membrane bound vesicles.', 'The interactions between electric currents and magnetic fields create forces. The magnetic force on a current in a magnetic field = current x displacement across the magnetic field. This force can be predicted using the right hand rule. When two currents are directed through magnetic fields in the same direction, they attract.']",Bound fields are connected to a data source.,,1.0,0.9892589565523066,0.0
what are cuban links,"['To shine in any situation, you need some statement jewelry, and nothing makes a statement quite like a 14k gold Cuban link chain. The Cuban link, also called a concave curb link, is a variation of the traditional cable chain, which is the most common type of jewelry chain. A basic cable chain comprises individual links that interlock in a uniform pattern, with each link at 90 degrees to the two adjacent links.', ""Cuba (gocuba.ca) is the largest island in the Caribbean at 42,803 square miles. Just 83 miles from Key West, Florida, it is also the closest Caribbean destination to the United States.ispaniola. Hispaniola is the second largest Caribbean island, and it is home to two different countries. The Dominican Republic (godominicanrepublic.com) is the larger of this island's two countries, with an area of 18,792 square miles."", 'Airlines that fly to Havana (Cuba) Airlines flying to Havana are listed here. Skyscanner allows you to find the cheapest flights to Havana (from hundreds of airlines including American Airlines, Air France, Copa) without having to enter specific dates or even destinations, making it the best place to find cheap flights for your trip.', ""These are big-ticket items of Cuba's economy. GAESA is a family firm. It is headed by Luis Alberto Rodriguez, Raul's son-in-law. He's also an army general and Raul, of course, is the comandante en jefe. If you want to make money in Cuba, Rodriguez holds the keys to the vault. This all represents Cuba's emerging profile as a family-military dictatorship."", 'Presently, there is no form of legalized gambling or betting as existed in the pre-Castro days. There is, however, a form of underground lottery. Cubaâ\x80\x99s illegal lottery is called la bolita. Everyday Cubans place their bets clandestinely with a listero or type of bookie. Since there is no longer an official Cuban lottery, winning numbers come from abroad. The last two digits of the five-digit Venezuelan lottery become the wining numbers in Cuba.']",I cannot answer from the given context.,,0.0,0.0,0.0
calories in soy oil,"['The 126 calories in one serving of soy oil are equivalent to the calories burned while: Running (6 mph) for 10 minutes; Stationary rowing for 22 minutes; Chopping wood for 16 minutes; Sleeping for 1 hour and 51 minutes (Calculations are based on a 150-lb person.)', 'There are 120 calories in 1 tablespoon of Vegetable Oil. Calorie Breakdown: 100% fat, 0% carbs, 0% prot.', 'No matter what type of fat you consume, every gram contains 9 calories. To convert fat calories into grams of fat, just divide the calories by nine. For example, a tablespoon of olive oil has 119 calories, all of which come from fat.', 'Dairy Products. A vegan diet excludes milk and dairy products, which are high in calcium, protein and potassium. Vegan substitutes include soy milk, soy or tofu yogurt, and soy cheese. To get adequate calcium, a 2,000-calorie vegan diet should include three servings per day of vegan alternatives to dairy products.', 'Foods that have roughly the same number of calories from fats, calories, and protein will be found closer to the center of the pyramid. Read more about the Caloric Ratio Pyramid. Caloric Ratio Pyramid for Starbucks beverage: TazoÂ® Chai Tea Latte, soy milk.']",The calories in soy oil are 126 calories per serving.,,1.0,0.9111867838512167,0.0
what are investigators and special agents responsible for ?,"['In fact, dozens of Federal agencies have their own law enforcement authority, and special agents who use that authority every day. Social Security is no different. We have criminal investigatorsâ\x80\x94aka special agentsâ\x80\x94who are responsible for investigating violations of the laws that govern Social Securityâ\x80\x99s programs. Currently, about 230 special agents work in 66 offices across the United States.', 'Postal inspectors are responsible for investigating all instances of criminal, civil and administrative violations of postal-related laws. These investigations may involve fraud, theft or instances of internal mismanagement. Inspectors execute search warrants, serve subpoenas and collect evidence.', 'An agent is one who represents another, called the principal, in dealings with third persons. Such representation is called agency. 2296. Any person having capacity to contract may appoint an agent, and any person may be an agent. 2297. An agent for a particular act or transaction is called a special agent.', 'Although states within this category differ as to the police powers granted to humane society agents, these states generally do not grant the most substantial police powers, such as the arrest power. Instead, agents may have the authority to investigate animal cruelty, conduct searches, and seize animals.', 'Training is offered to police investigators, prosecutors and judges, criminal intelligence analysts, specialized drug and organized crime investigators and customs officials. UNODC delivers a range of trainings to law enforcement officers on topics of relevance to fighting organized crime in their local contexts.']","Investigators and special agents are responsible for investigating violations of the laws that govern specific programs, such as Social Security, and for investigating criminal, civil, and administrative violations of postal-related laws. They may also conduct searches, collect evidence, and execute search warrants.",,0.75,0.9314358486947661,0.0
what are mesas,"['Mesa is a city in Maricopa County, in the U.S. state of Arizona. It is a suburb located about 20 miles east of Phoenix. Mesa is the central city of the East Valley section of the Phoenix Metropolitan Area. It is bordered by Tempe on the west, the Salt River Pima-Maricopa Indian Community on the north, Chandler and Gilbert on the south along with Queen Creek, and Apache Junction on the east. Mesa is the third-largest city in Arizona, after Phoenix and Tucson, and the 38th-largest city in the US. The city is home to 439,041 people as of 2010 according to the Census Bureau. Mesa is home to numerous higher education facilities including the Polytechnic campus of Arizona State University', ""Mesa has a larger top than the sides, whereas a Butte's sides are higher than the top area."", ""things to do in mesa In Mesa, Arizona it's easy to find adventure. Packed with excitement, the Mesa area offers visitors an explosion of educational, cultural and outdoor attractions."", 'Mesa County, Colorado (CO) County population in 2014: 148,255 (87% urban, 13% rural); it was 116,255 in 2000. County owner-occupied with a mortgage or a loan houses and condos in 2010: 29,788. County owner-occupied free and clear houses and condos in 2010: 11,718. County owner-occupied houses and condos in 2000: 33,306.', 'The Mesa Arizona Temple will close in May 2018 and will reopen in 2020 following needed repairs and upgrades. The Raleigh North Carolina Temple will be closed beginning January 2018. In February 2018, the Baton Rouge Louisiana Temple will temporarily shut down. The temples in North Carolina and Louisiana will be rededicated sometime in 2019. Public open house and rededication information will be provided for the three temples as the renovations near completion.']",I cannot answer from the given context.,,0.0,0.0,0.0
what are the five basic chart forms,"['The basic types of price charts are bar, candlestick, line, and point and figure. One of the most common types of charts used is a bar chart, where each bar represents one point in time. Though a bar typically represents one day, bar charts can be used to show longer periods, where one bar might represent an entire week or month.', 'between citation forms in law review footnotes and those in legal memoranda and court documents, (2) abbreviations, (3) the use of signals and parentheticals, (4) basic citation forms for cases, statutes, and secondary sources, (5) short citation forms, and (6) how to cite cases, statutes, and', 'By Investopedia Staff. By Cory Janssen, Chad Langager and Casey Murphy. A chart pattern is a distinct formation on a stock chart that creates a trading signal, or a sign of future price movements. Chartists use these patterns to identify current trends and trend reversals and to trigger buy and sell signals.', ""The 2015 Basic Pay schedule per the United States President's Defense Budget approved the prior year. Below is the active 2015 Military Pay Scale chart (1.0% raise) for the United States military (all services). Enlisted personnel are E grades ranging from E-1 to E-9. For those service branches recognizing a Warrant Officer rank, W grades range W-1 to W-5. Officers are scaled as O-1 to O-10."", 'About the Stock Charts Page. The default chart is 1 year Open/High/Low/Close (OHLC) chart for an individual stock. The intervals (aside from the Intraday) are for 5 days, 1 Month, 3 Months, 6 Months and from 1 to 10 years (if the company has 10 years of price and volume data available). The historical charts include the last sale from the current day.']",I cannot answer from the given context.,,0.0,0.0,0.0
what are the salaries of big bang actors,"['If The Big Bang Theory actors are working roughly 40 hours a week, that would translate to $25,000 an hour. Even if you give the actors the benefit of the doubt and say they work 60 hours a week (12 hours a day), that still comes out to more than $16,000 an hour.', 'Salary is usally between $40k - $70k/year but with commissions etc you can make upwards of $100k - $300k/year.', 'Actress Salary. Actress average salary is $90,538, median salary is $68,794 with a salary range from $25,709 to $208,000. Actress salaries are collected from government agencies and companies.', 'Some of the compensation packages are mind-boggling, as Nick Saban and Jim Harbaugh make over $7 million a year and Coach K, Mike Krzyzewski, makes a whopping $9.7 million per season. These giant sums of money are particularly eye-opening because these coaches make so much while their players make nothing.', 'TV Guide Magazine recently released a full list of salaries for more than 150 TV stars. Among the highest paid names are Michael Strahan, co-host of â\x80\x98Live with Kelly & Michael!â\x80\x99 and Aisha Tyler, of â\x80\x98The Talk.â\x80\x99.V Guide Magazine recently released a full list of salaries for more than 150 TV stars. Among the highest paid names are Michael Strahan, co-host of â\x80\x98Live with Kelly & Michael!â\x80\x99 and Aisha Tyler, of â\x80\x98The Talk.â\x80\x99.']",I cannot answer from the given context.,,0.0,0.0,0.0
what caused the greco roman war,"['The First Greco-Persian War. Because Greece was mountainous and did not have a great deal of land available for farming, many city-states sponsored the creation of colonies, new cities outside of the Greek mainland, populated by Greeks, which would often be allied to one of the major city-states.', ""Failing Economy and High Inflation Unemployment working class The 'Mob' and the cost of the Gladiatorial Games Decline in Ethics and Values Slave Labor Natural Disasters Christianity Barbarian Invasion Major Causes For The Empire to Decline One of the main causes for the fall of the Roman Empire were problems between the Senate and the Emperor."", 'Question Number One. There were several problems created through the Roman policy of â\x80\x9cBread and Circuses.â\x80\x9d As Romeâ\x80\x99s political system evolved, Romeâ\x80\x99s armiesâ\x80\x99 expanded the Roman power across Italy. After getting rid of their Etruscan rulers, Romans gained power over central Italy. By about 270 B.C., Rome occupied all of Italy.', 'Over the course of the next century, these three major conflicts between Rome and Carthage would determine the course of Western civilization. The wars included a Carthaginian invasion led by Hannibal, which nearly prevented the rise of the Roman Empire.', 'The eastern part of the Roman Empire was not affected by the invasions which cause the western part to fall and continued to exist for nearly 1,000 years.Historians have coined the term Byzantine Empire to indicate the eastern part of the Roman Empire after the fall of the western part of the Roman Empire.he term Byzantine is derived from Byzantium, the Greek city which was redeveloped, turned into the imperial capital of the eastern part of the Roman Empire and renamed Constantinople by the emperor Constantine the Great in 330.']",I cannot answer from the given context.,,0.0,0.0,0.0
"what county is millville, pa in","['Millville, Pennsylvania. Millville is a borough in Columbia County, Pennsylvania, United States. As of the 2010 census it had a population of 948.[1] It is part of the Bloomsburgâ\x80\x93Berwick Micropolitan Statistical Area.', 'Airville, Pennsylvania. Airville is an unincorporated community in York County, Pennsylvania, United States. Airville is located in the southeastern part of the county where Pennsylvania Route 74 and Pennsylvania Route 425 intersect and is about 4 miles outside Woodbine.', ""Baldwin County, developed on lands once held by Creek Indians, lies in central Georgia. Established in 1803, the county remembers Abraham Baldwin, a member of the Continental Congress and author of legislation that established the nation's first charter for a state-supported uniÂ\xadversity, the University of Georgia. Milledgeville, the county seat, served as the state capital for 61 years. It is named for John Milledge, a Revolutionary leader, member of Congress, Georgia governor and donor of ..."", 'Mercer County, Pennsylvania. You have plenty of options when choosing apartments in Mercer County, and Apartment Finder will guide you through all of them. By using our interactive map, you can draw your own search area to narrow down available apartments.', 'Welcome to the Official Website for Carbon County, PA The Carbon County Commissioners have provided funding and approval for this site as a public service to the residents of Carbon County as well as a gateway for the rest of the world to learn more about Carbon County.']","Millville, Pennsylvania is in Columbia County.",,1.0,0.9510985074474317,0.0
what do goblins represent in literature,"['A goblin is a legendary evil or mischievous creature; a grotesquely evil or evil-like phantom. They are attributed with various abilities, temperaments and appearances depending on the story and country of origin.', 'Zhok and his Orcs had recently conquered the Night Goblins that lived in and under Thunder Mountain. Many of the Broken Axe Goblins felt they should run from the larger Orcs or submit to their rule. Grom, however, had other ideas. Grom set out alone, his axe slung over his mighty shoulder.', ""A Dwarf warrior, he is the son of Gloin (glÃ³in a character From'tolkien s earlier, Novel The). Hobbit gimli is chosen to represent the race Of dwarves in The fellowship of The. Ring as, such he is one of the primary characters of the. novel"", 'Prime examples of foreshadowing in literature include a rain storm in the beginning of a story suggesting something bad is going to happen later and a death of an animal in the beginning of a story suggesting the death of a main character in the end.rime examples of foreshadowing in literature include a rain storm in the beginning of a story suggesting something bad is going to happen later and a death of an animal in the beginning of a story suggesting the death of a main character in the end.', 'In modern fiction, the term has often been used for a certain kind of undead monster. By extension, the word ghoul is also used in a derogatory sense to refer to a person who delights in the macabre, or whose profession is linked directly to death, such as a gravedigger or graverobber.n modern fiction, the term has often been used for a certain kind of undead monster. By extension, the word ghoul is also used in a derogatory sense to refer to a person who delights in the macabre, or whose profession is linked directly to death, such as a gravedigger or graverobber.']","Goblins represent legendary evil or mischievous creatures; they are often depicted as grotesquely evil or evil-like phantoms, with various abilities, temperaments, and appearances depending on the story and country of origin.",,1.0,0.8548781151343826,0.0
what do you mean by parsing,"['Parsing means to recognize information in text and build an in memory representation. Very simple examples of parsing are: * recognizing that the integer value represented by the string â\x80\x9c123â\x80\x9d is the number 123 * recognizing the date represented in...', ""The even or odd quantity of the number of 1's or 0's in a binary code, often used to determine the integrity of data especially after transmission. In healthcare and psychiatric services, parity basically means equality in the delivery of services."", 'parity pricing. Concept that the selling price of a product or produce should go up in the same amount as the prices of the inputs used in its production go up. You Also Might Like...', 'In computer science, an interpreter is a computer program that directly executes, i.e. performs, instructions written in a programming or scripting language, without requiring them previously to have been compiled into a machine language program. An interpreter generally uses one of the following strategies for program execution: parse the source code and perform its behavior directly; translate source code into some efficient intermediate representation and immediately execute this; explicitly', ""In the case that your PARMS file doesn't open, it is highly likely that you do not have the correct software application installed on your PC to view or edit PARMS file extensions. If your PC opens the PARMS file, but it's the wrong application, you'll need to change your Windows registry file association settings. In other words, Windows is associating PARMS file extensions with the wrong software program.""]","Parsing means to recognize information in text and build an in-memory representation. Very simple examples of parsing include recognizing that the integer value represented by the string ""123"" is the number 123 and recognizing the date represented in a specific format.",,0.75,0.8494113324771211,0.9999999999
what does a common cold remedies do,"[""Four Methods:Curing Your Cold FastDecongesting Your SinusesGiving Your Body a BreakTreating Your Other SymptomsCommunity Q&A. Although it's not a very serious virus, the common cold can make you feel miserable. The key to curing a cold fast is early detection. If you think you've contracted a cold, you need to take precautionary measures immediately. Increase your vitamins."", 'A cold remedy used in many cultures, taking in warm liquids, such as chicken soup, tea, or warm apple juice, might be soothing and might ease congestion by increasing mucus flow. Add moisture to the air. A cool mist vaporizer or humidifier can add moisture to your home, which might help loosen congestion.', 'The drainage can cause a break out. Mupirocin Ointment For Cold Sores also be sure to put some lemon juice is very effectiveness. Many common household items can be used to treat various methods will help speed up the rate of healing and fever blister has already eat many of those treatments. Among the best.', ""They block a chemical your body makes called histamine that makes the tissues in your nose itch and swell. Most experts say that histamine isn't the major cause of a runny nose when you have a cold. Even so, some of the older antihistamines, such as brompheniramine and chlorpheniramine, can bring relief. Newer antihistamines like fexofenadine (Allegra) and loratidine (Claritin) have not been shown to work for cold symptoms."", 'The common cold can cause swelling in the sinuses, which are the hollow spaces in your skull that connect with one another. When this happens, the swelling can prevent the flow of mucus, which is known as a sinus infection, or medically speaking sinusitis.']",I cannot answer from the given context.,,0.0,-0.0,0.0
what does a t with a dot over it mean on a prescription,"['richka, the symbol T with a dot over it would mean one pill. A symbol for 2 pills would have 2 vertical lines crossed at the top with a horizonal line (like a double TT) and have 2 dots on top, 3 pills would be TTT with 3 dots on top.', 'Symbol given to nurse by doctors on prescriptions for patient. The medication prescription the doctor gave to my nurse to give to me on leaving the hospital has a sign, like a T with a dot over it. It has something to do with pills. Does anyone know exactly what this symbol means?', ""STD 101 In A Box-Abbreviations. Abbreviation Term Definition AIDS Acquired Immunodeficiency Syndrome A disease in which there is a severe loss of the body's cellular immunity, greatly lowering the resistance to infection and malignancy b.i.d. Twice daily Seen on a prescription, b.i.d. means twice (two times) a day.he abbreviation t.i.d. is sometimes written. without a period either in lower-case letters as tid or in capital letters as TID. Tx Treatment Administration or application of remedies to a patient or for a disease or injury; medicinal or surgical management; therapy; the substance or remedy so applied."", 'Over-the-counter drug labels demystified. Examples: Non-Drowsy Vicks QlearQuil Daytime Sinus & Congestion, Non-Drowsy Walgreens Wal-Fex 12 Hour Allergy. What it means: â\x80\x9cNon-drowsyâ\x80\x9d usually indicates an absence of active ingredients that cause drowsiness, like diphenhydramine or dextromethorphan.', '3. What does the symbol Â® mean? The symbol Â® is a notice of registered ownership used in many countries or regions to advise the public that a trademark or service mark is registered and to provide constructive notice of the legal ownership status of the mark with which it is used.he symbol SM functions similarly to the symbol TM, in that it is used to provide notice of a claim of common-law rights in a mark; however, it is used in connection with a service mark, covering services, such as banking or legal services, rather than tangible goods.']",A T with a dot over it would mean one pill.,,1.0,0.81347513532386,0.0
cause of computer overheating,"['HP Desktop PCs - Computer Overheating Prevention. Heat buildup can cause problems for any computer. Generally, when temperatures inside the computer case rise above 35 degrees Celsius (95 degrees Fahrenheit), the risk of damaging important internal components increases greatly. The most common cause of a computer getting too hot is the accumulation of dust inside the computer.', 'safety warning notice warning to reduce the possibility of heat related injuries or of overheating the computer do not place the computer directly on your lap or obstruct the computer air vents use the computer only on a hard flat surface', '1. Misfiring. Misfiring in the engine system can cause the catalytic converter to overheat. Alternatively, an exceptionally rich fuel mixture will exhibit similar symptoms. When there is a presence of an extra rich fuel mixture, raw fuel enters the catalytic converter and is ignited.', 'Because the liver is such a large organ this causes our whole body to overheat. The excess sweating is a reaction of the overheated body to cool body temperature and allow increased excretion of toxins through the skin. These symptoms are very unpleasant especially if you live in a hot climate and the associated fatigue can be overwhelming.', 'If you exercise vigorously and do not sweat AT ALL, or donâ\x80\x99t sweat during extremely high temperatures, this could be an indication of a health condition called anhidrosis. This condition can lead to overheating, so if you suspect you could have it, consult a physician.']",The most common cause of a computer getting too hot is the accumulation of dust inside the computer.,,1.0,0.793426225768821,0.0
aol email helpline number,"['There is no hesitation or even a single hint of doubt that AOL helpline has been one of the finest free email support providers, with services which care about you and are simply awesome, but still there are chances that you might counter a range of problems with AOL mail and in that case you can Contact AOL Email Customer Support or their AOL helpline Phone Number (+1) 800-721-0104.', 'Require help, call our AOL Customer Support Team at (+1) 844-502-0074. To resolve your all technical issues with AOL account, contact our AOL help phone number to get instant resolution. Our experienced team of AOL mail support experts at our AOL customer care can handle all types of AOL mail problems.', 'You could also try entering your phone number in this reverse cell phone number lookup, which will tell you which carrier â\x80\x9cownsâ\x80\x9d that number. Then look for that carrier in the list of carriers to the right, and use the instructions there to find your phoneâ\x80\x99s email address.234567890@mmode.com. One of those messages will probably get through to your phone. When it does, hit â\x80\x9creplyâ\x80\x9d on your phone and send a short text message back. Youâ\x80\x99ll get your reply in your email program â\x80\x94 and it will show the email address of your TracFone.', 'Contact Yahoo Customer Service at @(+1)-800-946-8199@. Yahoo email services are availed by a large number of folks these days because of its high security and performance. Yahoo mail services were very popular before Gmail came into existence.', 'So, we offer necessary third party Yahoo email technical support, you just have to call our Yahoo Customer Service Number (866-688-6581). we assure you to give you complete,quick & professional assistance to remove all the problems & issue with your yahoo account. Its a toll free Yahoo Contact number.']",The AOL email helpline number is (+1) 800-721-0104.,,1.0,0.9323116401269603,0.0
cause of the bipolar disorder,"['Bipolar Disorder. Definition. Bipolar disorder, also known as manic-depressive illness, is a brain disorder that causes unusual shifts in mood, energy, activity levels, and the ability to carry out day-to-day tasks. There are four basic types of bipolar disorder; all of them involve clear changes in mood, energy, and activity levels.', 'Can bipolar disorder be caused by a shortage of lithium in the brain or dog bites in childhood? Not surprisingly, there is a great deal of misinformation to be had when it comes to talking about the possible causes of bipolar disorder. To add to the confusion, scientific research continues to publish new information and theories. Theories of the Cause(s) of Bipolar Disorder. Has anyone found the true cause of bipolar disorder?', 'But it occurs more often in relatives of people with bipolar disorder. In most people with bipolar disorder, there is no clear cause for the periods (episodes) of extreme happiness and high activity or energy (mania) or depression and low activity or energy (depression). The following may trigger a manic episode: Childbirth.', 'Bipolar disorder (previously known as manic-depression) is actually a collection of mood disorders characterized by cyclic mood changes. The diagnosis of bipolar I disorder must include at least one manic episode, often referred to as a â\x80\x9chighâ\x80\x9d or â\x80\x9celevatedâ\x80\x9d mood.', 'the erratic behavior of creative people is often attributed to this condition since bipolar disorder is characterized by disabling mood swings during which a person goes from a high manic phase to a low depressed one']",I cannot answer from the given context.,,0.0,0.0,0.0
what does executive privilege mean,"['Executive privilege is the constitutional principle that permits the president and high-level executive branch officers to withhold information from Congress, the courts, and ultimately the public. This presidential power is controversial because it is nowhere mentioned in the U.S. Constitution.That fact has led some scholars (Berger 1974; Prakash, 1999) to suggest that executive privilege does not exist and that the congressional power of inquiry is absolute.here are generally four areas that an executive branch claim of privilege is based: 1) presidential communications privilege; 2) deliberative process privilege; 3) national security, foreign relations or military affairs, and 4) an ongoing law enforcement investigation.', 'Hereâ\x80\x99s a little background on the exercise of executive privilege and what this move potentially means for the continuing investigationâ\x80¦ In the U.S. government, executive privilege is a power claimed by the president and other members of the executive branch to resist certain subpoenas and interventions by the legislative and judicial branches.', 'Executive definition, a person or group of persons having administrative or supervisory authority in an organization. See more.', 'June 20, 2012. President Obamaâ\x80\x99s decision Wednesday to assert executive privilege to shield his attorney general and the Justice Department from congressional investigators reignited a long-running Washington debate over the limits of White House power in which Obama has argued both sides.', 'executive agency (an agency of the executive branch of government). Chief Executive; President; President of the United States; United States President (the person who holds the office of head of state of the United States government).']","Executive privilege is the constitutional principle that permits the president and high-level executive branch officers to withhold information from Congress, the courts, and ultimately the public.",,0.8571428571428571,0.9681603540806963,0.0
what does fc barcelona stand for,"['â\x80\x9cFCâ\x80\x9d is usually a suffix for English clubs, and it stands for Football Club, such as Liverpool Football Club, Chelsea Football Club and Burnley Football Club. In Spanish, â\x80\x9cFCâ\x80\x9d is a prefix which stands for Futbol Club, such as Futbol Club Barcelona and Futbol Club Cartagena.', 'FC: Flip-Chart: FC: Facility Code: FC: Financial Cooperation: FC: Fuori Campo (Italian: Out of Field) FC: Future Consumption (food and beverage industries) FC: First Cymru (travel company, Wales, UK) FC: Fresh Condition: FC: Finnish Chemicals (Kemira affiliated company, Finland) FC: Flight Cycle (aviation) FC: FinanceConnect: FC: Fashion Corner (various locations) FC: Fat Cat: FC', 'â\x80\x9cThis will be one of the best games of the entire International Champions Cup,â\x80\x9d said Charlie Stillitano, Chairman of Relevent Sports. â\x80\x9cChelsea and Barcelona are two of the most well-known and respected clubs in the entire world and both are having outstanding seasons.', 'The Barcelona Card offers free entry to museums, free travel on public transport and more than 70 discounts in Barcelonaâ\x80\x99s foremost visitor attractions! The Barcelona Card puts Barcelona at your fingertips!', 'How Real Madrid Will Line Up Against Barcelona. 1 The BBC will be decisive in El Clasico.Frank Augstein/Associated Press. 2 Carlo Ancelotti and Zinedine Zidane know a win would blow Barca out of the title race.Andres Kudacki/Associated Press.']",FC Barcelona stands for Futbol Club Barcelona.,,1.0,0.9396184674751741,0.0
what does hair tint do,"['Hair tint is a type of hair dye that changes the hair color permanently. If you want to change the color of your permanently then you should do hair tinting. It is a hair dye available in many forms. The tint can be a shampoo based hair color or a veggie dye.', 'Rogaine is a solution which is applied topically to the scalp twice a day. It can also slow down hair loss in men who are showing signs of balding. In consumer surveys of over 7,000 men, 80% said they noticed a difference.Furthermore, after 12 months of continuous use, 40% showed regrowth.hile clinical trials have proven Rogaine can assist in hair regrowth for both men and women, thicken existing hair, reduce hair loss, and stimulate new hair growth, individual results can be affected by several factors.', 'There are many ways cigarette smoking can cause hair loss, and most of these are related to the effects of cigarette smoke on your hair follicle. Cigarette smoke contains almost 4,000 lethal and damaging chemicals that can cause normal hair loss.Smoking also causes dull, lank and smelly hair. Not only your smoking habit affects the look and smell of your hair, it can also make your hair break off.Smoking stops the flow of an adequate amount of oxygen and nutrients through your blood. Because your hair does not get the right amount of the vital nutrients, your hair becomes unhealthy.ot only your smoking habit affects the look and smell of your hair, it can also make your hair break off. Smoking stops the flow of an adequate amount of oxygen and nutrients through your blood. Because your hair does not get the right amount of the vital nutrients, your hair becomes unhealthy.', 'It will also reduce hair breakage and will stimulate hair growth. [Read: Amino Acids For Hair Growth ]. Carrot Hair Mask: Take one carrot and banana, peel the fruit. Cut them into small pieces and then add olive oil to this mixture. Blend then mixture in a blender with the help of curd and make a paste.t will also reduce hair breakage and will stimulate hair growth. [Read: Amino Acids For Hair Growth ]. Carrot Hair Mask: Take one carrot and banana, peel the fruit. Cut them into small pieces and then add olive oil to this mixture. Blend then mixture in a blender with the help of curd and make a paste.', 'Chemotherapy can do very strange things to hair growth. It can change your hair texture and hair density. You might have had straight hair all your life only to develop what is known as the chemo curl. Or it can grow back in with strange colors. One woman had black hair on the back and white hair on top.']",Hair tint is a type of hair dye that changes the hair color permanently.,,1.0,0.8994972549480663,0.0
what does hispanic mean?,"['The term Hispanic broadly refers to the people, nations, and cultures that have a historical link to Spain. It commonly applies to countries once owned by the Spanish Empire in the Americas and Asia, particularly the countries of Hispanic America and the Philippines. It could be argued that the term should apply to all Spanish-speaking cultures or countries, as the historical roots of the word specifically pertain to the Iberian region. It is difficult to label a nation or culture with one term,', 'The term Latino denotes all persons living in the United States whose origins can be traced to the Spanish-speaking regions of Latin American, including the Caribbean, Mexico, Central American, and South America.', 'In the U.S., a Latino historically is not white since Latinos by definition are a mixture of Spanish, indigenous, African and Asian blood. Yet in Puerto Rico, a Latino is white if they have just one white ancestor.', 'Chicano English A variety of English spoken by many people of Hispanic descent in the Southwestern United States and California. It differs in systematic ways from Standard American English. Chicano English is not just English spoken by people who speak Spanish as a native language and who are still acquiring English.', ""America's largest and fastest growing minority population is Hispanic, making up 15% of the total U.S. population. With a life expectancy of nearly 81 years, they outlive whites by 2.5 years and blacks by almost eight years. By 2019 they will be the largest racial/ethnic minority in this age group.""]","The term Hispanic broadly refers to the people, nations, and cultures that have a historical link to Spain. It commonly applies to countries once owned by the Spanish Empire in the Americas and Asia, particularly the countries of Hispanic America and the Philippines.",,1.0,0.915161162009611,0.0
what does i mean to wear your heart on your sleeve,"[""Answer . 'Wearing your heart on your sleeves' means instead of keeping a secret heart (loving one or others without communication) the person shows and communicates verballâ\x80¦y to those around them how much they love and respect others thus, 'wearing your heart on your sleeve.'. You do this by outwardly showing your emotions."", ""4. Your Heart is Not on the Left Side of Your Chest. Although most of us place our right hand on our left chest when we pledge allegiance to the flag, we really should be placing it over the center of our chest, because that's where our hearts sit."", 'He does those things because he already is one. It means that those things he desires to do change. He wants to change and wants to please God--from the inside. So, being a Christian means that you have encountered the true and living God and that you have undergone a change in your heart and soul.It means that you are not restricted to the Laws of right and wrong in order to please God because you cannot please God by what you do.t means that your heart has been changed by the presence of God. It does not mean that you are required to go to church, required to pay tithes, required to be good, required to do anything in order to stay a Christian.', '| About the Heart. Your heart is a marvel of nature that pumps life-giving, oxygen-rich blood throughout the body for use by every cell. Upon use by the body, the heart returns the oxygen-depleted blood to the lungs, where it receives more oxygen, to again be pumped throughout the body.', ""Piece Of My Heart is track #5 on the album Hits.It was written by Acosta, John/james Russell. Piece Of My Heart is track #5 on the album Hits. It was written by Acosta, John/james Russell.reak another little piece of my heart now baby. 'Cause you know you got it, if it makes you feel good, so good. Each time I tell myself that I can't stand the pain. You hold me in your arms and I start singin' once again.""]","""Wearing your heart on your sleeves"" means to show and communicate verbally to those around you how much you love and respect others, instead of keeping your feelings a secret. It involves outwardly showing your emotions.",,1.0,0.9014929753766088,0.0
what does lsa stand for in oil and gas,"['NORM (LSA) Management. Naturally occurring (NORM) deposits have been identified and recognised within the oil and gas exploration and production industry, for a number of decades. NORM is also known as LSA (Low Specific Activity Scale).', 'Plains All American Pipeline, L.P. (Plains) is engaged in the transportation, storage, terminalling and marketing of crude oil and refined products, as well as in the processing, transportation, fractionation, storage and marketing of natural gas liquids (NGL).', 'a security, fractional undivided intere st in oil, gas, or other mineral rights, any put, call, straddle, opt ion, or privilege on any security, certificate of deposit, or group or i ndex of securities (including any interest therein or based on the va lue thereof), or any put, call,', 'Petroleum engineering is a field of engineering concerned with the activities related to the production of hydrocarbons, which can be either crude oil or natural gas. Exploration and Production are deemed to fall within the upstream sector of the oil and gas industry.', 'Leed Fabrication Services, Inc. A leading innovator and provider of oil and gas production equipment and field services in the United States, Leed Fabrication Services, Inc. is dedicated to turning inventive solutions into leading products and services.']",LSA stands for Low Specific Activity Scale in the context of oil and gas.,,1.0,0.9463614752764854,0.0
what does mpid stand for military,"['What does MPID mean in Police? This page is about the meanings of the acronym/abbreviation/shorthand MPID in the Governmental field in general and in the Police terminology in particular. Military Police Investigations Division Governmental Â» Police', ""The United States Military Entrance Processing Command (USMEPCOM) is a Major Command of the U.S. Department of Defense, which screens and processes applicants into the United States Armed Forces. USMEPCOM is headquartered in North Chicago, Illinois and operates 65 Military Entrance Processing Stations (MEPS) located throughout the United States. The command's motto is Freedom's Front Door, signifying that a service member's career starts when they walk through the doors of the MEPS."", 'MilSim is simply an abbreviation for â\x80\x9cMilitary Simulationâ\x80\x9d and is usually conducted by civilians for entertainment and competition purposes which simulate military scenarios, reenactment of military operations and tactics. There are 3 forms of â\x80\x9cMilSimâ\x80\x9d by popularity: Airsoft games, paintball games and video games.', 'Here at MP Industries Inc, we are dedicated to developing the most innovative aircraft maintenance platforms through research, engineering, manufacturing, and marketing of the finest materials available. All of our products may be modified or completely custom designed to suit your needs.', 'The Health.mil website is the organizational web presence for the Military Health System. The Health.mil website is the organizational web presence for the Military Health System.']",MPID stands for Military Police Investigations Division.,,1.0,0.8894017433417223,0.0
what does qhs stand for,"['An example of such might include Benadryl 50mg qhs prn insomnia.(qhs is another Latin abbreviation, which stands for quaque hora somni, or at the hour of sleep or bedtime.) Fortunately for patients, pharmacists are also familiar with these shorthand notations.', ""QL (chemical) Isopropyl aminoethylmethyl phosphonite (NATO designation QL), also known as O-(2-diisopropylaminoethyl) O'-ethyl methylphosphonite, is a precursor chemical to the nerve agent VX."", 'patient-centered care (qsen) Definition: Recognize the patient or designee as the source of control and full partner in providing compassionate and coordinated care based on respect for patientâ\x80\x99s preferences, values, and needs.', ""In cardiology, the QT interval is a measure of the time between the start of the Q wave and the end of the T wave in the heart's electrical cycle. The QT interval represents electrical depolarization and repolarization of the ventricles. A lengthened QT interval is a marker for the potential of ventricular tachyarrhythmias like torsades de pointes and a risk factor for sudden death."", ""Penn FanThe O-T LoungeMember since May 200830438 posts Online. re: What does HHS stand for (Posted by heypaul on 4/16/10 at 3:13 pm to Longbaugh). quote:If she's drunk texting you at 3 in the afternoon, then she wants to frick.why did i just start singing.enn FanThe O-T LoungeMember since May 200830438 posts Online. re: What does HHS stand for (Posted by heypaul on 4/16/10 at 3:13 pm to Longbaugh). quote:If she's drunk texting you at 3 in the afternoon, then she wants to frick. why did i just start singing.""]","qhs stands for quaque hora somni, or at the hour of sleep or bedtime.",,1.0,0.9485429131356039,0.0
what does the letters tnt stand for?,"['what do the letters in TNT dynamite stand for? The KGB Agent answer: The letters TNT stand for Trinitrotoluene. The explosive yield of TNT is considered to be the standard measure of strength of bombs and other explosives. Tags: trinitrotoluene, bombs.', 'The letters stand for Human Immunodeficiency Virus, which is the name of the organism that causes this disease, and Acquired Immune Deficiency Syndrome, which is the name of the set of symptoms that characterize this condition.', 'In a typical air burst, where the blast range is maximized to produce the greatest range of severe damage, i.e. the greatest range that ~10 psi (69 kPa) of pressure is extended over, is a GR/ground range of 0.4 km for 1 kiloton (kt) of TNT yield; 1.9 km for 100 kt; and 8.6 km for 10 megatons (Mt) of TNT.', 'PostNL N.V. was confirmed as the new name for the remainder of TNT N.V. PostNL retained a 29.9% stake in TNT Express on completion of the breakup. Peter Bakker, chief executive officer of TNT since 2001, stepped down at the end of May 2011 with Harry Koorstra becoming CEO of PostNL.', 'Minecraft TNT Servers Find the best MC servers Tnt on our topsite and play for free. Add and promote your Minecraft server on the top 100 list for more players.']",The letters TNT stand for Trinitrotoluene.,,1.0,0.9983314179573494,0.0
what does the state bird mean in louisiana,"[""The state bird of Louisiana is unique among the world's seven species of pelicans. The brown pelican is found along the ocean shores and not on inland lakes. It is the only dark pelican, and also the only one that plunges from the air into the water to catch its food."", 'Official State Bird of Colorado. The migratory lark bunting (Calamospiza melancorys Stejneger) was designated the state bird of Colorado in 1931. The male lark bunting performs a spectacular courtship flight while warbling and trilling a distinctive mating song.A breeding male is jet black with white wings but in winter changes to a gray brown color more like the smaller female bird.fficial State Bird of Colorado. The migratory lark bunting (Calamospiza melancorys Stejneger) was designated the state bird of Colorado in 1931. The male lark bunting performs a spectacular courtship flight while warbling and trilling a distinctive mating song.', 'NEW ORLEANS, Louisiana, November 11, 2009 (ENS) â\x80\x93 The brown pelican, a species once nearly exterminated by hunting and the pesticide DDT, has recovered and is being removed from the federal list of threatened and endangered species, wildlife officials said today.', 'Roadrunner (The Chaparral Bird)The official state bird of New Mexico is the chaparral bird, commonly called roadrunner, adopted in 1949. More: I was married briefly to a woman from Australia. All she knew about roadrunners was what she had seen in American cartoons shown in Australia. She fully expected roadrunners to be 4 or 5 feet tall.', 'Louisiana Reckless Driving and Other Criminal Traffic Offense Laws and Penalties. In the state of Louisiana, reckless driving offenses are considered misdemeanor crimes. This means that the prosecution must prove beyond any doubt, that you were involved, and willfully disregarded the safety of others.']",I cannot answer from the given context.,,0.0,0.0,0.0
what happens when electrons are passed down the electron transport chain?,"['7. What is the function of the electron transport chain in cellular respiration? The electron transport chain breaks the fall of electrons to oxygen into several energy-releasing steps. 8. Show the normal, downhill route most electrons follow in cellular respiration. glucose ! NADH ! electron transport chain ! oxygen 10. Explain how the electron transport chain is utilized in oxidative phosphorylation. In the third stage of respiration, the electron transport chain accepts electrons from the breakdown products of the first two stages (most often via NADH) and passes these electrons from one molecule to another. At the end of the chain, the electrons are combined with molecular oxygen and hydrogen ions, forming water.', 'During photosystem I, light is absorbed. Electrons move from chlorophyll A molecules to another primary electron acceptor. The electrons lost from photosystem I are replaced by electrons that have passed through the electron transport chain from photosystem II. When electrons start losing their energy from photosystem II they move onto Photosystem I.', 'Electrons are passed rapidly from one component to the next to the endpoint of the chain, where the electrons reduce molecular oxygen, producing water. This requirement for oxygen in the final stages of the chain can be seen in the overall equation for cellular respiration, which requires both glucose and oxygen.', 'The final acceptor of electrons in the electron transport chain is molecular oxygen. Electron transport chains are used for extracting energy via redox reactions from sunlight in photosynthesis or, such as in the case of the oxidation of sugars, cellular respiration.n the mitochondrial electron transport chain electrons move from an electron donor (NADH or QH 2) to a terminal electron acceptor (O 2) via a series of redox reactions.', 'The final acceptor of electrons in the electron transport chain is molecular oxygen. Electron transport chains are used for extracting energy via redox reactions from sunlight in photosynthesis or, such as in the case of the oxidation of sugars, cellular respiration.lectron transport chains are redox reactions that transfer electrons from an electron donor to an electron acceptor. The transfer of electrons is coupled to the translocation of protons across a membrane, producing a proton gradient. The proton gradient is used to produce useful work.']","When electrons are passed down the electron transport chain, they are transferred from one component to the next, ultimately reducing molecular oxygen and producing water. This process is coupled to the translocation of protons across a membrane, which creates a proton gradient that can be used to produce useful work.",,1.0,0.935317872967962,0.0
what iowa law determines inheritance exceptions?,"['In contrast, the inheritance tax is based on the value of property that each beneficiary receives from the person who died. In Iowa and in other states the relationship between the individual beneficiary and the decedent determines whether the tax will be owed. That relationship also affects the rate of tax in Iowa.', 'It initially proposed a $700,000 homestead exemption regardless of age or marital status. It has recently been amended down to $300,000. Texas, Florida, Iowa, South Dakota, Kansas, and Oklahoma have some of the broadest homestead protections in the US, in terms of the value of property that can be protected.', 'Addressing disproportionality and disparity in child welfare: Iowaâ\x80\x99s response to disproportionality. Retrieved December 27, 2010, from the National Conference of State Legislators website: www.ncsl.org/documents/cyf/Disproportionality_Wessel.pdf Suggested Citation: Child Welfare Information Gateway.', 'Social Security Benefits. While the federal government taxes up to 85% of Social Security benefits, the majority of states exclude Social Security from state income tax. Iowa is the newest member of that groupâ\x80\x94as of 2014, Iowa has completely phased out its state tax on Social Security benefits.', 'If your inheritance is deemed to be property of the bankruptcy estate, the trustee can take it unless you can exempt its full value. (To learn how exemptions work, see our Bankruptcy Exemptions area.)']",I cannot answer from the given context.,,0.0,0.0,0.0
what is a enemy combatant,"['Q: What is an enemy combatant? A: â\x80\x9cEnemy combatantâ\x80\x9d is shorthand for people who are fighting unlawfully. But no one is quite sure exactly what that means. FULL QUESTION. In relation to the current political debate over the Guantanamo prison, what is the legal definition of â\x80\x9cenemy combatantâ\x80\x9d? FULL ANSWER', 'â\x80\x98And of course, â\x80\x98know thine enemyâ\x80\x99 is a classic maxim used by all engaged in battle in order to get the upper hand and defeat their enemy.â\x80\x99 â\x80\x98Remember, Jesus says â\x80\x98I come not to bring peace but a swordâ\x80\x99, and â\x80\x98if thine eye offend you, gouge it outâ\x80\x99 - all very jolly, I must say.â\x80\x99', 'An armoured (or armored) fighting vehicle (AFV) is a combat vehicle, protected by strong armour and generally armed with weapons, which combines operational mobility, tactical offensive, and defensive capabilities. AFVs can be wheeled or tracked. It is not uncommon for AFVs to be simply referred to as armour.', 'War is a state of armed conflict between societies. It is generally characterized by extreme collective aggression, destruction, and usually high mortality. The set of techniques and actions used to conduct war is known as warfare. An absence of war is usually called peace . Total war is warfare that is not restricted to purely legitimate military targets, and can result in massive civilian or other non-combatant casualties.', 'nemÂ·eÂ·sis. n. pl. nemÂ·eÂ·ses (-sÄ\x93zâ\x80²). 1. A source of harm or ruin: Uncritical trust is my nemesis. 2. Retributive justice in its execution or outcome: To follow the proposed course of action is to invite nemesis. 3. An opponent that cannot be beaten or overcome. 4. One that inflicts retribution or vengeance. 5.']",“Enemy combatant” is shorthand for people who are fighting unlawfully. But no one is quite sure exactly what that means.,,1.0,0.0,0.0
what is a guaranteed general fund investment,"[""What is 'Guaranteed Investment Fund (GIF)' Guaranteed investment income is a type of investment product offered by insurance companies that allows its client to invest in an equity, bond and/or index fund while providing a promise of a predefined minimum value of the fund (usually, the initial investment amount) will be available at the fund's maturity or when the client dies."", 'debenture. n. a form of bond certificate issued by a corporation to show funds invested, re-payment of which is guaranteed by the over-all capital value of the company under certain specific terms.Thus, it is more secure than shares of stock or general bonds.ebenture. n. a form of bond certificate issued by a corporation to show funds invested, re-payment of which is guaranteed by the over-all capital value of the company under certain specific terms. Thus, it is more secure than shares of stock or general bonds.', ""The C Fund's investment objective is to match the performance of the Standard and Poor's 500 (S&P 500) Index, a broad market index made up of stocks of 500 large to medium-sized U.S. companies. The C Fund assets are held in a separate account and managed to fully replicate the Standard and Poor's 500 (S&P 500) Index."", 'The investment seeks long-term growth of capital. The fund invests its assets primarily in a diversified portfolio of equity securities selected for their growth potential. Although the fund will invest primarily in U.S. securities, it may invest up to 20% of its total assets in foreign securities including securities issued in emerging markets. Purchase Information.', 'A mutual fund is a type of professionally managed investment fund that pools money from many investors to purchase securities.here are three types of U.S. mutual fundsâ\x80\x94 open-end funds, unit investment trusts, and closed-end funds. The most common type, open-end funds, must be willing to buy back shares from investors every business day.']",I cannot answer from the given context.,,0.0,0.0,0.0
what is a home plan for parole,"['Home Plan Approval. If the inmate is in state prison or county jail serving a state sentence and is approaching his or her minimum sentence date: Approximately eight months before the minimum sentence date, the inmate should be given a Statement of Residence and a Statement of Employment form.', 'The agency. The NSW State Parole Authority (SPA) is an independent statutory authority. The Authority considers the release to parole of offenders who have sentences of more than three years with a non-parole period, sets the conditions of release and makes determinations on parole, Intensive Correction, Periodic Detention or Home Detention orders.', 'Community Release Centers and Community Supervision Centers provide the Parole Board and Courts with a structured, residential program to better assist and supervise offenders transitioning from prison to the community or offenders who are at risk of revocation from community supervision.', 'In the context of criminal law, diversion refers to diverting a defendant out if the criminal justice system by having them complete a diversion program rather than be incarcerated or serve another USLegal Home', 'For example the median expected annual pay for a typical Parole Officer in the United States is $53,140, so 50% of the people who perform the job of Parole Officer in the United States are expected to make less than $53,140. Source: HR Reported data as of October 2015.1 Salary.2 Salary + Bonus.3 Benefits.or example the median expected annual pay for a typical Parole Officer in the United States is $53,140, so 50% of the people who perform the job of Parole Officer in the United States are expected to make less than $53,140. Source: HR Reported data as of October 2015.']",I cannot answer from the given context.,,0.0,0.0,0.9999999999
what is a position paper in research,"['Writing a Position Paper A position paper (also called a point of view paper) is an essay that presents the authorâ\x80\x99s opinion about an issue. Like a debate, a position paper presents one side of an arguable opinion about an issue.', 'A research paper requires students to locate information about a topic (that is, to conduct research), take a stand on that topic, and provide support (or evidence) for that position in an organized report. (See tips and guidelines below.) Also called a term paper, research project, or research report. (2) The term research paper may also refer to a scholarly article that contains the results of original research or an evaluation of research conducted by others. Most scholarly articles must undergo a process of peer review before they can be accepted for publication in an academic journal.', 'A research fellow is an academic research position at a university or similar research institution, usually for academic staff or faculty members. A research fellow may act either as an independent investigator or under the supervision of a principal investigator. In contrast to a research assistant, the position of research fellow normally requires a doctoral degree, or equivalent work experience for instance in industry and research centers.', ""The research paper. There will come a time in most students' careers when they are assigned a research paper. Such an assignment often creates a great deal of unneeded anxiety in the student, which may result in procrastination and a feeling of confusion and inadequacy.his handout will include the following sections related to the process of writing a research paper: 1 Genre-This section will provide an overview for understanding the difference between an analytical and argumentative research paper."", 'Wiktionary (0.00 / 0 votes) Rate this definition: term paper (Noun). A substantial research paper written by a student over an academic term or semester which accounts for a large amount of a grade and makes up much of the course.']",I cannot answer from the given context.,,0.0,0.0,0.0
what is a studio room in assisted living,"['The assisted living industry is a segment of the senior housing industry and assisted living services can be delivered in stand-alone facilities or as part of multi-level senior living community. The industry is fragmented and dominated by for-profit providers.', 'The lanai room is an extension of the interior living space in many Hawaiian homes. It is often considered the Hawaiian version of the veranda, which is an outdoor living space with open size. A lanai is often furnished with seating, tables and other furniture so that residents can enjoy the views outdoors.', '2 answers. The king leisure room is an open floor plan that comes standard with pillow-top mattress, chaise chair, work desk, ceiling fan, flat panel television, microwave, mini refrigerator, and laptop safe. Our King Executive is mid-level room with all the amenities of the leisure plus a sitting area with sleeper sofa and coffee table.', 'A typical assisted living facility resident would usually be a senior citizen who does not need the level of care offered by a nursing home but prefers more companionship and needs some assistance in day-to-day living. Age groups will vary with every facility.', 'For purposes of this publication, the care setting for the Medication Aide is the skilled nursing center or assisted-living facility, and your clients are referred to as residents. You must adhere to all laws and regulations of the state licensing/accrediting agency.']",I cannot answer from the given context.,,0.0,0.0,0.0
colors in code,"[""The #afeeee HTML color code is made up of 175 Red, 238 Green, and 238 Blue. This color could be named as Pale Turquoise. This color's complement is #eeafaf, which is the opposite on the color wheel. The hue is at 180 degrees, with a saturation value at 64.95 percent and a lightness value of 80.98 percent."", ""Colors are identified in HTML and CSS by their hexadecimal codes. If you're creating a webpage or other HTML project and want to include an element that matches a particular color in an image, website, or program window on your computer screen, you'll need to find the color's hex code. There are a few ways to hunt that code downâ\x80\x94without needing to dig into any source code."", 'This page lists over 500 colours by colour name, Hex value, RGB value and Microsoft Access code number. You cannot specify these colours in HTML and CSS by their colour name but you can use their RGB hexadecimal value, eg: In HTML4 you can type: <font color=#800080>. In HTML5 you should use: <p style=color: #800080>.', 'The simple explanation is that every color used for electrical wiring has a specific meaning, with different colors indicating different circuit types and purposes. Electrical contractors and electricians understand the color codes, but a simple guide can help you understand their significance.', 'Utility color codes are used to identify existing underground utilities in construction areas, to protect them from damage during excavation. Colored lines, flags, or both are used to mark the location and denote the type of underground utility.']",I cannot answer from the given context.,,0.0,0.0,0.0
what is an covenant,"['Covenant. The word covenant, infrequently heard in conversation, is quite commonly used in legal, social (marriage), and religious and theological contexts. The Idea of Covenant. The term covenant is of Latin origin (con venire), meaning a coming together.', 'Use of the wordssuccessors and assigns in such cases is needed to make a covenant run with the land and toensure that it is enforceable against subsequent owners. Caulk v. Orange County, 661 So.2d 932(Fla. App. 5 Dist.', ""The Message of the Covenant. King Solomon's Children. Scripture clearly records that Solomon had one son, Rehoboam (1 Kings 11:43) and two daughters (1 Kings 4:11,14). The Kebra Nagast contains a legend that Solomon sired a son with the Queen of Sheba and that she returned to her own land long before this child was born."", 'a combination, reconciliation, or coalescence of varying, often mutually opposed beliefs, principles, or practices, esp. those of various religions, into a new conglomerate whole typically marked by internal inconsistencies.', 'Of course this may be forbidden, and often is by the lessor, without his consent. By the common law the lessor was not required to make repairs. An estate at will is where land is let to another, to hold at the will of the lessor. By a lease of real property, the lessor grants but a portion of what he possesses. Cyclopedia of Commerce, Accountancy, Business Administration, v. 3 Various The latter was soon turned out, and thereupon brought an action upon the covenant against the executor of the lessor. The Common Law Oliver Wendell Holmes, Jr. Perhaps he is a decent sort of worm, but the lessor had better look out for him.']","A covenant is a term of Latin origin (con venire), meaning a coming together, and it is commonly used in legal, social (marriage), and religious and theological contexts.",,1.0,0.8823061629015877,0.0
what is clockspring,"[""How to Repair the Air Bag Clockspring The air bag clockspring or coil is part of your car's steering wheel. It retracts and expands while you turn your steering wheel. As for its connection with the airbag, it provides electrical continuity for it as well as your radio, cruise control, horn, and other electronic vehicular features."", 'Coordinated Universal Time (French: Temps universel coordonnÃ©), abbreviated as UTC, is the primary time standard by which the world regulates clocks and time. It is within about 1 second of mean solar time at 0Â° longitude; it does not observe daylight saving time.', ""A watch is a small timepiece intended to be carried or worn by a person. It is designed to keep working despite the motions caused by the person's activities. A wristwatch is designed to be worn on a wrist, attached by a watch strap or other type of bracelet. A pocket watch is designed for a person to carry in a pocket. Watches evolved in the 17th century from spring-powered clocks, which appeared as early as the 14th century."", 'If you want a clock in a style of your choice, then you are more likely to find a wider selection among reproduction timepieces. Authentic reproduction clocks are elegant pieces of art, sometimes gaining a level of fame as well. A good antique reproduction clock copies the original clock as closely as possible.', 'The Alliance AT-10c web based time clock is designed to connect to your web based employee account to transfer punches in Real-Time for accurate attendance reporting. No software installation or configuration required - free setup and lifetime support included.']","The air bag clockspring or coil is part of your car's steering wheel. It retracts and expands while you turn your steering wheel and provides electrical continuity for the airbag as well as other electronic vehicular features like your radio, cruise control, and horn.",,1.0,0.5083888069941598,0.0
what is collier investments inc,"['Find 1 listings related to Collier Investments Inc in Shreveport on YP.com. See reviews, photos, directions, phone numbers and more for Collier Investments Inc locations in Shreveport, LA. Start your search by typing in the business name below. What do you want to find?', 'Collier Row is an area in north east London in the London Borough of Havering.', 'Our Story. The Agnew Company is a privately held investment management firm which manages a broadly diversified portfolio of family-owned investments ranging from the stability of natural resources, commercial real estate and long-term operating businesses to the higher risk/return profiles of private equity and venture capital.', 'From the business. Specialties. Community Trust and Investment Company, headquartered in Lexington, KY, is a wholly owned subsidiary of Community Trust Bancorp, Inc. We stress a diversified approach to investing, always keeping at the forefront your unique needs while carefully managing and growing your assets.', 'Alliance Trust â\x80\x93 Investing for generations. Alliance Trust PLC is an investment trust with a unique global equity portfolio that brings together an alliance of best-in-class equity managers* and their best ideas at a competitive cost. It has been pioneering investing since 1888 and its objective is to be a core holding for investors seeking increasing value over the long term.']",I cannot answer from the given context.,,0.0,-0.0,0.0
what is county mean,"['The definition of county refers to an administrative division in a state or country. An example of county used as an adjective is in the phrase county court, which means a court of that particular geographic area. A county is defined as an administrative division of a state or country. An example of a county is Suffolk County on Long Island in New York.', 'Median is the middle point in a set of numbers. Average, also called mean, is when the complete data set is added and then divided by the total number of data points; mean is different from median. The average Troup County household income in 2014 was $53,454, a sharp decline from $67,486 in 2013.', 'District courts are the state trial courts of general jurisdiction. The geographical area served by each district court is established by the specific statute. creating that court. In addition to these state courts, the Texas Constitution provides for a county court in each county, presided over by the county judge. The county judge also serves as head of the county commissioners court, the governing body of the county. To aid the constitutional county court with its judicial', 'Whether youâ\x80\x99re looking for some family fun, a romantic getaway, exciting events, beautiful wineries, some of the best hunting & fishing in the state, a unique meeting or event location, or a group tour destination, youâ\x80\x99ve come to the right place. Coshocton County is also known for its affordability, which means MORE FUN for you and your family!', 'Randolph County, Missouri. Randolph County is a county located in the northern portion of the U.S. state of Missouri. As of the 2010 census, the population was 25,414. Its county seat is Huntsville. The county was organized January 22, 1829 and named for U.S. Representative and U.S. Senator John Randolph of Roanoke of Virginia. Randolph County comprises the Moberly, MO Micropolitan Statistical Area, which is also included in the Columbia-Moberly-Mexico, MO Combined Statistical Area.']",A county refers to an administrative division in a state or country.,,1.0,0.9333028130216126,0.0
what is diflorasone diacetate cream used for,"['What Is Diflorasone Diacetate Used For? Diflorasone diacetate is a prescription skin medication used to treat inflammation and itching due to a wide variety of different conditions. Such conditions include but are not limited to: Atopic dermatitis. Contact dermatitis. Eczema. Psoriasis. Poison ivy. Seborrhea.', 'It relieves inflammation (swelling, heat, redness, and pain) and is used to treat certain forms of arthritis; skin, blood, kidney, eye, thyroid, and intestinal disorders (e.g., colitis); severe allergies; and asthma. Dexamethasone is also used to treat certain types of cancer.', 'DMSO relieves pain, reduces swelling, inflammation and much more. See 30 DMSO uses, from burns to scleroderma, plus directions, side effects, safety. DMSO pain relief is most frequently for muscles and joints. Applied to the skin, DMSO is an excellent anti-inflammatory and has many uses as a general pain reliever. It has been used with varying degrees of success in a great variety of medical ailments. Possible applications include:', 'Monistat Vaginal Cream (miconazole nitrate vaginal cream) is an azole antifungal medication used to treat vaginal candida infections. Some formulations of this medication are available in generic form and over-the-counter . Common side effects of Monistat Vaginal Cream include: burning, stinging, swelling, irritation, redness, pimple-like bumps, tenderness, itching, pain, or flaking of the treated skin; headache, burning/itching/pain in the vagina or urinary opening; an increased need to urinate, or ; lower abdominal cramps. Monistat Vaginal Cream is usually used once/daily at bedtime, and applied directly into the vagina.', 'Fluticasone propionate nasal spray (Flonase, Flonase Allergy Relief) is a corticosteroid prescribed for the management of symptoms of seasonal or perennial allergic and non-allergic rhinitis. Side effects, drug interactions, dosage, safety during pregnancy, and safety in children should be reviewed prior to taking this medication.']","Diflorasone diacetate is used to treat inflammation and itching due to a variety of conditions, including atopic dermatitis, contact dermatitis, eczema, psoriasis, poison ivy, and seborrhea.",,1.0,0.7573585636396755,0.0
what is does un stands for,"['189 meanings of UN acronym and UN abbreviation. Get the definition of UN by All Acronyms dictionary. Top Definition: United Nations', 'Uni (oo-nee) is the Japanese name for the edible part of the Sea Urchin. While colloquially referred to as the roe (eggs), uni is actually the animalâ\x80\x99s gonads (which produce the milt or roe). Uni ranges in color from rich gold to light yellow, and has a creamy consistency that some love and is off-putting to others.', ""Best Answer: It's not always feminine if there's an e on the end. Examples: pepper: le poivre (m) book: le livre (m) television: la television (f) house: la maison(f) Le and un is for masculine and la and une is for feminine.les and des is for plural, both masculine and feminine.est Answer: It's not always feminine if there's an e on the end. Examples: pepper: le poivre (m) book: le livre (m) television: la television (f) house: la maison(f) Le and un is for masculine and la and une is for feminine."", 'The Congress of Vienna, widely considered the precursor to today s United Nations, was the international conference called by the victorious allied nations for the purpose of redrawing the map of Europe and restoring disenfranchised monarchies after their defeat of Napoleon.', ""Corrections. By protecting the rights of prisoners, UN Peacekeeping promotes faith in a countryâ\x80\x99s legal system and the long-term stability it fosters. UN Photo. UN Corrections Officers and Sudanese officials talk to female inmates in the women's section of the Torit prison in Southern Sudan.""]",UN stands for United Nations.,,1.0,0.9543506065378593,0.0
what is full recourse guaranty,"[""What is 'Full Recourse Debt' A full recourse debt is a guarantee that no matter what happens, the borrower will repay the debt. Typically with a full recourse loan no occurrence, such as loss of job or sickness, can get the borrower out of the debt obligation."", 'recourse, resort, refuge (noun) act of turning to for assistance have recourse to the courts; an appeal to his uncle was his last resort recourse, refuge, resort (noun) something or someone turned to for assistance or security his only recourse was the police; took refuge in lying', ""a guarantor of another's obligation. SURETY, contracts. A person who binds himself for the payment of a sum of money or for the performance of something else, for another, who is already bound for the same. A surety differs from a guarantor, and the latter cannot be sued until after a suit against the principal. 10 Watts, 258."", ""Recourse or Nonrecourse Varies from State to State Whether a mortgage loan is recourse or nonrecourse varies from state to state, depending on the state's laws. Most states allow a lender to obtain a deficiency judgment, but typically there are restrictions."", 'Government should restore the general prohibition on direct borrowing by superannuation funds by removing Section 67A of the Superannuation Industry (Supervision) Act 1993 (SIS Act) on a prospective basis. This section allows superannuation funds to borrow directly using limited recourse borrowing arrangements (LRBAs).']",I cannot answer from the given context.,,0.0,0.0,0.0
what is grievances,"['Grievance (labour) A grievance is a formal complaint that is raised by an employee towards an employer in the workplace. There are many reasons as to why a grievance can be raised, and also many ways to go about dealing with such a scenario.', ""Definition of GRAVAMEN: The burden or gist of a charge; the grievance or injury specially complained of.In English ecclesiastical law. A grievance complained of by the clergy befo The Law Dictionary Featuring Black's Law Dictionary Free Online Legal Dictionary 2nd Ed."", ""Here you can express your grievances with the YouTube-based video game channel: Game Grumps; its shows/episodes; its members; the games they play, the games they don't play; the gameplay, the lack of gameplay; the successes, the failures; the wins, the losses; the good, the bad, the ugly; and much, much more!"", 'An Act Declaring the Rights and Liberties of the Subject and Settling the Succession of the Crown. And that for redress of all grievances, and for the amending, strengthening and preserving of the laws, Parliaments ought to be held frequently.', 'Providers can submit a grievance by mail or fax. Learn more on our Grievances page. Appeals can be submitted online, by mail or fax. Learn more about what types of claims and authorizations can be appealed and who can file an appeal on the appeals page, or by viewing the TRICARE North Region Provider Handbook.']",A grievance is a formal complaint that is raised by an employee towards an employer in the workplace.,,1.0,0.5596117678334216,0.99999999995
what is guarantee bond,"[""What is 'Guaranteed Investment Fund (GIF)' Guaranteed investment income is a type of investment product offered by insurance companies that allows its client to invest in an equity, bond and/or index fund while providing a promise of a predefined minimum value of the fund (usually, the initial investment amount) will be available at the fund's maturity or when the client dies."", 'Bid Bond Definition: A guarantee that the bid you submit for a project (usually public construction jobs) is accurate and will post a performance bond. If your bid is inaccurate, you win the project but back out of the job or cannot post a performance bond, a claim can be made against your bid bond which youâ\x80\x99re responsible to pay.', 'The difference between Treasury and savings bonds. Guarantee of principal. Both have principal backed by the U.S. government. However, with savings bonds that principal is held steady throughout the life of the bond, while the face value of the Treasury bond is only guaranteed at the maturity date.', 'The distinction between performance bonds and guarantees is not always clear. Mark Clinton reports. It is a sign of the times that performance bonds have become commonplace again on projects. The last thing you want is a dispute over whether you can claim under them when you need to.', 'The BMC-84 is the form used for the surety bond option, which only costs a percentage of the required bond amount. The surety bond is a form of surety credit to you, as the surety company is guaranteeing you will follow FMCSA regulations.']",I cannot answer from the given context.,,0.0,0.0,0.0
what is ibm chat,"[""Open iTunes to buy and download apps. IBM Connections Chat is the official app for presence, instant messaging, audio and video chat, and telephony for IBM's award-winning Connections platform. IBM Connections Chat delivers new and exciting capabilities that give you access to your people networks from the comfort of your iPhone, iPad, or iPod Touch."", 'vs. IBM SilverPop. On the Internet, E2E has been used to mean exchange-to-exchange-that is, the exchange of information or transactions between Web sites that themselves serve as exchanges or brokers for goods and services between businesses. E2E can be thought of as a form of B2B.', 'Google Hangouts. Google Hangouts is a communication platform developed by Google which includes instant messaging, video chat, SMS and VOIP features. It replaces three messaging products that Google had implemented concurrently within its services, including Google Talk, Google+ Messenger (formerly: Huddle), and Hangouts, a video chat system present within Google+.', 'Google Talk is an instant messaging service that provides both text and voice communication. Google Talk is also the name of the client applications offered by Google to access the service. Google Talk is integrated into Gmail. Users can send instant messages to other Gmail users. As it works within a browser, the Google Talk client does not need to be downloaded to send instant messages to Gmail users.', 'PS/2 keyboard or PS/2 mouse redirects here. For the physical keyboards normally supplied with IBM PS/2 computers (among other hardware), see Model M keyboard. The PS/2 port is a 6-pin mini-DIN connector used for connecting some keyboards and mice to a PC compatible computer system. Its name comes from the IBM Personal System/2 series of personal computers, with which it was introduced in 1987.']","IBM Connections Chat is the official app for presence, instant messaging, audio and video chat, and telephony for IBM's award-winning Connections platform. It provides access to people networks from iPhone, iPad, or iPod Touch.",,1.0,0.8382652411619745,0.0
cost alternative to restasis,"['SAN DIEGO, Oct. 19, 2017 /PRNewswire/ -- Imprimis Pharmaceuticals, Inc. (NASDAQ: IMMY), an ophthalmology-focused pharmaceutical company, today announced it is making compounded Cyclosporine-based formulations available for physicians to consider prescribing as customizable and potentially lower-cost alternatives to RestasisÂ®.', 'Additionally, a restocking fee of $45 for applicable devices may apply. If the product is returned in its original unopened packaging or has not been activated, no restocking fee will be applied. If service is canceled within 3 days of activation, the activation fee will be refunded as a credit on your account.', 'The exact cost of human cremation depends on factors like the region, the type of cremation service you choose, the cost of casket or alternative container, price of cremation urn, the way you want to dispose of the ashes, etc. Thus, there is no standard cost of a cremation.Nevertheless, cremations are mostly cheaper than traditional burials. The prices usually start around $600â\x80\x93700. Yet, people spend several thousand dollars on cremation and funeral services.Funeral homes also offer direct cremation services. This is the least expensive method because it is a simple yet dignified way to prepare for the final disposition of the dead.According to the Cremation Research Council, the average cost of a direct cremation is $1,100.This process does not include a traditional funeral service involving viewing of the body before cremation. Consequently, you do not need to spend on a casket and embalming of the body.his is the least expensive method because it is a simple yet dignified way to prepare for the final disposition of the dead. According to the Cremation Research Council, the average cost of a direct cremation is $1,100.', ""At assisted living communities, temporary care respite stays are usually less than one month long, and can cost between $75 to $200 per day, according to 2012 Genworth.com data. It's important to keep in mind that the cost of respite care varies with the type of agency and services the person needs."", 'OpenOffice â\x80\x93 Free alternative to PowerPoint. While a full version of PowerPoint could cost you over Â£300, there is a very good open source alternative. And what is better it is free too. It is part of the Open Office suite and it is called Impress.']",Imprimis Pharmaceuticals is making compounded Cyclosporine-based formulations available as customizable and potentially lower-cost alternatives to Restasis.,,1.0,0.4414391647628502,0.9999999999
what is lmis,"['What is LMIS The national Labour Market Information System (LMIS) is a job matching facility as well as a database of qualitative and quantitative information. The information is collected from a number of labour market information producers and disseminated via the web site in order to improve access.', 'Lysine is an amino acid (building block of protein), and it is also known as L-2,6-diaminohexanoic acid, Lisina, Lys, Lysine Hydrochloride, Lysine Monohydrochloride, and other names. Lysine has been used in alternative medicine as a possibly effective aid in treating cold sores due to herpes simplex.', 'NORM (LSA) Management. Naturally occurring (NORM) deposits have been identified and recognised within the oil and gas exploration and production industry, for a number of decades. NORM is also known as LSA (Low Specific Activity Scale).', 'What is Litmos LMS? Litmos LMS is one of the leading corporate learning systems on the market, and a traditional Salesforce partner for sales and service training and secure data exchange. It won our Expertâ\x80\x99s Choice Award for 2017 as well as the Supreme Software Award.', 'News Releases. LSC Communications Invests in HP Digital Production Technology to Support Growing Book Publishing Client Demand. CHICAGO--(BUSINESS WIRE)-- LSC Communications, Inc. (NYSE: LKSD) announced today that the Company has entered into agreements to expand its digital book production platform.']",The national Labour Market Information System (LMIS) is a job matching facility as well as a database of qualitative and quantitative information. The information is collected from a number of labour market information producers and disseminated via the web site in order to improve access.,,1.0,0.49383882061900963,0.9999999999
cost for child cineplex,"['[Costco] Costco Cineplex Child Movie Package $9.99, Great escape 2 adult tickets $25.99. Search this thread', 'For patients not covered by health insurance, circumcision for a newborn infant typically costs $150-$400 for the doctor fee, and possibly an additional facility fee, which can increase the total to $800 or more. For example, Gentle Circumcision in California charges $150 to circumcise babies up to seven weeks old.', 'Shares & Saves. Save. The process of obtaining or changing child custody can range from $100 to $500 for an uncontested case and $1,000 to $35,000 or more for a contested case. Typical costs for custody proceedings include fees for filing, service, attorneys, specialists and miscellaneous expenses.hares & Saves. Save. The process of obtaining or changing child custody can range from $100 to $500 for an uncontested case and $1,000 to $35,000 or more for a contested case. Typical costs for custody proceedings include fees for filing, service, attorneys, specialists and miscellaneous expenses.', 'Child Care Insurance. Insurance costs vary by the location, size and features of your center. West Bend Mutual Insurance Company, located in Middleton, Wisconsin, reported in April 2013 that its large, commercial daycare owners had premiums around $2,000 a year.The cost for in-home daycare facilities was $250 to $500 per year.hild Care Insurance. Insurance costs vary by the location, size and features of your center. West Bend Mutual Insurance Company, located in Middleton, Wisconsin, reported in April 2013 that its large, commercial daycare owners had premiums around $2,000 a year.', ""A 1/2 day clinic, that can include up to 15 people will cost $400. Children's clinics/camps will be priced at $80 for five half day sessions. The fields will be available for rent on an hourly basis to members. Rental of a field will cost $55 per hour during the day and $65 per hour during the evenings and weekends.""]",I cannot answer from the given context.,,0.0,-0.0,0.0
what is medical aki,"['Acute kidney injury (AKI) is a condition where your kidneys suddenly stop working properly. Usually this happens when you are unwell from another illness.... Acute kidney injury (AKI) is a condition where your kidneys suddenly stop working properly. Usually this happens when you are unwell from another illness.... Patient Access', 'In all, the incidence of P-AKI has probably decreased, but its fetal and maternal morbidity remain unacceptably high, even in developed countries. Pregnancy hypertensive complications, notably HELLP syndrome, are the leading cause of P-AKI. P-TMA is a clinically challenging cause of P-AKI.ther causes include postabortum (first trimester) or puerperal sepsis, ante-or postpartum hemorrhage, intrauterine death, acute fatty liver, and thrombotic microangiopathy (TMA). The main causes of P-AKI are shown in Figure 1 according to their predominant timing of occurrence during pregnancy.', 'While there is no evidence that converting patients from oliguric to nonoliguric renal failure has a beneficial effect on mortality or recovery of renal function after AKI, avoiding fluid overload and inducing a net negative fluid balance correlate with better outcomes after AKI.', 'OverviewAn upper respiratory infection (URI) is a viral or bacterial infection that affects the upper respiratory tract (nose, throat [pharynx], sinuses, and voice box [larynx]); these are the most common of all illnesses.he most familiar upper respiratory infections include the common cold (rhinopharyngitis), infection of the throat (pharyngitis), tonsils (tonsillitis), the maxillary sinuses behind the nose (sinusitis), and the larynx (laryngitis). Ear infections (acute otitis media) are another manifestation of URI.', ""What Is Medical Marijuana? Medical marijuana is any part of the marijuana plant that you use to treat health problems. People use it to get relief from their symptoms, not to try to get high. Most marijuana that's sold legally as medicine has the same ingredients as the kind that people use for pleasure.""]",I cannot answer from the given context.,,1.0,0.0,0.0
what is nabumetone used to treat,"['Nabumetone is a nonsteroidal anti-inflammatory drug (NSAID) used to treat mild to moderate pain and help relieve symptoms of arthritis (osteoarthritis and rheumatoid arthritis), such as inflammation, swelling, stiffness, and joint pain. This medicine does not cure arthritis and will help you only as long as you continue to take it .', ""This medication is used to treat various cancers (e.g., leukemia, melanoma, AIDS-related Kaposi's sarcoma). It is also used to treat virus infections (e.g., chronic hepatitis B, chronic hepatitis C, condylomata acuminata). This medication is the same as a protein that your body naturally produces (interferon). In the body, it is thought to work by affecting cell function/growth and the body's na.."", 'Salbutamol, also known as albuterol and marketed as Ventolin among other names, is a medication that opens up the medium and large airways in the lungs. It is used to treat asthma, exercise-induced bronchospasm, and chronic obstructive pulmonary disease (COPD). It may also be used to treat high blood potassium levels.', '1 It also used to treat severe bacterial infections in newborn babies, and to prevent infection in ears and eyes after they have been damaged. 2 It is a type of aminoglycoside antibiotic. 3 It is used to kill the bacteria and clear up the infection. 4 In general this drug is used to fight infections by susceptible bacteria.', 'Nitrofurantoin belongs to the class of medications called antibiotics. It is used to treat urinary tract infections or bladder infections caused by certain types of bacteria. It helps to eliminate the symptoms of urinary tract infections such as burning, pain, frequent urination, and a constant urge to urinate.t is used to treat urinary tract infections or bladder infections caused by certain types of bacteria. It helps to eliminate the symptoms of urinary tract infections such as burning, pain, frequent urination, and a constant urge to urinate.']","Nabumetone is used to treat mild to moderate pain and help relieve symptoms of arthritis (osteoarthritis and rheumatoid arthritis), such as inflammation, swelling, stiffness, and joint pain.",,1.0,0.906024154209831,0.0
cost of attendance eastern illinois university,"['Eastern Illinois University has roughly 8,000 students. Admission is selective. Tuition is approximately $8,550 per year for residents of Illinois and other bordering states, while it is $10,680 for non-residents. Additional fees amount to $2,762.32. The university estimates its average cost-of-attendance to be approximately $24,640 per academic year. Tuition is expected to increase in the 2016-2017 academic year.', 'Tuition for Lewis University is $27,830 for the 2014/2015 academic year. This is 10% more expensive than the national average private non-profit four year college tuition of $25,229.The cost is $5,873 and 27% more expensive than the average Illinois tuition of $21,957 for 4 year colleges.Tuition ranks 61st in Illinois amongst 4 year colleges for affordability and is the 25th most expensive 4 year college in the state.Price does not vary by residence.uition for Lewis University is $27,830 for the 2014/2015 academic year. This is 10% more expensive than the national average private non-profit four year college tuition of $25,229.', 'Total Costs. The annual tuition and living expense budget to go to Kendall College was $39,109 for the 2015/2016 academic year. The cost is the same for all students regardless of Illinois residence status as there is no in-state discount.', 'Estimated Cost of Attendance For 2016-2017 (9 month Fall/Spring full-time) View the tuition & fees chart. * Fees based on double occupancy rate and 15 meals per week. Note: all fees are for academic year 2016-2017 and are subject to change. Notes on Costs: 1 Full Time - defined as 12 or more credit hours each term. Tuition - based on the location of all classes being on the main campus.', 'Approximate cost to attend the University of Kentucky for the 2012â\x80\x9313 academic year is $23,100 for a Kentucky resident. This includes: $9,816 for tuition and fees. $10,200 for room and board. $800 for books and supplies. $2,284 for miscellaneous and travel expenses.']","The average cost-of-attendance at Eastern Illinois University is approximately $24,640 per academic year.",,1.0,0.8541016493284932,0.0
what is nyu ranked,"[""NYU ranked 7th among the World's top 100 universities for producing millionaires, as compiled by Times Higher Education World University Rankings. NYU ranked 5th globally among universities with the highest number of alumni worth $30 million or more, as compiled by ABC News. CNBC ranked NYU 4th globally among universities with the most billionaire graduates. Student life Student government. The Student Senators Council is the governing student body at NYU."", 'About NYU. Excellence and opportunity abound at the prestigious New York University (NYU) in New York City. NYU is the sought-after destination for undergraduate and graduate students working in and seeking to study an array of disciplines.', ""The best for the brightest: The city schools' gifted-and-talented admissions process needs an overhaul. Nowhere is the tale of two cities more evident than in the gifted-and-talented programs of New York Cityâ\x80\x99s public schools. Those are the elite classes and schools reserved for the very young students who score highest on an aptitude test â\x80\x94 and they skew dramatically toward the most privileged families."", ""Buenos Aires ranked 19th out of the 207 cities in the 2015 Mercer Cost of Living Survey, a significant increase since 2014's 86th ranking.However, is still cheaper than London, New York and Tokyo. Accommodation in Buenos Aires can be very expensive when compared to other cities.owever, the Argentinian economy does have the tendency to go up and down and inflation is very unstable. Buenos Aires ranked 19th out of the 207 cities in the 2015 Mercer Cost of Living Survey, a significant increase since 2014's 86th ranking. However, is still cheaper than London, New York and Tokyo."", 'According to Pearson, the United States has a â\x80\x9ccognitive skills and educational attainmentâ\x80\x9d score of 0.39, which makes the United States rank fourteenth out of forty countries ranked in that category. The top ten countries (and their scores) are: 1 South Korea (1.30). 2 Japan (1.03).']","NYU is ranked 7th among the World's top 100 universities for producing millionaires, 5th globally among universities with the highest number of alumni worth $30 million or more, and 4th globally among universities with the most billionaire graduates.",,1.0,0.7283076541709411,0.0
what is on the outside of dna,"['The sugar-phosphate backbone is on the outside and the four different bases are on the inside of the DNA molecule. The two strands of the double helix are anti-parallel, which means that they run in opposite directions.', 'Nucleotides are composed of three units: base, sugar (monosaccharide) and phosphate. Bases are found in both DNA and RNA. As seen below, they are adenine, cytosine, guanine, thymine, and uracil.They are abbreviated (A, C, G, T, U).denine (A) cytosine (C) guanine (G) thymine (T) uracil (U). The sugar component in RNA is ribose and in DNA is deoxyribose (hence the name ribonucleic acid and deoxyribonucleic acid). The third component of nucleotides is the phosphate ion.', ""Your DNA is what makes you uniquely you. It's that double helix that your genes are made of. Your DNA accounts for why you resemble your parents and it distinguishes you from your pet frog and from everybody else. DNA stands for deoxyribonucleic acid, sometimes called the molecule of life, as almost all organisms have their genetic material codified as DNA. Since each personâ\x80\x99s DNA is unique, DNA typing is a valuable tool in connecting suspects to crime scenes."", 'Some scientists speculate that viruses started as rogue segments of genetic code that adapted to a parasitic existence. All viruses contain nucleic acid, either DNA or RNA (but not both), and a protein coat, which encases the nucleic acid. Some viruses are also enclosed by an envelope of fat and protein molecules.In its infective form, outside the cell, a virus particle is called a virion. Each virion contains at least one unique protein synthesized by specific genes in its nucleic acid.he virus has a tail which it attaches to the bacterium surface by means of proteinaceous pins.. The tail contracts and the tail plug penetrates the cell wall and underlying membrane, injecting the viral nucleic acids into the cell.', 'The Structure of DNA . Nucleic acids are made up of chains of many repeating units called nucleotides (see bottom left of Figure 1 below). The DNA molecule actually consists of two such chains that spiral around an imaginary axis to form a double helix (spiral.)']",The sugar-phosphate backbone is on the outside of the DNA molecule.,,1.0,0.5561776262626802,0.0
what is pimple,"['A pimple, also called a blemish or a zit, is a small swelling in the skin caused by a blockage of a pore. Recurrent or multiple pimples are termed acne. Many people view blemishes as unsightly, and try to avoid getting them, if possible.', 'Photo: Levi Brown/Trunk Archive. Acne is a complex issueâ\x80\x94thereâ\x80\x99s no single cause of breakouts, and what triggers a pimple in one person might be benign to another. With that said, if topical treatments havenâ\x80\x99t made a difference, it may be time to change what you eat.', 'Pelvic inflammatory disease (PID) is an infection and inflammation of the uterus, ovaries, and other female reproductive organs. It causes scarring in these organs. This can lead to infertility, ectopic pregnancy, pelvic pain, abscesses, and other serious problems.', 'Boils can often resemble a pimple but boils are dome-shaped, red and tender to touch and look like raised bumps. Pimples are typically smaller, and not as painful. Where are common places for boils to appear? Boils are usually found on the back of the neck, face, armpits and buttocks, but can happen wherever hair grows on the body, or in areas where skin is irritated from constant friction. How do you treat boils?', ""They are pearly penile papules, small in size (approximately 1-2 mm) and they look just like pimples, but are not pimples. They are actually tinny glands, and you shouldn't pick on them. They occur around the margin of the penis head, and can be seen when foreskin is pulled back. They usually develop in teenage years, but may occur up to the age of 40. They are visible in some men, while in others are less noticeable. Around 10% of men is affected by pearly penile papules.""]","A pimple, also called a blemish or a zit, is a small swelling in the skin caused by a blockage of a pore. Recurrent or multiple pimples are termed acne. Many people view blemishes as unsightly and try to avoid getting them, if possible.",,1.0,0.8229566311632012,0.0
what is ring around the rosie,"['The nursery rhyme Ring around the Rosie came about during the time of the Black Death. Here are what the lyrics mean: Ring around the rosie is a reference to the black sores that would appear on your body as part of the plague. Your rosie is around the center of the back of your hand. A pocket full of posies is a reference to people would carrying posies (flowers) around to not smell the sickening scent of dead bodies everywhere.', 'Vaginal rings (also known as intravaginal rings, or V-Rings) are polymeric drug delivery devices designed to provide controlled release of drugs for intravaginal administration over extended periods of time. The ring is inserted into the vagina and provides contraception protection.', 'Ask Us Anything! The History of the O-Ring. An O-ring is a loop of elastomer with a round (O-shaped) cross section used as a mechanical seal. They are designed to be seated in a groove and compressed during assembly between two or more parts, creating a seal at the interface.', ""The One Ring is an artefact that appears as the central plot element in J. R. R. Tolkien's The Lord of the Rings (1954â\x80\x9355). It is described in an earlier story, The Hobbit (1937), as a magic ring of invisibility."", 'Toilets are typically made of porcelain. The wax ring fits around the exit hole in the bottom of the fixture and rests on the flange, which sits atop the drainpipe. A flange is often made of polyvinyl plastic, but it may be made of cast iron in older homes. A broken wax ring can cause several issues in the bathroom.']",Ring around the rosie is a reference to the black sores that would appear on your body as part of the plague. Your rosie is around the center of the back of your hand. A pocket full of posies is a reference to people carrying posies (flowers) around to not smell the sickening scent of dead bodies everywhere.,,1.0,0.8075537965597533,0.0
har-co credit union routing number,"['HAR-CO Credit Union Website Home Page HAR-CO Credit Union Online Banking Website Credit Union Mobile Application Click here Routing Number: 255076892. Find us on Twitter and Facebook! Phone Number 410-838-9090. More Information. HAR-CO Credit Union of Bel Air, Maryland has been serving its members for more than 59 years, currently from 3 locations. Classified as a state-chartered natural person credit union. Checking services include no cost share drafts, share certificates with low minimum balance requirements, bill pay services and overdraft lines of credit.', 'Ent Federal Credit Union Routing Number ent federal credit union routing aba number 307070005 routing number is a 9-digit number designed and assigned to Ent Federal Credit Union by The American Bankers Association (ABA) to identify the financial institution upon which a payment was drawn.', 'Secure Area | Privacy | Â© 2014 Greater Nevada Credit Union All Rights Reserved. Greater Nevada Credit Union | P.O. Box 2128, Carson City, NV 89702 | Phone: (800)421-6674 | Fax: (775)884-7050', '262277260 is a routing number of TUSCALOOSA CREDIT UNION. Check detailed information about 262277260. This bank routing number is required for electronic funds transfer. Bank routing number of TUSCALOOSA CREDIT UNION is the first nine digits of the number along the bottom left section of your check. The routing number for checking, savings and money market accounts identifies the financial institution where the account was opened and is located.', ""LANSING, KS 66043. Credit Union Of Leavenworth County's routing number (the leftmost number on the bottom of a check) is 301179041. Sometimes, banks have multiple routing numbers for different branches or uses. Please make sure this is the correct routing number for your branch!""]",The routing number for HAR-CO Credit Union is 255076892.,,1.0,0.9367361940111628,0.0
what is sealaska corporation,"[""A Native-owned corporation with more than 16,500 shareholders, Sealaska Corporation is the largest private landholder in southeast Alaska. The company's principal investments include forest products, financial markets, telecommunications, entertainment, plastics, and minerals development."", ""Alcoa Corporation (from aluminum company of America) is an American industrial corporation. It is the world's sixth largest producer of aluminum, with corporate headquarters in Pittsburgh, Pennsylvania. Alcoa conducts operations in 10 countries."", 'What is a SEAL? He is a common man with uncommon desire to succeed. A SEALâ\x80\x99s unflinching commitment to accomplish his mission is something that cannot be taught. Beyond his rigorous physical training, mental discipline and technological resources, it is his extraordinary, innate force of will that ensures a SEALâ\x80\x99s place amongst the pinnacle of elite warriors.', 'ClubCorp (NASDAQ: MYCC)is an American corporation with a home office in Dallas and is the largest owner and operator of private golf and country clubs in the country. It owns or operates more than 200 golf and country clubs and business, sports and alumni clubs worldwide. Located in 26 states, the District of Columbia and two foreign countries, the company and the clubs in its network serve more than 430,000 members and employ approximately 20,000 peak-season employees.', 'Cameron International. Cameron International Corporation (formerly Cooper Cameron Corporation, CCC) is a Schlumberger company and a global provider of pressure control, processing, flow control and compression systems as well as project management and aftermarket services for the oil and gas and process industries.']","Sealaska Corporation is a Native-owned corporation with more than 16,500 shareholders and is the largest private landholder in southeast Alaska. The company's principal investments include forest products, financial markets, telecommunications, entertainment, plastics, and minerals development.",,1.0,0.826903685520486,0.0
what is the current ratio for restaurants industry,"['Current Ratio = $32,000/$28,000 = 1.14 This means that there is $1.14 of current assets for every $1.00 of current liabilities and is a rough measure of your ability to pay your outstanding bills. In most industries a ratio of 1:1 is considered to be reasonable. Restaurants typically have lower ratios because they maintain relatively small inventory levels combined with a quick cash turnover (meals are paid for the same day as they are served).', 'The starters entering the industry earn roughly $27,000 per year. An additional $500 or more is earned through bonuses and profit sharing. The salaries range between roughly $21000 and $53,600 per year. Of course, the salary handed out depends on the experience of the restaurant manager.Someone with four or more years of experience has the capacity to earn at least $50,000 a year.Of course, another component of the salary depends on the location.hoenix, Arizona sees high earners gain roughly $73,000 per year while Charlotte, North Carolina pays $84,000 per year on average to its restaurant managers. If the restaurant is located in a tourism area, the staff earns more. Also, the Restaurant Management Salary is higher if the clients are of sophisticated nature.', ""The current ratio helps investors and creditors understand the liquidity of a company and how easily that company will be able to pay off its current liabilities. This ratio expresses a firm's current debt in terms of current assets.he current ratio is calculated by dividing current assets by current liabilities. This ratio is stated in numeric format rather than in decimal format. Here is the calculation: GAAP requires that companies separate current and long-term assets and liabilities on the balance sheet."", 'This average includes higher-paying titles, however, such as restaurant general managers. According to food service industry website FoodChefJobs.com, the average pay for an assistant restaurant manager is about $40,000 per year. Salary website Indeed.com concurs, listing $41,000 as the national average salary for an assistant restaurant manager.', 'For example the median expected annual pay for a typical Assistant Restaurant Manager in the United States is $39,956, so 50% of the people who perform the job of Assistant Restaurant Manager in the United States are expected to make less than $39,956.Source: HR Reported data as of October 2015. 1 Salary. 2 Salary + Bonus.ur team of Certified Compensation Professionals has analyzed survey data collected from thousands of HR departments at companies of all sizes and industries to present this range of annual salaries for people with the job title Assistant Restaurant Manager in the United States.']",I cannot answer from the given context.,,0.0,0.0,0.0
what is the educational system of sweden,"['The educational system in Sweden is based on a nine-year primary school, or Grundskola, with mandatory attendance. Following this comes an elective three-year secondary school, or Gymnasieskola, which is divided in two instances where you either prepare for higher education or receive vocational education.', 'Today, Sweden is a constitutional monarchy and a parliamentary democracy, with the Monarch as the head of state. The capital city is Stockholm, which is also the most populous city in the country. Legislative power is vested in the 349-member unicameral Riksdag.Executive power is exercised by the Government, chaired by the Prime Minister. Sweden is a unitary state, currently divided into 21 counties and 290 municipalities.weden has been a member of the European Union since 1 January 1995, but declined Eurozone membership following a referendum. It is also a member of the United Nations, the Nordic Council, Council of Europe, the World Trade Organization and the Organisation for Economic Co-operation and Development (OECD).', 'Sweden, officially known as the Kingdom of Sweden, is a constitutional monarchy situated in Northern Europe, bordering the Baltic Sea, Gulf of Bothnia, Kattegat, and Skagerrak, between Scandinavian Finland and Norway. With a total area of 173,745 square miles, Sweden is slightly larger than California.', 'The French Educational System. In France, education is the responsibility of the state and is provided through a series of state (i.e., public) schools, although private schools are also available. Education is mandatory up to the age of 16 and is free until the age of 18.', 'I work as an English and Swedish teacher in Sweden. Most Swedes regard English as a natural part of their lives, not all speak it well, it depends on their ability and willingness to study and improve of course. Today, every single kid learn English by the age of ten, if not earlier, and study it until the age of 18-19.inns are not â\x80\x9ctrying to be part of Europe and Scandinaviaâ\x80\x9d, since they are already very much part of Europe and northern Europe/Nordic countries. Finland is not part of Scandinavia, despite many similarities, and no-one is interested in that anyway. Finns do speak good English.']","The educational system in Sweden is based on a nine-year primary school, or Grundskola, with mandatory attendance. Following this, there is an elective three-year secondary school, or Gymnasieskola, which is divided into two instances: one that prepares students for higher education and another that provides vocational education.",,1.0,0.8497917521746393,0.0
what is the effect of third person omniscient,"['Third person omniscient is a point of view where the narrator knows all the thoughts, actions, and feelings of all characters. The author may move from character to character to show how each one contributes to the plot. An author may use third person omniscient so the audience can experience the story through several different characters.', 'Third person limited gives your readers access to a characterâ\x80\x99s inner thoughts and emotions the way first person narration does, but unlike first person, where the narrator and protagonist are one entity, a limited third person viewpoint puts a critical sliver of distance between protagonist and narrator.', 'Third-Person Limited: When a narrator uses third-person limited perspective, the narratorâ\x80\x99s perspective is limited to the internal workings of one character. In other words, the narrator reveals the thoughts and feelings of one character through explicit narration.', 'We often think of point-of-view as being the characterâ\x80\x99s perspective (and it is), but itâ\x80\x99s also about the readerâ\x80\x99s perspective. A third-person narrative has the camera outside the action â\x80\x94 maybe hovering over one character, maybe pulling back all the way to the corner.', ""Munchausen syndrome by proxy (MSBP) is a fabrication of illness by a third person that allows the third person, usually the victim's mother, to assume the role of caregiver.""]","The effect of third person omniscient is that the audience can experience the story through several different characters, as the narrator knows all the thoughts, actions, and feelings of all characters.",,1.0,0.8462503195260634,0.0
what is the goal for the child with a cognitive impairment?,"['Promoting optimum development. The goal for children with cognitive impairment is the promotion of optimum social, physical, cognitive, and adaptive development as individuals within a family and community. Vocational skills are only one part of that goal. The focus must also be on the family and other aspects of development.', 'Strategies for Parents. 1 Learn about your childâ\x80\x99s orthopaedic impairment. The more you know, the more you can help yourself and your child. 2 Love and play with your child. Treat your son or daughter as you would a child without disabilities.', 'Our Arizona Developmentally Disabled (DD) Program addresses the specific needs of children and adults with conditions such as autism, cerebral palsy or other cognitive disabilities. Members can choose their own doctor. And they get many services to help the family manage their care. Choose â\x80\x9cView Planâ\x80\x9d to see what our plan offers.', 'Cognitive Therapy for Depression Chapter 15: Therapy Beckâ\x80\x99s Cognitive Therapy â\x80\x93 Developed for depression, but used for anxiety disorders also â\x80\x93 Goal: change clientsâ\x80\x99 self-defeating thinking â\x80\x93 Train clients to look at themselves in new, positive ways â\x80\x93.', 'But for the caregiver, thereâ\x80\x99s a lot of common ground, too. The fact is, taking care of someone who suffers from cognitive problems -- rather than physical ones -- requires different expectations and a special set of caregiving skills.']","The goal for children with cognitive impairment is the promotion of optimum social, physical, cognitive, and adaptive development as individuals within a family and community.",,0.0,0.9655966657066548,0.0
what is the greatest source of bank income?,"['A: The largest source of income for banks are the deposits they receive from account holders. These deposits from the general public are proportioned into securities, such as checking, savings and money market accounts. Banks are lending institutions, and their revenue derives from the interest they make from lending money.', ""An estate's bank accounts are often its primary source of liquid cash, which the executor may use to pay the estate's debts, according to the Gloucester County, New Jersey Probate Court."", 'One high paying job that never makes a list due to the extremely competitive and relatively secretive nature of Wall Street is Sales & Trading / Investment Banking. A starting salary out of college/university for is $75,000 for the top investment banks with an annual bonus of $40,000-60,000.', 'By creating money in this way, banks have increased the amount of money in the economy by an average of 11.5% a year over the last 40 years. This has pushed up the prices of houses and priced out an entire generation.', 'Highest paid employee: Kendall Hanna, executive director, made $183,475 in reportable compensation. What was found: The Central Pennsylvania Food Bank was rated a 65.96 out of 70 by Charity Navigator, which evaluates non-profits in terms of financial performance, accountability and transparency.']",The greatest source of bank income is the deposits they receive from account holders.,,1.0,0.9999999999998149,0.0
creta car price in pune,"['Creta Price in Pune. Hyundai Creta price in Pune starts at â\x82¹ 10.37 Lakhs and goes upto â\x82¹ 16.85 Lakhs. Petrol Creta price in Pune starts at â\x82¹ 10.37 Lakhs. Diesel Creta price in Pune starts at â\x82¹ 11.48 Lakhs.', 'While higher-end models like the R8 start at $115,400, Audi car prices are primarily within the $28,095 to $76,975 range (starting prices).', 'Please proceed to the Price Report to see which price is being displayed and the definition of that price. New Honda car prices fall within a starting range of $15,650 to $35,705. Honda models vary from the compact five-door Fit starting at $15,650 to the S2000 sports car which carries a starting price tag of $35,705.', 'Photo by JIM FETS. Ferrari has set the price of the 458 Spider at $257,000, with U.S. sales to start in January, In Europe, the sports car will cost 226,800 euros, or $309,000 at current exchange rate.', 'Petrol price cut by Rs 3.77 per litre, diesel by Rs 2.91 a litre. Petrol will now cost Rs 66.29 a litre in Delhi as compared to Rs 71.14 per litre, Indian Oil Corp, the nationâ\x80\x99s largest fuel retailer, announced. Similarly, diesel will cost Rs 55.61 per litre as against Rs 59.02 a litre currently.']",Hyundai Creta price in Pune starts at ₹10.37 Lakhs and goes up to ₹16.85 Lakhs. Petrol Creta price in Pune starts at ₹10.37 Lakhs. Diesel Creta price in Pune starts at ₹11.48 Lakhs.,,1.0,0.8512087451124257,0.9999999999
what is the legal definition of deposit,"['Definition of deposit. 1 1 : the state of being deposited. 2 2 : something placed for safekeeping: such asa : money deposited in a bank making a deposit or a withdrawal a deposit of $3,000b : money given as a pledge or down payment put down a deposit on a new house. 3 3 : a place of deposit : depository.', 'Definition of deposit for Students. 1 1 : the state of being deposited money on deposit. 2 2 : money that is deposited. 3 3 : something given as a pledge or as part payment He put a deposit of ten dollars on a new bicycle. 4 4 : something laid or thrown down A deposit of mud was left by the flood. 5 5 : mineral matter built up in nature a coal deposit.', 'A depository is a place in which things or assets are deposited for the purpose of safekeeping. You can take Libraries as a Depositories as they are responsible for maintaining and safekeeping of books & information. In terms of business, a depository is known as a financial institution or organization that accepts deposits and holds securities and other financial assets.', 'The security. deposit is a payment that is held by the landlord and. that is used to protect the landlord from damages to. the apartment that may be caused by the tenant during. the lease period and that may be used by the landlord. for unpaid rent. A security deposit is not applied to the. rent bill but is completely.', 'Terms deposits are the most familiar type of investments paying interest. They are a savings product from a bank, credit union or building society. Your money is invested for a fixed term and you get a fixed rate of interest over that term. Here are some suggestions on how to choose a term deposit and what to do when it matures.']",I cannot answer from the given context.,,0.0,0.0,0.0
what is the main source of energy for most process at earth's surace,"['ATP is the main source of energy for most processes in the cell, and large quantities must be made for a cell to function. Most cells use simple sugars, such as glucose, as their primary energy source. The metabolism of glucose begins in the cytoplasm with a process called glycolysis.owever, all of the mitochondria, and therefore all the mitochondrial genes, are contributed to the zygote by the egg. At fertilization of an egg, a single sperm enters the egg along with the mitochondria that it uses to provide the energy needed for its swimming behavior.', 'The ultimate source of energy (for most ecosystems) is the sun. The ultimate fate of energy in ecosystems is for it to be lost as heat. Energy and nutrients are passed from organism to organism through the food chain as one organism eats another. Decomposers remove the last energy from the remains of organisms.', 'The Sun: Earthâ\x80\x99s Primary Energy Source Astronaut photograph ISS015-E-10469, courtesy NASA/JSC Gateway to Astronaut Photography of Earth. Climate Literacy: The Essential Principles of Climate Sciences summarizes the most important principles and concepts of the climate sciences.', 'ATP is a substance that is used as the energy source for many processes in cells. ATP is produced as a result of respiration. For example, one glucose molecule can release enough energy during respiration for the production of: 1 38 ATP molecules by aerobic respiration.', 'Coal is the largest source of energy for the generation of electricity worldwide, as well as one of the largest worldwide anthropogenic sources of carbon dioxide releases. In 1999, world gross carbon dioxide emissions from coal usage were 8,666 million tonnes of carbon dioxide. Steam coal is a grade between bituminous coal and anthracite, once widely used as a fuel for steam locomotives. 2 In this specialized use, it is sometimes known as sea-coal in the US. 3 Small steam coal (dry small steam nuts or DSSN) was used as a fuel for domestic water heating.']",The ultimate source of energy for most ecosystems is the sun.,,1.0,0.6427915169903712,0.0
what is the max dose for allopurinol,"['Dosage for Gout To help avoid a flare-up of gout attacks (which can occur when starting allopurinol), it is recommended to start at a low dosage for treating gout: allopurinol 100 mg once daily. After that, your healthcare provider may increase your dose by 100 mg per day each week, until the maximum dose is reached (800 mg daily) or until your uric acid levels are under control (are 6 mg/dL or less). People with kidney disease should take a lower dose, depending on the severity of their kidney problems.', 'This policy. creates an upper dose limit based on the clinical evidence and the 95th percentile for adult body weight (119 kg) and. body surface area (2.45 meters2) in the U.S. (Fryar, 2012) Clinical evidence supports the use of the medications listed in this policy up to maximum dosages based upon body.', 'Give IV dose over a period of 2 mins. Edema due to CHF: 10â\x80\x9320mg once daily oral or IV, if needed titrate upwards by doubling dose until desired response; max 200mg daily. Edema due to renal disease: 20mg once daily oral or IV, if needed titrate upwards by doubling dose until desired response; max 200mg daily.', ""Gabapentin Dosage. Gabapentin comes in capsule form, as a regular or extended-release tablet, and as a liquid. A typical adult dose for postherpetic neuralgia usually starts at 300 milligrams (mg), and your doctor may increase the dose to up to 1,800 mg a day.o not change the dose or stop taking gabapentin without speaking with your doctor first. The maximum dose for pain is 1800 mg. Gabapentin is a medication that needs to be slowly titrated up and down, under a doctor's care."", 'Oral (Adults) Extended-release (Wellbutrin XL)â\x80\x94 150 mg/day in the morning; if dose is well tolerated, â\x86\x91 to 300 mg/day in one wk. Doses should be tapered to 150 mg/day for 2 wk before discontinuing; Extended-release (Aplenzin)â\x80\x94 174 mg once daily in the morning, may be â\x86\x91 after 7 days to 348 mg once daily.']",The maximum dose for allopurinol is 800 mg daily.,,1.0,0.9816702273467274,0.0
what is the meaning of chicken rice?,"['Hainanese chicken rice is a common dish in Thailand where it is called khao man kai (Thai: à¸\x82à¹\x89à¸²à¸§à¸¡à¸±à¸\x99à¹\x84à¸\x81à¹\x88), literally meaning chicken-oil rice. The chickens used in Thailand for this dish can be free range chickens of local breeds, resulting in a leaner and tastier dish, but increasingly meat chickens from large scale poultry farms are being used.', 'The meat of the chicken, is also called chicken.. Chicken is a type of poultry. Because of its relatively low cost among meats, chicken is one of the most used meats in the world. Nearly all parts of the bird can be used for food, and the meat is cooked in many different ways around the world. Popular chicken dishes include fried chicken, chicken soup, marinated chicken wings, tandoori chicken, butter chicken, and chicken rice.', ""Brown rice. In some parts of the world, the word to eat literally means to eat rice.. All varieties of rice are available throughout the year, supplying as much as half of the daily calories for half of the world's population."", 'Rustic Italian One-Pot Chicken and Rice - This one-pot wonder packs healthy protein, whole grains, and vegetables in a comfort food disguise.', 'For chickens as food, see Chicken (food). For the broader species of which chickens form a subspecies, see Red junglefowl. For other uses, see Chicken (disambiguation), Chooks (disambiguation), or Red junglefowl. The chicken (Gallus gallus domesticus) is a type of domesticated fowl, a subspecies of the red junglefowl. It is one of the most common and widespread domestic animals, with a total population of more than 19 billion as of 2011. Humans keep chickens primarily as a source of food, consuming both their meat and their eggs.']",I cannot answer from the given context.,,0.0,0.0,0.0
what is the most common treatment for balanitis?,"['The treatment depends on the cause of the balanitis. 1 The following are often given: 2 An anti-yeast cream or a course of anti-yeast tablets is a common treatment if the balanitis is caused by candida. 3 Antibiotics will clear infection caused by germs (bacteria), including certain STIs.', 'Antacids are the most common over the counter treatment for mild gastritis. Milk of Magnesia is an over the counter antacid whose active ingredient is magnesium. It can help ease the symptoms of gastritis, but is not right for everyone. The most common side effect of Milk of Magnesia is diarrhea.', 'In most common cases, treatment of synovitis consist of taking anti-inflammatory medicine like ibuprofen or aspirin. Also, itâ\x80\x99s important to elevate and wrap the knee â\x80\x93 compression using an Ace-bandage or something similar is recommended.', 'Treatment includes antibiotics for four to 12 weeks and other treatment for pain. Sometimes men are given suppressive low-dose, long-duration antibiotic therapy. Chronic nonbacterial prostatitis/chronic pelvic pain syndrome. This is the most common form of the disease, accounting for 90% of the cases. The condition is marked by urinary and genital pain for at least three of the past six months. Patients have no bacteria in their urine, but may have other signs of inflammation.', 'R-CHOP is considered a standard treatment for one of the most common types of NHL, diffuse large B-cell lymphoma, or DLBCL. When you look at NHL as a whole, DLBCL accounts for 25 to 35 percent of all new diagnoses globally each year.']",An anti-yeast cream or a course of anti-yeast tablets is a common treatment if the balanitis is caused by candida.,,1.0,0.8105807901993861,0.0
what is the new trend for kitchen cabinets,"['Modern style kitchen trends are incorporating brightly colored painted cupboards into the design as a unique focal point. One popular kitchen color ideas painting cabinets is red with white or black countertops. With this type of paint schemes for kitchens it is best to keep the rest of the space simple.', ""My old vanity - 10 years-was 29 too. The new standard height is around 33. There is an exact number to it like 33 1/8 or 32 1/8 but it is right about there b/c the fellow told me to add 1.5 inches more for my countertop height and I remember thinking it was around 35 then...Like Bookmark August 24, 2007 at 4:41PM. lot of people are using kitchen height cabinets now (which normally have so many more functions than a vanity). Standard height with countertops for those is 36 high. They're becoming more and more popular as folks realize they don't need to stoop to use the sink in their bathroom."", 'White, off-white, yellow cream, olive and yellow-green colors, selected for kitchen cabinets and furnishings, create spacious and inviting modern kitchens, and make green paint colors or green wall tiles shine.(White-green interior color schemes, spacious white kitchen designs).reen is the color of growth and freshness, associated with grass and plants, vegetables and fruits. Kitchen decorating ideas that include green paint for walls, green kitchen cabinets or wall tiles design look natural, fresh and attractive.', ""NT-30SP or NT-20SQ for Overlander. Hi, I'm remaking my kitchen cabinets and have already junked the old rusty and dead NT22 so I have free choice of a new furnace. Based on the advice of 1,000 BTU per ft of living space it seems like the NT-20 is about right.."", ""The Natural Maple Cabinets is used on the base of the islands and the cabinets, allowing the eye to keep moving throughout. The bookshelves create a visual barrier to the stove and sink areas. Design ideas for a kitchen in Dc Metro. â\x80\x94 Houzz. I like red oak flooring with light cabinets, don't like the yellow-ish floor.""]","The new trend for kitchen cabinets includes incorporating brightly colored painted cupboards, with red being a popular choice, often paired with white or black countertops.",,1.0,0.9428895350674212,0.0
what is the priceline customer service number?,"['Priceline Customer Service Phone Number. 800-259-2091 is the customer service phone number of the Priceline. customer service number enables the customers of the Priceline company to convey their complaints or suggestions. If you want to reach a live person, you have to follow below steps : This is a direct number to a live person.', 'Phone Support: 1-800-541-5555. The Telephone Service Center (TSC) is available 8 a.m. to 5 p.m., Monday through Friday, except holidays (border providers and out-of-state billers billing for in-state providers, call [916] 636-1200).', ""Sears provides several different phone numbers for customers to call regarding customer service issues. As of 2014, for comments or complaints regarding Sears' official website, customers can call 1-800-697-3277; for Sears stores, customers can call 1-800-549-4505."", 'Dial *611 on your Verizon phone or 800-922-0204 from a non-Verizon phone. Choose 0 to connect with a customer service representative. Confirm your account when asked by the representative. Tell the representative you would like to add a line to your existing plan.peaking with a customer service representative enables you to ensure that you have the best plan for your needs, to confirm that the phone you are adding is compatible with your Verizon service and to verify the cost of the new line.', 'Call Verizon FiOS Customer Service. Call Customer Service by tapping below if on your phone, or talk to them from your browser. Tap or click here to call (888-438-3467); Keep saying Operator. For new customers and existing customers.']",800-259-2091 is the customer service phone number of Priceline.,,1.0,0.9750930031382913,0.0
what is the purpose of a conceptual model for advanced practice nursing,"['The conceptual and theoretical nursing models help to provide knowledge to improve practice, guide research and curriculum and identify the goals of nursing practice. Nursing knowledge is the inclusive total of the philosophies, theories, research, and practice wisdom of the discipline.As a professional discipline this knowledge is important for guiding practice.(Smith & Liehr, 2008).', 'Nurses are needed both at the point of. care and in advanced practice roles to deliver care that is growing intensely more. complicated. Essential within this nurse staffing mix is the Clinical Nurse Specialist whose. role is fundamental to provide quality, safe and cost-effective specialty care across settings.', 'The theory of Nursing As Caring is a general or grand nursing theory that can be used as a framework to guide nursing practice. The theory is grounded in several key assumptions: 1 persons are caring by virtue of their humanness. 2 persons live their caring moment to moment. persons are whole or complete in the moment.', 'Masterâ\x80\x99s Degree in Nursing (MSN), which helps you to become an Advanced Practice Nurse, nurse educator or nurse administrator. Doctor of Philosophy in Nursing (PhD), which is a degree focused on research, allowing you to become a teacher or researcher after completion.', 'MSN â\x80\x93 Registered nurses with an interest in becoming an advanced practice nurse, nurse educator, nurse anesthetist or nurse manager, must earn a Masterâ\x80\x99s of Science in Nursing through an accredited graduate degree program.']",I cannot answer from the given context.,,0.0,0.0,0.0
current time in oakland ca,"['Current Local Time: Oakland, California is in the Pacific Time Zone: The Current Time in Oakland, California is: Thursday 2/15/2018 12:24 PM PST Oakland, California is in the Pacific Time Zone', 'Current Local Time: California is in the Pacific Time Zone: The Current Time in California is: Thursday 1/18/2018 1:06 PM PST California is in the Pacific Time Zone', 'The system will not accept an application that has been started, and not completed and submitted prior to the closing time. : If you are a current City of Oakland or Port of Oakland Employee, click here to see available openings.: For all individuals who are interested in employment opportunities with the Port of Oakland, click here to see available openings.All Categories are automatically selected.To change the results, deselect and reselect the categories by using the Clear All/Select All buttons or by clicking on the check boxes.he system will not accept an application that has been started, and not completed and submitted prior to the closing time. : If you are a current City of Oakland or Port of Oakland Employee, click here to see available openings.', 'Published Friday, June 19, 2015 3:16PM EDT. Last Updated Friday, June 19, 2015 6:32PM EDT. OAKLAND, Calif. -- The streets of Oakland were awash in yellow and blue as hundreds of thousands of fans watched and cheered the Golden State Warriors victory parade, which has been 40 years in the making.', 'Los Angeles, California, United States actual time, daylight saving time 2016, GMT offset, time change dates. Current time. UTC/GMT Offset.']","The Current Time in Oakland, California is: Thursday 2/15/2018 12:24 PM PST.",,1.0,0.9328544396456949,0.0
history of nike huarache,"['Model: Nike Running â\x80\x93 Nike Air Huarache Purpose: Running Original Release: 1991 Updates: Nike Running News The Nike Air Huarache is a running shoe that boasted innovative technologies, including the â\x80\x9cHuarache Fit.â\x80\x9d It was first released in 1991 and was inspired by old Native American sandals called Huarache. Stretch grip neoprene and Spandex make the shoe almost mold to the foot. Nike Air Huarache History [ratings] The Nike Air Huaracheâ\x80\x99s look is very simple, and the only Nike branding is shown with lettering at the heel. In 1992, Nike released special versions of the Nike Air Huarache in select color ways with nubuck uppers. In 2000, the original green/royal blue color way was reissued.', 'The company was founded on January 25, 1964, as Blue Ribbon Sports, by Bill Bowerman and Phil Knight, and officially became Nike, Inc. on May 30, 1971. The company takes its name from Nike, the Greek goddess of victory. Nike markets its products under its own brand, as well as Nike Golf, Nike Pro, Nike+, Air Jordan, Nike Blazers, Air Force 1, Nike Dunk, Air Max, Foamposite, Nike Skateboarding, and subsidiaries including Brand Jordan, Hurley International and Converse.', 'History [edit]. Jordache originated in 1969, when brothers Joe, Ralph, and Avi Nakash (Naccache) opened a store in New York City that sold brand-name jeans at a discount.o set their brand apart, the brothers plowed one quarter of their annual sales volume ($300,000 of their own money and $250,000 in loans) into an aggressive 1979 ad campaign. Jordache produced a television commercial starring an apparently topless woman in tight Jordache jeans riding a horse through the surf.', ""Step 11: Sole Nike Jordan 4's have a distinctive sole pattern with the Jumpman logo, always make sure they are high quality and not worn out if the shoes are new. Step 12: Download our App. We hope that this guide helps to educate you when identifying genuine Nike Jordan 4's.To prevent you from falling victim to counterfeit goods, always ask the seller to use the youVerify app prior to purchase. youVerify-Smarter Selling, Safer Shopping.tep 12: Download our App. We hope that this guide helps to educate you when identifying genuine Nike Jordan 4's. To prevent you from falling victim to counterfeit goods, always ask the seller to use the youVerify app prior to purchase. youVerify-Smarter Selling, Safer Shopping."", 'Nike Cofounder And Chairman Phil Knight Officially Retires From The Board Nike cofounder Phil Knight announced Thursday that he has officially stepped down from his role as chairman of Nikeâ\x80\x99s board, completing the transition he first announced a year ago. As expected, Nike President and CEO Mark Parker will take on the role of chairman, while Knight, 78, will serve as Chairman Emeritus.']","The Nike Air Huarache is a running shoe that was first released in 1991 and was inspired by old Native American sandals called Huarache. It featured innovative technologies, including the “Huarache Fit,” and was designed to mold to the foot using stretch grip neoprene and Spandex. In 1992, special versions of the Nike Air Huarache were released in select color ways with nubuck uppers. The original green/royal blue color way was reissued in 2000.",,1.0,0.8482588780500228,0.0
what is the temperature of water at freezing point,"['The resulting solution or solid-solid mixture has a lower freezing point than the pure solvent or solid. This phenomenon is what causes sea water, (a mixture of salt in water) to remain liquid at temperatures below 0 Â°C (32 Â°F), the freezing point of pure water.', 'What is the freezing point of water? Â« Reply #1 on: 20/11/2011 14:19:04 Â». Pure water has a freezing point of 32oF, 0oC at sea level under normal pressure. Impurities in the water (such as sea salt), pressure and altitude will raise or lower the freezing point. Of course, altitude only makes a difference because at higher altitudes air pressure is less...', 'Frost or freezing[1] occurs when the temperature of air falls below the freezing point of water (0 Â°C, 32 Â°F, 273.15 K). This is usually measured at the height of 1.2 m above the ground surface.', 'Alcoholic beverages have a freezing point between the freezing point of water (0Â°C; 32Â°F) and that of pure ethanol (-114Â°C; -173Â°F).', 'Ice, solid substance produced by the freezing of water vapour or liquid water. At temperatures below 0 Â°C (32 Â°F), water vapour develops into frost at ground level and snowflakes (each of which consists of a single ice crystal) in clouds.']",The temperature of water at freezing point is 0 °C (32 °F).,,1.0,0.9503613346940768,0.0
what is the third law,"['The Third Law of Thermodynamics is concerned with the limiting behavior of systems as the temperature approaches absolute zero. Most thermodynamics calculations use only entropy differences, so the zero point of the entropy scale is often not important.', 'Asimovâ\x80\x99s Three Laws of Robotics: 1 A robot may not injure a human being or, through inaction, allow a human being to come to harm. A robot must obey any orders given to it by human beings, except where such orders would conflict with the First Law.', ""The combined gas law makes use of the relationships shared by pressure, volume, and temperature: the variables found in other gas laws, such as Boyle's law, Charles' law and Gay-Lussac's law. Let's review the basic principles of these three laws. Imagine you are a diver, and you begin your dive with lungs full of air."", 'There are three mooring hooks for discussions with non-believing neighbors about law. If we moor our conversations on these three hooks, we will usually be all right. The root of the enacted law is the moral law; the root of the moral law is the design of the created order; and the root of the created order is the Creator.â\x80¦ These sound like biblical truths, and they are.', 'â\x80\x98Totaling approximately 25 million souls, the Third Estate was composed of the bourgeoisie, the peasantry and the urban artisans.â\x80\x99 â\x80\x98Admission into the capitoulat was a momentous event for lawyers, procureurs and merchants of the Third Estate, for in addition to authority, the post also conferred nobility.â\x80\x99']",The Third Law of Thermodynamics is concerned with the limiting behavior of systems as the temperature approaches absolute zero.,,1.0,0.6870696593503305,0.0
what is the weather in allentown?,"['Guide to Allentown weather in December. The average maximum daytime temperature in Allentown in December is a cold 4Â°C (39Â°F). The average night-time temperature is usually a very cold -4Â°C (25Â°F). There are usually 4 hours of bright sunshine each day, which represents 42% of the 9 hours of daylight.', 'A steady rain arriving overnight. Low 62F. Winds E at 5 to 10 mph. Chance of rain 80%. A shower or two around the area in the morning, then partly cloudy in the afternoon. High 69F. Winds NNE at 10 to 15 mph.', ""Yesterday's weather. Chilly. 15 / 30 Â°F Humidity: 56%. Wind: 4 mph â\x86\x91 from Southwest. More weather last week"", ""Yesterday's weather. Overcast. 34 / 45 Â°F Humidity: 86%. Wind: 7 mph â\x86\x91 from North. More weather last week"", 'Sunny, with a high near 76. Calm wind becoming west southwest around 5 mph in the afternoon.']",I cannot answer from the given context.,,0.0,0.0,0.0
what is the weather in powell wy,"['The highest monthly average temperature in Powell for July is 72 degrees. The lowest monthly average temperature in Powell for December is 24 degrees. The most monthly precipitation in Powell occurs in May with 1.6 inches. The air quality index in Powell is 51% better than the national average. The pollution index in Powell is 95% better than the national average.', 'What is the weather like at Page AZ and Lake Powell? Elevation above sea level and time of the year generally determines average weather and temperatures. The elevation of Page, Arizona and Lake Powell are nearly the same at about 3,700 feet. Since Page and the lake at just a few miles apart, the temperatures are essentially identical.', 'Whitby: Annual Weather Averages. The most daily sunshine hours in Whitby are 9 in June. The best month to swim in the sea is in August when the average sea temperature is 16Â°C (61Â°F).he most daily sunshine hours in Whitby are 9 in June. The best month to swim in the sea is in August when the average sea temperature is 16Â°C (61Â°F).', 'A steady rain arriving overnight. Low 62F. Winds E at 5 to 10 mph. Chance of rain 80%. A shower or two around the area in the morning, then partly cloudy in the afternoon. High 69F. Winds NNE at 10 to 15 mph.', ""Yesterday's weather. Chilly. 15 / 30 Â°F Humidity: 56%. Wind: 4 mph â\x86\x91 from Southwest. More weather last week""]",I cannot answer from the given context.,,0.0,-0.0,0.0
what is the wwa,"['WWAHost.exe is a safe and essential process in Windows 8. It acts as a host for Metro app processes similar to how svchost.exe acts as a host for .dll files. This process is safe and is best left alone to continue normal function on a Windows 8 system.', 'Distributed Web Application Firewall (also called a dWAF) is a member of the web application firewall (WAF) and Web applications security family of technologies. Purely software-based, the dWAF architecture is designed as separate components able to physically exist in different areas of the network.', 'Best Answer: w/w- an abbreviation for by weight, used in chemistry and pharmacology to describe the concentration of a substance in a mixture or solution ...', 'The Wauwatosa Chamber of Commerce is a business association representing companies in and around the west suburban Milwaukee community. WCC has been actively representing members since 1939. Serving a diverse membership enables us to stay in touch with business needs and concerns. Governed by a volunteer board of directors who represent segments of the membership, our goal is to provide with guidance and networking opportunities to promote the future of your business.', 'What is the Western Hemisphere Travel Initiative (WHTI)? WHTI is the joint Department of State (DOS) and Department of Homeland Security (DHS) plan to implement a key 9/11 Commission recommendation and the statutory mandates of the Intelligence Reform and Terrorism Prevention Act of 2004 (IRTPA).']",I cannot answer from the given context.,,0.0,0.0,0.0
home range of american bison,"['American bison range. Historically, the American bison had the widest natural range of any North American herbivore, extending all the way from northern Mexico to Alaska, with central Alberta being the dividing line between the plains bison to the south and the wood bison to the north .', 'The American bison and the European bison (wisent) are the largest terrestrial animals in North America and Europe. Bison are good swimmers and can cross rivers over half a mile (800 meters) wide. They are nomadic grazers and travel in herds.wo extant and four extinct species are recognized. Of the four extinct species, three were North American: Bison antiquus, B. latifrons, and B. occidentalis. The fourth, B. priscus, ranged across steppe environments from Western Europe, through Central Asia, and onto North America.', ""The bison's horns measured 32 inches from tip to tip and 18 and 19 inches individually, giving the animal a hunting score of 140-2/8. The previous record, a bison killed in Yellowstone National Park in 1925, scored 136-4/8. For the record to become official, the bison's head will need to dry for 60 days."", ""Vole Geography and Habitat. Voles are rodents of the Northern Hemisphere, inhabiting North America, Europe and Asia. There are 124 species, 23 of which are native to the United States.One vole's home range is usually no larger than 1/4 acre.ole Geography and Habitat. Voles are rodents of the Northern Hemisphere, inhabiting North America, Europe and Asia. There are 124 species, 23 of which are native to the United States."", 'Temperate grasslands are located north of the Tropic of Cancer (23.5 degrees North) and south of the Tropic of Capricorn (23.5 degrees South). The major temperate grasslands include the veldts of Africa, the pampas of South America, the steppes of Eurasia, and the plains of North America.nimals. Temperate grasslands have a low diversity of wildlife, but a high abundance of wildlife. In North America the dominant grazing animals are bison and pronghorn. Rodents include pocket gophers and prairie dogs. Carnivores include wolves, coyotes, swift foxes, badgers and black-footed ferrets.']",I cannot answer from the given context.,,0.0,-0.0,0.0
what is usta,"['The United States Tennis Association (USTA) is the national governing body for tennis in the United States. A not-for-profit organization with more than 700,000 members, it invests 100% of its proceeds to promote and develop the growth of tennis, from the grass-roots to the professional levels.', 'The 2015 US Open was the 135th edition of the tournament and it was held at the USTA Billie Jean King National Tennis Center in Flushing Meadowsâ\x80\x93Corona Park of Queens in New York City, New York, United States.', ""The United States Military Entrance Processing Command (USMEPCOM) is a Major Command of the U.S. Department of Defense, which screens and processes applicants into the United States Armed Forces. USMEPCOM is headquartered in North Chicago, Illinois and operates 65 Military Entrance Processing Stations (MEPS) located throughout the United States. The command's motto is Freedom's Front Door, signifying that a service member's career starts when they walk through the doors of the MEPS."", 'The United States has free trade agreements with 20 countries. These include 12 bilateral agreements and 2 multilateral agreements (NAFTA and CAFTA-DR). These agreements create opportunities to increase U.S. agricultural sales internationally, stripping away barriers to trade, eliminating tariffs, opening markets and promoting investment and economic growth.', 'TSA Preâ\x9c\x93â\x84¢ is a U.S. Department of Homeland Security (DHS), Transportation Security Administration (TSA) risk-based security initiative which allows low-risk travellers to experience expedited, more efficient security screening at participating U.S. airport checkpoints for domestic and international travel.']","The United States Tennis Association (USTA) is the national governing body for tennis in the United States. A not-for-profit organization with more than 700,000 members, it invests 100% of its proceeds to promote and develop the growth of tennis, from the grass-roots to the professional levels.",,1.0,0.5167940882760379,0.0
what kind of doctor specializes in rehabilitation,"['PM&R physicians are medical doctors who have completed training in the specialty of Physical Medicine and Rehabilitation (PM&R), and may be subspecialty certified in Brain Injury Medicine, Hospice and Palliative Medicine, Neuromuscular Medicine, Pain Medicine, Pediatric Rehabilitation Medicine, Spinal Cord Injury Medicine, and/or Sports Medicine.', 'A branch of medicine dealing with the development, care and disease of children. Physical Medicine & Rehab. Physical medicine and rehabilitation, also referred to as rehabilitation medicine, is the medical specialty concerned with diagnosing, evaluating, and treating patients with physical disabilities.', 'Sports medicine doctors often work alongside physical therapists to create rehabilitation plans, or with athletic trainers to develop appropriate exercise regimens. While orthopedic surgeons are trained to perform surgery, primary care sports medicine doctors do not operate on athletes but can expedite referral to a surgeon if surgery is required.', 'Dr. Weiss, Director of the Neuromuscular Diseases Division, is a UW Professor of Neurology and Adjunct Professor in the Department of Rehabilitation Medicine.He sees patients at the University of Washington Medical Center.r. Kraus is a UW associate professor of Neurology. He sees clinic patients at the University of Washington Medical Center and attends on the hospital wards at UW Hospital and Harborview Medical Center. His clinical focus is general neurology and his academic focus is neurology education.', 'A neurologist is a physician who specializes in the human nervous system. Neurologists treat a variety of problems, including spinal cord injuries and diseases such as epilepsy. If you want to become a neurologist, be prepared to complete an extensive education.']",PM&R physicians specialize in rehabilitation.,,1.0,0.4387328108073254,0.0
what kind of exam in aca,"['The core information about the ACA exam is as follows: About the ACA Exam The ACA or the Associate Chartered Accountant Program is a premier course designed by the Institute of Chartered Accountants in England and Wales (ICAEW).', 'A CT angiography (CTA) scan is a special kind of CT exam that focuses particularly on the blood vessels, using a contrast material to make them show up clearly in the images. Common uses. CTA is used to examine blood vessels in areas including the brain, neck, chest and abdomen. Conditions that the exam can reveal include aneurysms and narrowing of the arteries. Safety. CT examinations improve health care and are an essential part of diagnosis and treatment planning.', 'Basic skills testing: Your Texas teacher preparation program may require you to take the Texas Higher Education Assessment (THEA) basic skills exam in Reading, Writing and Mathematics. Content area assessment testing: Some Texas teacher preparation programs may allow you to take Pre-Admission Content Testing (PACT).', 'The Certified HIPAA Professional (CHP) exam validates knowledge and skills in the core areas of HIPAA Administrative Simplification legislation, Transactions and Code Sets Requirements, Privacy Requirements and Security Requirements.', ""Dental assistants can become certified by passing an examination that evaluates their knowledge. Most dental assistants who choose to become nationally certified take the Dental Assisting National Board's (DANB) Certified Dental Assistant (CDA) examination. Becoming a Certified Dental Assistant (CDA) assures the public that the dental assistant is prepared to assist competently in the provision of dental care.""]",I cannot answer from the given context.,,0.0,0.0,0.0
what method of penetrant removal is solvent removable,"['Penetrant Removal Method Penetrants are also classified by the method of removing the excess penetrant. â\x80¢Solvent Removable penetrants are removed by wiping with a cloth dampened with solvent. They are supplied in aerosol cans for portability and are primarily used for spot checks. â\x80¢Water Washable penetrants are removed with a course spray of water.', 'The ï¬\x81sts stage consists in the dissolution of. polystyrene with suitable solvents. A good solvent for the recycling. of extruded polystyrene should have high dissolution ability and. high volatility that will allow its removal with minimum tempera-. ture chain degradation.', 'Permanent or Removable. The biggest decision up front is to decide if you need a permanent or removable label. Both types of labels are designed for application in temperatures roughly between 55Â° to room temperature. Permanent Adhesives Permanence in an adhesive is a combined function of the adhesive, face material, surface application, environment and time, and should be considered in the design and specification of a pressure sensitive label. A permanent label will have strong adhesion to a surface, usually the labels cannot be removed without damage to the label itself, or to the surface itâ\x80\x99s on. No adhesive is truly permanent â\x80\x93 just less removable than others. Removable Adhesives', 'A: The stencils are made from a specialized stencil film. It is 8 mil in thickness, has a removable acrylic adhesive and is very flexible. It is also shrink resistant and solvent proof to ensure the life and accurate reproduction of the designs. Q2.', 'Dental Plaque and Tartar Removal. There are two main methods to removing the plaque on your teeth: using the mechanical motion of brushing and flossing, to remove plaque, and exposing plaque to anti-bacterial ingredients to kill and help keep it from growing back.']",Solvent Removable penetrants are removed by wiping with a cloth dampened with solvent. They are supplied in aerosol cans for portability and are primarily used for spot checks.,,1.0,0.9051321041325066,0.9999999999
what nationality is dr. nowzaradan,"['Dr. Nowzaradan is from Iran and was born on October 11, 1944. That makes Dr. Nowzaradanâ\x80\x99s age 72 with years of experience in treating patients who suffer from life-threatening obesity. Even though Dr. Nowzaradanâ\x80\x99s nationality is Iranian, he has been working in the United States for more than four decades. He is a surgeon, who specializes in gastric bypass surgery. Advertisement', 'Maryam Mirzakhani. Maryam Mirzakhani (Persian: Ù Ø±Û\x8cÙ Ù Û\x8cØ±Ø²Ø§Ø®Ø§Ù\x86Û\x8câ\x80\x8eâ\x80\x8e), born on May 3, 1977, is an Iranian-American mathematician and a professor of mathematics at Stanford University. Her research topics include TeichmÃ¼ller theory, hyperbolic geometry, ergodic theory, and symplectic geometry.', '(419) 427-1393. Dr. Scarbrough is a Findlay native and a graduate of Arlington High School. After graduating with his Bachelor of Science in Nursing from the University of Toledo, Dr. Scarbrough completed medical school at Ohio University College of Osteopathic Medicine.', 'Dr. Tassew Tesfaye, MD, is a Family Practice specialist in Stone Mountain, Georgia. He attended and graduated from medical school in 1985, having over 33 years of diverse experience, especially in Family Practice. He is affiliated with many hospitals including Dekalb Medical Center. Dr.', 'Phone: (718) 657-8525. DR. Mohammed K Rashid, M.D. is a healthcare provider in Jamaica, NY.The provider is a physician who provides long-term, comprehensive care in the office and the hospital, managing both common and complex illness of adolescents, adults and the elderly.']",Dr. Nowzaradan's nationality is Iranian.,,1.0,0.9394348413838589,0.0
ari fleet repair phone number,"['ARI Fleet Customer Service Phone Number Phone Number of ARI Fleet is 856 7781500. ARI Fleet is a largest privately held vehicle fleet management services company which provides the services in United States, Mexico, Canada, United Kingdom, Europe and Hong Kong.', 'One Call Does it All. By calling 800-537-5437, you can schedule one of our service professionals to solve any installation or repair need. We offer service in most areas. To see if we offer service in your area, see our Store Locations.', 'However, since each and every restoration is unique, we ask that you call us for an estimate before sending your slot machine to us for service or repair. (406) 656-6569 or Toll Free: (888) 850-5270. CUSTOMER SERVICES Contact Us Service and Restoration.', 'Phone Support: 1-800-541-5555. The Telephone Service Center (TSC) is available 8 a.m. to 5 p.m., Monday through Friday, except holidays (border providers and out-of-state billers billing for in-state providers, call [916] 636-1200).', 'Call our shortcut number Shortcut Number (Opens Pop-up Layer) to reach. us from a mobile phone. 210-531-USAA (or 210-531-8722) Phone Menu Tips for Auto and Property Insurance Claims(Opens Pop-up Layer) 800-531-USAA (or 800-531-8722) Phone Menu Tips for Auto and Property Insurance Claims(Opens Pop-up Layer)']",I cannot answer from the given context.,,0.5,-0.0,0.0
what part of the integumentary system does scc,"['Integumentary System. The integumentary system is an organ system consisting of the skin, hair, nails, and exocrine glands. The skin is only a few millimeters thick yet is by far the largest organ in the body. The average personâ\x80\x99s skin weighs 10 pounds and has a surface area of almost 20 square feet.', 'The desmosomes occupied a central position in the interspace with taut, thin cytoplasmic strands connecting them to the opposing cells. A diagnosis of SCC is supported by the presence of unequivocal cytoplasmic keratinization, squamous pearls, and desmosomes.', 'Functions of the Integumentary System The Epidermis (thin outer layer of skin) The Dermis (thick inner layer of skin) Connective tissue and Membranes Roots, suffixes, and prefixes Cancer Focus Related Abbreviations and Acronyms Further Resources Functions of the Integumentary System', 'General Discussion. Squamous cell carcinoma (SCC) is the second most common skin cancer with between 200,000 and 250,000 cases reported each year. It is a malignant cancer that usually develops from the epidermis and/or the mucous lining of the body cavities (epithelium), but may occur anywhere on the body.quamous cell carcinoma (SCC) is the second most common skin cancer with between 200,000 and 250,000 cases reported each year. It is a malignant cancer that usually develops from the epidermis and/or the mucous lining of the body cavities (epithelium), but may occur anywhere on the body.', 'Tuberous sclerosis complex (TSC) is a genetic disorder that causes tumors to form in many different organs, primarily in the brain, eyes, heart, kidney, skin and lungs. You will see it referred to both as tuberous sclerosis (TS) and tuberous sclerosis complex (TSC).']","Squamous cell carcinoma (SCC) usually develops from the epidermis, which is the thin outer layer of the skin, part of the integumentary system.",,1.0,0.1206441830754272,0.0
what percentage of people in the world speak english,"[""The estimated number of people in the world that speak English fluently is about 30 percent of the population. If the world's population is about 7,264,712,400 people. Thiâ\x80¦s would mean that roughly 2,179,413,720 people in the world currently speak English fluently."", ""We're here to remind you that not only is it important, it may very well be necessary. It's true that there are more and more people learning and speaking English these days. In fact, English is, according to some measures, the most widely spoken language in the world, the de facto lingua franca. Approximately 1.5 billion people around the world speak English, whether as their native tongue or as a foreign language, and this number is still growing."", ""What percent of people speak English in Germany? Well over 90 percent because in Germany it is very widely looked down upon if you don't become fluent in English as a second language in Germany. In some parts of Germany, it' â\x80¦ s illegal to not be fluent in English by the age of eight."", '10 Bizarre Languages Still Spoken Around the World. Language is a funny thing. There are about 500 million people who speak English on this planet, and itâ\x80\x99s not even the most common language in the world (Mandarin tops the charts at over a billion).', 'Data displayed in the above graphs is based on 2012 census data. No comments yet, be the first to add one. In Raleigh 82% of the people speak English and 10% of people speak Spanish, also in Raleigh 46.6% of people are married.']",About 30 percent of the world's population speaks English fluently.,,1.0,0.9042337366129343,0.0
what processes are needed to form igneous rock,"[""Igneous rock is formed through the cooling and solidification of magma or lava. Molten rock is called magma. When it is forced to the Earth's surface it is also called lava. Lava cools quickly on the surface to form igneous rocks with small crystals."", 'In essence, igneous rocks are formed through the cooling and solidification of magma (or lava). As hot, molten rock rises to the surface, it undergoes changes in temperature and pressure that cause it to cool, solidify, and crystallize.', ""Igneous rocks are formed from melted rock that has cooled and solidified. When rocks are buried deep within the Earth, they melt because of the high pressure and temperature; the molten rock (called magma) can then flow upward or even be erupted from a volcano onto the Earth's surface."", ""A rock is any naturally formed, nonliving, firm, and coherent aggregate mass of solid matter that constitutes part of a planet. Igneous rocks-form in two very different environments. All igneous rocks start out as melted rock, (magma) and then crystallize, or freeze. Bowen's Reaction Series is a proposed sequence of mineral crystallization from basaltic magma, based on experimental evidence. Volcanic processes form extrusive igneous rocks. Extrusive rocks cool quickly on or very near the surface of the earth."", 'Once melting begins, the process changes to an igneous. process rather than a metamorphic process. During metamorphism the protolith undergoes changes in texture of the rock and the mineral. make up of the rock.']","The processes needed to form igneous rock are the cooling and solidification of magma or lava. This occurs when hot, molten rock rises to the surface, undergoes changes in temperature and pressure, and then cools, solidifies, and crystallizes.",,1.0,0.9695807383071642,0.0
what school subject are needed to become a registered nurse,"['There are many different pathways of education if you wish to become a registered nurse. However, all will culminate into your taking the NCLEX-RN (National Council Licensure Examination) exam. Letâ\x80\x99s take a look at the various pathways you can follow in order to take the NCLEX-RN exam, as well as various other resources you may need if you are thinking about becoming a registered nurse. The Different Education Pathways. You can become a registered nurse using the following educational methods: Undergraduate. The Diploma in Nursing (DiN) was once the most popular way of becoming an RN and getting into nursing. This diploma can be obtained through schools of nursing based in hospitals. Associate Degree in Nursing (ADN). To complete this course, you will need to learn about nursing, anatomy, chemistry, nutrition, microbiology and other specialized subjects.', ""If you decide you want to become a registered nurse (RN) in the future, you'll need to earn either an associate's (LPN-to-RN) or bachelor's degree (LP-to-BSN), but your LPN training will count as credit toward your degree. You can find a brief description of each option below.achelor's Degree Programs. For an LPN/LVN looking to become an RN, you have the option to enroll in an LPN-to-BSN program which is geared specifically for LPNs and take about three years. Schools offering these programs tend to focus on nursing courses where students learn better leadership skills."", 'MSN â\x80\x93 Registered nurses with an interest in becoming an advanced practice nurse, nurse educator, nurse anesthetist or nurse manager, must earn a Masterâ\x80\x99s of Science in Nursing through an accredited graduate degree program.', 'I want to become a registered nurse in a state that requires a bachelorâ\x80\x99s degree OR I am a practicing LPN or RN who would like to advance my education and career. I would like to become an advanced practice nurse, such as a nurse practitioner, clinical nurse specialist, nurse midwife or nurse anesthetist.', 'Here is how it works in California: RN School: Community College vs University Nursing Programs To become a Registered Nurse with an Associate Degree in Nursing (ADN) at a Community College in California-It is a two step process. First-It takes approximately two years to complete the pre-requisites.']","The school subjects needed to become a registered nurse include nursing, anatomy, chemistry, nutrition, microbiology, and other specialized subjects.",,0.8333333333333334,0.9331348666413085,0.0
what temperature damages tomato plants,"['Tomato plants are also susceptible to chilling injury at temperatures between 0 and 5Â° C. Chilling can cause stunted growth, wilting, surface pitting or necrosis of foliage, and increased susceptibility to disease. Low soil temperatures also stunt plant growth and prevent root development.', 'Temperature: Tomato plants drop their flowers under extreme temperature regimes, such as high daytime temperatures (above 85Â°F), high nighttime temperatures (above 70Â°F), or low nighttime temperatures (below 55Â°F) (Table 1). Optimal growing conditions for tomatoes are daytime temperatures between 70Â°F and 85Â°F.', 'Pseudomonas syringae pv. tomato. 1 Leaves have small (2 mm) black spots surrounded by yellow or light green halo. 2 Green and red fruit have small black spots (1 to 2 mm) 3 Occurs in cool wet weather 64Â° to 75Â° 4 F. Difficult to see bacterial streaming. More information on Bacterial Speck...', 'Hornworm Damage. Tomato Hornworms feed on leaves and stems of tomato plants. Ocassionally they will also eat the fruits later in the summer months. They also feed on peppers, eggplant and potatoes. They can defoliate a plant in just a few days. There can be two generations of tomato hornworms every year.', 'These cold climate tomatoes are tomato varieties that are better suited to colder growing climates. Many of these tomato varieties originate from the cooler growing areas in Russia and other northern growing areas.']","Tomato plants are damaged by chilling injury at temperatures between 0 and 5° C, and they drop their flowers under extreme temperature regimes, such as high daytime temperatures above 85°F, high nighttime temperatures above 70°F, or low nighttime temperatures below 55°F.",,1.0,0.9369283442630971,0.0
what town in kansas is home to boot hill,"['Origin of term. Although many towns use the name Boot Hill, the first graveyard named Boot Hill was at Hays, Kansas, 5 years before the founding of Dodge City, Kansas. The term alludes to the fact that many of its occupants were cowboys who died with their boots on, the implication here being they died violently, as in gunfights or by hanging, and not of natural causes.', 'For other uses, see Kansas City (disambiguation). Kansas City is the largest city in Missouri and the sixth largest city in the Midwest. According to the U.S. Census Bureau, the city had an estimated population of 475,378 in 2015, making it the 36th largest city by population in the United States.', ""Since our hotel's location is near Kansas City, enjoy a night in the KC Power & Light District or at the Sprint Center. There's fabulous shopping at nearby upscale Town Center Plaza and Country Club Plaza."", 'If you head south from there you will see the building where the grocery store is now which was a dry goods & shoe store and then The Hardtner Supply, City Drug Store and then the Silverton Hotel. -- John Nixon, 9 May 2008. Hardtner Plot Map, Barber County, Kansas. From Standard Atlas of Barber County, Kansas, 1905.', 'Retreat at Walnut Creek Apartments in Kansas City, MO! The Retreat at Walnut Creek Apartments in Kansas City is sure to become your favorite apartment home ever! Enjoy the finest amenities in the luxury of our apartment homes and the surrounding neighborhood. We offer a variety of 1 & 2 bedroom apartments for rent that will be sure to suit your needs.']","Hays, Kansas.",,1.0,0.4086852072022804,0.0
what tv shows did mark ruffalo star in,"['Mark Alan Ruffalo (/Ë\x88rÊ\x8cfÉ\x99loÊ\x8a/, born November 22, 1967)[1] is an American actor, filmmaker, and social activist. He made his screen debut in an episode of CBS Summer Playhouse (1989), followed by minor film roles.', 'Other Names Mark Jordon. Mark Jordon is an actor from England best known for playing PC Phil Bellamy in the British TV Series Heartbeat, which he left in 2007. A documentary named Heartbeat-Farewell Phil of his time on the show was broadcast Christmas Day 2007 on ITV.â\x80¦ Read More. Mark Jordon (born 25 January 1965 in Oldham, Lancashire) is an actor from England best known for playing PC Phil Bellamy in the British TV Series Heartbeat, which he left in 2007.Read Less. Read More. Mark Jordon (born 25 January 1965 in Oldham, Lancashire) is an actor from England best known for playing PC Phil Bellamy in the British TV Series Heartbeat, which he left in 2007.', 'Meghan Markle with Mark Duplass on The League | FX FX comedy The League was just getting its start when Markle appeared. In the showâ\x80\x99s second episode, she played an unnamed woman in a bar, who the newly single Pete (Mark Duplass) hits it off with.', ""Sitting pretty: Alex stars on the hit CBS series Hawaii Five-O, which is a remake of popular 1960 to '70s show. O'Loughlin has also starred on the TV series Moonlight, as a vampire, and on Three Rivers and appeared opposite Jennifer Lopez in the movie The Back-up Plan."", 'During the run of Seinfeld, he made a guest appearance in Mad About You. After Seinfeld, Richards starred in his own sitcom, The Michael Richards Show, which lasted less than one full season. When Seinfeld ended, Richards returned to stand-up comedy.']",I cannot answer from the given context.,,1.0,-0.0,0.0
what type of government does a small group of people rule,"[""The existing structure is overthrown by a completely new group. The new group can be very small - such as the military - or very large - as in a popular revolution. After a period of time, this 'becomes' one of the other type of government (unless there is another coup or uprising). Rule by a single political party. Votes for alternative candidates and parties are simply not allowed. Citizens are allowed and 'encouraged' to vote, but only for the government's chosen candidates. A form of government which consists of rule by an elite group who rule in their own interests, especially the accumulation of wealth and privilege."", ""What is a Dictator? A dictatorship is a form of government characterized by the absolute rule of one person or a very small group of people who hold all political power. While a dictatorship is a form of government in some nations, just as monarchy or representative democracy is the form of government in others, dictatorships are seen by non-dictatorships as dangerous and cruel because of the way they tend to treat their citizens. Dictators and Control. You won't find a dictator who calls himself a dictator."", 'Furthermore, especially in American English, the concepts of the state and the government may be used synonymously to refer to the person or group of people exercising authority over a politically organized territory. Finally, government is also sometimes used in English as a synonym for governance.ule by the rich; a system of governance composed of the wealthy class. Any of the forms of government listed here can be plutocracy. For instance, if all of the elected representatives in a republic are wealthy, then it is a republic and a plutocracy.', 'Kleptocracy (from Greek ÎºÎ»Î\xadÏ\x80Ï\x84Î·Ï\x82 klÃ©ptÄ\x93s, thief, ÎºÎ»Î\xadÏ\x80Ï\x84Ï\x89 klÃ©ptÅ\x8d, I steal, and -ÎºÏ\x81Î±Ï\x84Î¯Î± -kratÃ\xada from ÎºÏ\x81Î¬Ï\x84Î¿Ï\x82 krÃ¡tos, power, rule) is a government with corrupt leaders (kleptocrats) that use their power to exploit the people and natural resources of their own territory in order to extend their personal wealth and political power.', 'The manner in which sovereignty is exercised in each state. 2. There are three simple forms of government, the democratic, the aristocratic, and monarchical. But these three simple forms may be varied to infinity by the mixture and divisions of their different powers.']",A dictatorship is a form of government characterized by the absolute rule of one person or a very small group of people who hold all political power.,,1.0,0.43754294438320795,0.0
how can you tell the difference between a wart and a mole on your face,"['The difference between a mole and a wart is that moles are not contagious, but warts are. A mole, or nevus, is a collection of skin pigment cells. When they are small, they look like small brown dots. When the collection is larger, and slightly deeper, it can cause a raised skin colored bump over it. This is called an intradermal nevus because it resides in the dermal layer of the skin.', 'What are freckles and skin moles? Freckles are small usually pale brown areas of skin, which are often temporary and are usually caused by exposure to the sun. Moles are areas of darker pigmented (brown or brown/black) on the skin, they are long-lasting and are only indirectly associated with exposure to the sun.', 'A wart is a small growth with a rough texture that can appear anywhere on the body. It can look like a solid blister or a small cauliflower. Warts are caused by viruses in the human papillomavirus (HPV) family. The appearance of a wart depends on its location on the body and the thickness of the skin. Palmar warts appear on the hand. Plantar warts affect the feet. As many as 1 in 3 children and teenagers are estimated to have warts, but only 3 to 5 percent of adults.', 'Warts are an infection of the skin caused by the human papillomavirus (HPV). The virus enters the body through a break in the skin (such as a cut) and then forms a rough bump on the surface of the skin. Warts are benign (non-cancerous) growths.', 'Causes of Skin Moles. Prev Next. Moles are common skin growths that result from a natural process in the skin. Melanin is the natural pigment that gives skin, hair and the irises of the eyes their color. In the skin, melanin is produced in cells called melanocytes located in the two upper layers of the skin.']","You can tell the difference between a wart and a mole on your face by noting that moles are not contagious and are collections of skin pigment cells, often appearing as small brown dots or raised skin-colored bumps. In contrast, warts are contagious, caused by viruses in the human papillomavirus (HPV) family, and have a rough texture, resembling solid blisters or small cauliflowers.",,0.875,0.9697638136438838,0.0
what was elvis presley's wife's name,"['Priscilla Presley Elvis Aaron Presley only had one wife, and her name is Priscilla Presley.', ""Priscilla married Elvis then had Lisa Marie in 1968 when she was 22 years old. Lisa Marie also had children in her earlier 20s-giving birth to Riley when she was 21 and Ben when she was 24.Priscilla (left), holds the hand of one of her twin granddaughters and is followed by her daughter, Lisa Marie (right).The Presley family returned to Memphis to celebrate Elvis' 80th with hundreds of fans.'My gosh, I'm in total shock.riscilla married Elvis then had Lisa Marie in 1968 when she was 22 years old. Lisa Marie also had children in her earlier 20s-giving birth to Riley when she was 21 and Ben when she was 24."", 'Born in Fulton, Mississippi on April 19, 1916 and died in Memphis on. June 26, 1979, Vernon elvis Presley was one of six siblings. Vernon. married Gladys Smith on June 7, 1933 at the age of seventeen.', ""Ann Margret talks about Elvis during an interview aired on Feb 11, 1994.It's incredible to see that after so many years (30 actyally) of their romance, Ann never betrayed Elvis memory and preferred to keep some memories and very personal details for herself only.She truly respected Elvis-and still does!nn Margret talks about Elvis during an interview aired on Feb 11, 1994."", ""Elvis Presley's private jets up for sale. Read more about sharing. Two private planes owned by Elvis Presley - the Lisa Marie and Hound Dog II - are going up for auction. The Lisa Marie, named after his daughter, was bought by Presley in 1975 and refurbished to include a master suite with full-size bed and conference room.""]",Priscilla Presley,,1.0,0.7825542418708068,0.0
what was the strawberry kids cereal,"[""Strawberry Shortcake Cereal. Strawberry Shortcake cereal is a crispy, strawberry pink breakfast cereal released in 1983 by General Mills. Just like Strawberry Shortcake dolls, Strawberry Shortcake Cereal smells like strawberries! The cereal is actually quite delicious and the strawberry taste is fantastic. This is really one of those great kids cereals that brings a smile to your face when you eat breakfast. In the commercials, Strawberry Shortcake says It's berry delicious!. The cereal is pink / strawberry colored and round in shape."", ""Jammie Dodgers. Jammie Dodgers are a popular British biscuit, made from shortbread with a raspberry or strawberry flavoured jam filling. They are currently produced by Burton's Biscuit Company at its factory in Llantarnam. In 2009, Jammie Dodgers were the most popular children's sweet biscuit brand in the United Kingdom, with 40% of the years' sales consumed by adults."", 'Leave the pasty boxed stuff behind and make these tasty Homemade Baby Cereal Recipes for your baby. Thereâ\x80\x99s nothing as healthy or as wholesome and fresh as homemade baby cereals made from whole grains. While the recommended age for starting solid foods is generally 6 months of age, many babies start solids between 4 and 6 months of age. These recipes are appropriate for this age range.', 'hot cereal - a cereal that is served hot. atole - eaten as mush or as a thin gruel. hasty pudding - cornmeal mush served with sweetening (maple syrup or brown sugar) polenta - a thick mush made of cornmeal boiled in stock or water.', 'Strawberry Bread - Ingredients. 1 Calories: 281 kcal 14%. 2 Fat: 16.6 g 25%. 3 Carbs: 31.2g 10%. 4 Protein: 3.3 g 7%. 5 Cholesterol: 31 mg 10%. 6 Sodium: 161 mg 6%.']",Strawberry Shortcake Cereal.,,1.0,0.702225676833366,0.0
what's the iq scale,"['IQ or intelligence quotient is a measure of relative intelligence determined by a standardized test. Simply put, it is an assessment of your ability to think and reason. William James Sidis', ""IQ stands for intelligence quotient. A person's IQ score is computed by dividing a person's mental age by their chronological age and multiplying by 100. So if a 7 year old takes an IQ test and scores the mental age of a 7 year old; 7/7=1 times 100= an IQ of 100.Thus an average IQ would be 100.If a 10 year old scored the mental age of a 5 year old; 5/10= .5 times 100= an IQ of 50 (not so hot).f a five year old took his test, and had the mental age of a three year old, then the school would work harder with him to raise his intelligence. Louis Terman, a Stanford professor, brought this idea to the United States and created the Stanford-Binet IQ test."", 'Intelligence quotient definition, an intelligence test score that is obtained by dividing mental age, which reflects the age-graded level of performance as derived from population norms, by chronological age and multiplying by 100: a score of 100 thus indicates a performance at exactly the normal level for that age group. See more.', 'Sections: Quartiles, boxes, and whiskers, Five-number summary, Interquartile ranges and outliers. The interquartile range, abbreviated IQR , is just the width of the box in the box-and-whisker plot.That is, IQR = Q 3 â\x80\x93 Q 1. The IQR can be used as a measure of how spread-out the values are.Statistics assumes that your values are clustered around some central value.ections: Quartiles, boxes, and whiskers, Five-number summary, Interquartile ranges and outliers. The interquartile range, abbreviated IQR , is just the width of the box in the box-and-whisker plot.', 'Approximately what proportion of people have an IQ between 85 and 115? IQ test scores have a normal distribution with a mean of 100 and a standard deviation of 15.']",I cannot answer from the given context.,,0.0,0.0,0.5833333333041666
when is the warm weather in thailand,"[""People are flocking to shopping malls just to soak up the air-conditioning. Authorities are telling people to stay out of the blazing sun to avoid heat stroke. April in Thailand is typically hot and sweaty, but this year's scorching weather has set a record for the longest heat wave in at least 65 years. The average peak temperature each day this month has been above 104 degrees Fahrenheit, with the mercury spiking one day to 111.7 F â\x80\x94 just short of the all-time record."", 'Bangkok: Annual Weather Averages. April is the hottest month in Bangkok with an average temperature of 31Â°C (87Â°F) and the coldest is December at 26Â°C (79Â°F) with the most daily sunshine hours at 9 in December. The wettest month is September with an average of 220mm of rain.', ""April is Thailand's midsummer (hottest) month, both in the north and south of the country. If you are touring Thailand primarily for its beaches, you may be able to get better hotel rates because the temperature spikes above 100 degrees tend to deter most visitors.t is not unusual for highs during this season to reach 105 degrees, however. During monsoon season, temperatures dip back to an average of 84 degrees Fahrenheit, but the increase in humidity brings little relief with the 10-degree drop."", 'What is the weather like in Thailand? Thailand can best be described as tropical and humid for the majority of the country during most of the year. The area of Thailand north of Bangkok has a climate determined by three seasons whilst the southern peninsular region of Thailand has only two. In northern Thailand the seasons are clearly defined. Between November and May the weather is mostly dry, however this is broken up into the periods November to February and March to May.', 'Weather in Pattaya in September 2017. Expect 31Â°C daytime maximum temperatures in the shade with on average 5 hours of sunshine per day in Pattaya in September. Check more long-term weather averages for Pattaya in September before you book your next holiday to Thailand in 2017.']","Warm weather in Thailand is typically experienced in April, which is the hottest month, and it can also be warm during the period from March to May.",,1.0,0.9094689330935365,0.0
when must a trademark be renewed,"['However, the trademark may still be renewed under the 6-month grace period until December 1, 2016 (6 months past June 1, 2016). 10 Year Renewal: Following the 5 / 6 year renewal a trademark must also be renewed on or about every 10th anniversary of its registration. The registration is renewed by filing a Â§8 Declaration of Continued Use as well as a Â§9 Application for Renewal.', 'Higher fees apply to 8-year licenses. Most original licenses and renewals for those who were born in an even-numbered year will be valid for 8 years. You must renew in-person at a DMV office. You may wish to obtain a Real ID compliant license at the same time. Renewals for those born in odd-numbered years will be valid for 4 years at the next renewal in 2014-2017, then 8 years at the renewal in 2018 and beyond. This does not apply to motorists age 65 and older, limited-term licenses for immigrants and others or Driver Authorization cards.', 'Question: How long does patent protection last? Answer: Utility and plant patents are granted for a term which begins with the date of the grant and usually ends 20 years from the date the applications were filed. You must make the timely payment of the appropriate maintenance fees.', 'Each certification must be renewed on a five-year cycle; the mechanic will lose master mechanic status if even one certification lapses. The ASE provides study guides and practice tests, so mechanics preparing for either initial certification or recertification can test their knowledge ahead of time.', 'Renewing a Passport. The U.S. government recommends travelers renew their passports at least nine months before it expires, if possible. Passports are renewable by mail if they are undamaged, issued after the age of 16, issued within the last 15 years, and issued in your current name (see Resources).']","A trademark must be renewed on or about every 10th anniversary of its registration, following a 5 / 6 year renewal. Additionally, it may be renewed under a 6-month grace period until December 1, 2016, if it was due for renewal on June 1, 2016.",,1.0,0.9065799617263576,0.0
when was iheartradio founded,"['iHeartRadio allows its users to listen to more than 1,500 live radio stations from coast-to-coast, including pop, country, urban, rock, talk, and college. It also enables its users to browse radio stations by music genre and location. iHeartRadio was launched in October 2008 in New York, United States.', ""The United States of America was founded on July 4, 1776. 'Founded' means that it was declared independent from the Kingdom of Great Britain. The British colonies became independent states.July 4, 1776 is the date present on the handwritten copy of the Declaration of Independence signed by Congress.oday, fifty states, along with one federal district, form the United States of America. The formation of the United States witnessed many twists and turns over a long period of time. No particular date can be assigned to the day when the United States was actually founded."", 'Originally located in San Diego, California, the company was founded in 1984 by John Walton (son of Sam Walton, founder of the retail giant, Wal Mart) to build and market the Corsair F-27 trailerable trimaran designed by Ian Farrier.', 'The company was founded on January 25, 1964, as Blue Ribbon Sports, by Bill Bowerman and Phil Knight, and officially became Nike, Inc. on May 30, 1971. The company takes its name from Nike, the Greek goddess of victory. Nike markets its products under its own brand, as well as Nike Golf, Nike Pro, Nike+, Air Jordan, Nike Blazers, Air Force 1, Nike Dunk, Air Max, Foamposite, Nike Skateboarding, and subsidiaries including Brand Jordan, Hurley International and Converse.', ""History [edit]. The Company was founded by Jorgen Lotz and Olaf Kier, Danish engineers, under the name Lotz & Kier in 1928, and it was based in Stoke-on-Trent.A few years later Lotz withdrew from the company, but Olaf Kier retained a semblance of his identity by including Lotz's initials in the organisation's new name, 'J.L.Kier & Co Ltd', which remained the company's principal title for over four decades.istory [edit]. The Company was founded by Jorgen Lotz and Olaf Kier, Danish engineers, under the name Lotz & Kier in 1928, and it was based in Stoke-on-Trent.""]",iHeartRadio was launched in October 2008.,,1.0,0.86149679362898,0.0
when was putnam county established,"['Putnam County was first established on 2 February 1842 when the Twenty-fourth General Assembly enacted a measure creating Putnam County from portions of Jackson, Overton, Fentress, and White Counties.', 'Fairfield County was established by an act of the Connecticut General Court in Hartford along with Hartford County, New Haven County, and New London County; which were the first four Connecticut counties, on May 10, 1666.airfield County was established by an act of the Connecticut General Court in Hartford along with Hartford County, New Haven County, and New London County; which were the first four Connecticut counties, on May 10, 1666.', 'Hardin County was established in 1792 from land given by Nelson County. Hardin was the 15th Kentucky county in order of formation. The county is named for Col. John Hardin, a Continental Army officer during the American Revolution and a brother of the Capt. William Hardin who founded Hardinsburg.', ""Baldwin County, developed on lands once held by Creek Indians, lies in central Georgia. Established in 1803, the county remembers Abraham Baldwin, a member of the Continental Congress and author of legislation that established the nation's first charter for a state-supported uniÂ\xadversity, the University of Georgia. Milledgeville, the county seat, served as the state capital for 61 years. It is named for John Milledge, a Revolutionary leader, member of Congress, Georgia governor and donor of ..."", ""On September 6, 1776, the Maryland Constitutional Convention formed Montgomery County from lands that had at one point or another been part of Charles, Prince George's and Frederick Counties, naming it after General Richard Montgomery.""]",Putnam County was established on 2 February 1842.,,1.0,0.9506387068544345,0.0
where are the most deserts,"['Most deserts lie between 15Â° and 35Â° north and south of the equator. They were created by air that rises over the equator and comes down over the Tropic of Cancer and the Tropic of Capricorn . All over the world many deserts lie in these regions.', 'In this section, you will learn about two interesting biomes, deserts and grasslands. Deserts Desert regions A desert is a climate region that av erages less than 35 centimeters of rainfall per year. Most deserts are found between the latitudes of 30Â° N and 30Â° S. Because of the lack of cloud cover, deserts', 'The Sahara is the largest desert in the world that occupies approximately 10 percent of the African Continent including Algeria, Chad, Egypt, Libya, Mali, Mauritania, Morocco, Niger, Sudan and Tunisia. Hence, the History of the Sahara is as interesting as it sounds.', ""The Great Basin Desert, the largest U. S. desert, covers an arid expanse of about 190,000 square miles and is bordered by the Sierra Nevada Range on the west and the Rocky Mountains on the east, the Columbia Plateau to the north and the Mojave and Sonoran deserts to the south.t 50 in the The Great Basin Desert. Great Basin National Park Nevada's U.S. Route 50 High Desert Oregon and Idaho Border Other DesertUSA Resources Desert Animal Surval Surviving Summer in Death Valley Desert Survival Primer for People Desert Survival Kit."", 'Desert Driving. Californiaâ\x80\x99s deserts â\x80\x94 the Mojave, Death Valley, Owens Valley, etc. â\x80\x94 are strange and beautiful, and form a large part of the state; theyâ\x80\x99re also surprisingly accessible, as long as you use some common sense and take a few precautions. Donâ\x80\x99t be intimidated by the idea of driving through the great California deserts.']",Most deserts lie between 15° and 35° north and south of the equator.,,0.0,0.7910367804616363,0.0
where did the ottomans deport the armenians,"['On this day in 1915, in the latest of a disturbing series of Turkish aggressions against Armenians during World War I, Mehmed Talat, the Ottoman minister of the interior, announces that all Armenians living near the battlefield zones in eastern Anatolia (under Ottoman rule) will be deported to Syria and Mosul.', 'In the nineteenth century, Iran, the Ottoman Empire, and Russia took an interest in Azerbaijan. Russia invaded Azerbaijan, and with the 1828 treaty borders (almost identical to the current borders), the country was divided between Iran and Russia.zerbaijan is on the western shore of the Caspian Sea. To the north it borders the Russian Federation, in the northwest Georgia, in the west Armenia, and in the south Iran.', 'At this time, Tbilisi had roughly the same number of Armenians as Georgians, with Russians being the third largest ethnic group. It was here, in the former Caucasus Vice royal Palace, where the independence of three Transcaucasus nations â\x80\x93 Georgia, Armenia and Azerbaijan â\x80\x93 was declared on 26 to 28 May 1918.', 'Russia declared war on the Ottoman Empire on November 5, followed the next day by Britain and France. Within six months, the Ottoman army of about 800,000 men was engaged in a four-front war that became part of the greater conflict of World War I.n the spring of 1915, the Allies undertook naval and land operations in the Dardanelles that were intended to knock the Ottoman Empire out of the war with one blow and to open the straits for the passage of supplies to Russia.', 'In 1526, a young Hungarian king fell in a battle with the Ottoman Turks. On the basis of a marriage contract, the Habsburgs claimed the Hungarian throne. After conquering the Ottomans in 1686 and 1712, the Habsburgs ruled all of Hungary.']",The Ottomans deported the Armenians to Syria and Mosul.,,1.0,0.891277264934384,0.0
where does microtubule formation occur,"['The microtubules, also called spindle fibers, form from an area of the cell called the centrosome.During interphase, the cell has one centrosome but just before prophase, the centrosome duplicates, producing a second centrosome. During prophase, microtubules radiate from each centrosome.he microtubules, also called spindle fibers, form from an area of the cell called the centrosome.', ""In addition, microtubules are the major components of cilia and flagella, and participate in the formation of spindle fibers during cell division (mitosis). The length of microtubules in the cell varies between 200 nanometers and 25 micrometers, depending upon the task of a particular microtubule and the state of the cell's life cycle. Microtubules are biopolymers that are composed of subunits made from an abundant globular cytoplasmic protein known as tubulin, as illustrated in Figure 1."", 'Long protein fibers called microtubules extend from the centrioles in all possible directions, forming what is called a spindle. Some of the microtubules attach the poles to the chromosomes by connecting to protein complexes called kinetochores.', 'Here are a series of videos of the cell cycle which highlight the role of microtubules: In animals, quiescent cells and even cells in interphase usually have just one MTOC, called a centrosome, which serves as the central hub for all microtubules in the cell.', 'Microtubules, the polymers that compose the mitotic spindle, and microtubule-based motor proteins have vital roles in mitosis. Several members of the kinesin motor superfamily have been implicated in spindle formation, chromosome movement, and cytokinesis.icrotubules, the polymers that compose the mitotic spindle, and microtubule-based motor proteins have vital roles in mitosis. Several members of the kinesin motor superfamily have been implicated in spindle formation, chromosome movement, and cytokinesis.']",Microtubule formation occurs from an area of the cell called the centrosome.,,1.0,0.8898994346532417,0.0
where does wegmans organic chicken come from,"['The barn at Wegmans Organic Farm in Canandaigua PHOTO/Edible Buffalo. In our current issue we profiled the good work going on at the Wegmans Organic Farm in Canandaigua. Recently the folks at Wegmans invited the media to come check out the latest achievements at the farm. One of the exciting items they revealed that day was that theyâ\x80\x99ll open up the farm to the public for tours as well.', ""Wegmans Food Markets, Inc. is a privately held U.S. regional supermarket chain headquartered in Gates, New York, near Rochester. Wegmans has 85 stores in the mid-Atlantic and New England regions, in New York, Pennsylvania, New Jersey, Maryland, Massachusetts, and Virginia.ost of Wegmans' newer stores are of the superstore or megamarket type, with a large area, a variety of foods aimed at an upscale clientele, and in many stores, Market Cafe cafÃ©-in store dining. areas"", 'White eggs come from white chickens, while brown eggs come from chickens that are brown in colour. Most eggs sold in American supermarkets come from White Leghorn chickens, which are white in colour. However, it is possible to find brown eggs in the States, and to find white eggs in the UK.', 'Organic sugar (also called Rapadura). Organic sugar comes from sugar cane. Natural sugar cane is brimming with vitamins, minerals, enzymes, fibers, and phytonutrients that help the body digest the naturally occurring sugars.', ""Heritage Breed Animals. We sell products that come from: Dexter Cattle, Large Black and Red Wattle hogs, Buckeye and other Heritage chicken eggs, Bronze Breasted Turkeys, Heritage lambs, goats, and other Heritage animals. What we raise isn't the question that pops up the most, it's why Heritage Breeds, and what is a Heritage Breed animal?""]",I cannot answer from the given context.,,0.5,0.0,0.0
where is diethanolamine found,"['Diethanolamine found in shampoos may inhibit brain development. An ingredient found in many shampoos and other personal care products appears to interfere with normal brain development in baby mice when applied to the skin of pregnant mice, University of North Carolina at Chapel Hill researchers have discovered.', '5-HTP (5-hydroxytryptophan) is an amino acid that your body naturally manufactures. Itâ\x80\x99s not found in food, but is created from another amino acid, tryptophan. Trytophan is found in high-protein animal foods like meat, poultry, seafood, dairy and eggs.', 'Thiamine is vitamin B1. Thiamine is found in foods such as cereals, whole grains, meat, nuts, beans, and peas. Thiamine is important in the breakdown of carbohydrates from foods into products needed by the body.Thiamine is used to treat or prevent vitamin B1 deficiency.hiamine is vitamin B1. Thiamine is found in foods such as cereals, whole grains, meat, nuts, beans, and peas. Thiamine is important in the breakdown of carbohydrates from foods into products needed by the body.', 'Hallucinogens can be found naturally (In mushrooms) or made synthetically (made by chemical processing in a laboratory type setup). 1 LSD is synthetically made.2 Psilocybin is found naturally in several types of magic mushrooms. 3 Other trees, seeds and fungi also have hallucinogenic potential.allucinogens can be found naturally (In mushrooms) or made synthetically (made by chemical processing in a laboratory type setup). 1 LSD is synthetically made.', 'Tryptophan is a routine constituent of most protein-based foods or dietary proteins. It is particularly plentiful in chocolate, oats, dried dates, milk, yogurt, cottage cheese, red meat, eggs, fish, poultry, sesame, chickpeas, almonds, sunflower seeds, pumpkin seeds, spirulina, bananas, and peanuts.ince tryptophan is converted into 5-hydroxytryptophan (5-HTP) which is subsequently converted into the neurotransmitter serotonin, it has been proposed that consumption of tryptophan or 5-HTP may therefore improve depression symptoms by increasing the level of serotonin in the brain.']",Diethanolamine is found in shampoos and other personal care products.,,1.0,0.7923186931741805,0.9999999999
where is jones beach,"['Jones Beach State Park. Jones Beach State Park (colloquially, Jones Beach) is a state park of the U.S. state of New York. It is in southern Nassau County, in the hamlet of Wantagh, on Jones Beach Island, a barrier island linked to Long Island by the Meadowbrook State Parkway, Wantagh State Parkway, and Ocean Parkway.', 'West Palm Beach is a city in and the county seat of Palm Beach County, Florida, United States. It is one of the three main cities in South Florida. The population was 99,919 at the 2010 census.', 'With the whitest sand Iâ\x80\x99ve ever seen against a beautiful backdrop, according to Jemma York of Academy Travel (and the Guinness Book of World Records), Hyams Beach â\x80\x94 located on the south coast of New South Wales â\x80\x94 is the perfect relaxation spot.', 'Beaches on this map. 1 Muir Beach Muir Beach (the beach) is part of Golden Gate National Recreation Area and located in the small town of Muir Beach, California. 2 Stinson Beach Stinson Beach (the beach) is a large public beach within Golden Gate National Recreation Area located in the town of Stinson Beach, California.', 'Early life. Jones was born in Los Angeles, California. Her first name comes from the heroine of the novel The Good Earth by Pearl S. Buck. Her father left the family when his daughter was a child. Her mother, Scarlett Johnson, married Johnny Dark. In 1979, Scarlett suffered a stroke and aphasia.']","Jones Beach is located in southern Nassau County, in the hamlet of Wantagh, on Jones Beach Island, a barrier island linked to Long Island by the Meadowbrook State Parkway, Wantagh State Parkway, and Ocean Parkway.",,1.0,0.9294278241389035,0.0
where is montella italy,"['Montella. 32 likes Â· 8 were here. Montella is an Italian town and comune (municipality) in the province of Avellino, Campania, with a population of 8,013. Jump to', 'Pavia (Italian: [paË\x88viË\x90a]; Lombard: Pavia; Latin: Ticinum; Medieval Latin: Papia) is a town and comune of south-western Lombardy, northern Italy, 35 kilometres (22 miles) south of Milan on the lower Ticino river near its confluence with the Po. It has a population of c. 68,000. The city was the capital of the Kingdom of the Lombards from 572 to 774. Pavia is the capital of the fertile province of Pavia, known for agricultural products including wine, rice, cereals, and dairy products.', 'It is a popular holiday location and is located in northern Italy, about half-way between Brescia and Verona, and between Venice and Milan. Glaciers formed this alpine region at the end of the last Ice Age. Battle of Lake Benacus, in which Roman forces defeated the Alamanni on the shores of Lake Garda, in the year 268. 2 Battle of Rivoli, in 1797 during the French campaign of Napoleon I in Italy against Austria.', 'Venice (/Ë\x88vÉ\x9bnÉªs/ VEN-iss; Italian: Venezia, [veË\x88nÉ\x9bttsja]; Venetian: Venesia, [veË\x88nÉ\x9bsja]) is a city in northeastern Italy and the capital of the Veneto region. It is situated across a group of 118 small islands that are separated by canals and linked by bridges, of which there are 400.', 'The Turks whodescended from Mongolia gave the name of the sacred mountain Bulcan to their new home, the mountain range Aimos (Balcan) . Today the term Balcania refers to Rumania, Serbia, Bulgaria, Albania, and Greece. In the 1 c B.C ., one of the three kingdoms in Korea and its territory were called Silla.In southern Italy (Calabria) a mountain plateau with Greek-speaking villages and olive trees in its southern region is called Sila.f course there are exceptions, for example it is always gou mai I buy (not mai gou) but in the instance of the words AthinaYadian, both syllable-words mean attractive, wonderful, charming, and can be reversed: Dian ya) .']","Montella is in the province of Avellino, Campania, Italy.",,1.0,0.8608936091011666,0.0
where is the corral club located in reliant stadium,"['3/25/2017. First to Review. There are several corral club bars located all over the Houston Livestock Show and Rodeo grounds. This one is located in NRG Park, upstairs and on the top left hand corner. Remember you do need a gold badge to enter. Several tables and chairs set up and lots and lots, I mean lots to drink! From hard liquor to wine to beer to frozen margaritas.', 'Rated 5 out of 5 by SFAMom97 from Battle of the Piney Woods It was amazing attending the first Battle in our own Reliant Stadium. Made the even that much more spectacular. It was fantastic seeing a sea of purple and orange in the stadium. Truly a remarkable event!', 'NRG Stadium (Formerly Reliant Stadium) Seat Numbers The seat numbers at Reliant Stadium (NRG Stadium) are consistent throughout the entire stadium. For every section, seat number 1 will always be closer to the adjacent section with the lower section number.', ""Coors Field. Coors Field is a baseball park located in downtown Denver, Colorado. It is the home field of the Colorado Rockies, the city's Major League Baseball (MLB) franchise. It is named for the Coors Brewing Company of Golden, Colorado, which purchased the naming rights to the park prior to its completion in 1995."", 'The team plays in Dodger Stadium, which is located north of downtown Los Angeles. Opened in 1962, the stadium is the third-oldest in the country, after Fenway Park and Wrigley Field. The stadium has a capacity of about 56,000, which is small compared to some of the more modern ballparks.']",I cannot answer from the given context.,,0.0,-0.0,0.0
where is tiny town,"['Tiny Town is an amazing little playcentre just for children located in Guelph from toddler to kindergarten age to learn, grow, and most importantly play! Tiny Town is an amazing little playcentre just for children located in Guelph from toddler to kindergarten age to learn, grow, and most importantly play! Menu Home', 'The Encampment K-12 School is a K-12 public education institution located in Encampment, Wyoming. It is part of Carbon County School District #2. The Town of Encampment is nestled in south-central Carbon County between the Sierra Madre and Snowy Range mountain ranges in the south central part of the state. Located forty miles south of Interstate 80 and 85 miles west of Laramie, the tiny town is home to 450 people.', 'Conway Conway is the epitome of a community that thinks big while retaining its small-town friendliness and charm. Once considered a bedroom community to Little Rock, this Central Arkansas city takes a back seat to no one when it comes to amenities and quality of life, and its rate of growth and ongoing economic development have set the bar for similarly sized Arkansas communities.', 'Little Elm, Texas. Little Elm is a city in Denton County, Texas, United States, and a part of the Dallas-Fort Worth Metroplex. It is an extended suburb of Dallas. The population was 3,646 at the 2000 census.', 'â\x80\x9cSki center in the southern Adirondacksâ\x80\x9d. North Creek is a beautiful little town with lots to do. The Mohawk flows through the town so in the summer there is rafting, fishing, photography. But in the winter, Gore Mountain...']",Tiny Town is located in Guelph.,,1.0,0.9281933411484253,0.0
which memory is also called primary memory,"['The following terms related to memory of a computer or Primary memory: 1. Random Access Memory (RAM): The primary storage is called as Random Access Memory (RAM) because it is possible to randomly select and use any location of the memory, directly store and retrieve data. It takes same time to reach any address of the memory as it takes for the first address. It is also called read / write memory.', 'Examples. 1 An in-memory database is a database that primarily resides in main memory, but is typically backed-up by non-volatile computer data storage. Main memory databases are faster than disk databases, and so are often used where response time is critical, such as in telecommunications network equipment.', 'Amnesia (from Greek, meaning forgetfulness; from á¼\x80- (a-), meaning without, and Î¼Î½Î®Ï\x83Î¹Ï\x82 (mnesis), meaning memory), also known as amnesic syndrome, is a deficit in memory caused by brain damage, disease, or psychological trauma.', ""Â· just now. 1 Cell Phone Internal Memory. 2 A cell phone's Internal memory is for saving texts messages,phone calls you received and missed and things like that. 3 Well having more memory is generally better...but sometimes the memory refers to memory for applications like with the android phones."", 'The hippocampus is one of the few areas of the brain capable actually growing new neurons, although this ability is impaired by stress-related glucocorticoids. The amygdala also performs a primary role in the processing and memory of emotional reactions and social and sexual behaviour, as well as regulating the sense of smell. Another sub-cortical systems (inside the cerebral cortex) which is essential to memory function is the basal ganglia system, particularly the striatum (or neostriatum) which is important in the formation and retrieval of procedural memory.']",Random Access Memory (RAM) is also called primary memory.,,1.0,0.6694378913253797,0.0
which muscle type is involved in the function of the digestive tract and blood vessels?,"['**Which muscle type is involved in the function of the digestive tract and blood vessels? Smooth smooth muscle functions in many systems of the body, including the digestive tract and blood vessels. **How does cardiac muscle differ from the other types of muscle? **True or false?', 'Like most systems in the body, the muscular system does not work in isolation. The most obvious systems that interact with muscular system are the skeletal system, the nervous system and the circulatory system. Muscles are also involved in the digestive system, the respiratory system and the immune system.', 'Gastrointestinal motility refers to the contraction of the smooth muscles of the gastrointestinal tract. 1 The gastrointestinal tract is commonly divided into 5 parts: the mouth, esophagus, stomach, small intestine, and large intestine (colon). These parts are separated from each other by special muscles called sphincters which normally stay tightly closed and which regulate themovement of food and food residues from one part to another.', 'The digestive system is a group of organs (Buccal cavity (mouth), pharynx, oesophagus, stomach, liver, gall bladder, jejunum, ileum and colon) that breakdown the chemical components of food, with digestive juices, into tiny nutrients which can be absorbed to generate energy for the body.', 'The stomach is a muscular, hollow, dilated part of the digestive system which functions as an important organ of the digestive tract in many animals, including vertebrates, echinoderms, insects (mid-gut), and molluscs.he stomach lies between the esophagus and the duodenum (the first part of the small intestine). It is in the left upper part of the abdominal cavity. The top of the stomach lies against the diaphragm. Lying behind the stomach is the pancreas.']","Smooth muscle functions in many systems of the body, including the digestive tract and blood vessels.",,1.0,0.6612023139610895,0.0
who is jeconiah,"[""Jeconiah, also known as Coniah and as Jehoiachin, was a king of Judah who was dethroned by the King of Babylon in the 6th century BC and was taken into captivity. He was the son and successor of King Jehoiakim. Most of what is known about Jeconiah is found in the Hebrew Bible. Records of Jeconiah's existence have been found in Iraq, such as the Jehoiachin's Rations Tablets. These tablets were excavated near the Ishtar Gate in Babylon and have been dated to c. 592 BC. Written in cuneiform, they m"", 'JELLAL IS A CHILDHOOD FRIEND OF ERZA SCARLET. HIS COUNTEPART IS MYSTOGAN. HE IS A MALE WHO IS 19 YEARS OLD. HE WAS BORN ON YEAR X765. HIS HAIR COLOUR IS BLUE AND HIS EYE COLOUR IS BROWN. HE IS ACTIVE.', 'The Jews (Hebrew: ×\x99Ö°×\x94×\x95Ö¼×\x93Ö´×\x99×\x9d. Yehudim, [jehuË\x88dim]), also known as the Jewish people, are a Semitic ethnoreligious group and nation native to the Land of Israel, also referred to as an ethno-cultural group and a civilization.he shift of ethnonym from Israelites to Jews (inhabitant of Judah), although not contained in the Torah, is made explicit in the Book of Esther (4th century BCE), a book in the Ketuvim, the third section of the Jewish Tanakh.', 'Jeronimo is an unusual given name for men but a very prominent surname for both adults and children (#20468 out of 150436, Top 14%).(2000 U.S. Census).eronimo has 1 variant: Jeronimus. Jeronimo has 20 more alternative forms via Geronimo, Jerome: Gerome, Gerrie, Gerry â\x96¼ , Herinomos, Heronimo, Hierome, Hieronim, Hieronimo, Hieronimos, Hieronimus, Hieronymos, Hieronymus, Jairo â\x96¼ , Jairome, Jeroen, Jeromo, Jerrome, Jerron, Jerrone and Jerry â\x96¼ .', 'EGLANTYNE JEBB. 1876 - 1928. Saving Children. Tomboy. Slim and tall, Eglantyne Jebb was a tomboy with delicate features and copper-red hair. She grew up in a country house with six brothers and sisters and liked to read, ride, daydream and lead her siblings on outings. She read history at Lady Margaret Hall, Oxford, and took honours in modern history before training to become a primary school teacher.']","Jeconiah, also known as Coniah and Jehoiachin, was a king of Judah who was dethroned by the King of Babylon in the 6th century BC and was taken into captivity. He was the son and successor of King Jehoiakim. Most of what is known about Jeconiah is found in the Hebrew Bible.",,1.0,0.8798846588613808,0.0
how early can easy home pregnancy test detect,"['In a 28-day cycle, with ovulation occurring at day 14, hCG can be detected in urine or serum in minute quantities around day 23, or five days before your period is due. Some home pregnancy test kits promise 99 percent accuracy at detecting hCG levels from the day of your expected period.', ""Most patients undergo an ultrasound at around 18-20 weeks (about four and a half to five months). Normally, at this stage of pregnancy we can determine the baby's sex, but not always.e usually do this test at around 16 weeks, so in this instance, the mother can find out the baby's sex a little sooner."", ""A qualitative blood pregnancy test checks for the presence of the hCG hormone in your blood to confirm whether you're pregnant. This type of blood test provides you with a simple yes or no answer. However, it can take 2 to 3 days before results are ready, and it's more expensive than a urine test. Your doctor can order a qualitative blood test as soon as 10 days following your missed period, according to the NOVA Women's Healthcare website."", ""Find out how soon a home pregnancy test (using pee) or a blood test (ordered by a doctor) can determine if you're pregnant. Pregnancy Tests When to take a pregnancy test, a summary of home tests available, and whether to trust a negative result"", '1 For the most reliable results, test 1-2 weeks after you have missed your period. 2 You can improve your chances for an accurate result by using your first morning urine for the test. If you think you are pregnant, but your first test was negative, you can take the test again after several days.']","Home pregnancy test kits can detect hCG levels around day 23 of a 28-day cycle, which is five days before your period is due.",,1.0,0.6404210824795862,0.0
who is the poet of the charge of the light brigade,"['The Charge of the Light Brigade is an 1854 narrative poem by Alfred, Lord Tennyson about the Charge of the Light Brigade at the Battle of Balaclava during the Crimean War. He wrote it on December 2, 1854, and it was published on December 9, 1854 in The Examiner. He was the Poet Laureate of the United Kingdom at the time. The Charge of the Light Brigade 1890 recording by Alfred, Lord Tennyson on Edison wax cylinder Problems playing this file? See media help.', 'WILFRED OWEN Dulce et Decorum Est Best known poem of the First World War (with notes) DULCE ET DECORUM EST(1) Bent double, like old beggars under sacks, Knock-kneed, coughing like hags, we cursed through sludge, Till on the haunting flares(2) we turned our backs And towards our distant rest(3) began to trudge. Men marched asleep.', 'Ozymandias: about the poem. Ozymandias is one of the most anthologized poems written by the English poet Percy Bysshe Shelley. It is a sonnet, first published in The Examiner in 1818. The next year, it got a place in Shelleyâ\x80\x99s collection Rosalind and Helen, A Modern Eclogue; with Other Poems (1819). The sonnet is about the ruins of a statue of Ozymandias. In antiquity, Ozymandias was a Greek name for the ancient Egyptian pharaoh Ramesses II, who ruled from 1279 BCE to 1213 BCE.', 'I nternational researchers investigating the death of Chilean poet Pablo Neruda raised doubts on Friday as to whether he died of cancer 44 years ago as previously presumed, and did not rule out foul play. Neruda, known for his passionate love poems and staunch communist views, died days after a coup in September 1973 that ushered in the brutal dictatorship of Augusto Pinochet.', 'Fegelein had a long pre-war career in the Equestrian-SS and a distinguised combat record as commander of the SS-Calvary Brigade and 8th SS Division. The Gestapo investigated Fegelein for allegations of race defilement and graft in 1940, but Himmler had the proceedings stopped.']","The poet of The Charge of the Light Brigade is Alfred, Lord Tennyson.",,1.0,0.9469735717774949,0.0
how far away from a fire hydrant parking,"['How Close Can you Park to a Fire Hydrant? Quick answer: Most city fire hydrant parking laws state that you must be parked at least 15 feet away from a fire hydrant (about a full standard sedan car length). The color of both the curb, and the hydrant itself is irrelevant. More details: Youâ\x80\x99re cruising around in the mid-summer heat, and think you just stumbled onto the perfect parking spot.', 'Fire Hydrant Parking Tricks in LA. I saw a fire hydrant the other day where the curb in front of it wasnâ\x80\x99t marked with the customary red â\x80\x9cNo Parkingâ\x80\x9d paint. The curb looked perfectly normal and inviting for my car. There was also no sign indicating I couldnâ\x80\x99t park there. This is very odd for a city with a parking sign roughly every ten feet.', 'Any parking infraction will do. Q: What will it cost me? A: The ticket for parking too close to a hydrant runs $100. If your car is towed on a fourth-strike, you must pay towing a storage fees to get the car back, which starts at $281 all together and goes up by the day. Q: Why canâ\x80\x99t I park near a fire hydrant?', 'In Florida and across the United States, the Bureau of Safety Services is mapping out the locations of fire hydrants through GPS tracking. This is done by manually locating each and every fire hydrant and using GPS to mark its coordinates.', ""Parking away from the city center is free for up to 2 hours. Tickets are purchased from coin-operated meters in the parking areas. From the Airport: Copenhagen Airport is 6 miles (9 km) from the city's center. Shuttle buses are generally available to cruise ships, but contact your cruise line for more information.""]",You must be parked at least 15 feet away from a fire hydrant.,,1.0,0.8926918389676842,0.0
who owns charlotte hilton university place hotel,"['The Hilton Charlotte University Place is owned by UPH Lakeside, LP, and managed by GF Management, LLC, one of the nationâ\x80\x99s leading hospitality management companies based in Center City Philadelphia, PA.', 'See Full Restaurant List Make a Reservation at Edgewater Bar & Grille - Hilton Charlotte University Place', ""Overview. 1 Welcome to Extended Stay America - Charlotte - University Place. Our hotel is designed especially for longer stays with studios featuring fully-equipped kitchens and plenty of work spaceâ\x80¦ amenities you won't find in a typical hotel room. 2 Please note: all suites in this hotel are non-smoking."", ""Spectrum Center (formerly Time Warner Cable Arena) is an indoor arena located in center city Charlotte, North Carolina. It is owned by the city of Charlotte and operated by its main tenant, the NBA's Charlotte Hornets."", 'About Baywood Hotels. Baywood Hotels, Inc. is one of the fastest-growing and privately-owned hotel management companies in the nation. Established in 1975 with one independent motel in Laurel, MD, Baywood now owns and operates over $800 million in assets. Today, our corporate headquarters is located centrally in Greenbelt, Maryland, a suburb of Washington, DC, with regional offices in Chantilly, VA, Miami, FL and San Antonio, TX.']","The Hilton Charlotte University Place is owned by UPH Lakeside, LP.",,1.0,0.8794761009985447,0.0
who was the commanding general in north africa,"['THE II CORPS MOVES TO THE NORTH When General Anderson, commanding the First Army, issued his operational orders for the final phase of the Tunisian campaign, the II Corps was completing an action in southern Tunisia.', 'Most of the line, however, was just open, empty desert. Lieutenant-General William Norrie (GOC XXX Corps) organised the position and started to construct three defended boxes. The first and strongest, at El Alamein on the coast, had been partly wired and mined by 1st South African Division.', ""William T. Sherman, Grant's successor as Commanding General of the Army, was appointed as General of the Army on March 4, 1869, and upon his retirement in February 1884 was placed on the retired list as General of the Army."", ""In 1865, as commanding general, Ulysses S. Grant led the Union Armies to victory over the Confederacy in the American Civil War. As an American hero, Grant was later elected the 18th President of the United States (1869â\x80\x931877), working to implement Congressional Reconstruction and to remove the vestiges of slavery.orn in 1822, Grant was the son of an Ohio tanner. He went to West Point rather against his will and graduated in the middle of his class. In the Mexican War he fought under Gen. Zachary Taylor. At the outbreak of the Civil War, Grant was working in his father's leather store in Galena, Illinois."", 'George S. Patton was a brash American General and brilliant tank commander that led the 3rd Army of the United States in the final assault on Germany Jan 3, 1933 Concentration Camps']",I cannot answer from the given context.,,1.0,0.0,0.0
definition of prefect,"[""Prefect. Prefect is a magisterial title of varying definition. A prefect's office, department, or area of control is called a prefecture, but in various post-Roman empire cases there is a prefect without a prefecture or vice versa."", 'Define prefect: any of various high officials or magistrates of differing functions and ranks in ancient Rome; a chief officer or chief magistrate any of various high officials or magistrates of differing functions and ranks in ancient Rome; a chief officer or chief magistrateâ\x80¦', ""1 In France the prefet (prÃ©fet) prefect is a top ranking public servant who belongs to the-so Called corps. 2 Prefectoral prÃ©fectoral the function was created On 17 february 1800 By napoleon napolÃ©on bonaparte after his'successful coup d Etat Ã©tat of 9 november 1799 which Made him head of State With. the title premier consul"", '(Å\x8fmâ\x80²bÅ\xaddzâ\x80²mÉ\x99n, -bÉ\x99dz-, -boÍ\x9dodzâ\x80²-) n. 1. A man who investigates complaints and mediates fair settlements, especially between aggrieved parties such as consumers or students and an institution or organization.', 'noun. 1 a. A political order whose head of state is not a monarch and in modern times is usually a president. 2 a. A political order in which the supreme power lies in a body of citizens who are entitled to vote for officers and representatives responsible to them.']","A prefect is any of various high officials or magistrates of differing functions and ranks in ancient Rome; a chief officer or chief magistrate. In France, a préfet is a top-ranking public servant who belongs to a specific corps.",,1.0,0.8572864670554932,0.0
definition of private nuisance,"[""Nuisance may be designated as public or private. A public nuisance is an unreasonable interference with a right common to the general public..... [A] private nuisance is a nontrespassory invasion of another's interest in the private use and enjoyment of land. Unlike a public nuisance, a private nuisance threatens only one or few persons. In order for a private nuisance to be actionable, the invasion must be either (a) intentional and unreasonable or (b) unintentional but caused by negligent, reckless, or abnormally dangerous conduct."", 'Private motor carrier of passengers (nonbusiness) means private motor carrier involved in the interstate transportation of passengers that does not otherwise meet the definition of a private motor carrier of passengers (business).', 'Sexual harassment is a form of sex discrimination that violates Title VII of the Civil Rights Act of 1964. Very generally, â\x80\x9csexual harassmentâ\x80\x9d describes unwelcome sexual advances, requests for sexual favors, or other verbal or physical conduct of a sexual nature.', 'See also registration of encumbrances. Incumbrance (encumbrance) A claim, lien, charge or liability attached to property. The term is synonymous with encumbrance, as any right to, or interest in, land which subsists in another to diminution of its value, but consistent with passing of the fee.', 'Personal Property Of Others definition - Property that belongs to someone else, and not the insured. Real estate is included in this term.']","A private nuisance is a nontrespassory invasion of another's interest in the private use and enjoyment of land. Unlike a public nuisance, a private nuisance threatens only one or few persons. In order for a private nuisance to be actionable, the invasion must be either (a) intentional and unreasonable or (b) unintentional but caused by negligent, reckless, or abnormally dangerous conduct.",,1.0,0.8929540966295774,0.0
why are jury trials important to court cases like those of felina early v. suzy snoozer,"['Why are jury trials important to court cases like those of Felina Early v. Suzy Snoozer? Jury trials protect the right of the government to require suspect citizens to prove their innocence in a court of law. They help to make the trial process go faster because jury members can split up the evidence to examine.', 'Jurors are an essential part of our justice system. The right to trial by jury in the United States dates from Colonial times and is rooted in English history. It is guaranteed by the Sixth and Seventh Amendments to the Constitution of the United States of America and Article One of New Jerseyâ\x80\x99s State Constitution. People have a right to have matters determined by a jury of their peers.', 'trial: A court process in which the issues of fact and law are heard and decided according to legal procedures so a judicial officer or jury can make a decision in the case. Can be either (1) a bench trialâ\x80\x94a trial that is heard and decided by a judge, or (2) a jury trialâ\x80\x94a trial that is heard and decided by a jury.', 'In doingso, the California Supreme Court found that the right to a jury trial under the California Constitution trumps the ability of evensophisticated parties to knowingly waive the right to a jury trial.', 'The purpose of a grand jury, in theory, is to protect citizens against unfair and unwarranted prosecutions by the government. In medieval England, it was viewed as a protection against the Crown.']",Jury trials are important to court cases like those of Felina Early v. Suzy Snoozer because they protect the right of the government to require suspect citizens to prove their innocence in a court of law and help to make the trial process go faster by allowing jury members to split up the evidence to examine.,,1.0,0.9884775001497749,0.49999999995
why are teen crashes a problem,"['Teen crashes are a problem because it is one of the leading causes of death in young adults aged 16-20. Teen car accidents not only affect the driver but also every other driver that can be involved in the accident. Teen crashes are a problem because it is one of the leading causes of death in young adults aged 16-20.', 'Stress, confusion, pressure and worries about self-worth are common problems in many teens that can trigger suicide, according to the American Academy of Child and Adolescent Psychiatry. Teens may have to go through parental divorce, moving in with a new family, living in a new location or going to a different school.', 'When Teenagers Self-Medicate. Why substance abusers with ADHD or depression must be treated for both. When an adolescent develops a substance problem, we often hear parents say he was self-medicating his attention-deficit disorder, or his anxiety, or his depression, or his school problems, for that matter. There is a strong belief in such self-medication, and research might show that it works for some people.', ""From the WebMD Archives. If you're breaking out long after your teen years are over, you may need to look beyond your skin for the source of the problem. Sometimes acne is a symptom of an underlying hormone condition that can cause far more than facial blemishes."", 'Side impact car crashes most often occur at intersections when drivers run red lights or stop signs, and have a significantly higher chance of causing bodily damage when the struck car is broadsided by a larger car with a higher bumper. The speed and size of the striking car determine the severity of the crash.']",Teen crashes are a problem because they are one of the leading causes of death in young adults aged 16-20 and they affect not only the driver but also every other driver that can be involved in the accident.,,1.0,0.9614902178814311,0.0
greenhorns meaning,"['Define Greenhorns. Greenhorns synonyms, Greenhorns pronunciation, Greenhorns translation, English dictionary definition of Greenhorns. n. 1. An inexperienced or immature person, especially one who is easily deceived. 2. A newcomer, especially one who is unfamiliar with the ways of a place...', 'Wiktionary(0.00 / 0 votes)Rate this definition: 1 green party(Noun) a political party whose principal concern is the protection of the environment. 2 Green Party(ProperNoun) The particular green party of a country or region.', 'Green-Military Blue- Police Red- Fire/Rescue. it means you like blue light bulbs red has a meaning, but i dont think blue does. It means you support Law Enforcement. The same as the thin blue line, or the American Flag with one blue stripe. Blue light is for fallen officers and suicide prevention.', 'Elkhorn was a stop on the Racine & Southwestern branch line of the Chicago, Milwaukee, St. Paul and Pacific Railroad, better known as the Milwaukee Road. In its 1980 bankruptcy, the Milwaukee Road disposed of the Southwestern Line.', 'This person may be an employee of an organization or teach in a university or college setting. Green Belt: Operates in support of or under the supervision of a Six Sigma Black Belt, analyzes quality problems, and is involved in quality improvement projects.']","An inexperienced or immature person, especially one who is easily deceived; a newcomer, especially one who is unfamiliar with the ways of a place.",,1.0,0.09232828803783598,0.0
actress who plays alice on the magicians,"['The Magicians just suffered its first major loss, and this is not going to be an easy one to recover from. Quentin (Jason Ralph), Alice (Olivia Taylor Dudley), Eliot (Hale Appleman), Margo (Summer Bishil), and Penny (Arjun Gupta) spent the first couple of episodes this season preparing to face the Beast again, after their first attempt went so very, very wrong thanks to Julia.', ""Show Summary. Alice was first seen in August of 1976 but was based on the 1975 film, Alice Doesn't Live Here Anymore starring Ellen Burstyn and centering around Alice Hyatt. The television series had Linda Lavin starring as Alice."", 'Amanda Schull (born August 26, 1978) is an American actress and former professional ballet dancer. She is best known for her lead role in the 2000 film Center Stage and for her recurring roles on One Tree Hill, Pretty Little Liars, and Suits. She currently stars in the Syfy television series 12 Monkeys.', 'Beth Chapman is the marital name of Beth Smith who was born as Alice Elizabeth Smith in the year 1969 October 29 at Denver, Colorado, United States. She was born to a former professional Baseball player the Kansas City Athletics Garry Smith. Beth is known as a star of a reality series called Dog and the Bounty Hunter.', 'Actress, dancer. Dianne Doan (born September 8, 1990) is a Canadian actress and dancer. She appeared in the ABC series, Once Upon a Time, where she portrayed Isra in Selfless, Brave and True.. She played Lonnie in the Disney Channel Original Movie, Descendants.']",I cannot answer from the given context.,,0.0,-0.0,0.0
how many times the normal radiation,"['the 1000 most exposed residents receive an average external effective radiation dose of 6 msv per year 0 6 rem yr six times the icrp recommended limit for exposure to the public from artificial sources', 'Ultraviolet radiation is more energetic than visible radiation and therefore has a shorter wavelength. To be more specific: Ultraviolet rays have a wavelength between approximately 100 nanometers and 400 nanometers whereas visible radiation includes wavelengths between 400 and 780 nanometers.', 'There is no minimum threshold.. Exposure from x-rays or gamma rays is measured in units of roentgens. For example: 1 Total body exposure of 100 roentgens/rad (or 1 Gy) causes radiation sickness. 2 Total body exposure of 400 roentgens/rad (or 4 Gy) causes radiation sickness and death in half the individuals.', 'The overall effect of the standard is to require that TV receivers must not emit x-radiation above the 0.5 mR/hr level when tested under adverse operating conditions. Test conditions do not represent normal use and ensure that when used under normal conditions, TV sets do not pose a radiation hazard.', 'The shallow-dose equivalent is the external dose to the skin of the whole-body or extremities from an external source of ionizing radiation. This value is the dose equivalent at a tissue depth of 0.007 cm averaged over and area of 10 cm 2.']",The average external effective radiation dose of 6 mSv per year is six times the ICRP recommended limit for exposure to the public from artificial sources.,,1.0,0.5161017132613748,0.0
how old is dalton rapattoni,"[""Singer Dalton Rapattoni born on 02 02 1996 in . Until now, Dalton Rapattoni's age is 21 year old and have Aquarius constellation. Count down 341 days will come next birthday of Dalton Rapattoni !"", '17-18 years in part 1 (episodes 1-220), 20 years in part 2 (Shippuden, episode 221+). at part 1 15 19 at death. He died at the age of 21.', 'This Site Might Help You. How Old is Master Chief? I want to know how old MC is in 2527? People say his true age is logically 62 because he has spent a lot of time in cryo but his body is younger (and that MC uses a Walking Stick?). He should have a real age of 42 but a body age of approximately 21. all over the internet it says different things.... i just want a...', 'Charles Latibeaudiere is 48 years old and was born on 09/12/1969. Currently, he lives in Hermosa Beach, CA; and previously lived in cornwall, NY. Sometimes Charles goes by various nicknames including Charles G Latibeaudiere, Charles G Latiberudiere, C G Latibeaudiere.', 'With his last club in 2008, Teddy Sheringham was one of the oldest players of all time. His last club was for lower league side Colchester United where he turned 42 years old. This was back in 2008 but it was for another United where he achieved iconic status.']",Dalton Rapattoni is 21 years old.,,1.0,0.9227009735894125,0.9999999999
how many steps a day healthy,"[""Fitbit and other fitness trackers set a default goal of 10,000 steps a day. But just how valid is this aim if you're trying to stay active, asks Chris Stokel-Walker. Late in the day, as you take a step, your wrist starts buzzing."", 'Everyone is saying 10,000 steps a day. But for me that would take 4,000 steps per hour, thus 8,000 steps in two hours, and 10,000 steps would actually take me 2 1/2 hours. This sounds like a lot of time to put aside for exercise.', ""Walking for Weight Loss. About 10,000 steps is the equivalent of exercising strenuously for 30 minutes, or walking five miles per day. By following this routine, you'll expend an additional 2,000 to 3,500 calories per week. One pound of fat equals 3,500 calories.The average American takes 2,300 to 3,000 steps per day.This is a dismal rate compared to the Amish people, who take an average of 19,000 steps per day.bout 10,000 steps is the equivalent of exercising strenuously for 30 minutes, or walking five miles per day. By following this routine, you'll expend an additional 2,000 to 3,500 calories per week."", ""Many yoga classes will fall under this type of cardio activity. A great way to ensure you are moving enough is to buy a pedometer and aim to accumulate 10,000 steps per day. In addition, you should do three weekly workouts in which you maintain a heart rate of 60 to 85 per cent of your max for 20 to 30 minutes.Some power-yoga classes may fall under this type of cardio activity. Trainer's tip: If your yoga class doesnâ\x80\x99t help you maintain an elevated heart rate for 30 minutes, don't worry.When doing yoga, donâ\x80\x99t fixate on getting enough cardio; it offers other equally important health benefits such as increased strength, mobility, flexibility and relaxation.Kathleen Trotter has been a personal trainer and Pilates equipment specialist for 10 years. Her website is www.kathleentrotter.com.rainer's tip: If your yoga class doesnâ\x80\x99t help you maintain an elevated heart rate for 30 minutes, don't worry. When doing yoga, donâ\x80\x99t fixate on getting enough cardio; it offers other equally important health benefits such as increased strength, mobility, flexibility and relaxation."", 'One flight of stairs, three times per day= 15 calories burned. Two flights of stairs, three times per day= 30 calories burned. Three flights of stairs, three times per day= 45 calories burned. Four flights of stairs, three times per day= 60 calories burned. Five flights of stairs, three times per day= 75 calories burned. Six flights of stairs, three times per day= 90 calories burned.']","About 10,000 steps a day is considered a healthy goal.",,1.0,0.8325333281253577,0.249999999975
cast of monk,"['Monk: Tony Shalhoub, Traylor Howard, Jason Gray-Stanford, Ted Levine, Bitty Schram, Emmy Clarke, Hector Elizondo (I), Kane Ritchotte', 'Recently, Monk star Tony Shalhoub spoke with the AV Club about his experience on the USA Network series. Created by Andy Breckman, the comic-drama starred Shalhoub as Adrian Monk, a private detective with obsessive-compulsive personality disorder. The cast also included Bitty Schram, Jason Gray-Stanford, and Ted Levine. The series ran for eight seasons before ending in 2009. In the interview, Shalhoub said Monk was originally set at ABC: That was at a time, when we first started that, when there were some big changes going on at USA. Kind of a changing of the guard, if you will, but they were in the process of rebranding their network, and the show happened to be a part of that rebranding.', 'Actors starring in the series include, Joel Gretsch, Steve Burton, Eric Close, Heather Donahue, Matt Frewer, Catherine Dent, Ryan Hurst, Adam Kaufman, Karen Austin, Julie Benz, Tina Holmes, Willie Garson, John Hawkes, Jason Gray-Stanford, Andy Powers, Ryan Merriman, Michael Moriarty, Michael Jeter, James McDaniel, James Kirk and Dakota Fanning (who narrates, as well as starring as Allie Keys).', 'Sierra Boggess (Ariel), Sherie Ren Scott (Ursula), Sean Palmer, Norm Lewis (King Triton), Tituss Burgess (Sebastian), Eddie Korbich (Scuttle), Jonathan Freeman (Grimsby), Derrick Baskin (Jetsam), Tyler Maynard (Flotsam), Cody Hanford (Flounder) and Jarrell J. Singleton (Flounder).', ""Heath Ledger, Christopher Plummer, Andrew Garfield, Lily Cole, Verne Troyer, and Tom Waits star in the film, though Ledger's death one-third of the way through filming caused production to be temporarily suspended.""]","The cast of Monk includes Tony Shalhoub, Traylor Howard, Jason Gray-Stanford, Ted Levine, Bitty Schram, Emmy Clarke, and Hector Elizondo.",,0.7142857142857143,0.8923925162200059,0.0
excel what is a pivot table,"['Many Excel users are not familiar with, or are intimidated by Pivot Tables, one of the most powerful features in Excel. This page describes elementary Pivot Tables. This page was written by Harald Staff, and is included here with his kind permission. A pivot table is a great reporting tool that sorts and sums independent of the original data layout in the spreadsheet. If you never used one, this demo may be of interest.', ""Insert a Pivot Table | Drag fields | Sort | Filter | Change Summary Calculation | Two-dimensional Pivot Table. Pivot tables are one of Excel's most powerful features. A pivot table allows you to extract the significance from a large, detailed data set. Our data set consists of 213 records and 6 fields. Order ID, Product, Category, Amount, Date and Country."", 'As the interface used to create a Pivot Table in Excel is slightly different in Excel 2003, compared to later versions of Excel, we have produced two separate versions of parts 2 & 3 of the tutorial, so that you can work through the guide that relates to your version of Excel.', 'List the Pivot Table Formulas in Excel 2010 and Excel 2013. 1 Select any cell in the pivot table. 2 On the Ribbon, under the PivotTable Tools tab, click the Options tab (Analyze tab in Excel 2013). 3 In the Calculations group, click Fields, Items & Sets. 4 Click List Formulas.', '7. Determine which field you would like to add to your pivot table. 8. Decide how you would like your data to be arranged by that field. 1 In a pivot table, the data is grouped and then arranged by the row and column fields. 2 The data can then be filtered by a Filter Report field.3 Add a field to your pivot table to provide another method by which the data is organized.. Decide how you would like your data to be arranged by that field. 1 In a pivot table, the data is grouped and then arranged by the row and column fields. 2 The data can then be filtered by a Filter Report field. 3 Add a field to your pivot table to provide another method by which the data is organized.']","A pivot table is a great reporting tool in Excel that sorts and sums independent of the original data layout in the spreadsheet. It allows you to extract significance from a large, detailed data set.",,1.0,0.9772719145664368,0.0
calculate the mass in grams of 2.74 l of co gas measured at 33°c and 945 mmhg,"['Answers. Best Answer: p = 945/760=1.24 atm T = 33 + 273 =306 K moles CO = pV/RT = 1.24 x 2.74 / 0.08206 x 306=0.135 mass CO = 0.135 mol x 28.01 g/mol=3.78 g.Source(s): Dr.A Â· 5 years ago. Thumbs up.nswers. Best Answer: p = 945/760=1.24 atm T = 33 + 273 =306 K moles CO = pV/RT = 1.24 x 2.74 / 0.08206 x 306=0.135 mass CO = 0.135 mol x 28.01 g/mol=3.78 g.', 'The molar volume of any ideal gas may be calculated at various standard reference conditions as shown below: 1 Vm = 8.3145 Ã\x97 273.15 / 101.325 = 22.414 dm3/mol at 0 Â°C and 101.325 kPa. 2 Vm = 8.3145 Ã\x97 273.15 / 100.000 = 22.711 dm3/mol at 0 Â°C and 100 kPa. 3 Vm = 8.3145 Ã\x97 298.15 / 101.325 = 24.466 dm3/mol at 25 Â°C and 101.325 kPa.', '1) Propane, C3H8, is a hydrocarbon that is commonly used as fuel for cooking. (a) Write a balanced equation for the complete combustion of propane gas, which yields CO2(g) and H2O(l).(b) Calculate the volume of air at 30ï\x82°C and 1.00 atmosphere that is needed to burn completely 10.0 grams of propane.Assume that air is 21.0 percent O2 by volume.alculate the heat of formation, ï\x81\x84Hfï\x82°, of propane given that ï\x81\x84Hfï\x82° of H2O(l) = -285.3 kJ/mol and ï\x81\x84Hfï\x82° of CO2(g) = -393.5 kJ/mol. (d) Assuming that all of the heat evolved in burning 60.0 grams of propane is transferred to 8000 grams of water (specific heat = 4.18 J/g.', '(g to ml) and milliliters [water] to grams. The gram (British spelling: gramme, abbreviation and symbol: g) is a unit of mass in the SI system (metric system). One gram is equal to one thousandth of the kilogram (kg), which is the current SI (Metric system) base unit of mass. One gram (g) = weight of 1 milliliter (ml) of pure water at temperature 4 Â°C. Report an error on this page.', 'Since gasoline is about 87% carbon and 13% hydrogen by weight, the carbon in a gallon of gasoline weighs 5.5 pounds (6.3 lbs. x .87). We can then multiply the weight of the carbon (5.5 pounds) by 3.7, which equals approximately 20 pounds of CO 2 !']",The mass of 2.74 L of CO gas measured at 33°C and 945 mmHg is 3.78 g.,,0.0,0.876635470335831,0.0
accordian definition,"['Before 1987, the accord between the â\x80\x8bLabour â\x80\x8bgovernment and the â\x80\x8bunions was a â\x80\x8bsimple â\x80\x8baffair. The â\x80\x8bproject is â\x80\x8bcompletely in accord with â\x80\x8bgovernment â\x80\x8bpolicy. of your own accord C2 If you do something of â\x80\x8byour own accord, you do it without being â\x80\x8basked to do it: She came of her own accord.', 'Define academician. academician synonyms, academician pronunciation, academician translation, English dictionary definition of academician. n. 1. An academic. 2. A member of an art, literary, or scientific academy or society. n a member of an academy n. 1. a member of an association or...', 'inÂ·surÂ·recÂ·tion. n. The act or an instance of open revolt against civil authority or a constituted government. [Middle English, from Old French, from Late Latin. , from Latin. , past participle of. , to rise up; see insurgent .]. inâ\x80²surÂ·recâ\x80²tionÂ·al adj.', '-ation. suffix forming nouns. 1. indicating an action, process, state, condition, or result Compare-ion, -tion: arbitration; cogitation; hibernation; moderation. [from Latin -Ä\x81tiÅ\x8dn-, suffix of abstract nouns, from -Ä\x81tus-ate 1 + -iÅ\x8dn-ion].', '1 (mathematics) Of or pertaining to a transformation that maps parallel lines to parallel lines and finite points to finite points. ( 2 comparable, chemistry) Having mutual affinity, of two materials. affine geometry.']",I cannot answer from the given context.,,0.0,0.0,0.0
at what temperature should cooling fans start,"['Mike answered 7 years ago. I am pretty sure that is the correct temperature that the fan should go on - between 215-220 As you start to drive temp should go no lower than 195 as thats where the thermostat should close to keep temp at that temperature. 30 out of 30 people think this is helpful.', 'The ideal way to control the operation of an attic fan is with a thermostat and a humidistat. In summer, the thermostat operates the fan when the attic temperature reaches a preset level (usually 90 to 95 degrees F). In winter, the humidistat operates the attic fan when the relative humidity exceeds a preset level (usually 40 to 50%). This reduces attic moisture.', 'Next, take the fan blade and turn it, the fan blade should free wheel, if you cannot turn the fan blade the clutch has locked up and needs to be replaced. Helpful Information The engine cooling fan is designed to move air through the radiator when the vehicle is at slower speeds or stopped. This air flow removes heat from the coolant created by the engine using the radiator as a conductor. An engine cooling fan is temperature controlled to only run when needed.', 'How to lower my CPU temperature? Its really high as you can see below my CPU is 65C at IDLE temperature ! I have replaced the stock heatsink and fan and all the other fans in my pc with new expensive ones. The new heatsink i got is the ASUS silent Knight II. What else can i do too fix this ? because that hasnt helped.', ""Average temperature of a refrigerator is 35 - 38 degrees and -18 Â°C (0 Â°F) for the freezer. A household refrigerator should be maintained between 34 and 40 degrees Fahrenheit-just above freezing to maintain food quality but low enough to inhibit bacterial growth.Ideally your refrigerator should be at the correct temperature (less than 4Â°C). When the fridge is very full, turn thermostat to Colder setting.If in doubt about your fridge's efficiency check it with a fridge thermometer.deally your refrigerator should be at the correct temperature (less than 4Â°C). When the fridge is very full, turn thermostat to Colder setting. If in doubt about your fridge's efficiency check it with a fridge thermometer.""]",I cannot answer from the given context.,,0.0,-0.0,0.0
how many taxes do you pay when you withdraw from your ira,"['Unless you qualify for an exception, youâ\x80\x99ll have to pay an additional 10% tax on the amount you withdraw from your SIMPLE IRA. This additional tax increases to 25% if you make the withdrawal within 2 years from when you first participated in the SIMPLE IRA plan. You donâ\x80\x99t have to pay the additional 10% or 25% tax if: Youâ\x80\x99re age 59Â½ or older when you withdraw the money; Your withdrawal is not more than:', '1 You will still have to include any IRA withdrawal in your adjusted gross income. 2 If you inherit an IRA from a spouse, and you choose to treat it as your own IRA, then any IRA early withdrawal you receive will be subject to the 10% penalty tax. If you inherit an IRA from a non-spouse, even if the IRA owner was under age 59 1/2, you will not have to pay the penalty tax on amounts withdrawn. 2 You will still have to include any IRA withdrawal in your adjusted gross income.', ""You can't borrow from your Roth IRA once the tax year is over, but you can withdraw funds up to the amount of your contributions without any type of penalty. If you invested $2,000 in 2007 and $4,000 in 2008, you can withdraw up to $6,000 without incurring a penalty."", ""In 2001, before he is age 59 1/2, Paul withdraws $10,000 from the Roth IRA. Paul will have no tax to pay on this withdrawal because he paid income taxes on the full $20,000 he converted in 1998; however, he WILL have to pay a 10% penalty (or $1,000) unless one of the IRA early withdrawal exceptions apply.n 2005, Jim's Roth IRA has a balance of $3,500. Jim decides to close his Roth IRA in a non-qualified distribution that year. Since the distribution is non-qualified, Jim will owe taxes on his Roth earnings of $1,500, and will pay tax on this amount at his marginal tax rate."", 'In addition to federal and state income tax, investors younger than 59Â½ who cash out have to pay a 10% early withdrawal penalty. The potential result: Cashing out $50,000 in 401(k) savings may leave just $35,000 in cash after 20% withholding and a 10% early withdrawal penalty.']",I cannot answer from the given context.,,0.0,-0.0,0.0
how much does amazon get for ebooks,"['1. To qualify for Amazonâ\x80\x99s 70% royalty option: 1 Your ebook must be priced between $2.99 and $9.99. 2 Your ebook price must be at least 20 percent lower than the lowest list price for the print version of your ebook, if any.', 'For readers of Young Adult fiction, Escape from the Past and Inside the Palisade eBooks are on special offer on Amazon and other available platforms at just 99p and 99c (may be subject to tax) for a...', 'Amazon (AMZN) announced the annual membership will now cost $99 a year, up from $79. A student membership will cost $49 annually. In February, Amazon said it was considering raising the price to $119 a year.', ""The price of a subscription varies depending on what you get per month. $14.95 for one book and one month's subscription to e.g. an NPR program; $21.95 for two books."", 'amazon amzn announced the annual membership will now cost $ 99 a year up from $ 79 a student membership will cost $ 49 annually in february amazon said it was considering raising the price to $ 119 a year']",I cannot answer from the given context.,,0.0,-0.0,0.0
how to pay back irs taxes,"['The IRS also accepts checks, money orders and credit cards. Penalties and interest are charged on installment agreements so it is important to pay back taxes as quickly as possible. Pay also via the Electronic Federal Tax Payment System, EFTPS. This is the government entity for making IRS payments. You can do so either through eftps.gov or 800-555-4477.', 'Some Final Tips on Filing Back Taxes. Late tax returns must be filed on paper and mailed to your local IRS Service Center. You can use tax software to prepare your returns, but then you must print them out and mail them in. You cannot file late returns electronically. Mail your tax returns in separate envelopes and send them by certified mail.', 'April 15 is the deadline for most people to file their individual income tax returns and pay any tax owed. During its processing, the IRS checks for mathematical accuracy on your tax return. When processing is complete, if you owe any tax, penalty, or interest, you will receive a bill.1 Generally, interest accrues on any unpaid tax from the due date of the return until the date of payment. 2 The interest rate is determined quarterly and is the federal short-term rate plus 3 percent. 3 Interest compounds daily. Please be aware that the IRS applies payments to the tax first, then any penalty, then to interest. 2 Therefore, your bill will show the accrued amount of penalties up to the date of the notice and is not the penalty amount charged each month.', '1. Direct Bank Deposit. Your expected tax refund will be electronically transferred from the IRS (US Treasury) to the bank account you entered during your efile.com online tax return. Your Tax Refund will be issued and transferred from the IRS (US Treasury) to the bank account you entered during your online tax return.', 'If you canâ\x80\x99t pay the full amount now, but can pay it within 120 days. If you canâ\x80\x99t pay in full immediately, the IRS offers additional time (up to 120 days) to pay in full.Itâ\x80\x99s not a formal payment option, so thereâ\x80\x99s no application and no fee, but interest and any penalties will continue to accrue until the tax debt is paid in full.f you need to file a tax return, you should. Youâ\x80\x99ll still owe the taxes, whether or not you file. You should file your return on time, with or without a payment â\x80\x94 the IRS can charge penalties for filing late.']","You can pay back IRS taxes using checks, money orders, credit cards, or through the Electronic Federal Tax Payment System (EFTPS) via eftps.gov or by calling 800-555-4477. It is important to pay back taxes as quickly as possible to avoid penalties and interest.",,1.0,0.8938632299369402,0.0
how format numbers as social security format,"['The Social Security number is a nine-digit number in the format AAA-GG-SSSS. The number is divided into three parts. The Area Number, the first three digits, is assigned by geographical region.', 'For example, to convert a US phone number like 415 555 2671 to E.164 format, you need to add the â\x80\x98+â\x80\x99 prefix and the country code (which is 1) in front of the number so it will look like +14155552671.wilio strongly encourages E.164 number formatting for all phone numbers both in the â\x80\x98toâ\x80\x99 and â\x80\x98fromâ\x80\x99 fields. This format is the internationally-standardized format for all phone numbers, and it includes all the relevant information to route calls and SMS messages globally.', '1 On the Format menu, click Selected Axis. 2 In the Format Axis dialog box, click the Number tab. 3 Under Category, click Custom. 4 Clear the contents of the Type box. 5 In the Type box, type the following text. 6 where. 7 is the minimum data value, and. 8 is the maximum data value. Select cells A1:A2, click Chart Wizard on the standard toolbar, and then click Finish. 2 Click Value Axis. 3 On the Format menu, click Selected Axis. 4 In the Format Axis dialog box, click the Number tab.', 'Account Number. Please do not use any punctuation in the Account Number. Generally, this is your Social Security Number. If your school uses a different number like a Student Identification Number (SID) or Personal Identification Number (PID), you will need to enter that information.enerally, this is your Social Security Number. If your school uses a different number like a Student Identification Number (SID) or Personal Identification Number (PID), you will need to enter that information.', ""If the Case Number you would like to find is in the format 'XX-YYYY-########-CC-TT-LLL', an entry shortcut is to enter just the year followed by the complete 8-digit sequence number, including leading zeros. For Case Number, enter the number as YYYY########. Do not enter any dashes or hyphens.""]",I cannot answer from the given context.,,0.0,-0.0,0.0
average snowfall in chatsworth ga,"['Chatsworth, Georgia, gets 53 inches of rain per year. The US average is 39. Snowfall is 3 inches. The average US city gets 26 inches of snow per year. The number of days with any measurable precipitation is 68. On average, there are 208 sunny days per year in Chatsworth, Georgia. The July high is around 90 degrees.', 'Among 6,377 official NOAA weather stations that record snowfall in the United States, ten report annual totals that averaged over 300 inches or 25 feet (7.62 metres) from 1981 to 2010.', 'Average Annual Snowfall in Washington. The tables below give yearly averages for snowfall at cities, towns and parks in Washington. The numbers are for the total amount of snow and for how many days it snows at least 0.1 inches (0.25 centimetres). The snowfall totals are annual averages based on weather data collected from 1981 to 2010 for the NOAA National Climatic Data Center.', 'Average Monthly high in Â°F: 58Â° 62Â° 65Â° 70Â° 74Â° 80Â° 82Â° 82Â° 82Â° 77Â° 65Â° 58Â° Average Monthly low in Â°F: 40Â° 42Â° 44Â° 46Â° 49Â° 52Â° 53Â° 53Â° 53Â° 49Â° 43Â° 39Â° Average Snow/Rain (Precip.) (in inches) 0: 0: 0: 0: 0: 0: 0: 0: 0: 0: 0: 0: Days with precipitation: N/A: N/A: N/A: N/A: N/A: N/A: N/A: N/A: N/A: N/A: N/A: N/A: Hours of sunshine: N/A: N/A: N/A: N/A: N/A: N/A: N/A: N/A: N/A: N/A: N/A: N/A', 'Ellensburg, Washington, gets 9 inches of rain per year. The US average is 39. Snowfall is 22 inches. The average US city gets 26 inches of snow per year. The number of days with any measurable precipitation is 29.']",I cannot answer from the given context.,,0.0,-0.0,0.0
frappe definition,"[""In the Boston area, a frappe (pronounced frap and spelled without the accent) is a thick milkshake with ice cream, derived from the French word frappÃ©. The original Frappuccino beverage was developed, named, trademarked and sold by George Howell's Eastern Massachusetts coffee shop chain, The Coffee Connection."", 'The name Frasier is an English baby name. In English the meaning of the name Frasier is: French town. Scottish Meaning: The name Frasier is a Scottish baby name. In Scottish the meaning of the name Frasier is: of the forest men.SoulUrge Number: 6. Expression Number: 4. People with this name have a deep inner desire for a stable, loving family or community, and a need to work with others and to be appreciated.n Scottish the meaning of the name Frasier is: of the forest men. SoulUrge Number: 6. Expression Number: 4. People with this name have a deep inner desire for a stable, loving family or community, and a need to work with others and to be appreciated.', 'Frac Flowback Water Treatment. Frac Flowback Water Treatment is a procedure that employs gel also referred to as a proppant. A proppant is a solid component, generally treated sand or manufactured ceramic materials, designed to preserve an induced hydraulic fracture spread out, throughout or following a fracturing treatment.', 'Blend 3/4 cup milk, 3/4 cup cold water, the instant-coffee frappe mix, and sugar in a blender until combined, about 30 seconds. Divide among 3 tall glasses filled with ice. Pour 2 tablespoons milk into each glass. Serve immediately, topped with cotton candy.', 'Old English freond friend, present participle of freogan to love, to favor, from Proto-Germanic *frijojanan to love (cf. Old Norse frÃ¦ndi, Old Frisian friund, Middle High German friunt, German Freund, Gothic frijonds friend, all alike from present participle forms).']","A frappe is a thick milkshake with ice cream, derived from the French word frappé.",,1.0,0.9242462007993829,0.0
exacting definition,"['Definition of exacting. 1 1 : tryingly or unremittingly severe in making demands. 2 2 : requiring careful attention and precision.', 'Between extortion and exaction there is this difference; that in the former case the officer extorts more than his due, when something is due to him; in the latter, he exacts what is not his due, when there is nothing due to him. Wishard; Co. Litt. 368.', '2 n-uncount If someone or something performs a task, for example hitting a target, withaccuracy, they do it in an exact way without making a mistake. oft with N (Antonym: inaccuracy) ...weapons that could fire with accuracy at targets 3,000 yards away... Translation English Cobuild Collins Dictionary &nbsp.', 'Date: May 5, 2016 Category: Blog Tags: 5 blade composite propeller, aircraft propeller, composite blade, composite propeller. How are composite propeller blades made? The process of making a composite propeller blade today is an exacting and high-tech process. At Hartzell, we pull carbon fiber socks over a solid foam core, then inject resin with a vacuum pump and cure the blade after itâ\x80\x99s put into the mold and pressure is applied.', 'able or tending to penetrate; piercing; sharp: a penetrating shriek; a penetrating glance. acute; discerning: a penetrating observation. Surgery. noting a wound that pierces the skin, especially a deep wound entering an organ or body cavity.']",1 : tryingly or unremittingly severe in making demands. 2 : requiring careful attention and precision.,,1.0,0.21234145230032828,0.0
audible phone number customer service,"['Audible Customer Support Service Phone Number The customer support phone number of Audible is 1-888-283-5051 (Click phone number to call). data-ad-slot=7829909793>', 'If you need assistance, please call Customer Care at 1-888-539-7474. Please complete the form below and a member of our Listener Care team will get back to you. If you are an existing Sirius or XM subscriber, please include your ESN and phone number to assist our teamâ\x80\x99s response.', 'Phone Contact Numbers. We found three customer service phone numbers for the US and Canada listed on the support page for Garmin. There are also customer service phone numbers listed for Europe. US customer service (toll call): 1-913-397-8200. US customer service (toll free): 1-800-800-1020. Canadian customer service: 1-866-429-9296.', 'Priceline Customer Service Phone Number. 800-259-2091 is the customer service phone number of the Priceline. customer service number enables the customers of the Priceline company to convey their complaints or suggestions. If you want to reach a live person, you have to follow below steps : This is a direct number to a live person.', ""Call Boost Mobile Customer Service. Call Customer Service by tapping below if on your phone, or talk to them from your browser. Tap or click here to call (866-402-7366); When prompted to enter 10 digit # enter 10 zero's, it will repeat your number again but push zeros again then 0, then 2. Use our web-phone to save plan minutes.""]",1-888-283-5051,,1.0,0.6213799714838507,0.0
definition of an empath,"['Definitions for empath. Here are all the possible meanings and translations of the word empath. Wiktionary(4.00 / 2 votes)Rate this definition: empath(Noun) One who has the ability to sense emotions; someone who is empathic or practises empathy. empath(Noun) A person with extra-sensory empathic ability, capable of sensing the emotions of others around them in a way unexplained by conventional science and psychology.', 'A sociopath is a person who has antisocial personality disorder. The term sociopath is no longer used to describe this disorder. The sociopath is now described as someone with antisocial personality disorder. The main characteristic of a sociopath is a disregard for the rights of others. Sociopaths are also unable to conform to what society defines as a normal personality. Antisocial tendencies are a big part of the sociopathâ\x80\x99s personality.', 'Definition of emollient. 1 1 : making soft or supple; also : soothing especially to the skin or mucous membrane an emollient hand lotion. 2 2 : making less intense or harsh : mollifying soothe us in our agonies with emollient words â\x80\x94 H. L. Mencken.', 'Sympathy is where you just have compassion. But having a lot of empathy means that you start embodying other peopleâ\x80\x99s feelings and what they are going through. Our whole Planet Earth is comprised of an infinite reservoir of energy as is the human body, and itâ\x80\x99s inevitable to get in contact with other peopleâ\x80\x99s energy.', 'What is EMDR Therapy? EMDR Therapy is a comprehensive therapy approach, useful for overcoming stressful experiences of all kinds â\x80\x94 even deeply embedded memories or traumas, which can be the basis of your depression, anxiety, relationship challenges, phobias, fears, or performance issues.']","An empath is one who has the ability to sense emotions; someone who is empathic or practices empathy. Additionally, an empath is a person with extra-sensory empathic ability, capable of sensing the emotions of others around them in a way unexplained by conventional science and psychology.",,1.0,0.9563211322668482,0.0
how much does it cost to rewire electricity in a home?,"['Add up the number of additional circuits you desire. A new circuit runs approximately $175 to install. If you need a new electrical panel to service the home, the cost will be between $1,000 to $3,000, depending on the number of circuits. Factor in the cost of the supplies to the estimate. According to Networx, a website for electrical contractors, the copper wire alone for an average rewiring job can run up to $1,000.', 'Outdoor outlets, upgrade outlet circuits to 20 amp or standard 15 amp to save money, extra circuits to garage, home theatre, etc. Lots of things to consider so you kind of get a range of $3 to $8 per square foot depending on how fancy it gets. Re-wiring the old portion will also cost a bit more than the new wiring.o ceiling fans. No garage but about six to eight exterior lights and certainly a new panel. Your per square foot cost topping at $8 a foot is interesting because I have a bare bones bid at $28,000 or $14 a foot and there is absolutely nothing fancy at all.', 'The typical residential solar system will cost between $12,000-$20,000 once solar rebates and incentives are taken into account. However, this is a small price to pay given that you will probably spend over $72,000 on electricity over the life of your solar system.', '1 A typical 20V outlet should be less than $200, while a 240V outlet can cost $350 to $700. 2 According to Familyhandyman.com, the cost of a do-it-yourself project of adding an electrical outlet is less than $20. Depending on the complexity of the job and where the outlet has to be installed, the average cost to add an electrical outlet will be between $100 and $700.', 'Currently, the installed costs of most complete residential PV systems vary from $5 to $10 per watt (which is $5,000-$10,000 per kilowatt) before any financial incentives or tax credits. That includes the panels, inverters, wiring, hardware and labor.']",I cannot answer from the given context.,,0.0,-0.0,0.49999999995
can inheritance monies be taken by the trustee in bankruptcy,"['If your inheritance is deemed to be property of the bankruptcy estate, the trustee can take it unless you can exempt its full value. (To learn how exemptions work, see our Bankruptcy Exemptions area.)', 'In fact, many types of property you acquire during your Chapter 13 case (which can last from three to five years) is considered property of the bankruptcy estate. This means that if you receive an inheritance during Chapter 13 bankruptcy, it will usually be part of your bankruptcy estate.', 'The trust may say that the trustee can distribute the assets of the trust to a beneficiary for his education and only his education. The trustee would be bound by those terms. The role of trustee may last for several months or several decades. So, unlike an executor, a trustee may be serving in his role for a long, long time.', 'The property is held by a Trustee in the name of the trust and managed by the Trustee for the benefit of a Beneficiary. You (the Grantor) can be the Trustee and Beneficiary of your own Living Trust, and retain management control over your own property.he beneficiary is the person or persons for whom the trust is for. After the death of the grantor, the trustee will divide the trust property among the beneficiaries in accordance with the terms of the trust.', 'The trustee you name must follow the instructions in your trust and report to you. You can even replace your trustee if you change your mind. Vickie Schumacher is the author of the best-selling book, â\x80\x9cUnderstanding Living Trusts.']","Yes, if your inheritance is deemed to be property of the bankruptcy estate, the trustee can take it unless you can exempt its full value.",,1.0,0.9056078885246622,0.9999999999
cost of slate,"['Slate Roof Cost. Typical costs: Installing a natural slate roof starts around $9-$10 or more a square foot for a basic roof up to $30-$40 or more a square foot, depending on the type of slate used, the installation pattern (some methods use more slate per square foot), the design of the roof, the height of the building, the slope and other factors.', '1 A 1,700-2,100 square foot roof might cost $17,000-$84,000, depending on the location, the quality of the slate and the complexity of the installation process.2 Synthetic slate roof shingles are made from recycled rubber and plastic molded to resemble natural roof slates.late is one of the most durable roofing materials available. A properly installed and maintained slate roof looks beautiful and can last more than 100 years, depending on the type and origin of the slate, the roof style and the climate.', 'Prices include up to 3 numbers - extra number or letter Â£1.10. Holes can be drilled @ Â£1.10 per hole or you could use one of the many adhesives that there are now available. For larger sizes click here for made to measure slate signs.', 'Since all slate roofing material is still hand split today, the thickness for each slate varies according to the eye of the splitter. Most producers offer slate in several ranges of thickness: 1 1/ 4â\x80\x9d â\x80\x93 3/8â\x80\x9d about 900 to 1,200 pounds per square. 3/8â\x80\x9d â\x80\x93 1/2â\x80\x9d 1,200 to 1,800 pounds per square.', 'The price of stone is $8-15 per square foot.... Considering materials only, the price of stone is $8-15 per square foot, depending on the quality (natural stone is more expensive), and including the cement required to lay it.']","Installing a natural slate roof starts around $9-$10 or more a square foot for a basic roof up to $30-$40 or more a square foot, depending on various factors. A 1,700-2,100 square foot roof might cost $17,000-$84,000, depending on the location, the quality of the slate, and the complexity of the installation process.",,1.0,0.6659353843224829,0.99999999995
how much does a green anaconda weigh,"['As for a Green anaconda(the big breed of Anaconda) they Range from 120-150 pounds on adverage and can get up to 200-350 Being powerfed(Powerfed Feeding huge amounts of food â\x80¦to get snake bigger) No real proof or reports of a Anaconda Exeeding 350,As far as length they Usually get around 15 feet.', 'Green sea turtles are the worldâ\x80\x99s largest species of hard-shelled sea turtle. OVERVIEW. Green sea turtles are the worldâ\x80\x99s largest species of hard-shelled sea turtle. While most individuals weigh about 300 to 400 pounds (136 to 181 kilograms), some can be as heavy as 440 pounds (204 kilograms).', 'Green anacondas are found throughout the tropical lowlands of South America. This species is particularly common in the Orinoco basin of eastern Columbia, Amazon River basin of Brazil, and the seasonally flooded Llanos grasslands of Venezuela.', ""The other snake that competes with the anaconda is the Asiatic Reticulated Python (Python reticulatus). The python holds the world's record for length of a snake, with the longest ever measured at 33 feet.Even though the longest python is longer than the record-holding anaconda, the girth of the anaconda is far bigger.Anacondas in the jungles of South America can grow as big around as a grown man!he python holds the world's record for length of a snake, with the longest ever measured at 33 feet. Even though the longest python is longer than the record-holding anaconda, the girth of the anaconda is far bigger. Anacondas in the jungles of South America can grow as big around as a grown man!"", ""There are many sizes and at their ideal weight - small ones that weigh 40 pounds in the ideal weight (18 kg) and others that ideally weigh 110 pounds (50 kg). So - weight isn't necessarily the issue.""]",A green anaconda typically weighs between 120-150 pounds on average and can get up to 200-350 pounds when powerfed.,,1.0,0.877687474813084,0.0
cost of getting a tattoo,"['Typical Price For A Tattoo. The price for tattoos are basically not cheap unless of course you opt for the temporary tattoo option. The price becomes quite costly if you want larger ones, as the costs can go up to thousands of pounds. The typical cost of tattoos can start anywhere from Â£40 to Â£100 for the tattoo artistâ\x80\x99s rate per hour.', 'What is the average income of a Tattoo Artist? The salary database website payscale.com, which collects wage information from employers throughout the United States, estimates that Tattoo Artists earn between $15,106 and $49,626 annually.', ""The price of Shizens Lip Tattoo is MYR 168 for 8ml. Frankly speaking, it's not worth it for a high moisture lip stain. There's many brands also came out with lip stains as well so I think this product will be very competitive. Shizens Lip Tattoo is not likes korean lips stain where they provide crazy awesome pigment."", 'Average Cost of Nipple Piercing. On average, the typical piercing procedure may cost anywhere from $30-$50, with body jewelry running $10-$50, so expect to spend anywhere from $40-$100 for a single nipple piercing based on both the studio and the body jewelry.imply ask. On average, the typical piercing procedure may cost anywhere from $30-$50, with body jewelry running $10-$50, so expect to spend anywhere from $40-$100 for a single nipple piercing based on both the studio and the body jewelry.', 'The country average is $19.00 but they can range from $10 - $35.']","The typical cost of tattoos can start anywhere from £40 to £100 for the tattoo artist’s rate per hour, and the price can go up to thousands of pounds for larger tattoos.",,1.0,0.9038867279204351,0.0
array definition computer,"['CS241 Dr Ghemri 1. Arrays. Definition: An array is a collection of variables of the same type that are referenced by a. common name. -In C++, all arrays consist of contiguous memory locations. -To refer to an element or particular location in the array, we specify the name of. the array and the position number â\x80\x93or index or subscript- of that element.', 'Your computer is made up of a fantastic array of different materials, including steel, glass, silica sand, iron ore, gold, bauxite and a lot of others. All of those raw materials have to come from somewhere, such as mines.', 'In this article Iâ\x80\x99m going to explain the basic uses of â\x80\x93 and differences between â\x80\x93 some of the various types of array-like containers you can use in Unity. If you havenâ\x80\x99t heard of arrays before, they can be described as a single variable with a series of â\x80\x9ccompartmentsâ\x80\x9d, where each compartment can contain a value.', 'As you can see, they are identical !!! A string and an array of characters is different in Java because the language definition forces the user to use different syntax to gain access to the information stored inside a string and inside an array of characters.', 'A modern digital computer represents data using the binary numeral system. Text, numbers, pictures, audio, and nearly any other form of information can be converted into a string of bits, or binary digits, each of which has a value of 1 or 0. The most common unit of storage is the byte, equal to 8 bits.']","An array is a collection of variables of the same type that are referenced by a common name. In C++, all arrays consist of contiguous memory locations. To refer to an element or particular location in the array, we specify the name of the array and the position number – or index or subscript – of that element.",,1.0,0.7405495376890355,0.0
cost of cbs all access on roku,"[""'Star Trek: Discovery' will have Jason Isaacs as its captain. CBS All Access launches on Roku with live streaming and VOD. CBS All Access streaming service is now available for Roku for $5.99 a month. Roku owners can download the app via the Roku Channel Store and sign up here."", 'Roku Channel Developer: Hulu. The Hulu Plus Channel is available on the Roku Channel Store for free and offer a one week free trial to new users. The pricing of $7.99 per month is detailed on the main screen of the Hulu Plus Roku Channel. From the Roku Channel Store: Hulu Plus offers unlimited instant streaming of current hit shows, classic series and acclaimed movies.', 'Amazon ran a similar deal in the US when the Fire TV Stick went on sale at the end of last year. In comparison, Googleâ\x80\x99s Chromecast costs Â£30, while a rival stick from Roku costs Â£45.', 'As a CBS All Access subscriber, you can: - Enjoy exclusive CBS All Access Originals, like The Good Fight, the new show from the creators of The Good Wife â\x80\x93 with more subscriber-only Originals on the way! - Choose from 8,500+ episodes, including every episode and every season of top shows.', ""If you're in the market for a streaming box, the choice usually comes down to two options: Apple TV or Roku. There are other boxes on the market, but the Apple TV and Roku 3 remain the most recommendable mainstream devices for adding streaming content to your TV.n addition to AirPlay, the Apple TV also does a solid job of streaming your music collection with iTunes Match. It's a $25-a-year service, but it stores your digital music the cloud and lets you access it all right on the Apple TV. (Roku owners have a good alternative with Amazon's Cloud Player app .).""]",The cost of CBS All Access on Roku is $5.99 a month.,,1.0,0.8736976492478891,0.0
hamp modification,"['Home Affordable Modification Program (HAMP) The largest program within MHA is the Home Affordable Modification Program (HAMP). HAMPâ\x80\x99s goal is to offer homeowners who are at risk of foreclosure reduced monthly mortgage payments that are affordable and sustainable over the long-term. An ability to make their monthly mortgage payments after a modification.', ""1. Leaving ham's inner plastic or foil covering intact, place ham in large container and cover with hot tap water; set aside for 45 minutes. Drain and cover again with hot tap water; set aside for another 45 minutes. 2. Adjust oven rack to lowest position and heat oven to 250 degrees."", 'Ham Radio History. In 1873, James Clerk Maxwell presented his theory of the electromagnetic field. In 1901 Guglielmo Marconi communicated across the Atlantic with a radio device using high power and giant antennas. To curb interference, Congress approved the Radio Act of 1912, which required amateurs to be licensed and restricted to the single wavelength of 200 meters.', 'Hamline University is an American private liberal arts college in Saint Paul, Minnesota, founded in 1854 and named after Bishop Leonidas Lent Hamline of the United Methodist Church.Hamline is the oldest institution of higher learning in Minnesota and one of five Associated Colleges of the Twin Cities.The university comprises five faculties, including Hamline University School of Law, and has an enrollment of 2,100 undergraduate and 2,800 postgraduate students.amline is the oldest institution of higher learning in Minnesota and one of five Associated Colleges of the Twin Cities. The university comprises five faculties, including Hamline University School of Law, and has an enrollment of 2,100 undergraduate and 2,800 postgraduate students.', 'cAMP receptor protein (CRP; also known as catabolite activator protein, CAP) is a regulatory protein in bacteria. CRP protein binds cAMP, which causes a conformational change that allows CRP to bind tightly to a specific DNA site in the promoters of the genes it controls. CRP then activates transcription through direct protein-protein interactions with RNA polymerase.']",The Home Affordable Modification Program (HAMP) is designed to offer homeowners at risk of foreclosure reduced monthly mortgage payments that are affordable and sustainable over the long-term.,,1.0,0.5739950348494389,0.0
how to not bloat after every meal,"['Here are three common causes of bloating, and how you can avoid them. 1 Overeating is probably the most common cause of bloating. 2 Eating rich and fatty food can make you feel uncomfortably stuffed. 3 Eating too fast adds to the risk of bloating after a meal.eep Bloating at Bay. Here are three common causes of bloating, and how you can avoid them. 1 Overeating is probably the most common cause of bloating. 2 Smaller portions should ease the pain. 3 Eating rich and fatty food can make you feel uncomfortably stuffed.', ""Often a BM right after a meal isn't the food you just ate, it is from a previous meal.Large, heavy, fatty, greasy meals, or if you wait way to long to eat will trigger a bigger move it along signal than small light frequent meals do.Sometimes the reaction to a large or fatty meal can happen during the meal so it can be that fast, or it may take up to an hour or so.Now as for how long can it take to get out the other end?"", '1 To avoid bloating, be aware of these sweeteners in the foods you eat and limit the amount you consume. 2 Dairy products can be a source of intestinal distress and bloating if you have trouble digesting lactose, or milk sugar. Overeating is probably the most common cause of bloating. 2 Smaller portions should ease the pain. 3 Eating rich and fatty food can make you feel uncomfortably stuffed. 4 Fat takes longer to digest than protein or carbohydrates, so it keeps the stomach full longer.', 'The fizz in carbonated drinks (even diet ones) can cause gas to get trapped in your belly, Blatner says. Instead, drink water flavored with lemon, lime, or cucumber. Or just reduce the number of fizzy drinks you consume each day. Try some peppermint tea for a soothing beverage that may help reduce bloat.', ""Some doctors believe hidden food allergies can make you sleepy. If your fatigue intensifies after meals, you could have a mild intolerance to something you're eating -- not enough to cause itching or hives, just enough to make you tired.Fix: Try eliminating foods one at a time to see if your fatigue improves.ating too little causes fatigue, but eating the wrong foods can also be a problem. Eating a balanced diet helps keep your blood sugar in a normal range and prevents that sluggish feeling when your blood sugar drops. Fix: Always eat breakfast and try to include protein and complex carbs in every meal.""]","To avoid bloating after every meal, consider the following tips: 1) Avoid overeating by consuming smaller portions. 2) Limit the intake of rich and fatty foods, as they can make you feel uncomfortably stuffed. 3) Eat slowly to reduce the risk of bloating. 4) Be mindful of sweeteners and dairy products, especially if you have trouble digesting lactose. 5) Reduce the consumption of carbonated drinks, as they can trap gas in your belly.",,0.8888888888888888,0.901022583162573,0.0
foods to eat when diarrhea,"[""BRAT Diet. Following the BRAT diet may help settle your stomach and is particularly helpful if you've had diarrhea episodes. The diet consists of bananas, rice, applesauce and toast. These foods are gentle on the digestive system and also may help you produce firmer stools."", 'Commonly doctors advocate the BRAT or BRATTY diet to help relieve diarrhea. BRATTY is an acronym for bananas, rice, applesauce, toast, tea and yogurt. These foods, especially when eaten together, can help to firm bowel movements.', ""1 Instead, fat passes through your intestine, making your diarrhea worse. 2 Try avoiding butter, margarine, cream sauces and fried foods. 3 Limit fiber, if it's a problem food. 4 If you have inflammatory bowel disease, high-fiber foods, such as fresh fruits and vegetables and whole grains, may make your symptoms worse."", 'Tips for controlling diarrhea. 1 Try a low-residue diet. 2 This means more cooked foods, fewer raw fruits and vegetables, and fewer bran-based grains, cereals, and breads. 3 Try to limit the fat in your diet. 4 Add less fat to foods, and choose lower-fat versions of foods.', 'Bananas are good for soothing your stomach with so you should eat a banana. Bananas help counteract the acid that is usually associated with an upset stomach and helps with diarrhea problems as well. Crackers are also good for you to eat when you are suffering from an upset stomach. Choose crackers that are low in sodium. Do not ingest foods like chocolates, greasy food, spicy food, and caffeinated drinks as these will only aggravate the situation.']","Foods to eat when you have diarrhea include bananas, rice, applesauce, toast, and crackers that are low in sodium. Additionally, tea and yogurt can also be beneficial.",,1.0,0.945842848833332,0.49999999995
detox bath ingredients epsom salt,"['Salt Detox Bath Instructions. Dissolve Salt, epsom salt, and baking soda in boiling water in a quart size jar and set aside. Fill tub with warm/hot water and add apple cider vinegar. Pour salt mixture in and add essential oils if using. Soak in bath for 30 minutes or as long as desired.', '1 Clean bathroom grout by mixing equal parts of Epsom salts with liquid dish detergent. 2 Apply the mixture to the grout and scrub away the grime with a brush. 3 Exfoliate your skin by massaging a handful or two of Epsom salts over wet skin. 4 It works great all over ...', 'â\x80¢ Crushed Garlic: Used in conjunction with Vitamin E, crushed garlic applied directly on the affected areas can cause genital warts to fall off within a week. â\x80¢ Sitz Bath: Sitting in a warm or hot bath for 10-15 minutes with simply water or with Epsom salts can help decrease the itchiness of genital warts. â\x80¢ Diet: Eat foods that are rich in beta-carotene and folic acid, while avoiding caffeine.', 'For example, many of the â\x80\x9cbath saltsâ\x80\x9d seized have been found to contain extremely high levels of caffeine. MDPV and mephedrone, the most common bath salts, originated as synthetic versions of a natural ingredient found in Khat (Catha edulis), a hallucinogenic plant found in eastern Africa. Cathinone, the active ingredient in khat, is a Schedule 1 controlled substance, meaning illegal.', ""Anonymous 24 Sep 2009. Don't know about the methadone, but, oxycodone will show for 3 to 7 days depending on how heavy the usage. You need to drink alot of fluid, excercise to a light sweat and soak in a tub of hot epsom salt water to get it out.""]","Dissolve Salt, epsom salt, and baking soda in boiling water in a quart size jar and set aside. Fill tub with warm/hot water and add apple cider vinegar. Pour salt mixture in and add essential oils if using.",,1.0,0.4281240634053143,0.0
how long should i wait to handle my ball python after feeding,"[""Best Answer: It really depends on the snake. There is always a chance with handling after feeding, that the snake could get a little stressed and regurgitate the food in order to be able to move faster. My ball python seems to be fine after 24hours after feeding, but some snakes need more.Just don't put her through anything stressful after feeding.enerally 48 hours is adequate, but if your python has had an exceptionally large meal and still has a visible lump in it's belly after 48 hours, it may be prudent to wait a bit longer."", ""Best Answer: I recommend waiting at least 48 hours before handling your snake. If they've had a large meal I wait 72 hours.Sexing a snake at the size yours is, can be accomplished by probing. This should be done by an experienced person..either a breeder or vet.dd your answer. How long do i have to wait to handle my ball python after it eats? i fed it 2 mise fuzzys. and the snake is about 1.5 -2 feet long. and how do i tell if its a boy or girl?"", 'This will turn pinkish within a week and become white or yellowish after about 10 days. Lochia may last for 2 to 4 weeks and can come and go for about 2 months. Do not worry if you pass a few blood clots, as long as they are smaller than a golf ball in diameter. Use pads, not tampons, during this time. Change the pad at least every 4 hours to prevent irritation and infection.', 'Feeding Jersey Calves. 1 Newborns (first 3 days). 2 The first 12 hours is the most important. 3 During this time, about 2 to 3L of colostrum must be fed in order for the calf to get all of the antibodies he/she will need to fight of disease. 4 Colostrum is usually continued for the first 3 days.', 'In other words, if your puppy is three months old, he should be capable of holding it for four hours. Unfortunately, this means you may be in for a few restless nights until housetraining really kicks in. With patience and persistence from you, this period should not last long, Millan says. 4. Keep your cool.']","You should wait at least 48 hours before handling your ball python after feeding. If it has had a large meal, it is recommended to wait 72 hours.",,1.0,0.9746032574510499,0.99999999995
how long has steven gerrard been with liverpool for,"['Steven Gerrard has been with Liverpool for 11 years and he has as of October 19th, 2009 played 341 games and scored 74 goals.', 'With his last club in 2008, Teddy Sheringham was one of the oldest players of all time. His last club was for lower league side Colchester United where he turned 42 years old. This was back in 2008 but it was for another United where he achieved iconic status.', 'THE KOP. The Kop at Anfield dates back to 1905-06. At the end of that season which saw Liverpool lift the second of their league championships the directors at the club decided to reward the loyalty of the fans by building a new brick and cinder banking at the Walton Breck road end of the ground.t the end of that season which saw Liverpool lift the second of their league championships the directors at the club decided to reward the loyalty of the fans by building a new brick and cinder banking at the Walton Breck road end of the ground.', ""It's a term for people from Liverpool and also a stew. There is a mention of scouse in the book Two Years Before the Mast it was a stew served on the the boat. I have never seen anyone reference this since, I read the book in the late 70's."", ""He is currently running the Glenn Hoddle Academy in Spain, set up to help young British players return to professional football after being released by their clubs. Hoddle's younger brother Carl was also a footballer and died from a brain aneurysm on 2 March 2008 at the age of 40.oddle was born in Hayes, Hillingdon, London. He started his career at Watford, having been a product of their youth academy. Hoddle also played over 45 matches for his secondary school before being spotted at a school football game by a passing scout who was apparently walking his dog at the time.""]",Steven Gerrard has been with Liverpool for 11 years.,,1.0,0.8722856883848618,0.0
how long is a dogs heat cycle,"['How long is each cycle? Heat usually lasts between 2-4 weeks. Early in the cycle, a female dog may not be receptive to male dogs, although some are receptive through the entire cycle. It can be shorter or longer and youâ\x80\x99ll know the cycle is over when all her vulva returns to its normal size and thereâ\x80\x99s no more bleeding or discharge.', 'Hi Winnie, Female Dogs go into heat at any time between 6-12 months usually. The average heat cycle for a dog is approximately 3 weeks but for some dogs it is longer and for others it is shorter. Some as short as 10 days and some as long as 4 weeks or more.', 'Quick Answer. Yorkshire terriers are in heat for 2 to 3 weeks, although individual dogs may vary. The beginning of the heat cycle, or estrus, is marked by a swelling of the external vulva. This is followed by vaginal discharge. Estrus has ended when the vulva returns to its normal size and the discharge stops.', 'Best Answer: It sounds like she is well and truly in heat. Dogs can start coming into estrus (heat/season) for the first time anywhere between 4 1/2 months to 14 months. Generally the larger the dog the later the first estrus, but not always.', 'In hotter dryer areas and especially in summer outdoors, dogs need more water. They can die sooner if they are in the heat without water so it s hard to say how long they can survive without it. You can t just say a dog can survive 2 or 3 days or even 12 hours without considering the climate they are subjected to. Rob Â· 11 months ago.']","The average heat cycle for a dog is approximately 3 weeks, but it can vary from as short as 10 days to as long as 4 weeks or more.",,1.0,0.0,0.0
difference between a spruce and a fir tree,"[""The way that I remember which grows up and which grows down is that I remember the s in spruce means that the cones spray the ground. One of the best and easiest ways to tell the difference between a true spruce and fir tree is to look at the tree's cones. When mature, the cones on a fir tree stand straight up (point towards the sky) while the mature cones on a spruce grow down towards the ground from the bottom side of the branch. The way that I remember which grows up and which grows down is that I remember the s in spruce means that the cones spray the ground."", 'The leaves of conifers are of course their needles. On true pine trees, the needles are arranged and attached to the branches in clusters of two (red pine group), three (yellow pine group), or five (white pine group) needles per cluster. Spruce and fir trees have their needles attached individually to the branches. To tell spruce and fir trees apart, it helps to know that spruce needles are sharply pointed, square and easy to roll between your fingers. Fir needles, on the other hand, are softer, flat and cannot be rolled between your fingers. Spruce needles are attached to small, stalk-like woody projections. When needles are shed, these projections remain. As a result, the branches of spruce trees feel rough.', 'Stands of balsam fir are often found in association with black spruce, white spruce and aspen. This tree is a major food for moose, American red squirrels, crossbills and chickadees, as well as shelter for moose, snowshoe hares, white-tailed deer, ruffed grouse and other small mammals and songbirds.alsam fir is the most cold-hardy and aromatic of all firs. It seems to gladly suffer the Canadian cold but is also comfortable when planted in mid-latitude eastern North America. A. balsamea normally grows to a height of 60 feet and can live at sea level to 6,000 feet.', ""Abies. Forming perfect pyramids, firs bring a bit of mountain magnificence to urban and suburban gardens. This family of long-lived evergreen trees is valued for soft needles, graceful branches, and strong fragrance.It's no wonder that fir cultivars are frequently chosen by the American Conifer Society as Conifer of the Year. Balsam, Fraser, and noble firs are popular Christmas trees.ompact blue alpine fir. Abies lasiocarpa var arizonica 'Glauca Compacta' offers silvery blue needles on a small tree that reaches 15 feet tall and 10 feet wide. Zones 5-6. Abies concolor 'Compacta' is a slow-growing selection with blue-green needles and reaches about 10 feet tall and 6 feet wide."", ""We use the term pine cone to describe any cone from any conifer, but that's not right. Evergreens come in many types: spruce, fir, pine, hemlock, cedar. They are all called conifers because they all bear cones. We should name the cones for the parent trees â\x80\x93 spruce cones, balsam fir cones and so on.""]","The difference between a spruce and a fir tree can be identified by their cones and needles. Mature cones on a fir tree stand straight up towards the sky, while mature cones on a spruce grow down towards the ground. Additionally, spruce needles are sharply pointed, square, and easy to roll between your fingers, whereas fir needles are softer, flat, and cannot be rolled between your fingers.",,0.8,0.9349613460886546,0.0
how many units for frown lines,"['Depending on the size and strength of these muscles our physicians will determine how many units are needed. The average amount of Botox used for the Frown lines is around 20-24 Botox units for a female and about 20 to 30 units for male patients as their facial muscles are often larger, thicker and stronger.', 'It can also be used to ease migraines, excessive sweating and a few other conditions. When Botox is injected, it is priced two different ways: By the vial or unit ($12 per unit, $15 per vial) By the area, such as the area between the eyes, where frown lines are often treated with Botox ($450 â\x80\x94 $800 for an area)', ': â\x80\x93 D expresses great happiness or a victory. 3. Frown. : â\x80\x93 (or :-c represents sadness or disappointment. The latter can also mean great sadness. 4. Wink. ; â\x80\x93) or ,-) or *-) indicates a joke or double entendre in what was said. 5. Tongue. : â\x80\x93 P or : â\x80\x93 p or :-Ã¾ or :-b is an emoticon to tease, often used as a joke. 6. Open mouth. :-O or : â\x80\x93 () stands for surprise or shock.', 'Negative Integers. Each positive integer on a number line has a negative pair, for example 2 is paired with (-2), 5 with (-5) and 50 with (-50). Pairs represent an equal distance away from the zero on a number line, for example 50 is 50 units to the right of zero while (-50) is 50 units to the left of zero.', 'For children with chronic renal failure, the starting dose for anemia is 50 units (IU) per kilogram body weight, given 3 times a week. For adults with chronic renal failure, the starting dose for anemia is 50 to 100 units per kilogram of body weight, injected three times a week. For anemia in adults with HIV, the usual starting dose is 100 units per kilogram body weight, injected 3 times a week.']",The average amount of Botox used for the frown lines is around 20-24 units for a female and about 20 to 30 units for male patients.,,1.0,0.5431312496290382,0.0
determining marginal cost from total cost equation,"['Calculate Marginal Cost. 1 1. Add a column next to Total Cost labeled Marginal Cost.. 2 2. Write down the formula. 3 3. Take the first 2 rows of your chart. 4. Subtract the total output of the first row by the total output of the second 1 row. 5. Enter the data into your formula. 6. Simplify to solve the problem.', 'Lesson Summary. Marginal cost is the increase or decrease in total production cost if output is increased by one more unit. The formula to obtain the marginal cost is change in costs/change in quantity. If the price you charge per unit is greater than the marginal cost of producing one more unit, then you should produce that unit.', 'Profit equals total revenue minus total cost. Given businesses want to maximize profit, they should keep producing more output as long as an additional unit adds more to revenue than it adds to cost. Economists call the added revenue marginal revenue and the added cost marginal cost.', 'The minimum efficient scale can be computed by equating average cost (AC) with marginal cost (MC). The rationale behind this is that if a firm were to produce a small number of units, its average cost per unit would be high because the bulk of the costs would come from fixed costs.', 'Variable costs are costs that change in proportion to the good or service that a business produces. Variable costs are also the sum of marginal costs over all units produced. They can also be considered normal costs.Fixed costs and variable costs make up the two components of total cost.Direct costs, however, are costs that can easily be associated with a particular cost object. However, not all variable costs are direct costs.hey can also be considered normal costs. Fixed costs and variable costs make up the two components of total cost. Direct costs, however, are costs that can easily be associated with a particular cost object. However, not all variable costs are direct costs.']","To determine marginal cost from the total cost equation, you can follow these steps: 

1. Add a column next to Total Cost labeled Marginal Cost.
2. Write down the formula for marginal cost, which is change in costs/change in quantity.
3. Take the first two rows of your chart.
4. Subtract the total output of the first row from the total output of the second row.
5. Enter the data into your formula.
6. Simplify to solve the problem.",,1.0,0.963808242250188,0.9999999999
how close is a meter to a yard?,"['For other length unit conversions, please go to Length Conversion. Imperial length unit yard to metric meters conversion factor is 1.0936133. To find out how many yards in meters, multiply by this conversion factor or instead, use the converter below. 1 Meter = 1.0936133 Yards. Meter is a metric system base length unit and defined as the length of the path travelled by light in vacuum during a time interval of 1/299,792,458 of a second. It is spelled as metre in europe and also commonly mistaken for the device meter. It equals to 3.2808399 feet, 39.3700787 inches.', 'First unit: yard (yd) is used for measuring length. Second: centimeter (cm) is unit of length. The centimeters unit number 91.44 cm converts to 1 yd, one yard. It is the EQUAL length value of 1 yard but in the centimeters length unit alternative.', 'Convert cubic yards to cubic meters, cubic meters to cubic yards - Volume Conversions. Online calculators to convert cubic yards to cubic meters (yd3 to m3) and cubic meters to cubic yards (m3 to yd3). Our conversions provide a quick and easy way to convert between Volume units. Enter your value in one of the conversion calculators below to convert yd3 to m3 or convert m3 to yd3.', 'Legenda: Red: under costruction Pink: in project Green: abandoned * : nickname. N.B.: 1 foot = 1/3 yard = 0,3048 m 1 yard = 0.9144 m 1 mile = 1760 yards = 1609.344 m. Comments and questions to: Eugenio A. Merzagora.', 'But the yard was the original standard adopted by the early English soverigns, and has been supposed to be founded upon the breadth of the chest of the Saxon race. The yard continued till the reign of Henry VII., when the ell was introduced, that being a yard and a quarter, or 45 inches. The ell was borrowed from the Paris drapers.']",A meter is approximately 1.0936133 yards.,,1.0,0.8583884456257526,0.9999999999
definition quint,"['A quintuple combination pumper or quint is a fire service apparatus that serves the dual purpose of an engine and a ladder truck. The name quint is derived from the Latin prefix quinque-, meaning five, and refers to the five functions that a quint provides: pump, water tank, fire hose, aerial device, and ground ladders.', 'Quinine is a white crystalline alkaloid having antipyretic (fever-reducing), antimalarial, analgesic (painkilling), and anti-inflammatory properties and a bitter taste.uinine is also used to treat lupus and arthritis. In the past, quinine was frequently prescribed in the US as an off-label treatment for nocturnal leg cramps, but this has become less prevalent due to a Food and Drug Administration statement warning against the practice.', 'Porcupine: Porcupine, any of 25 species of large, herbivorous, quill-bearing rodents active from early evening to dawn. All have short, stocky legs, but their tails range from short to long, with some being prehensile. The quills, or spines, take various forms depending on the species, but all are modified hairs embedded in skin musculature.', 'HEENT stands for. 1 11. similar. HEENT. 2 5. HEENT. Head, Eyes, Ears, Nose, Throat. 3 4. HEENT. Head, Ears, Eyes, Nose And Throat. 4 4. HEENT. Head Eyes Ears Nose Throat. 5 4. HEENT. Head Ears Eyes Nose Throat. 6 4. HEENT. Head, Eyes, Ears, Nose, and Throat. 7 4. HEENT. HEAD, EYES, EARS, NOSE AND THROAT. 8 3. HEENT. Head, Eye, Ear, Nose And Throat.', ""A singular unit of currency, once recognized only as the British pound (100 pence) but now widely used in place of the word dollar, pound, peso, et cetera. Man: I'll give you twenty quid. Whore: Sorry, mate, that's not enough to get in my boot! #dollar#pound#peso#peseta#monetary unit.""]","A quintuple combination pumper or quint is a fire service apparatus that serves the dual purpose of an engine and a ladder truck. The name quint is derived from the Latin prefix quinque-, meaning five, and refers to the five functions that a quint provides: pump, water tank, fire hose, aerial device, and ground ladders.",,1.0,0.41304833283263814,0.0
how long does it take to cook dry beans,"['While beans are soaking they are also double to tripling in their size. You can cook beans without soaking, but it takes longer, and some people think the beans taste better when soaked. Soak most beans in three times their volume of cold water for six hours before cooking. Dried beans are often soaked too long. Most recipes say overnight. The best way is to put them in cold water; bring them gently to a boil and then with saucepan off the heat, allow them to remain in the water for 1 to 2 hours only.', 'Cover with lid and heat on HIGH for 4-6 hours (soaked beans) or 6-8 hours (unsoaked beans). Older crock pots may take a bit longer, so allow plenty of time the first time you use yours! If you soaked your beans, you also have the option of cooking them on LOW for 8 hours (approximately).', 'For a faster soak, put the beans and water in a saucepan and bring them to a boil. Allow them to boil for about 2 to 3 minutes. Remove the saucepan from the heat, cover it with a lid and let the beans soak for at least 1 hour.', 'Bring a pot of salted water to boil and fill a large bowl with ice cubes and water. Add the green beans to the boiling water and cook for 3 minutes. Using a slotted spoon or tongs, strain and transfer beans to the ice water. After 1 minute, drain into a colander and serve. If you would like to store your green beans for later use, you can prepare them for freezing.', 'These are dried peas that have been mechanically split along a natural seam, so that they cook faster. You can buy either green or yellow split peas. Either color can be used to make split pea soup. There are tons of variations and ways to make split-pea soup your own.plit peas and lentils do not require soaking. They take a short amount of time to cook (about 20 minutes to 1 hour depending on the recipe). Dried beans on the other hand, do require soaking for at least 4 hours.']",I cannot answer from the given context.,,0.0,-0.0,0.0
how many units of blood in the body,"['A unit of blood (500 ml) is less than a pint, and the average adult body contains 10 to 12 pints of blood. Your body makes new blood constantly, and the fluid you give will be replaced within hours. Eating a full meal within four hours before donating will help you feel strong after donating.', '1 Women 16- to 50-years-old who donate 2 or more units a year. 2 Women older than 50 who donate 3 or more units a year. 3 Men who donate 3 or more units a year. 4 If you have been deferred from donating blood for low hemoglobin, you might have low iron levels.', 'An average healthy person has somewhere between 150,000 and 450,000 platelets per microliter of blood. If you are told your platelet count is 150, then, it means you have 150,000 platelets per microliter of blood.', 'How quickly is blood given? A unit (bag) of red blood cells usually takes two to three hours to give. If needed, a unit can be given more rapidly â\x80\x93 for example, to treat severe bleeding. A unit of platelets or plasma is given in 30 to 60 minutes.', '1 The average adult has about 10 pints of blood in his body. Roughly 1 pint is given during a donation. 2 A healthy donor may donate red blood cells every 56 days, or double red cells every 112 days. A healthy donor may donate platelets as few as 7 days apart, but a maximum of 24 times a year.']",The average adult body contains 10 to 12 pints of blood.,,0.3333333333333333,0.6424405122733022,0.0
cast of rock dog,"['Rock Dog - Coming 2016 Huayi Brothers & Mandoo Pictures present, a comedy directed by Academy AwardÂ® Nominated Writer-Director of SURFâ\x80\x99S UP and Co-Director of TOY STORY 2, Ash Brannon. When a radio falls from the sky, a young Tibetan Mastiff is inspired to leave his village in the mountains and move into the big city to become a rock musician. Cast: Luke Wilson, Eddie Izzard, J.K. Simmons, Lewis Black, Kenan Thompson, Mae Whitman, Jorge Garcia, with Matt Dillon and Sam Elliott.', 'Actors starring in the series include, Joel Gretsch, Steve Burton, Eric Close, Heather Donahue, Matt Frewer, Catherine Dent, Ryan Hurst, Adam Kaufman, Karen Austin, Julie Benz, Tina Holmes, Willie Garson, John Hawkes, Jason Gray-Stanford, Andy Powers, Ryan Merriman, Michael Moriarty, Michael Jeter, James McDaniel, James Kirk and Dakota Fanning (who narrates, as well as starring as Allie Keys).', ""Heath Ledger, Christopher Plummer, Andrew Garfield, Lily Cole, Verne Troyer, and Tom Waits star in the film, though Ledger's death one-third of the way through filming caused production to be temporarily suspended."", ""The supporting cast includes Billie Burke and Eugene Pallette. Topper was a huge hit with film audiences in the summer of 1937; since Cary Grant had a percentage deal on the film, he made quite a bit of money on the film's success."", ""Rocky's family returns to their old neighborhood: Adrian returns to the pet store she used to work at, while, in a subplot, Rocky (Robert) Jr. (played by Sylvester Stallone's real son Sage) deals with bullying at his school and Rocky re-opens Mickey's old gym.""]","The cast of Rock Dog includes Luke Wilson, Eddie Izzard, J.K. Simmons, Lewis Black, Kenan Thompson, Mae Whitman, Jorge Garcia, with Matt Dillon and Sam Elliott.",,1.0,0.8520777222948842,0.9999999999
how much the social security pay,"['Social Security applies a formula to your average lifetime earnings to calculate the amount of your monthly check. The average SSD payment is currently $1,165. The highest dollar amount you can receive from SSD monthly in 2015 is $2,663. SSI. The SSI program currently pays a maximum benefit of $733 a month if you are single or $1,100 a month for a couple. This is the total amount you are eligible to receive, but it will be reduced by certain other benefits or income you may receive.', 'For those who qualify, Social Security SSI provides a monthly payment of up to $733 to an individual, or up to $1,100 to a couple, in addition to supplements paid to residents of most states. Eligibility for SSI depends on four main factors -- disability, resources, income, and citizenship. Disability requirement.', 'The maximum Social Security tax in 2017 will be $7,886.40 per employee, which represents a pretty big increase over 2016. Thatâ\x80\x99s the simple answer. Below, find out why the maximum Social Security tax is increasing so much, whether the increase will affect you, and what to expect in the coming years.', 'It is not based on how severe your disability is or how much income you have. Most SSDI recipients receive between $700 and $1,700 per month (the average for 2017 is $1,171). However, if you are receiving disability payments from other sources, as discussed below, your payment may be reduced. Calculating Your Social Security Disability Payment.', 'Usually, the employer and the employee pay the same amount for Social Security tax, but there have been exceptions. For example, the employee rate in 2011 and 2012 was 4.2 percent. Employers paid 6.2 percent. As of the time of publication, employers and employees each pay 6.2 percent.']","The average SSD payment is currently $1,165, and the highest dollar amount you can receive from SSD monthly in 2015 is $2,663. For SSI, the maximum benefit is $733 a month if you are single or $1,100 a month for a couple.",,1.0,0.5999091492851256,0.0
deferred action literal definition,"['Deferred action is a more formal way of exercising prosecutorial discretion that is available to USCIS, ICE and CBP. There is no statutory basis for this form of relief, but it is well established as a matter of policy. However, the lack of statutory guidelines makes it especially susceptible to abuse.', 'A deferred sentence (not be to confused with a deferred prosecution) means that a judge has put aside the sentence for a period of time (1-2 years on average depending on the underlying offense) and at the end of the period as long as the defendant has complied with sentence requirements the charge will be dismissed.', 'The criminal action relates to a Deferred Prosecution Agreement ( the â\x80\x9c Agreement â\x80\x9d ) that General Motors Company ( â\x80\x9c GMâ\x80\x9d ) has entered into with the United States Attorney â\x80\x99s Office for the Southern District of New York , in connection with GM â\x80\x99s failure to disclose , from the spring of 2012 through February 2014 , to its U.S. regulator , the ...', 'Public Benefit Eligibility of Deferred Action Dreamers September 7, 2012 Residents of New York State who have been granted deferred action under the Obama Administrationâ\x80\x99s newly established â\x80\x9cDeferred Action for Childhood Arrivalsâ\x80\x9d (DACA) program will be eligible for all New York State public benefits, provided they meet the benefit programâ\x80\x99s non-immigrant related eligibility requirements.', 'Defeasance is a substitution of collateral. The borrower uses proceeds from a refinance or sale to purchase securities. The securities are pledged to the lender, who releases the real estate from the mortgage.']",I cannot answer from the given context.,,0.0,0.0,0.0
what county is hardin ky in,"['Hardin County was established in 1792 from land given by Nelson County. Hardin was the 15th Kentucky county in order of formation. The county is named for Col. John Hardin, a Continental Army officer during the American Revolution and a brother of the Capt. William Hardin who founded Hardinsburg.', ""The Civil War had begun. The son of a Kentucky frontiersman, Lincoln had to struggle for a living and for learning. Five months before receiving his party's nomination for President, he sketched his life: I was born Feb. 12, 1809, in Hardin County, Kentucky.he Civil War had begun. The son of a Kentucky frontiersman, Lincoln had to struggle for a living and for learning. Five months before receiving his party's nomination for President, he sketched his life: I was born Feb. 12, 1809, in Hardin County, Kentucky."", 'Premium Search: Public Records. Find Public Records in Anderson County, Kentucky. This page lists public record sources in Anderson County, Kentucky. Additional resources can be found on our Kentucky State Public Records page, on city pages, and on topic pages using the navigation above. Recommend a link for this page.', 'Augusta is a city in Bracken County, Kentucky, United States, along the Ohio River. As of the 2005 census, the city population was 2,004. When Bracken County was organized in 1796, Augusta was the county seat. In 1839, a new county courthouse was built at a more central location in Brooksville. Augusta is located at 38Â°46â\x80²21â\x80³N 84Â°0â\x80²6â\x80³W / 38.7725Â°N 84.00167Â°W / 38.7725; -84.00167 (38.772556, -84.001530).', ""If you don't have a Facebook account, you can create one to see more of this Page. Message this Page, learn about upcoming events and more. If you don't have a Facebook account, you can create one to see more of this Page. Campbell County News: News and information for Campbell County Kentucky. INVITE join the fun on Friday 3/24 for FREE. hypnotist show at Newp...ort Carnegie visit newportcarnegie.com use promo code PSS513 for 4 free tickets.""]",I cannot answer from the given context.,,0.0,-0.0,0.49999999995
how many calories per gram are in fats,"['Each gram of fat contains 9 calories. Compare this to protein or carbohydrates, which each contain 4 calories per gram, and you can see why a diet high in fat can lead to weight gain. Do remember, however, that fat is still an essential part of a healthy diet. Just try to choose healthy fats like those found in nuts, olive oil, canola oil, and avocados.', 'No matter what type of fat you consume, every gram contains 9 calories. To convert fat calories into grams of fat, just divide the calories by nine. For example, a tablespoon of olive oil has 119 calories, all of which come from fat.', 'Since fat provides 9 calories per gram, women following a 1,600-calorie diet need 36 to 62 grams of fat, women eating 2,000 calories need 44 to 78 grams and women consuming 2,400-calorie diets need about 53 to 93 grams of fat each day.', ""So if you're on a 2,000-calorie-a-day diet, 400 to 700 calories can come from dietary fat, which translates to between 44 and 78 fat grams a day. The latest Dietary Guidelines for Americans recommends keeping saturated fat to less than 10 percent of calories a day. For a 2,000-calorie-a-day diet, that's 200 calories or about 22 grams of saturated fat. Use the Nutrition Facts label to find out how much fat is in the foods you eat. The Nutrition Facts label shows the amount of total fat, saturated fat and trans fat in one serving."", 'Please drink responsibly :-) That alcohol has calories in it! Each gram of alcohol has 7 calories. Compare that to 4 calories per gram of carb, or 9 calories per gram of fat. That means a spirt has about 97 calories per shot, a glass of wine has about 123 calories per glass and a beer has about 154 calories per glass!']",Each gram of fat contains 9 calories.,,1.0,0.9114509189190095,0.49999999995
phone number for los charros in east moline illinois,"['A: The phone number for Los Charros is (309) 755-1111. Q: How big is Los Charros in East Moline, IL? A: The company has approximately 11 people at this location and generates an estimated $243,924 USD in annual revenue.', 'Important Phone Numbers. Illinois Health Connect Provider Help Desk. Call to get answers to IHC questions, verify PCP status of a client, locate a specialist, verify a referral, update your location of service information, and more. TTY: 1-866-565-8577. All clients statewide can call for assistance in enrolling with a health plan and PCP. Phone: 1-877-912-8880.', 'springfield: mo: 65807-0000 (417) 887-1983: 040912: 286582834 : educational community credit union: 1221 east grand: springfield: mo: 65804-0003 (417) 831-0534: 051512: 286582850 : foundation credit union: 1726 w. elfindale: springfield: mo: 65807-0000 (417) 895-2770: 022113: 286582876 : telcomm credit union: 2155 e. sunshine: springfield: mo: 65804-0000 (417) 886-5355: 070908: 286586254', 'Phone Support: 1-800-541-5555. The Telephone Service Center (TSC) is available 8 a.m. to 5 p.m., Monday through Friday, except holidays (border providers and out-of-state billers billing for in-state providers, call [916] 636-1200).', 'CLINTON, IL, 61727 Phone (make sure to verify first before calling): (217) 935-8500 Number of Certified Beds: 134 Total Number of Residents: 91 Percent of Occupied Beds: 68% Sprinkler Status: Fully Sprinklered Program Participation: Medicare and Medicaid Type of Ownership: Non profit - Corporation Located Within a Hospital?: No Multi Nursing Home Ownership?: Yes']",The phone number for Los Charros is (309) 755-1111.,,1.0,0.7896311989744585,0.0
can lease renewal date be changed by landlord,"['Your landlord is not required to offer you a renewal lease if you live in an unregulated / market-rate apartment. You may only renew your lease if your landlord agrees to do so. If you want to remain, you can approach your landlord well before the expiration of your lease and ask to sign a new lease. Your landlord may: 1 offer you a renewal lease under the same terms, conditions, and rent levels; offer you a renewal lease, but change any of the terms and conditions, and/or the amount of rent;', 'Tenant Rights and Responsibilities When Signing a Lease in Arizona. A lease obligates both you and your landlord for a set period of time, usually a year. Under a typical lease, a landlord canâ\x80\x99t raise the rent or change other terms, until the lease runs out (unless the lease itself provides for a change, such as a rent increase mid-lease).', 'Regardless, the renewal right is an important clause in any lease and it can provide unique advantages to a tenant in certain situations, whether it is exercised or not. Some details to be focused on are pointed out by my friend and associate Gregg Pasternak below:', 'Violation of Lease or Rental Agreement. For lease or rental agreement violations, the landlord must give the tenant 15 days to move out (for lease terms of one year or less) or 30 days (for leases of one year or more). How to Calculate the Date of the Deadline.', 'From a tenantâ\x80\x99s perspective, needing to move before the expiration of a lease can result from a new job out of state, changes in a relationship status or a loss of income, to name a few causes. Practically speaking, there are usually three outcomes when a tenant decides to break a lease early:']","Yes, the landlord can change the terms and conditions, and/or the amount of rent when offering a renewal lease.",,1.0,0.8333896302605627,0.0
what are strengths in writing,"['That sent me back for a peek at my list of Five Writing Strengths, to see if I would change or add anythingâ\x80\x94to see if I can still draw from these strengths to continually improve and move toward mastery. Five Writing Strengths: 1. The ability to sit still for long stretches of time. Not everyone can do this, you know. Some people get antsy, restless. After a few minutes of sitting still, they fidget and have to get up and make hot chocolate or call a friend. Writers need to be able to sit still for hours in order to get their work done.', 'A strength in writing is a good vocabulary. Also people should be articulate when writing. Some weaknesses are bad spelling, incorrect grammar, abrupt end and being too wordy. A strength in writing is a good vocabulary. Also people should be articulate when writing. Some weaknesses are bad spelling, incorrect grammar, abrupt end and being too wordy.', ""Editor's Picks. Strength is the foundation of nearly all physique and performance goals. When you're strong, you more easily gain muscle size, lose fat, run faster, hit harder, play longer, and move more living room furniture for your wife. We've rounded up 10 no-questions-asked tips to help you make everything in your life feel just a little bit lighter."", 'If youâ\x80\x99re worried about what colleges look for in college essays, weâ\x80\x99ve compiled a list of some of the greatest qualities your essay can have: 1. Honest. You wonâ\x80\x99t get anywhere by making up a story you think will seem impressive. If youâ\x80\x99re suspected of falsifying something, your essay could be thrown out entirely. 2. Sincere.', '1 Texts for guided reading are selected using a gradient of difficulty that supports the readersâ\x80\x99 current strengths and moves them forward in their understandings of how reading works. 2 In our work, we use The Continuum of Literacy Learning, Grades PreKâ\x80\x938: A Guide to Teaching (Fountas and Pinnell, 2011, p. 239â\x80\x93355).']","Strengths in writing include the ability to sit still for long stretches of time, a good vocabulary, and being articulate.",,1.0,0.9077012573977976,0.0
what are dartrix evolutions,"['Dartrix is a Grass/Flying type PokÃ©mon introduced in Generation 7. It is known as the Blade Quill PokÃ©mon. Dartrix is extremely sensitive to other presences in the area and can detect opponents behind it and throw feathers to strike them without even seeing them. This PokÃ©mon conceals sharp-bladed feathers inside its wings, showing astounding precision as it sends them flying in attack. Share this page:', 'Eevee, also known as the Evolution PokÃ©mon, can be evolved into seven different types--Water , Electric , Fire , Ice , Grass , Dark , and Psychic --through evolution stones, happiness at certain times of day, or Moss or Ice rocks.', ""Pokemon X and Y's only evolution that comes from a previously released Pokemon is Sylveon, the newest Eeveelution."", 'The modern genetic definition of biological evolution is A. change from one species to another by the natural selection of individual variation B. mutation causes variation and variation is selected for by the environment C. survival of the fittest D. a change in allele frequencies from one generation...iological evolution is defined as the change in allele frequencies (where alleles are versions of the same gene that differ in their base sequence) within populations (Freeman and Heron, 2004) http://www.calstatela.edu/faculty/pnargu...', ""Female Glooms have just one petal in the flower on it's head, while the males have four. Gloom is the evolved form of Oddish, as of level 21. Gloom evolves into Vileplume by use of a Leaf Stone. Gloom can also evolve into Bellossom by use of a Sun Stone.""]",I cannot answer from the given context.,,0.0,-0.0,0.0
minecraft how to make a powered rail,"['Add Items to make Powered Rails. In the crafting menu, you should see a crafting area that is made up of a 3x3 crafting grid. To make powered rails, place 6 gold ingots, 1 stick, and 1 redstone (also called redstone dust) in the 3x3 crafting grid. When making powered rails, it is important that the gold ingots, the stick, and the redstone are placed in the exact pattern as the image below.', '1 The Minecraft Server can be harnessed to create natural terrain that meshes with the worldâ\x80\x99s existing seed. 2 Flatlands can also be created at any height. â\x80\x9c 3 Analyzeâ\x80\x9d feature counts the block and entity types in a selected area, optionally saving them to a .csv file.', 'Repeat steps 9-10 for the top rail. Lay the bottom rail, with the routed holes upward, onto a 1/4 wood spacer located between the posts (Figure 10). This provides the rail spacing between the rail and stair treads and helps to stabilize the setup.', 'Two, it can be placed next to a normal chest. 1 1. Obtain a single normal chest. 2 2. Make a tripwire hook. These are made by, in a crafting table, putting 1 plank on top of a stick, on top of an iron ingot. 3 3. Combine the hook and the chest in the crafting table. This is a shapeless recipe.', ""Try and make a block museum! Create a room in your base, with a slot for every legit obtainable block in the game. If books ever become writable in, chronicle your adventures to find each block in a book next to the block. Or, you can post your story on signs in a secret piston-opened room behind the block museum.hat's a question oft-asked here on the Minecraft Forums. There's many, many threads with people asking what they should put into their base, to make it more awesome. So here's a comprehensive list of things to remember when building your base, and what things you should have in your base.""]","To make powered rails, place 6 gold ingots, 1 stick, and 1 redstone in the 3x3 crafting grid. It is important that these items are placed in the exact pattern as shown in the crafting menu.",,1.0,0.7435269572985854,0.0
what county is warminster in,"['Welcome to Warminster Township! Situated in the southern portion of Bucks County, less than four miles from Philadelphiaâ\x80\x99s city limits, Warminster is a convenient, friendly suburb with moderately-priced homes. Plus, Warminster is fully served by SEPTA, making it a great place for Center City commuters!', 'Related Libraries. 1 Other members of Bucks County Library Network. 2 Libraries located in Warminster (Pennsylvania) 3 Libraries located in Bucks county (Pennsylvania) 4 View map of libraries in Bucks County. 5 all Public libs in Pennsylvania. 6 United States. 7 Automation systems in Pennsylvania.', 'Hot Springs County, Wyoming. Hot Springs County is a county located in the U.S. state of Wyoming. As of the 2010 census, the population was 4,812, making it the second-least populous county in Wyoming. Its county seat is Thermopolis. The county is named for the hot springs located in Hot Springs State Park.', ""Washington County is a county in the U.S. state of Idaho. As of the 2010 census, the population was 10,198. The county seat and largest city is Weiser, with over half of the county's population. The county was established in 1879 when Idaho was a territory and named after U.S. president George Washington. Washington County is home to the Idaho ground squirrel."", 'Hansford County is a county located in the U.S. state of Texas. As of the 2010 census, its population was 5,613. Its county seat is Spearman. The county was created in 1876 and organized in 1889. It is named for John M. Hansford, a Texas state congressman and judge.']",Warminster is in Bucks County.,,1.0,0.6923579756263881,0.0
negative pressure definition,"['All others = intake. Positive pressure means more air pressure from the intake fans than the exhaust fans. Negative pressure means more air pressure from the exhaust fans than the intake fans.', 'Amplitude is the objective measurement of the degree of change (positive or negative) in atmospheric pressure (the compression and rarefaction of air molecules) caused by sound waves.Sounds with greater amplitude will produce greater changes in atmospheric pressure from high pressure to low pressure.mplitude is the objective measurement of the degree of change (positive or negative) in atmospheric pressure (the compression and rarefaction of air molecules) caused by sound waves.', ""Stress can be positive or negative: 1 Stress is good when the situation offers an opportunity to a person to gain something. 2 Stress is negative when a person faces social, physical, organizational and emotional problems.efinition of Stress. Stress is defined as â\x80\x9ca state of psychological and physiological imbalance resulting from the disparity between situational demand and the individual's ability and motivation to meet those needs.â\x80\x9d."", 'Hypotension is low blood pressure, especially in the arteries of the systemic circulation. Blood pressure is the force of blood pushing against the walls of the arteries as the heart pumps out blood. A systolic blood pressure of less than 90 millimeters of mercury (mm Hg) or diastolic of less than 60 mm Hg is generally considered to be hypotension. However, in practice, blood pressure is considered too low only if noticeable symptoms are present. Hypotension is the opposite of hypertension, which is high blood pressure.', 'c the ideal gas equation and the combined gas law stp standard temperature and pressure is defined as 1 atmosphere and 0 c this can be expressed as 760 mm hg and 273 k or any equal unit when making calculations the temperature should be in kelvin this will avoid zeros or negative numbers']",Negative pressure means more air pressure from the exhaust fans than the intake fans.,,1.0,0.6807616859533318,0.0
vvi airport code,"[""Source: SABSA, Airport Statistics. Viru Viru International Airport (IATA: VVI, ICAO: SLVR) in Santa Cruz de la Sierra, Bolivia is Bolivia's largest international airport. Viru Viru handles domestic, regional, and international flights from Bolivia, North America, South America and Europe and is the hub for Bolivia's biggest airline Boliviana de AviaciÃ³n. The airport is able to handle aircraft up to the Boeing 747-400."", 'Travelerâ\x80\x99s Guide to Viru Viru International Airport. Viru Viru International Airport (VVI) is a major airport in Bolivia considered the gateway for international flights. Situated in Santa Cruz de la Sierra in Bolivia, Viru Viru International Airport acts as the main hub for AeroSur and Boliviana de Aviacion.', ""see complete overview. Vietnam Airlines (airline code VN), was founded in 1956 and is the national carrier of Vietnam, with hubs at Hanoi's Noi Bai airport and Ho Chi Minh City's Son ...Find Reviews & Seatplans by Aircraft:ietnam Airlines (airline code VN), was founded in 1956 and is the national carrier of Vietnam, with hubs at Hanoi's Noi Bai airport and Ho Chi Minh City's Son 1 ... A320 (Config. 1). 2 A320 (Config."", 'Indira Gandhi International Airport (DEL/VIDP) Terminal 3, India. The international Terminal 3 at the Indira Gandhi International Airport (IGIA) in New Delhi, India, was opened in July 2010. The IGIA is the busiest airport in the country handling about 46 million passengers a year. It is also the busiest in South Asia and is expected to handle 100 million passengers by 2030.', ""Baltimore-Washington International Thurgood Marshall Airport (IATA: BWI, ICAO: KBWI) serves the Baltimore-Washington Metropolitan Area in the United States. It is commonly referred to as BWI or BWI Airport, after its IATA Airport Code. The airport is located in Anne Arundel County, Maryland and is about 10 miles (16 km) south of Baltimore and 30 miles (48 km) northeast of Washington, D.C. A record 21.9 million passengers traveled through BWI in 2010, making it the United States' 24th busiest airport.""]",The airport code for Viru Viru International Airport is VVI.,,1.0,0.6682304286004072,0.0
types of metal plating,"['It is also a popular plating metal for electronics components such as printed-circuit boards. High-plating efficiency and low material cost make copper one of the less expensive metals to plate with. There are three types of copper plating processesâ\x80\x94alkaline, mildly alkaline and acid.', 'Rhodium Plating. Rhodium is a type of platinum that provides tarnish resistance, scratch-resistance and a shiny, white lustrous appearance. Rhodium plating is also common in jewelry production, especially in situations where white gold requires plating. Silver, platinum and copper are also popular base metals for rhodium plating.', 'In printing, type metal (sometimes called hot metal) refers to the metal alloys used in traditional typefounding and hot metal typesetting. Lead is the main constituent of these alloys.', 'This test is fairly accurate on most silver items. However, it can be fooled by layered metals and some types of plating so accuracy is less reliable. The best means of testing is called assay, which is a destructive test that melts down .5 grams of metal or more so the alloyed elements and ratios can be accurately determined.', 'There are several different types of insulation commonly used for metal buildings. Not surprisingly, costs and benefits vary, so itâ\x80\x99s important to match insulation characteristics with each buildingâ\x80\x99s size and shape, geographic location, and intended use.']","The types of metal plating mentioned in the context are copper plating processes (alkaline, mildly alkaline, and acid) and rhodium plating.",,1.0,0.9334803498207974,0.0
can a landlord charge more for a another person,"['The landlord has 5 days to process the application. If you are under rent control, this is an illegal rent increase under Section 6.13 of the Rent Board Rules and Regulations. A landlord cannot charge more rent for an additional roommate. You can file at the Rent Board for an illegal rent increase.', ""Yes. If you do not pay your rent within 15 days after it is due, your landlord can charge a late fee. The fee cannot be more than 4% of one month's rent. For example, if your rent is $800 per month, the late charge cannot be more than $32.To charge a late fee, your landlord must tell you about it in writing when you agree to rent from him.ights of Tenants in Maine #639 Page 5 unpaid rent or damages. You may not use your security deposit to cover your last month's rent unless your landlord agrees. NOTE: A surety bond is very different from a security deposit. If your landlord suggests that you buy a surety bond, read our tips at page 3."", ""Landlords get the message that we don't waste time. We act swiftly and within the law to show them why they are wrong and how much it will cost them if they go to court with us. To go to court for a security deposit. The attorney fees on either side costs more then the deposit. Landlords quickly come to the realization that if they go to court with us, they are going to be paying out a lot more. The reason is that the landlord must pay our fees as well as court costs and the full amount of the deposit. In some cases even more."", 'For example, if you put down a $500 security deposit and caused carpet damage that led to $600 in replacement costs, the landlord can send you a bill for the remaining $100. However, you retain the right to protest the charges and take your landlord to small claims court to recover your funds.', ""There also may be a charge for running a credit check and an application fee, which can cost anywhere from $30 to more than $100 for each person on the lease. Before paying this fee, ask if it's refundable if you don't get approved.""]","No, a landlord cannot charge more rent for an additional roommate.",,1.0,0.8265888079959992,0.9999999999
mean and median definition,"['Median is the middle point in a set of numbers. Average, also called mean, is when the complete data set is added and then divided by the total number of data points; mean is different from median. The average Troup County household income in 2014 was $53,454, a sharp decline from $67,486 in 2013.', 'The number that appears the most often within a set of numbers. median. The middle number in a group of ordered numbers. mean. The average of a group of numbers. range. The difference between the highest (maximum) and lowest (minimum) within a set of numbers. maximum. The largest number in a set of data.', 'mean/ median/ average. Wordsmiths sometimes dislike numbers, or at least have a hard time grasping them. These words offer us an opportunity to better understand numbers and use their terms more precisely in writing and speaking. The mean, sometimes called the arithmetic mean, of this set is 33. The mean is the sum of all the numbers in the set (167) divided by the amount of numbers in the set (5). The median is the middle point of a number set, in which half the numbers are above the median and half are below. In our set above, the median is 30.', 'Median income is the amount which divides the income distribution into two equal groups, half having income above that amount, and half having income below that amount. Mean income (average) is the amount obtained by dividing the total aggregate income of a group by the number of units in that group.ousehold income as an economic measure can be represented as a median, a mean, a distribution, and other ways. Household income can be studied across time, region, education level, race/ethnicity, and many other dimensions.', 'Median which is the middle number of a group of numbers; that is, half the numbers have values that are greater than the median, and half the numbers have values that are less than the median. For example, the median of 2, 3, 3, 5, 7, and 10 is 4. Mode which is the most frequently occurring number in a group of numbers.For example, the mode of 2, 3, 3, 5, 7, and 10 is 3, because 3 occurs twice.or example, the median of 2, 3, 3, 5, 7, and 10 is 4. Mode which is the most frequently occurring number in a group of numbers. For example, the mode of 2, 3, 3, 5, 7, and 10 is 3, because 3 occurs twice.']","Mean is the average of a group of numbers, calculated by adding all the numbers together and dividing by the total number of data points. Median is the middle point in a set of numbers, where half the numbers are above it and half are below it.",,1.0,0.9238440227280481,0.3333333333
implantation bleeding how far along,"['Implantation bleeding. Some women have a small amount of vaginal bleeding called implantation bleeding, around 11 or 12 days after conception, close to the time you might notice a missed period. The bleeding may be caused by the fertilized egg burrowing into the blood-rich lining of the uterus.f you search for implantation bleeding you will come across sites that doubt if it ever occurs, but the fact is that some women, about 1%-2%, has a bleeding about four weeks after the last menstrual period with a pregnancy duration four weeks longer than expected.', 'Implantation bleeding is fairly common with pregnancy. Twenty to thirty percent of women will have spotting during early pregnancy. If you have some light spotting before your period would normally start this is not something to worry about and may be a sign of pregnancy.', 'Implantation of the blastocyst usually happens between 7 and 10 days after ovulation, or 21 to 25 days after the first day of your *last menstrual cycle* (LMP). The blastocyst cells continue to divide, and start to separate into two groups: one to form the baby and one to form the placenta to nourish the baby.', 'â\x80\x9cImplantation bleeding,â\x80\x9d as it is called, may occur 10 to 14 days after fertilization and is normal and temporary. The attachment of the fertilized egg to the uterine lining is believed to cause the bleeding.', ""Implantation typically occurs 6 to 10 days after ovulation, or day 20 to 24 of a menstrual cycle. However, it can happen a few days earlier or later.In an average 28-day cycle, ovulation occurs on day 14 with the first day of a woman's period being considered day 1 in a cycle.nce fertilization occurs, the egg stays in the fallopian tube for three days before entering the uterus and begins to implant itself to the uterine lining. Find out when implantation will happen based on your last menstrual period or ovulation date with our implantation calculator.""]","Implantation bleeding typically occurs around 10 to 14 days after fertilization, which is about 6 to 10 days after ovulation, or approximately 21 to 25 days after the first day of your last menstrual cycle.",,1.0,0.7426371476449072,0.9999999999
the definition of sustainability is,"['Achieving sustainability will enable the Earth to continue supporting human life. In ecology, sustainability (from sustain and ability) is the property of biological systems to remain diverse and productive indefinitely. Long-lived and healthy wetlands and forests are examples of sustainable biological systems. In more general terms, sustainability is the endurance of systems and processes.', 'Few businesses or organizations can truly call themselves 100% sustainable. Many, however, are well on their way to sustainability as a result of incorporating the following ideals into their business operations. These are the businesses that The Evergreen Group wants to work with to help them sell, value and grow.', 'Sustainable natural resources management is as much a question of sustainable economic. development as it is of environmental protection. While being the foundation of economic activity and development, natural capital. (encompassing natural resource stocks, land and ecosystems) is often undervalued and. mismanaged.', 'Implementing Sustainable Procurement. Successful implementation requires a change project to modify existing purchasing processes and procedures to include sustainability. A key requirement of the change process is influencing key stakeholders to include environmental considerations in their business decisions.', ""Economic factors are critical to any business. And many businesses now see the financial impact from environmental and social issues. Businesses are being strategic in finding the right balance of investment and benefits across the 'people, planet and profit' aspects of sustainability.""]","Sustainability is the property of biological systems to remain diverse and productive indefinitely, and more generally, it is the endurance of systems and processes.",,1.0,0.8927224807512864,0.0
what is hand dancing,"['Hand dancing. Not to be confused with Hand jive. Hand dancing, also known as D.C. hand dancing or D.C. swing, is a form of swing dance that can be traced as far back as the 1920s, from Lindy Hop, to Jitterbug and to the 50s when Washington, D.C. developed its own version and named it Hand Dance.', ""The Juba dance or hambone, originally known as Pattin' Juba (Giouba, Haiti: Djouba), is an American style of dance that involves stomping as well as slapping and patting the arms, legs, chest, and cheeks.Pattin' Juba would be used to keep time for other dances during a walkaround.he Juba dance or hambone, originally known as Pattin' Juba (Giouba, Haiti: Djouba), is an American style of dance that involves stomping as well as slapping and patting the arms, legs, chest, and cheeks."", ""A man and woman grinding. Grinding, also known as juking, freak dancing or freaking (in the Caribbean, wining) is a type of close partner dance where two or more dancers rub or bump their bodies against each other, this is generally with a female dancer rubbing her buttocks against a male dancer's crotch area."", 'Bon Odori. Bon Odori (Japanese: ç\x9b\x86è¸\x8aã\x82\x8a), meaning simply Bon dance, is a style of dancing performed during Obon. Originally a Nenbutsu folk dance to welcome the spirits of the dead, the style of celebration varies in many aspects from region to region. Each region has a local dance, as well as different music.', ""Dancing, either freestyle or through songs with movements, such as Head, Shoulders, Knees, and Toes; I'm a Little Teapot; The Wheels on the Bus; or Popcorn: I'm a piece of popcorn, put me in a pan/Shake me, shake me, as fast as you can (child shimmies, shakes, and jumps)/And I ... will ...""]","Hand dancing, also known as D.C. hand dancing or D.C. swing, is a form of swing dance that can be traced as far back as the 1920s, evolving from Lindy Hop and Jitterbug, and developed its own version in Washington, D.C. in the 1950s.",,1.0,0.8787741386607472,0.0
is china a reserve currency,"['China is on its way to becoming a reserve currency not because of weakness in the US dollar but precisely because the US dollar is going to get stronger and become less readily available. Countries are going to need to be able to trade in something besides dollars.', ""China's currency's official name is the renminbi (RMB). In Chinese, this means people's currency. More commonly, the renminbi is referred to as the yuan. 100 yuan is the largest bank note available in China.This is currently worth around US$13. Just as many countries have dollars and cents, and the UK has pounds and pence, China has a smaller unit of currency than the yuan.One yuan is worth ten jiao.Unlike most other counties, the jiao can also be subdivided.00 yuan is the largest bank note available in China. This is currently worth around US$13. Just as many countries have dollars and cents, and the UK has pounds and pence, China has a smaller unit of currency than the yuan. One yuan is worth ten jiao. Unlike most other counties, the jiao can also be subdivided."", 'The Chinese Yuan Renminbi is the currency of China. Our currency rankings show that the most popular China Yuan Renminbi exchange rate is the USD to CNY rate. The currency code for Yuan Renminbi is CNY, and the currency symbol is Â¥.', 'Yet, while a weaker dollar is seen helping American exporters to compete abroad, it may undermine the greenbackâ\x80\x99s status as the worldâ\x80\x99s top reserve currency and fan concerns about a protectionist trade agenda espoused by U.S. President Donald Trump, who is set to speak in Davos on Friday.', ""China is a global hub for manufacturing, and is the largest manufacturing economy in the world as well as the largest exporter of goods in the world. China is also the world's fastest growing consumer market and second largest importer of goods in the world.China is a net importer of services products.s China's economy grows, so does China's Renminbi, which undergoes the process needed for its internationalization. The economy of China has recently initiated Asian Infrastructure Investment Bank in 2015.""]",I cannot answer from the given context.,,0.0,0.0,0.0
is aep regulated,"[""AEP's regulated business investment strategy supports dividend growth consistent with earnings and within the targeted 60 to 70 percent payout ratio. In October, the company increased its dividend by 5.4 percent on a quarterly basis from 56 cents per share to 59 cents per share."", 'Electronic Payment Network. Electronic Payments Network (â\x80\x9cEPNâ\x80\x9d) is an electronic payment system providing automated clearing house (â\x80\x9cACHâ\x80\x9d) services that is owned and operated by The Clearing House. The ACH system facilitates exchanges of batched debit and credit payments among business, consumer and government accounts.', 'Electronic Data Processing (EDP) insurance is designed to cover the unique risks associated with computer exposures and typically include three core areas of coverage;: 1 Equipment (Personal computers, servers, terminals, monitors, laptops and other hardware).', 'CLP Regulation No 1272/2008 is the European Regulation on Classification, Labelling and Packaging of chemical substances and mixtures. CLP Regulation No 1272/2008 is the European Regulation on C lassification, L abelling and P ackaging of chemical substances and mixtures.', 'Certificate Authority AEL- ILD- PDAS. The Certificate Authority is an electronic system to manage AEL, ILD, and PDAS certification. Trainers may enter their rosters and participants may pay for and print their certificates all from this web site. Access and Print your Certificate.']","Yes, AEP's business is regulated as indicated in the context.",,1.0,0.8459420933154562,0.0
translation definition geometry,"['A translation moves every point of a figure or a space by the same amount in a given direction. A reflection against an axis followed by a reflection against a second axis parallel to the first one results in a total motion which is a translation. In Euclidean geometry, a translation is a function that moves every point a constant distance in a specified direction. (Also in Euclidean geometry a transformation is a one to one correspondence between two sets of points or a mapping from one plane to another.', 'Translation is the process by which a protein is synthesized from the information contained in a molecule of messenger RNA (mRNA).', 'noun, Geometry. 1. a plane curve formed by the intersection of a right circular cone with a plane parallel to a generator of the cone; the set of points in a plane that are equidistant from a fixed line and a fixed point in the same plane or in a parallel plane. Equation: y 2 = 2 px or x 2 = 2 py. Origin of parabola Expand.', 'Definition of translation in the Definitions.net dictionary. Meaning of translation. What does translation mean? Information and translations of translation in the most comprehensive dictionary definitions resource on the web.', '1 (mathematics) Of or pertaining to a transformation that maps parallel lines to parallel lines and finite points to finite points. ( 2 comparable, chemistry) Having mutual affinity, of two materials. affine geometry.']",A translation in geometry is a function that moves every point of a figure or a space by the same amount in a given direction. It is a transformation that maps parallel lines to parallel lines and finite points to finite points.,,1.0,0.9259036817549452,0.0
what county is lewisburg,"['Lewisburg is a borough in Union County, Pennsylvania, United States, 30 miles (48 km) south by southeast of Williamsport and 60 miles (97 km) north of Harrisburg. In the past, it was the commercial center for a fertile grain and general farming region. The population was 5,620 at the 2000 census.', 'In 2006 the population was 13,741 with an average of 29.1 people per square mile as compared to the Kentucky average of 101.7 people per square mile. There are two Industrial Parks. The Lewis County Industrial Park, near the Ohio River east of Vanceburg, has 118 acres, and is 30 minutes from I-64. The Tollesboro Industrial Park has 57 acres and sits on the AA Highway just west of KY 57.', 'Sponsored Topics. Lewisberry is a borough in York County, Pennsylvania, United States. The population was 385 at the 2000 census. Lewisberry is located at 40Â°8â\x80²7â\x80³N 76Â°51â\x80²38â\x80³W / 40.13528Â°N 76.86056Â°W / 40.13528; -76.86056 (40.135300, -76.860504). According to the United States Census Bureau, the borough has a total area of 0.1 square miles (0.3 kmÂ²), all of it land.', 'Lawrenceburg is a city in Dearborn County, Indiana, United States. The population was 5,042 at the 2010 census. The city is the county seat of Dearborn County. Lawrenceburg is located in southeast Indiana, on the Ohio River west of Cincinnati. Lawrenceburg is located at 39Â°5â\x80²46â\x80³N 84Â°51â\x80²28â\x80³W / 39.09611Â°N 84.85778Â°W / 39.09611; -84.85778 (39.096015, -84.857783).', 'Chamber Newsletter ...more>>. Register for Your ATV Permit Online! Permits are required for all Lewis County off road ATV trails and helmets are required in NYS by law for all riders. NY State Law defines a legal ATV as under 1,000 lbs and less than 70 inches wide. To fill out an application and mail it in with payment, print the application from here. Find a list of businesses in Lewis County that sell permits here. Lewis County Chamber of Commerce Lowville, NY 13367 | Ph: (315) 376-2213 | lewiscountychamber.org.']","Lewisburg is in Union County, Pennsylvania.",,1.0,0.7832376086654085,0.0
how many humans have tigers killed?,"['There are approximately 85 or fewer people killed and injured by tigers each year. These deaths and injuries are not all deliberate; many are accidental. The incidents involving death or injuries are...', 'About tigers. The tiger is the biggest, the most iconic, and one of the most endangered of all cats. Three of the nine known tiger subspecies are extinct, and a fourth â\x80\x93 the South China tiger â\x80\x93 hasnâ\x80\x99t been seen in the wild since the 1970s.oaching and habitat destruction are persistent threats, and as few as 3,200 tigers remain in the wild today. Sadly, there are more tigers in captivity in the US than are left in the wild. The tiger is officially classed as endangered by the IUCN.', ""The Liberation Tigers of Tamil Eelam (LTTE) was one of the many groups that came into. existence to fight for Tamil rights in Sri Lanka[EPA] The conflict between Sri Lanka's government forces and armed Tamil rebels has raged for nearly 60 years. Thousands have died and many more have been made homeless by the fighting."", 'BHORAMDEO, Indiaâ\x80\x94. Rajesh was only 10 years old when he killed his first tiger, and 20 years later, he still remembers it vividly. He was frightened. The tiger, a paw caught in a foot trap, was furious. The boyâ\x80\x99s father said there wasnâ\x80\x99t much time.', 'In the wild, in fact, this is the only place in the world in which this subspecies can be found. This is physically the smallest of all of the tiger subspecies. Its scientific name is Panthera tigris sumatrae, and there are fewer than 300 specimens left in existence in the wild today.']",Approximately 85 or fewer people are killed and injured by tigers each year.,,0.5,0.8576048413596041,0.9999999999
"what county is corinth, maine in","['Corinth, ME Other Information. Located in PENOBSCOT County, Maine; Corinth, ME is also known as: EAST CORINTH, ME', 'Jones; Denton County. Police Department Jail. Corinth TX Police Jail is a police jail for housing inmates immediately after their arrest. Inmates are only held here temporarily and are provided with meals and access to bathroom facilities. Use the inmate search feature to find an inmate here.', 'Topsham is a town in Sagadahoc County, Maine, United States. The population was 8,784 at the 2010 census. It is part of the Portlandâ\x80\x93South Portlandâ\x80\x93Biddeford, Maine metropolitan statistical area. The town is home to the annual Topsham Fair.', 'Whether youâ\x80\x99re looking for some family fun, a romantic getaway, exciting events, beautiful wineries, some of the best hunting & fishing in the state, a unique meeting or event location, or a group tour destination, youâ\x80\x99ve come to the right place. Coshocton County is also known for its affordability, which means MORE FUN for you and your family!', 'Job and Family Services Profile. Coshocton County. *Federal Poverty Level as issued by the U.S. Department of Health and Human Services, and published in the Federal Register. County. State. Vital Statistics. 158. State.']","Corinth, Maine is in Penobscot County.",,1.0,0.9777673076480345,0.0
how many kids does jack osbourne have,"[""Jack Osbourne wants to teach you about multiple sclerosis. Jack Osbourne found out he had multiple sclerosis just three weeks after having his daughter. You Don't Know Jack About MS. The youngest child of Ozzy Osbourne is all grown up, and he's a man on a mission. Producer/director Jack Osbourne learned in 2012 that he had multiple sclerosis, and soon after, the TV personality decided to turn his diagnosis into an informational campaign for other MS patients and their families. Its name? You Don't Know Jack About MS. The former Osbournes star admits that he certainly didn't know jack about the disease when he was first diagnosed, and now he wants to make it easier for patients to learn about MS through a fun, personal video series and website. Osbourne talked to CBS News about his campaign."", ""Jack Nicholson talks about fatherhood and 'divided parenthood'. Academy award winner Jack Nicholson, 70, spoke at length for a feature story in the March/April issue of AARP Magazine. Jack spent some time talking about the two youngest of his five children, Lorraine, 17, and Raymond Nicholson, 16. He discusses everything from Rayâ\x80\x99s driven personality to taking the children to the ballet."", 'The singerâ\x80\x99s former doctor, Arnold Klein, has claimed to be the biological father of Jackoâ\x80\x99s two oldest children. â\x80\x9cThere was a whole lot that Michael Jackson or his family wasnâ\x80\x99t and isnâ\x80\x99t being forthcoming about,â\x80\x9d an AEG source said. â\x80\x9cThe drug use by Jackson, his use of alcohol, his relationship with his own family, and the identities of the childrenâ\x80\x99s parents.â\x80\x9d.', 'The Osbournes were paid $5,000 each per episode for the first season and anywhere from $1 million to $5 million (depending who you believe) for the second season. Thatâ\x80\x99s some raise! Jon and Kate earned $75,000 per episode. I really hope theyâ\x80\x99re putting most of that aside for their childrenâ\x80\x99s therapy bills.', 'The Duggar family has 19 children. Josh and Anna have been married since 2008 and have four children and one on the way due later this year. Derick and Jill have been married since 2014 and have one child with one on the way due July 2017. Ben and Jessa have been married since 2014 and have two children.']",I cannot answer from the given context.,,1.0,0.0,0.0
how many lieutenant colonels in us army,"['How many Colonels and Lieutenant Colonels are there in the US Army? There are thousands of US Army Colonels and Lt. Colonels. Between the two, on active duty alone, there are probably close to 10,000. There could be up to 50 at one base dependâ\x80¦ing on the size of the base. There are nearly 50 Major Generals in the Army (3-star), which are close to .5% of officers, or .0007% of the Army. Full Colonels make up about 5% of the active duty Army officers (1% of total Army soldiers). Lt. Colonels make up about 13% of the active duty Army officers (3% of total Army soldiers). In addition, as a full Colonel, you are forced to retire at 30 years of commissioned service. My father, started as a Private, went to OCS, became commissioned as a 2LT and made it to Colonel within the normal 22 years of being commissioned.', 'Be patient and aware of the promotional flow of the army system. Typically it takes 18 months to reach lieutenant, four years for captain, 10 years for major status, 16 for lieutenant colonel and approximately 20 to 22 years for colonel.', 'A Lieutenant Colonel may also serve as an Executive Officer or Staff Officer in a variety of high-level units or command posts. It will generally take an officer 16 to 22 years to rise to the rank of Lieutenant Colonel. As a result, many career officers who are eligible to retire after 20 years of active service retire with the rank of Lieutenant Colonel.', 'The U.S. Army has 315 General Officers. Generals (O-7 to O-10) comprise 0.06% of the Army. There is 1 General for every 1600 Soldiers. The number of Generals is limited by US Code. See 10 U.S. Code Â§ 526 - Authorized strength: general and flag officers on active duty. The Army is authorized a total of 231 Generals.', 'As of September 18, 1862, when lieutenant generals were authorized, the Confederate Army had four grades of general officers; they were (in order of increasing rank) brigadier general, major general, lieutenant general, and general.']","There are probably close to 10,000 Lieutenant Colonels in the US Army on active duty alone.",,0.0,0.0,0.0
how many medical schools in south korea,"['Currently, there are 41 medical schools in South Korea. Medical programs in South Korea used to be direct-entry programs such as in the UK, taking six years to complete. However, most universities were going through a transition from direct-entry to a 4+4 year system, such as those found in the United States and Canada.', 'Physician Assistant Schools There are 146 accredited physician assistant schools in the country. As a professor or instructor of physician assistant classes at one of these schools, you play a fundamental role in shaping the future of this growing field.', ""There are a total of 53 institutions of higher education in the defined region, including 7 junior colleges, 14 colleges that primarily grant baccalaureate and master's degrees, 8 research universities, and 24 special-focus institutions."", 'According to Pearson, the United States has a â\x80\x9ccognitive skills and educational attainmentâ\x80\x9d score of 0.39, which makes the United States rank fourteenth out of forty countries ranked in that category. The top ten countries (and their scores) are: 1 South Korea (1.30). 2 Japan (1.03).', 'The number of doctor consultations per person per year ranges from 13 in Japan and Korea, and over 11 in the Czech Republic, Hungary and the Slovak Republic, to less than 3 in Chile, Mexico and Sweden (Figure 4.1.1).The OECD average is 6.5 consultations per person per year.he number of doctor consultations per person per year ranges from 13 in Japan and Korea, and over 11 in the Czech Republic, Hungary and the Slovak Republic, to less than 3 in Chile, Mexico and Sweden (Figure 4.1.1).']",There are 41 medical schools in South Korea.,,1.0,0.9277252620973137,0.0
what are examples of isokinetic movement,"['pertaining to an exercise providing variable resistance to a movement at a constant speed, usu. with the assistance of specialized equipment. Examples. In isokinetic exercise, the maximum force of which the muscle is capable throughout the range of motion may be applied. Word Origin and History for isokinetic.', 'Some examples of these types of involuntary movements include: 1 Grimacing. 2 Tongue movements. 3 Lip smacking. Lip 1 puckering. Pursing of the lips. Excessive eye blinking.', 'An example of a simple joint is the hip or the ankle (talotibial), of a compound joint is the wrist, and of a complex joint is the knee. Close-Packed vs Loose-Packed Positions. As movement occurs through a range of motion, the actual contact area varies between the articulating surfaces.he Hinge Joint. The hinge (ginglymus) joint allows movement in one plane (flexion, extension) and is termed uniaxial. Examples of the hunge joint in the body are the interphalangeal joints of the phalanges in the foot and hand, and the ulnohumeral articulation at the elbow.', 'Rotational motion may occur at other joints, for example the shoulder, and are described as internal or external. Other terms, such as elevation and depression, refer to movement above or below the horizontal plane.Many anatomical terms derive from Latin terms with the same meaning.he direction of terms are opposite to those in the foot because of embryological rotation of the limbs in opposite directions. Palmarflexion refers to decreasing the angle between the palm and the anterior forearm. Dorsiflexion refers to extension at the wrist joint.', 'As the bicep contracts, the lower arm (radius and ulna) moves up towards the shoulder. The triceps relax to allow this movement to happen. The bicep is the prime mover or agonist, while the tricep is the secondary mover or antagonist. Muscles are attached to bones at either side of the joints by tendons.hen the muscle contracts, the other end of the muscle then moves towards the origin. The end that moves is known as the insertion. A good example of this is the upper arm where the triceps and biceps areon opposite sides of the humerus.']",I cannot answer from the given context.,,0.0,0.0,0.0
what is hominid,"['Nouns denoting animals. Hypernyms (hominid is a kind of...): primate (any placental mammal of the order Primates; has good eyesight and flexible hands and feet) Hyponyms (each of the following is a kind of hominid): homo; human; human being; man (any living or extinct member of the family Hominidae characterized by superior intelligence, articulate speech, and erect carriage)', 'Homo erectus sensu lato (s.l.) is a key species in the hominin fossil record for the study of human evolution, being one of the first species discovered and perhaps the most documented, but also because of its long temporal range and having dispersed out of Africa earlier than any other human species.', 'Map of human migration, based on studies of mitochondrial (matrilinear) DNA. Though fossils of hominids have been found dating back millions of years, the earliest known Homo sapiens remains are considered to be a group of bones found at the Omo Kibish Formation, near the Ethiopian Kibish Mountains.', 'Biologists refer to such nodes as the last common ancestor of a group of organisms, and all tips that connect to a particular node form a clade. In the diagram of the Hominidae at right, the clade designated by node 2 includes gorillas, humans and chimps. Within that clade the animal with which humans share the most recent common ancestor is the chimpanzee.', 'Basic Facts About Gorillas. Closely linked by DNA, gorillas (family Hominidae) are one of the four species of great apes that are the closest living relatives of humans â\x80\x93 the other three are chimpanzees, bonobos and orangutans.']","A hominid is any living or extinct member of the family Hominidae characterized by superior intelligence, articulate speech, and erect carriage.",,0.0,0.9249411018763057,0.0
what is an open access university,"[""The Open University is a public distance learning and research university, and one of the biggest universities in the UK for undergraduate education. The majority of the OU's undergraduate students are based throughout the United Kingdom and principally study off-campus; many of its courses can also be studied anywhere in the world. There are also a number of full-time postgraduate research students based on the 48-hectare university campus where they use the OU facilities for research, as well"", 'Message from the President. With 50 years of experience, Bellevue University has never had a clearer vision of what it wants to be, where it wants to go, and how it wants to get there. The goal is simple â\x80\x93 to become the premier open access university in the United States.', 'What is edX? An organization established by MIT and Harvard University that will develop an open-source technology platform to deliver online courses. EdX will support Harvard and MIT faculty in conducting research on teaching and learning on campus through tools that enrich classroom and laboratory experiences.', '1 Open Access - free for readers, with publishing fees paid by authors or their institutions. 2 High visibility: Indexed in the Emerging Sources Citation Index (ESCI - Web of Science). Citations available in PubMed, full-text archived in PubMed Central. Rapid publication: accepted papers are immediately published online.', 'Generally, open source refers to a computer program in which the source code is available to the general public for use or modification from its original design. Open-source code is meant to be a collaborative effort, where programmers improve upon the source code and share the changes within the community.']",I cannot answer from the given context.,,1.0,-0.0,0.0
what are forests sinks for?,"[""The world's forests and oceans are natural regulators of carbon dioxide content in the atmosphere -- which is a greenhouse gas. While forests are regarded as sinks, meaning they absord carbon dioxide, it is hard to rely on forests to soak up increasing pollution, while forests are increasingly being cut down!"", 'Tropical forest fibers are found in rugs, mattresses, ropes, strings, and fabrics. Cleaning, cosmetics, and more Tropical forest oils, gums, and resins are used in insecticides, rubber products, fuel, paint, varnish, and wood finishing products. And tropical oils are key ingredients in cosmetics, soaps, shampoos, perfumes, disinfectants and detergents.', 'Each layer has a different set of plants and animals depending upon the availability of sunlight, moisture and food. 1 Forest floor contains decomposing leaves, animal droppings, and dead trees. Decay on the forest floor forms new soil and provides nutrients to the plants.', 'When they are degraded, it can set off a devastating chain of events both locally and around the world. Loss of species: Seventy percent of the worldâ\x80\x99s plants and animals live in forests and are losing their habitats to deforestation, according to National Geographic. Loss of habitat can lead to species extinction.', 'Within a single deciduous forest, there are many micro-habitats, and each has specific bird species that prefer it to other parts of the forest. For example, the dead trees in the forest provide food and shelter for woodpeckers.']",Forests are sinks for carbon dioxide.,,1.0,0.5781825657370101,0.9999999999
chemistry amu definition,"['Atomic Mass Unit or AMU Definition. An atomic mass unit or amu is one twelfth of the mass of an unbound atom of carbon-12. It is a unit of mass used to express atomic masses and molecular masses.', ""The atomic mass of the element neon is 20.18 amu, or atomic mass units. This number, which appears on the periodic table underneath the chemical symbol for neon, Ne, represents the weighted average of the isotopic masses of neon's isotopes based on their abundance in nature."", 'An arithmetic logic unit (ALU) represents the fundamental building block of the central processing unit of a computer. An ALU is a digital circuit... for Teachers for Schools for Companies', 'AMR (Ambulatory Medical Record): A computer system for storing, managing, and. retrieving electronic patient health information in the outpatient setting. In the inpatient. setting, it is often referred to as an electronic medical record (EMR).', 'The Power Management Unit (PMU) is a microcontroller that governs power functions of digital platforms.']",An atomic mass unit or amu is one twelfth of the mass of an unbound atom of carbon-12. It is a unit of mass used to express atomic masses and molecular masses.,,1.0,0.41222310905776655,0.0
how many ounces in dunkin donuts iced coffee medium,"[""Dunkin Donut's Iced Coffees are as follows: 16 ounces in a small iced coffee 20 oz in a medium iced coffee 24 ounces in a large iced coffee."", ""This Bag Makes Up To 40 Cups (6 Fl Oz) Of That Great Dunkin' Donuts Taste. 1. Start With A Clean Coffeemaker And Use Fresh, Cold Water For The Best Flavor. 2. Measure One Heaping Tablespoon* Of Ground Coffee Per 6 Oz. Of Water (Adjust To Taste). 3. Then, Coffee In Hand, Officially Begin Your Day."", ""Freshly Brewed Unsweetened Iced Tea (Dunkin' Donuts) Per 1 serving - Calories: 0kcal | Fat: 0.00g | Carbs: 1.00g | Protein: 0.00g Nutrition Facts - Similar Freshly Brewed Plain Iced Tea (Large) (Dunkin' Donuts) Per 1 serving - Calories: 10kcal | Fat: 0.00g | Carbs: 2.00g | Protein: 0.00g Nutrition Facts - Similar Raspberry Flavored Sweetened Iced Tea (Dunkin' Donuts)"", ""(That's about 650 milligrams for a 12-ounce cup). A cup of Starbucks coffee is packed with more than twice as much caffeine as a cup of McDonald's, according to a breakdown of caffeine content from major brands.n New York, for example, the cost of a 12-ounce brewed coffee is $1.85 at Starbucks, $1.29 at Dunkin' Donuts and $1 at McDonald's. Death Wish goes for about $19 for a pound of beans, which is twice as much as most regular coffee."", 'A simple idea of how much caffeine is contained in a 7 oz. cup of coffee based on brewing methods is that the highest caffeine content is found in drip coffee, which is 115-175 milligrams, depending on the bean. The lower end is instant decaffeinated coffee with only 2-3 milligrams per 7 oz.']",20 oz in a medium iced coffee.,,1.0,0.6813178076840251,0.0
what is connective tissue extracellular matrix composed of,"['Most connective tissues are vascularized (except cartilage). The extracellular spaces (space outside of cells) in connective tissue are referred to as the extracellular matrix. Connective tissue, therefore, is made up of cells and extracellular matrix. The extracellular matrix is composed of glycosaminoglycans and proteoglycans. It is variations in the composition of the extracellular matrix that determine properties of the connective tissue. Connective tissue is made up of: Fibrous components (collagen and elastin)', 'A type of loose connective tissue, areolar tissue forms delicate, thin membranes throughout the body. The cells of this tissue, mainly fibroblasts, are located some distance apart and are separate by a gel-like extracellular matrix containing many collagenous and elastic fibers that fibroblasts secrete.', ""In patients with connective tissue disease, it is common for collagen and elastin to become injured by inflammation. Many connective tissue diseases feature abnormal immune system activity with inflammation in tissues as a result of an immune system that is directed against one's own body tissues (autoimmunity).Diseases in which inflammation or weakness of collagen tends to occur are also referred to as collagen diseases.March 2013). A connective tissue disease is any disease that has the connective tissues of the body as a target of pathology. Connective tissue is any type of biological tissue with an extensive extracellular matrix that supports, binds together, and protects organs."", 'Dense irregular tissues have fibroblasts and matrix fibers (mostly collagen) that are oriented differently, i.e., not oriented in a parallel fashion. This tissue is present in the skin.It consists primarily of collagenous fibers, but fibroblasts and ground substance are also present.ense irregular connective tissue has fibers that are not arranged in parallel bundles as in dense regular connective tissue. This tissue comprises a large portion of the dermis.', 'Specialized connective tissue includes: 1 Dense regular connective tissue (found in tendons and ligaments) 2 Cartilage (a type of supporting connective tissue that consists of chondrocyte cells, collagen fibers, and elastic fibers; semi-solid or flexible matrix; includes hyaline cartilage, fibrocartilage, and elastic cartilage)']",The extracellular matrix is composed of glycosaminoglycans and proteoglycans.,,1.0,0.7443704481092982,0.0
population of glendale az,"['Glendale Arizona Population Charts According to the most recent demographics data available from the Census Bureau released in December of 2017, Figure 1 Glendale shows it has 239,943 population which is the 2nd most of all the places in the area.', 'Mesa is a city in Maricopa County, in the U.S. state of Arizona. It is a suburb located about 20 miles east of Phoenix. Mesa is the central city of the East Valley section of the Phoenix Metropolitan Area. It is bordered by Tempe on the west, the Salt River Pima-Maricopa Indian Community on the north, Chandler and Gilbert on the south along with Queen Creek, and Apache Junction on the east. Mesa is the third-largest city in Arizona, after Phoenix and Tucson, and the 38th-largest city in the US. The city is home to 439,041 people as of 2010 according to the Census Bureau. Mesa is home to numerous higher education facilities including the Polytechnic campus of Arizona State University', ""Throughout the 20th century, it was one of the fastest-growing regions in the United States, although growth has slowed since 2000. As of the 2010 U.S. Census, the Los Angeles Metropolitan Statistical Area had a population of nearly 13 million residents. Meanwhile, the larger metropolitan region's population at the 2010 census was estimated to be over 17.8 million residents, and a 2015 estimate reported a population of about 18.7 million."", 'Huntington has a total of 51,475 people and of those residents there are 24,199 males and 27,276 females. The median age of the male population is 33.8 and the female population is 39.6. There are approximately 1,191 births each year and around 1,162 deaths.', 'Home > Doctors > Arizona (AZ) > Family Practice Physicians > Glendale > Dr. Julie Best']","The population of Glendale, Arizona is 239,943.",,1.0,0.854584948353693,0.0
siamese cats types of breeds,"['The Siamese is a medium-sized, light-colored cat with stunning sapphire eyes. It is one of the most ancient breeds. There are two types of Siamese: traditional and show. The Show Siamese is very angular, elegant and slender breed. The Traditional Siamese is more round and chunky. Personality: Siamese cats are very active, talkative and curious cats.', 'Balinese cat. The Balinese is a long-haired breed of domestic cat with Siamese-style point coloration and sapphire-blue eyes. The Balinese is also known as the purebred long-haired Siamese, since it originated as a natural mutation of that breed, and hence is essentially the same cat with a medium-length silky coat and a distinctively plumed tail.', 'This cat goes by several names including Mountain Lion, Panther, and Puma. They are solitary cats who, unlike other cat species, are active during the day. They are also the most widely distributed cats in the Americas.', 'Betta /Ë\x88bÉ\x9btÉ\x99/ is a large genus of small, often colorful, freshwater ray-finned fishes in the gourami family (Osphronemidae). By far the best known Betta species, however, is B. splendens, commonly known as the Siamese fighting fish.', 'The rate at which kittens grow varies by cat breed. When does a cat reach full size depends on the cat breed. Most domestic shorthair cats are full grown within the first three years. Several cat breeds take longer for the kittens to reach full size.Kittens of the Chartreux cat breed can take approximately three years to reach their adult size of seven to ten pounds.Faster than many cat breeds, the Singapura takes fifteen to twenty-four months to reach full size.everal cat breeds take longer for the kittens to reach full size. Kittens of the Chartreux cat breed can take approximately three years to reach their adult size of seven to ten pounds. Faster than many cat breeds, the Singapura takes fifteen to twenty-four months to reach full size.']",The Siamese cat has two types of breeds: traditional and show.,,1.0,0.9274273766831027,0.0
how many pounds of fat can you lose in a week,"[""A weight loss of 1 to 2 pounds a week is the typical recommendation. Although that may seem like a slow pace for weight loss, it's more likely to help you maintain your weight loss for the long term. Remember that 1 pound (0.45 kilogram) of fat contains 3,500 calories. So to lose 1 pound a week, you need to burn 500 more calories than you eat each day (500 calories x 7 days = 3,500 calories). Also, if you lose a lot of weight very quickly, you may not lose as much fat as you would with a more modest rate of weight loss."", 'Well, itâ\x80\x99s certainly possible to lose more than two pounds per week, but itâ\x80\x99s critically important to understand that thereâ\x80\x99s a world of difference between rapid weight loss and permanent fat loss.', ""And, since there is about 3500 calories in 1 pound of fat, doing this will result in 1 pound of fat being lost per week. And, since the ideal weight loss rate is 1-2 pounds per week, this would put you right within range.Add some exercise in as well, and it will bring you closer to the higher end of that range.hat that means is, for every 3500 extra calories that you consume that your body doesn't burn, you will GAIN 1 pound of fat. At the same time, it also means that for every 3500 extra calories that your body does burn, you will LOSE 1 pound of fat. Here's what this means to you."", 'The healthiest way to lose weight is to do it consistently. Losing 1 pound a week meaning that you will be shaving off 3500 calories every 7days seems like a very achievable goal. Using this method, in 8 weeks, you will lose about 8pounds which is the equivalent of 3.63Kg.', 'For example, a 155-pound person burns 2,000 calories per day and eats 2,000 calories will maintain her weight. But, if she exercises and burns an extra 500 calories per day -- perhaps by jogging at 5 mph for 45 minutes -- but continues to consume 2,000 calories, she can lose a pound per week.']",You can lose 1 to 2 pounds of fat in a week.,,1.0,0.9188705372859717,0.249999999975
what is bmc neuroscience,"['BMC Neuroscience is an open access journal publishing original peer-reviewed research articles in all aspects of the nervous system, including molecular, cellular, developmental and animal model studies, as well as cognitive and behavioral research, and computational modeling.', 'In 2002, BMC (Turkey) , a Turkish commercial vehicle builder, originally set up by the British Motor Corporation to build their designs under licence in the 1950s, began exporting its vehicles to Britain. This allowed the return of the BMC brand to British roads for the first time in over 40 years.n late 1966, BMC changed its name to BMH because it had taken over major UK motor industry supplier Pressed Steel with 27,000 employees in 1965 and, a year later, merged with Jaguar Cars with 7,000 staff.', ""URMC / Speech Pathology / Cognitive Communication Disorders. A cognitive communication disorder is a broad term that's used to describe a wide range of specific communication problems that can result from damage to regions of the brain that control your ability to think (cognition). This damage can impair your ability to transform thoughts into meaningful speech, writing, or gestures."", 'Cognitive neuroscience is a branch of both psychology and neuroscience, overlapping with disciplines such as physiological psychology, cognitive psychology, and neuropsychology.', 'Pathogens, on the other hand, are bacteria, germs, parasites and viruses that cause infections and diseases. However, since the late 19th century, there has been a debate on how harmless some nonpathogen microbes really are. According to BMC Biology, the same microbe may exist in pathogenic and nonpathogenic states. In an individual with a deficient immune system, a nonpathogenic microbe may become an opportunistic pathogen, activating the bad genes in microbes that may then cause serious disease.']","BMC Neuroscience is an open access journal publishing original peer-reviewed research articles in all aspects of the nervous system, including molecular, cellular, developmental and animal model studies, as well as cognitive and behavioral research, and computational modeling.",,1.0,0.9234454256520589,0.0
does staphylococcus aureus have a capsule,"['Effect of capsule production on S. aureus virulence in the murine mastitis model. The ordinate represents the log number of CFU of Reynolds (CP â\x88\x92), Reynolds (CP5), and Reynolds (CP8) recovered from the mammary glands at different times after intramammary inoculation with 10 5 (A), 5 Ã\x97 10 5 (B), or 10 6 (C) CFU/gland.taphylococcus aureus capsular polysaccharides (CP) have been shown to enhance staphylococcal virulence in numerous animal models of infection. Although serotype 5 CP (CP5) and CP8 predominate among S. aureus isolates from humans, most staphylococcal isolates from bovines with mastitis in Argentina are capsule negative.', 'MRSA (methicillin resistant staphylococcus aureus) is a type of staphylococcus bacteria (staph) that is resistant to beta-lactam antibiotics.MRSA is contagious and can cause life-threatening infection. MRSA isnâ\x80\x99t found in the natural environment (soil or water).It lives in the nose and on the skin of humans. MRSA is spread by coming in contact with an infected person or by exposure to a MRSA-contaminated object or surface that an infected person touches.ome strains of staph developed resistance to beta-lactam antibiotics. It is estimated that 2 percent of the population now carry a strain of staph that is resistant to beta-lactam antibiotics. Most of the staph infections that now occur in hospitals are caused by MRSA.', 'Staphylococcal infections are a group of infections caused by the bacterium Staphylococcus. You may have heard them referred to as staph infections. Staph bacteria can cause a wide range of infections, from relatively minor skin infections such as boils, to more serious infections of the blood, lungs and heart. 1 There are many types of Staphylococci, but most infections are caused by a group called Staphylococcus aureus. This group of bacteria includes meticillin-resistant Staphylococcus aureus (MRSA), which is resistant to certain antibiotics that are commonly used for staph infections, such as flucloxacillin.', 'This makes it hard to treat and stop the infection. The bacteria causing these infections are a type of Staphylococcus bacteria. They are often simply called staph. A commonly used name for resistant staph bacteria is methicillin-resistant staphylococcus aureus, or MRSA (often pronounced as mer-suh).MRSA infections happen most often in people who have a weakened immune system and have received healthcare in a hospital or other healthcare facility. commonly used name for resistant staph bacteria is methicillin-resistant staphylococcus aureus, or MRSA (often pronounced as mer-suh). MRSA infections happen most often in people who have a weakened immune system and have received healthcare in a hospital or other healthcare facility.', 'S. aureus can also cause necrotizing fasciitis in immunocompromised individuals, although this is very rare . Necrotizing fasciitis is life-threatening and causes severe morbidity. Certain strains of S. aureus produce the superantigen TSST-1, which is responsible for 75% of toxic shock syndrome (TSS) cases .']","Yes, Staphylococcus aureus can have a capsule, as indicated by the mention of staphylococcal capsular polysaccharides (CP) enhancing virulence in the context provided.",,1.0,0.96961663595653,0.9999999999
is a claim alleging tcpa violation a d&o claim?,"['It is probably worth noting that the question of D&O insurance coverage for TCPA claims is largely restricted to private company policyholders. In a TCPA action, the claimants typically name as defendants only the corporate entity that allegedly violated the statute. Entity coverage under public company D&O insurance policies is limited to claims for violations of the securities laws.', 'The effect of an R&D tax claim is to reduce taxable profits or increase taxable losses. The claim can reduce profits, reduce profits and create a loss, or increase pre-tax losses.', ""If a D or O is sued in a community property state, plaintiff's bar often sues the spouse as well so as to be able to access community property assets. This provision extends coverage to the spouse as well to address this potential exposure."", ""CONTENT DISCLOSURE STATEMENT. The Claims Database contains only those lost time workers' compensation records for which a DWC-1, First Report of Injury or Illness, and/or a DWC-13, Claim Cost Report, was reported to/recorded by the Division. Input a Year of Injury or Range of Years from the previous 10 years to present year."", 'Claims administration is carried out by a claims administrator who works for the insurer, third party administrator (TPA), or the employerâ\x80\x99s claim office. References made in this manual to â\x80\x9cclaims administratorâ\x80\x9d would include all types of workersâ\x80\x99 compensation insurance programs.9 Participating pharmacies will bill workersâ\x80\x99 compensation directly for the cost of injury-related prescriptions eliminating the â\x80\x9cout of pocketâ\x80\x9d expense to employees. B. Mail Order Prescriptions Employees taking long-term medications can receive their prescriptions via mail by making a phone call.']",I cannot answer from the given context.,,0.0,0.0,0.0
what does exempt or non-exempt employee mean,"['What is an exempt employee? Exempt positions are excluded from minimum wage, overtime regulations, and other rights and protections afforded nonexempt workers. Employers must pay a salary rather than an hourly wage for a position for it to be exempt. Typically, only executive, supervisory, professional or outside sales positions are exempt positions.', 'Exempt or Nonexempt. Employees whose jobs are governed by the FLSA are either exempt or nonexempt. Nonexempt employees are entitled to overtime pay. Exempt employees are not. Most employees covered by the FLSA are nonexempt. Some are not. Some jobs are classified as exempt by definition. For example, outside sales employees are exempt (inside sales employeesare nonexempt). For most employees, however, whether they are exempt or nonexempt depends on (a) how much they are paid, (b) how they are paid, and (c) what kind of work they do.', 'An exempt employee has virtually no rights at all under the FLSA overtime rules. About all an exempt employee is entitled to under the FLSA is to receive the full amount of the base salary in any work period during which s/he performs any work (less any permissible deductions).', 'What Does Exempt Mean, Anyway? Fund Forum Five years have passed since the imposition of new requirements for Exempt Reporting Advisers under the Dodd-Frank Act.', 'One of the criteria for exempt workers is that they receive a salary of at least $47,476 per year ($913 per week). If your employee receives less than this amount, you must pay them overtime wages. This may require that you learn how to calculate overtime for salary employees.']","Exempt employees are those whose jobs are excluded from minimum wage, overtime regulations, and other rights and protections afforded to nonexempt workers. They must be paid a salary rather than an hourly wage and typically include executive, supervisory, professional, or outside sales positions. Nonexempt employees, on the other hand, are entitled to overtime pay and are generally covered by the FLSA. Whether an employee is classified as exempt or nonexempt depends on factors such as how much they are paid, how they are paid, and the type of work they do.",,1.0,0.8275859089405926,0.0
what is a np grade,"['A grade of NP will be assigned for coursework equivalent to a C- or below, and no unit or degree credit will be awarded. Some universities will not accept courses taken on the P/NP grading option, so please check with your home university before making your selection.', 'Nurse Practitioner (NP) A Nurse Practitioner (NP) is a registered nurse with advanced academic (having a masters degree) and clinical experience, which enables him or her to diagnose and manage most common illness, including chronic ones, either independently or as part of a health care team.', 'At minimum, a nurse practitioner must earn a Masterâ\x80\x99s of Science degree in nursing before beginning work in the NP role. This degree and a nurse practitioner credential, are only available to those students who have already completed the requirements to work as a registered nurse (RN).', 'Covered health care providers and all health plans and health care clearinghouses must use the NPIs in the administrative and financial transactions adopted under HIPAA. The NPI is a 10-position, intelligence-free numeric identifier (10-digit number).This means that the numbers do not carry other information about healthcare providers, such as the state in which they live or their medical specialty.s outlined in the Federal Regulation, The Health Insurance Portability and Accountability Act of 1996 (HIPAA), covered providers must also share their NPI with other providers, health plans, clearinghouses, and any entity that may need it for billing purposes.', 'RN (Registered Nurses) vs NP (Nurse Practitioners). It is true that both RN and NP are two nursing roles that show some differences between them. RN stands for Registered Nurses whereas NP stands for Nurse Practitioners.hey have to necessarily work in the health care organizations and they are not entitled to prescribe medications. In Brief: - RN stands for Registered Nurses whereas NP stands for Nurse Practitioners. - RNs are health care professionals with 2 to 4 year degree in Bachelor of Science in nursing or nursing science.']","A grade of NP will be assigned for coursework equivalent to a C- or below, and no unit or degree credit will be awarded.",,1.0,0.4937686455663,0.0
how many years back to the clinton tax returns go,"[""Democratic presidential hopeful Hillary Clinton released eight years worth of tax returns Friday, showing that she and her husband Bill Clinton earned $139 million since 2007. They paid nearly $44 million in federal taxes during that period. The couple's effective federal tax rate ranged from 25 percent in 2007 to 36 percent last year. The Clintons paid another 7 to 12 percent of their income in state income taxes each year, and gave between 8 and 15 percent to charity."", 'How many years can the IRS go back on taxes. The IRS indicates in its IRS Audit FAQs as follows: [begin quoted text] Generally, the IRS can include returns filed within the last three years in an audit. Additional years can be added if a substantial error is identified. Generally, if a substantial error is identified, the IRS will not go back more than the last six years. The IRS tries to audit tax returns as soon as possible after they are filed. Accordingly most audits will be of returns filed within the last two years.', '1 Keep records for 3 years if situations (4), (5), and (6) below do not apply to you. Keep records for 3 years from the date you filed your original return or 2 years from the date you paid the tax, whichever is later, if you file a claim for credit or refund after you file your return.', '1 If you omit more than 25% of your gross income on your tax returns, you should keep the return for six years. In that case, the IRS has six years to assess additional tax. If you claimed loss for worthless securities or bad debt deductions, you should be save the tax return for seven years.', 'Per the IRS (talked to them myself today), tax returns and related documents are destroyed after 7 years. After that point, you can obtain a transcript, or summary of the li â\x80¦ ne items in your return, but not the actual return or any of the attachments (like W2s and the like).suallyit is three years from the date the tax return was due or tax return was filed with the IRS, or two years from the date the tax was paid to the IRS, whichever is later. This is the time period in which the IRS can question your tax return; typically three years after it is filed.']","The Clinton tax returns go back eight years, as they released eight years' worth of tax returns.",,1.0,0.8266917171195187,0.49999999995
what are broker services,"[""Brokerage firm. A brokerage firm, or simply brokerage, is a financial institution that facilitates the buying and selling of financial securities between a buyer and a seller. Brokerage firms serve a clientele of investors who trade public stocks and other securities, usually through the firm's agent stockbrokers. A traditional, or full service, brokerage firm usually undertakes more than simply carrying out a stock or bond trade."", ""DEFINITION of 'Multiple Listing Service (MLS)'. A service provided by a group of real estate brokers. They band together to create a Multiple Listing Service that allows each of them to list each other's houses. Under this arrangement, the listing broker and the selling broker split the commission for each sale."", 'Customs Brokerage Services. Our customs broker will take care of your cargo and help you to correctly and promptly resolve issues related to import, export and transit of goods, clear a complete set of documents necessary for transportation of goods from Europe to Russia and the CIS.ocuments for Customs Clearance. Specific list of documents required for customs clearance depends on many factors. We advise you to consult with an experienced customs broker to figure out what documents are required for your specific cargo. You can do it here: Free Consultation.', 'Multi-Lender/Threshold Brokers. These brokers provide private money loan services and are required to submit reports to the Bureau pursuant to Business and Professions Code Sections 10232 and 10232.2 for threshold brokers and/or 10238 (j) and 10238 (k) (3) for multi-lender brokers.', 'Listing Agreements. Listing agreements are employment contracts between the sellers of real estate and real estate brokers for the professional services of the broker. The listing agreement creates an agency and fiduciary relationship between the seller and the broker, with the seller being the principal and the broker as his agent. The broker usually has salespeople working for her to provide the services, consisting mainly of finding buyers for the property.']","Broker services refer to the various professional services provided by brokers, which can include facilitating the buying and selling of financial securities (as in brokerage firms), assisting in real estate transactions (as in real estate brokers through listing agreements), and providing customs brokerage services for the import and export of goods. Each type of broker serves a specific clientele and offers specialized services related to their field.",,1.0,0.8955662288690848,0.9999999999
limit number of executives on same flight,"['Opinions differ over what constitutes a safe number of executives on the same flight. 40 percent of companies limit the number to three or four. 33 percent allow more than 10 employees to travel together. 13 percent limit the number to five or six. 8 percent limit the number to one or two, and an equal percentage say seven or eight is acceptable.', 'Travelers; ... on one of your flights as an Unaccompanied Minor. ... FAQs. ... Customers With Disabilities; Unaccompanied Minors; Customers of Size; ... of. your flights as an Unaccompanied Minor. ... Children ages five through 11 ... Policies & Fees. ... If a minor is traveling with an adult, they must be listed on the same flight. itinerary. Learn more about our Unaccompanied Minors policy. Children, ... Meeting Your Child At The Airport: ...', 'Confidence votes 53. 28,537 is the number of commercial flights per day, according to the National Air Traffic Controllers Association. Shivam Gosai.', 'The first step airlines make is to rebook you on the next flight with available seats, in the same class of service as your original flight, at no additional charge. Some (but not all) airlines will rebook passengers in a higher class of service if the original class is full.', 'Executive onboarding. 1 Position yourself for success. 2 Choose how to engage the context and culture. 3 Embrace and leverage the Fuzzy Front End before day one. 4 Take control of day one: Make a powerful first impression. 5 Drive action by activating and directing ongoing communication. 6 Embed a strong burning imperative.']",40 percent of companies limit the number to three or four executives on the same flight.,,1.0,0.8207343649753863,0.0
the role of the nurse in diabetic foot care,"['The nursesâ\x80\x99 role could be in health care, health, community education, health systems management, patient care and improving the quality of life. Diabetes Nurses play their educating role in the field of prevention of diabetic foot, foot care and preventing from. foot injury. In care dimension, nurses responsible for early detection of any changes in skin and foot sensation, foot. care, dressing and apply novel technology.', 'Level II. 1 Develop as a novice professional nurse in the clinician role as care giver by accepting responsibility for individuals and families as clients. 2 Participate as a critical thinker, teacher, collaborator and user of nursing theory in the clinician role as care giver.', 'Nurses are needed both at the point of. care and in advanced practice roles to deliver care that is growing intensely more. complicated. Essential within this nurse staffing mix is the Clinical Nurse Specialist whose. role is fundamental to provide quality, safe and cost-effective specialty care across settings.', 'CAFCN expects that certification for nursing foot care will take some time and until that process is complete CAFCN does not endorse a particular nursing foot care course as one that will lead to or guarantee certification.CAFCN has no influence over curriculum or learning outcomes of individual foot care courses.owever, developing the certification process for Canadian foot care nurses is a goal for CAFCN. We will continue to work on this process. (back to top). I practice now as a foot care nurse.', 'EndocrineWeb spoke with Dr. Nere Onosode about diabetes-related foot and ankle problems. Dr. Onosode is a Doctor of Podiatric Medicine and board-qualified by the American Board of Foot and Ankle Surgery. Here, he answers the many questions of interest to people with diabetes.']","The role of the nurse in diabetic foot care includes educating patients on the prevention of diabetic foot issues, performing foot care, and preventing foot injuries. Nurses are responsible for the early detection of any changes in skin and foot sensation, as well as providing care such as dressing and applying novel technology.",,1.0,0.9012909448701061,0.0
is cerebral palsy a birth injury,"['A cerebral palsy birth injury is caused by the general nature of the birthing process. In most births, the head is the first part to enter the birth canal and experiences much of the pressure during the delivery. Swelling and bruising are usually not serious and resolve within a few days.', 'Cerebral Palsy. Cerebral palsyâ\x80\x94also known as CPâ\x80\x94is a condition caused by injury to the parts of the brain that control our ability to use our muscles and bodies. Cerebral means having to do with the brain. Palsy means weakness or problems with using the muscles. Often the injury happens before birth, sometimes during delivery, or soon after being born.', 'Although cerebral palsy develops due to a brain malformation or injury before, during, or shortly after birth, there is still a lot of mystery as to how, exactly, an infant develops it.', 'Information For... Causes and Risk Factors of Cerebral Palsy. Cerebral palsy (CP) is caused by abnormal development of the brain or damage to the developing brain that affects a childâ\x80\x99s ability to control his or her muscles. There are several possible causes of the abnormal development or damage. People used to think that CP was mainly caused by lack of oxygen during the birth process. Now, scientists think that this causes only a small number of CP cases. The brain damage that leads to CP can happen before birth, during birth, within a month after birth, or during the first years of a childâ\x80\x99s life, while the brain is still developing.', 'The signs of cerebral palsy are disturbances of movement and/or posture. These symptoms are usually noticed in individuals between the ages of 3 months to about 2 years old.']","Cerebral palsy can be caused by injury during the birthing process, but it can also occur before birth or shortly after being born. Therefore, while it can be associated with birth injuries, it is not exclusively a birth injury.",,1.0,0.0,0.49999999995
what is a ear infection,"['An ear infection occurs when a bacterial or viral infection affects the middle ear â\x80\x94 the sections of your ear just behind the eardrum. Ear infections can be painful because of inflammation and fluid build-up in the middle ear. Ear infections can be chronic or acute. Acute ear infections are painful but short in duration. Chronic ear infections either do not clear up, or they recur many times. Chronic ear infections can cause permanent damage to the middle and inner ear.', 'Ear infection is very common in children, although it can occur in people of any age. The main symptoms are earache and feeling unwell. Painkillers are the main treatment. Antibiotics are not usually helpful but are prescribed in some cases. The infection usually clears within a few days.', 'A few of the common symptoms of ear infections include: 1 mild pain or discomfort inside the ear. 2 a feeling of pressure inside the ear that persists. 3 fussiness in young infants. pus-like ear 1 drainage. hearing loss.', 'Acute otitis media is typically associated with fluid accumulation in the middle ear together with signs or symptoms of ear infection; a bulging eardrum usually accompanied by pain, or a perforated eardrum, often with drainage of purulent material (pus, also termed suppurative otitis media). Fever can be present. Middle ear pus causes pain and temporary hearing loss. 2 Rupture of the eardrum allows the pus to drain into the ear canal. 3 Otitis media (ear infection or inflammation) is treated with observation, antibiotics, or ear tubes.', ""Labyrinthitis-an infection or inflammation of the inner ear causing dizziness and loss of balance. Meniere'mÃ©niÃ¨re s-disease an inner ear fluid balance disorder that causes episodes of, vertigo fluctuating hearing, loss (tinnitus a ringing or roaring in the), ears and the sensation of fullness in the. earotion of the fluid tells us if we are moving. The semicircular canals and the visual and skeletal systems have specific functions that determine an individual's orientation. The vestibule is the region of the inner ear where the semicircular canals converge, close to the cochlea (the hearing organ).""]","An ear infection occurs when a bacterial or viral infection affects the middle ear, which is the section of the ear just behind the eardrum. It can be painful due to inflammation and fluid build-up in the middle ear. Ear infections can be chronic or acute, with acute infections being painful but short in duration, while chronic infections may not clear up or can recur many times, potentially causing permanent damage to the middle and inner ear.",,1.0,0.8158264048711127,0.0
how thick is a 2x8 board,"['The Nominal size of a board is the way you talk about the size. When talking about a 1x6 board, 1 and 6 is the Nominal size. The actual size is 3/4 x 5-1/2.The nominal size of a 2x8 is 2 x 8, but the actual size is 1-1/2 x 7-1/2.To determine accurate coverage, the actual size of the board is used.The actual size is the actual coverage of the board.hen talking about a 1x6 board, 1 and 6 is the Nominal size. The actual size is 3/4 x 5-1/2.The nominal size of a 2x8 is 2 x 8, but the actual size is 1-1/2 x 7-1/2. To determine accurate coverage, the actual size of the board is used. The actual size is the actual coverage of the board.', '40 Chipboard 20pt (point) Thickness Sheets 12 X 18 (12X18 Inches) Large|Poster Size Light Weight .020 Caliper... by ThunderBolt Paper. $28.95(2 new offers) 5 out of 5 stars 2. Product Features. ... 100% Recycled paper board made with clean fibers, as good stewards of ...', 'The back of the soffit board rests on the top of the wall and is pinched down with timber â\x80\x9clegsâ\x80\x9d to prevent the wind from lifting the board up. The soffit boards used in this installation are 10mm thick and 5 metres in length, an expansion gap of 10mm is allowed for at each 5 metre joint.tep 5) Guttering. Guttering â\x80\x93 more gutter pics can be found in the photo gallery. The Upvc guttering is then inserted into place and all joints are screwed to the fascia with a 30mm screw to prevent any movement. Gutter adapters can be used on the joint with the neighbours guttering (if the profile is different).', '(CHPX) is required on the deck for the 1-1/2 and 2 hr Unrestrained Assembly Ratings. The thickness speciï¬\x81ed for the deck shall be. increased by 1/16 in. for 1-1/2 hr Unrestrained Assembly Rating and 1/4 in. for 2 hr Unrestrained Assembly Rating.', 'Wood Decks. Wood Plank - If you have a wood plank roof deck, it is not recommended that the wood planks exceed eight inches (8) in width due to their propensity for warping. Plywood - If you have a plywood roof deck, make sure that you have at least 15/32 (or ) plywood thickness if the rafters are set at sixteen inches (16) on center. If your rafters are twenty-four inches (24) on center, it is recommended that your plywood is at least 5/8 inches thick.']",I cannot answer from the given context.,,0.0,-0.0,0.0
average persons tapscan,"['Arbitron Inc. (NYSE: ARB) today announced that the Media Rating CouncilÂ® (MRC) has granted accreditation to TAPSCAN Web, the most widely used Web-based sales proposal and analysis software system for radio. TAPSCAN Web is used by over 19,000 radio sales professionals and facilitates half a million proposals to radio buyers per year. Arbitron has long been committed to improving the quality of our audience measurement and sales solutions for our clients.', 'The average person does it 110 times a DAY (and up to every 6 seconds in the evening). 1 People look at their phones the most between peak hours of 5pm and 8pm. 2 During these hours, 75% of users are actively using their devices.3 This drops to a quarter of active users between 3am and 5am.ccording to figures collected by a screen lock app, the average user actually checks their phone around 110 times day. During peak times this equates to once every six or seven seconds, with some users unlocking their devices up to 900 times over the course of a day, which in reality is around 18 hours.', 'The average size of a family household varies greatly from state to state. The largest average families can be found in the southwest of the U.S., in Utah and California, both with an average size of 3.5 family members.The smallest families can be found in Maine and Vermont, on the northeastern coast of the U.S., with an average size of 2.8 family members.s of 2014, the U.S. Bureau of the Census counted about 81 million families in the United States. The average family consists of 3.13 persons in 2014, down from 3.7 in the sixties.', ""Heart rate, also known as pulse, is the number of times a person's heart beats per minute. Normal heart rate varies from person to person, but a normal range for adults is 60 to 100 beats per minute, according to the Mayo Clinic. However, a normal heart rate depends on the individual, age, body size, heart conditions, whether the person is sitting or moving, medication use and even air temperature."", ""The average height of American men was found to be 5ft 8in (176.4cm) with an average waist of 39.1 inches (84.1cm). Japanese men were the shortest and thinnest according to Lamm's Body Measurement Project with an average height of 5ft 6in (171.4cm) and 32.6 inches (81cm).""]",I cannot answer from the given context.,,0.0,0.0,0.0
justice definition,"['Justice is a broad notion that is based on a concept of moral rightness that incorporates varying perspectives on fairness, ethics, rationality, religion and law, according to Wikipedia. In most... Justice is a broad notion that is based on a concept of moral rightness that incorporates varying perspectives on fairness, ethics, rationality, religion and law, according to Wikipedia. In most... Star Gazing', 'nemÂ·eÂ·sis. n. pl. nemÂ·eÂ·ses (-sÄ\x93zâ\x80²). 1. A source of harm or ruin: Uncritical trust is my nemesis. 2. Retributive justice in its execution or outcome: To follow the proposed course of action is to invite nemesis. 3. An opponent that cannot be beaten or overcome. 4. One that inflicts retribution or vengeance. 5.', 'In the preamble to the US Constitution, one aim of the US is to establish justice, which means to set up a fair and equitable system of laws - under which all persons are treated fairly and equally, and are guaranteed that their rights are respected by others.', 'pl. nemÂ·eÂ·ses. noun. 1 A source of harm or ruin: Uncritical trust is my nemesis. 2 Retributive justice in its execution or outcome: To follow the proposed course of action is to invite nemesis.', 'Introduction to Criminal Justice. Instructor: Thaddeus D. Hicks. Intro to Criminal Justice is an exploration of the historical development, current. operation, and future trends of criminal justice. Emphasis will be placed on. contemporary pro blems in t he definition of law, the enforcement of law, strategies of.']","Justice is a broad notion that is based on a concept of moral rightness that incorporates varying perspectives on fairness, ethics, rationality, religion, and law. In the preamble to the US Constitution, one aim of the US is to establish justice, which means to set up a fair and equitable system of laws under which all persons are treated fairly and equally, and are guaranteed that their rights are respected by others.",,1.0,0.7320232288997351,0.9999999999
what does the pythagorean theorem do,"['The Pythagorean Theorem can also be represented in terms of area. In any right triangle, the area of the square drawn from the hypotenuse is equal to the sum of the areas of the squares that are drawn from the two legs. You can see this illustrated below in the same 3-4-5 right triangle.', 'Numerology. 1 Chaldean Numerology. The numerical value of parentation in Chaldean Numerology is: 7. 2 Pythagorean Numerology. The numerical value of parentation in Pythagorean Numerology is: 7.', 'Numerology. 1 Chaldean Numerology. The numerical value of placater in Chaldean Numerology is: 9. 2 Pythagorean Numerology. The numerical value of placater in Pythagorean Numerology is: 4.', 'The numerical value of boulangerie in Chaldean Numerology is: 4. Pythagorean Numerology. The numerical value of boulangerie in Pythagorean Numerology is: 1', 'Bloch theorem. A theorem that specifies the form of the wave functions that characterize electron energy levels in a periodic crystal. Electrons that move in a constant potential, that is, a potential independent of the position r, have wave functions that are plane waves, having the form exp(i k Â· r).he theorem that the lowest state of a quantum-mechanical system without a magnetic field can carry no current. (solid-state physics). The theorem that, in a periodic structure, every electronic wave function can be represented by a Bloch function.']","The Pythagorean Theorem can be represented in terms of area, stating that in any right triangle, the area of the square drawn from the hypotenuse is equal to the sum of the areas of the squares drawn from the two legs.",,1.0,0.7665458863774997,0.0
what is a interstim,"['What is InterStim? InterStim Therapy is a proven neuromodulation therapy that targets the communication problem between the brain and the nerves that control the bladder. If those nerves are not communicating correctly, the bladder will not function properly.', 'Interstitial fluid. Interstitial fluid (ISF) or tissue fluid is a solution that bathes and surrounds the tissue cells of multicellular animals. It is the main component of the extracellular fluid, which also includes plasma and transcellular fluid. The interstitial fluid is found in the interstices - the spaces between cells (also known as the tissue spaces).', 'interregnum - the time between two reigns, governments, etc. INTERREGNUM, polit. law. In an established government, the period which elapses between the death of a sovereign and the election of another is called interregnum. It is also understood for the vacancy created in the executive power, and for any vacancy which occurs when there is no government.', ""Tiáº¿p Hiá»\x87n (æ\x8e¥ ç\x8f¾) is a Sino-Vietnamese term. The term did predate the Order of Interbeing's use in other contexts in Vietnamese, but was and remains uncommon.Tiáº¿p means being in touch with and continuing..Hiá»\x87n means realizing and making it here and now..The translation Interbeing (French: Interetre) interÃªtre is a word coined By Thich Nhat hanh to represent The buddhist principles of, anatta, pratÄ«tyasamutpÄ\x81da and The madhyamaka understanding of. Å\x9bÅ«nyatÄ\x81iá»\x87n means realizing and making it here and now.. The translation Interbeing (French: Interetre) interÃªtre is a word coined By Thich Nhat hanh to represent The buddhist principles of, anatta, pratÄ«tyasamutpÄ\x81da and The madhyamaka understanding of. Å\x9bÅ«nyatÄ\x81"", 'In biology: Intercalary segment, an appendage-less segment in the segmental composition of the heads of insects and Myriapoda. Intercalation (biochemistry), process discovered by Leonard Lerman by which certain drugs and mutagens insert themselves between base pairs of DNA.']","InterStim Therapy is a proven neuromodulation therapy that targets the communication problem between the brain and the nerves that control the bladder. If those nerves are not communicating correctly, the bladder will not function properly.",,1.0,0.6677527531994478,0.0
how do water waves form,"[""Most waves form when winds blowing across the water's surface transmit their energy to the water. crest. the highest part of a wave. wavelength. the horizontal distance between crests. frequency. the number of waves that pass a point in a certain amount of time."", 'Waves are created by energy passing through water, causing it to move in a circular motion. However, water does not actually travel in waves. Waves transmit energy, not water, across the ocean and if not obstructed by anything, they have the potential to travel across an entire ocean basin.', 'To have a wave act as an energy source, or to get energy out of a wave, you have to have the waving or oscillating material exerting a force on something else. Clearly, water waves may exert a buoyant force on a floating object, for instance, and that floating object as it moves up and down may exert a force and thereby do work and so act as an energy source.', 'From Wikipedia, the free encyclopedia. Polarization (also polarisation) is a property of some types of waves. Some waves have motion in another direction as well as the direction of the wave. In water, for instance, the wave will move across the water, but something on the surface of the water will move up and down.', 'A swell, in the context of an ocean, sea or lake, is a series of mechanical waves that propagate along the interface between water and air and so they are often referred to as surface gravity waves.well waves often have a long wavelength but this varies due to the size, strength and duration of the weather system responsible for the swell and the size of the water body e.g. wavelengths are rarely more than 150 m in the Mediterranean. Swell wavelength, also, varies from event to event.']",Most waves form when winds blowing across the water's surface transmit their energy to the water.,,1.0,0.820404813721254,0.0
what county is toledo oh in?,"['Toledo, Ohio. Toledo (/tÉ\x99Ë\x88liË\x90doÊ\x8a/) is a city in and the county seat of Lucas County, Ohio, United States. Toledo is in northwest Ohio, at the western end of Lake Erie bordering the state of Michigan. The city was founded by United States citizens in 1833 on the west bank of the Maumee River, and originally incorporated as part of Monroe County, Michigan Territory.', 'Zip Code 43537 Population. 43537 is located in the state of Ohio in the Toledo metro area. Zip code 43537 is primarily located in Lucas County. The official postal service name used for 43537 is MAUMEE, Ohio.', 'Van Wert County, Ohio (OH) County population in 2014: 28,462 (49% urban, 51% rural); it was 29,659 in 2000. County owner-occupied with a mortgage or a loan houses and condos in 2010: 5,626. County owner-occupied free and clear houses and condos in 2010: 3,360.', 'Ontario, Ohio. Ontario is a city in Richland County in the U.S. state of Ohio. It was founded in 1834 on the western edge of the Allegheny Plateau, just west of the city of Mansfield. After being incorporated in 1958, Ontario became a heavy manufacturing center because of the Erie Railroad line, and its proximity to Mansfield.', 'Closest Airport to Fremont, OH. The closest airport to Fremont is Toledo Express Airport (TOL). Distance from Toledo Express Airport to Fremont, OH is 63,0 kilometers (39,1 miles). Toledo Express Airport is located approximately 15,4 kilometers (9,6 miles) west of Perrysburg and about 16,7 kilometers (10,4 miles) southwest of Sylvania.']","Toledo, Ohio is in Lucas County.",,1.0,0.9186969244974351,0.9999999999
is a physician assistant a bachelors program,"[""Physician Assistant Bachelor's Degree Program Overviews. Physician assistant programs teach students how to diagnose and treat basic medical conditions, interact with patients,and work within the guidelines of the code of ethics for physicians. View 10 Popular Schools Â»."", 'in answer to this question, What do you major in to become a Physician Assistant?, I can tell you that you might get some help from http://asknursingonline.com As you described; I am planning on getting my bachelors degree, then applying to P.A. school to become a Physician Assistant. What is a good major to have before applying to PA school? I was thinking along the lines of Microbiology, Nursing, et cetera et cetera What else can I do, during my undergraduate time, to prepare for entry to PA school?', 'When learning how to become a physician assistant, the exact courses youâ\x80\x99ll be required to take will vary depending on your school. However, there are a few common courses which are almost universally required: 1 Physical Diagnosis. 2 Clinical Medicine. 3 Medical Ethics. 4 Biochemistry. 5 Pathology. 6 Physiology. 7 Human Anatomy. 8 Pharmacology.', 'Physician Assistant Schools There are 146 accredited physician assistant schools in the country. As a professor or instructor of physician assistant classes at one of these schools, you play a fundamental role in shaping the future of this growing field.', 'Physician Assistant Programs in Illinois: A List of PA Schools There are only six accredited physician assistant programs in Illinois five of which are in Chicago and one in Carbondale. All of the six will prepare you to take (and pass) the PANCE Physician Assistant National Certification Exam. But before you can graduate and become a primary care provider, you need to find and get accepted into one of these physician assistant programs in Illinois, which well detail in this article. First, though, lets look at the five physician assistant schools in Chicago, IL. 1. John H. Stroger Jr. Hospital of Cook County | Malcolm X College']",I cannot answer from the given context.,,0.0,-0.0,0.0
how long for weed to get out of your system urine test,"['Approximate times, Cannabis (marijuana) can be detected through testing: Single Use: Blood Test: 2-3 days Saliva Test: 12-24 hours Urine Test: 2-3 days Hair Test: Up to 90 days, depending on how long your hair sample they use has been growing.', '1 Drugs in your blood usually clear out quickly and most are gone within a week. 2 That is for the blood drug test. 3 If you are also facing the urine drug test the drug detection times can be substantially longer and can run up to 6 weeks for say marijuana.4 CLICK HERE to see your blood drug detection times. That is for the blood drug test. 2 If you are also facing the urine drug test the drug detection times can be substantially longer and can run up to 6 weeks for say marijuana. 3 CLICK HERE to see your blood drug detection times. 4 Trust Your Fate To Luck Or Urban Legends.', ""The length of time depends on the individual's metabolism, the half-life of the THC consumed, and how much is consumed. The half-life of THC varies greatly from plant to plant, so that in itself can be anywhere from 1 to 10 days. A best guess for an average would be 3 to 30 days for it to completely leave a person's system and out of a urine screen. Tag: urine."", 'In order to get THC out of your system you will need: 1 Time. 2 Water. 3 Aspirin. 4 Vitamin B. 5 Time be time. 6 The most effective way to get THC out of your system is to not have any THC (smoking, eating, vaporizing) anywhere from three days to 100 days. Time be time. 2 The most effective way to get THC out of your system is to not have any THC (smoking, eating, vaporizing) anywhere from three days to 100 days. 3 Why the discrepancy? 4 Because an obese person who burns all day long will test positive much longer than an occasional user who is an exercise freak.', 'Tetrahydrocannabinol or THC can stay in a persons system from 2 to up to 90 days depending on several variables such as height, weight, physical fitness and substance usage.here are many variables that determine how long THC will remain detectable in your system, including amount used, frequency, metabolism, and the concentration of the plant. Many drug tests, including urine tests, look for 9-carboxy-THC which is the by-product of your body metabolizing the THC in your fat.']","The length of time for THC to completely leave a person's system and be out of a urine screen can be anywhere from 3 to 30 days, depending on various factors such as metabolism and amount consumed.",,1.0,0.0,0.32499999998375
turpentine slang meaning,"['Freebase(0.00 / 0 votes)Rate this definition: Turpentine. Turpentine is a fluid obtained by the distillation of resin obtained from live trees, mainly pines. It is composed of terpenes, mainly the monoterpenes alpha-pinene and beta-pinene with lesser amounts of carene, camphene, dipentene, and terpinolene. It is sometimes colloquially known as turps.', '[klep-tuh-krat] /Ë\x88klÉ\x9bp tÉ\x99Ë\x8ckrÃ¦t/. noun. 1. a government official who is a thief or exploiter.', 'Accent. Slang. Description. Accent is a mark used to show the stress on a syllable or to pronounce with emphasis. Slang is a type of language that consists of terms and phrases, which are regarded to as very casual or unofficial way of speech that is not applicable in each and every place or group of people. Consists of. Pronunciation by a speaker', 'Slang has always been a challenge for the courts in cases that involve vulgar or insulting language. Conventional dictionaries lag the spoken word by design. That has lawyers and judges turning to a more fluid source of definitions: Urban Dictionary, a crowdsourced collection of slang words on the Internet.ometimes a common slang meaning has nothing to do with what a person actually meant. In 2009, the Nevada Supreme Court said that the Department of Motor Vehicles could not deny the personalized license plate â\x80\x9cHOEâ\x80\x9d because Urban Dictionary said it meant prostitute.', 'Meaning: The pervading meaning or tenor. Classified under: Nouns denoting cognitive processes and contents. Synonyms: purport; drift. Context example: caught the general drift of the conversation. Hypernyms (purport is a kind of...): strain; tenor (the general meaning or substance of an utterance) â\x80¢ PURPORT (verb)']",I cannot answer from the given context.,,0.0,0.0,0.0
what does assessment center means,"['Assessment centre. (Redirected from Assessment center) An asessment centre is a process where candidates are assessed to determine their suitability for specific types of employment, especially management or military command.', 'Assessment centre. An asessment centre is a process where candidates are assessed to determine their suitability for specific types of employment, especially management or military command.', 'In education, there is widespread agreement that assessment is an integral part of any effective educational system or program. 1 Educators, parents, elected officials, policy makers, employers, and the public all want to know whether students are learning successfully and progressing academically in school.', 'The purpose of an assessment is to measure something or calculate a value for it. Although the process of producing an assessment may involve an audit by an independent professional, its purpose is to provide a measurement rather than to express an opinion about the fairness of statements or quality of performance.', 'A functional behavioral assessment (FBA), often referred to as a functional assessment (FA), is a. process of gathering information to assist in understanding what reliably predicts and maintains a. personâ\x80\x99s challenging behavior. Functional assessment is not a tool or a form, but rather a method of. asking the right questions of the right people to gain a better understanding of the communicative. nature of the behavior of concern. Completing the functional assessment process and using the.']","An assessment centre is a process where candidates are assessed to determine their suitability for specific types of employment, especially management or military command.",,1.0,0.9121762695462255,0.0
usaa home insurance phone number,"['Call our shortcut number Shortcut Number (Opens Pop-up Layer) to reach. us from a mobile phone. 210-531-USAA (or 210-531-8722) Phone Menu Tips for Auto and Property Insurance Claims(Opens Pop-up Layer) 800-531-USAA (or 800-531-8722) Phone Menu Tips for Auto and Property Insurance Claims(Opens Pop-up Layer)', 'United Home Life Insurance Company(UHL) 225 S. East St Indianapolis, IN 46202 : Phone: 1-800-428-3001 : Website: www.unitedhomelife.com * A.M. Best: A- (Excellent) BBB: A-About: United Home Life Insurance Company was formed in 1948. They specialize in life insurance policies with simplified underwriting. This means there are no medical exam and no bodily fluids required for underwriting your policy.', ""How to Report a Vehicle Insurance Claim: 1 As soon as possible, report your claim to usâ\x80\x94simply log in or call 1-800-274-4499. 2 A claims representative will contact youâ\x80\x94generally by the end of the business dayâ\x80\x94to answer your questions and schedule an inspection of your vehicle. 3 We'll inspect your vehicle's damage and provide an estimate for repairs."", 'Consumers are encouraged to call 1-800-927-HELP for more information or if they believe a forced-placed policy has been wrongly placed on their mortgage. The California Department of Insurance, established in 1868, is the largest consumer protection agency in California.', 'To receive an auto or home insurance quote from USAAA, you should have a copy of your current auto policy or house. If necessary, you can compare home insurance or your existing policy with the USAAA house or auto assurance quote, and our quotes. Your coverage with us can begin today.']",I cannot answer from the given context.,,0.0,-0.0,0.0
weather climate change,"[""Climate change is when the average long-term weather patterns of a region are altered for an extended period of time, typically decades or longer. Examples include shifts in wind patterns, the average temperature or the amount of precipitation.These changes can affect one region, many regions or the whole planet. Climate changes are caused by changes in the total amount of energy that is kept within the Earth's atmosphere.This change in energy is then spread out around the globe mainly by ocean currents as well as wind and weather patterns to affect the climates of different regions.xamples include shifts in wind patterns, the average temperature or the amount of precipitation. These changes can affect one region, many regions or the whole planet. Climate changes are caused by changes in the total amount of energy that is kept within the Earth's atmosphere."", 'Climate change is a long-term shift in the statistics. of the weather (including its averages). For example, it could show up as a change in climate normals. (expected average values for temperature and. precipitation) for a given place and time of year, from one decade to the next. We know that the global climate is currently changing.', ""climate change patterns from 10,000 BP to the present The Earth's climate has changed throughout history. Just in the last 650,000 years there have been seven cycles of glacial advance and retreat, with the abrupt end of the last ice age about 7,000 years ago marking the beginning of the modern climate era â\x80\x94 and of human civilization. Most of these climate changes are attributed to very small variations in Earth's orbit that change the amount of solar energy our planet receives. evidence of global warming from around the world Sea level rise: Global sea level rose about 17 centimeters (6.7 inches) in the last century."", ""Global warming and climate change are terms for the observed century-scale rise in the average temperature of the Earth's climate system and its related effects.Multiple lines of scientific evidence show that the climate system is warming.lthough the increase of near-surface atmospheric temperature is the measure of global warming often reported in the popular press, most of the additional energy stored in the climate system since 1970 has gone into ocean warming. The remainder has melted ice, and warmed the continents and atmosphere."", ""Attribution of recent climate change is the effort to scientifically ascertain mechanisms responsible for recent changes observed in the Earth 's climate, commonly known as 'global warming' .arbon dioxide is the primary greenhouse gas that is contributing to recent climate change. CO 2 is absorbed and emitted naturally as part of the carbon cycle, through animal and plant respiration, volcanic eruptions, and ocean-atmosphere exchange.""]",I cannot answer from the given context.,,0.0,0.0,0.99999999995
what is inductance,"['Inductance is a property of an electric circuit by which a changing magnetic field creates an electromotive force, or voltage, in that circuit or in a nearby circuit. Inductance is also defined as the property of an electric circuit that opposes any change in current. In 1831, Michael Faraday, an English scientist, discovered that a changing magnetic field in a circuit induced a current in a nearby circuit.', 'What youÂ´ll learn in Module 6.1. 1 After studying this section, you should be able to describe: â\x80¢ 2 Inductive Reactance. â\x80¢ 3 The relationship between reactance, frequency and inductance. â\x80¢ 4 Graphical representation of inductive reactance.', 'From wire and cable literature, you can find that a 37-strand, Class B, 350kcmil bare conductor has a nominal O.D. of 0.681 inches. So, the insulation thickness is the quantity 1.34 inches minus 0.681 inches divided by 2, or 0.33 inches (330 mils). Per the reactance tables, the reactance value is 0.0373. Because the conductors are in a magnetic conduit, you must multiply this value by 1.50 (increase of 50%). Therefore, the inductive reactance-to-neutral at 6-Hz in ohms per 100 feet (XL) is equal to 0.0373 times 1.50, or 0.0560.', ""In electromagnetism, permittivity or absolute permittivity is the measure of resistance that is encountered when forming an electric field in a medium. In other words, permittivity is a measure of how an electric field affects, and is affected by, a dielectric medium. The permittivity of a medium describes how much electric field (more correctly, flux) is 'generated' per unit charge in that medium. More electric flux exists in a medium with a low permittivity (per unit charge) because of polarization effects. Permittivity is directly related to electric susceptibility, which is a measure of how easily a dielectric polarizes in response to an electric field."", 'Indium arsenide is a semiconductor material made of arsenic and indium. The semiconductor has a melting point of 942 Â°C and appears in the form of grey crystals with a cubic structure.']","Inductance is a property of an electric circuit by which a changing magnetic field creates an electromotive force, or voltage, in that circuit or in a nearby circuit. It is also defined as the property of an electric circuit that opposes any change in current.",,1.0,0.8494532093915405,0.0
how much does open heart surgery cost,"['Open Heart Surgery: $324,000 Open heart surgery is often an urgent procedure that carries with it a lot of complications and follow-up appointments. Taking the surgery and its recovery period into consideration, the expenses for open heart surgery are very high. 8. Pancreas Transplant: $289,400. A transplant of the pancreas is a very long procedure and patients average a post-surgery stay in the hospital of about 21 days.', '1 For patients not covered by insurance, a pacemaker and heart-assist implant can cost $19,000-$96,000 or more, depending on the type of pacemaker, the location and length of the hospital stay. For example, the Healthcare Bluebook estimates a total price of $19,651 for patients in the Columbus, OH, area, including placement of the pacemaker, surgery, anesthesia and a five-day hospital stay.', '1 An umbilical hernia can also be repaired through laparoscopic or open surgery, which can cost an individual without insurance between $4,000 and $11,000. 2 The average individual with insurance can expect to pay between $700 and $2,000.3 Some patients opt to delay surgical treatment of a hernia. In addition, the survey found that the average coinsurance rate is about 17.9 percent of the bill. 2 This means the average patient would pay between $750 and $1,109 for their hernia surgery. 3 The other common type of hernia is called an umbilical hernia, which occurs in the abdomen.', 'The average cost for a male-to-female surgery is about $17,000. Adding in a cost of about $1000 for therapy, $1500 for hormones, and $500 for doctors visits and lab tests, the cost to transition averages about $20,000 over a two year transition period. (After completion of surgery, ongoing costs drop dramatically to cover only a small maintenence level of hormones.)', 'Pre-Surgery Costs. Before I get to the costs of the surgery itself, let me explain what led up to the surgery itself and the costs involved: 1 Initial doctor visit and prescription of an antibiotic: $170 (after $50 insurance discount). 2 Two rounds of antibiotics including a steroid: $100.pproximate Costs Leading Up to Surgery: $1,597. I should point out that I have a high-deductible plan that has a Health Savings Account (HSA) . My deductible, or the amount I have to pay before the insurance company starts paying for anything is $2,200.']","Open heart surgery costs $324,000.",,1.0,0.8837386909231345,0.0
deepest voice ever,"[""How low can you go? Singer Tim Storms holds the record for the deepest voice of any human being. The man who holds the record for the world's lowest voice can hit notes so low that only animals as massive as elephants are able to hear them. U.S. singer Tim Storms can reach notes as low as G-7 (0.189Hz). That's a remarkable 8 octaves below the lowest G on a piano."", '(Daniel Horowitz). Mel Blanc was known as the man of 1,000 voices, but the actual number may have been closer to 1,500. Bugs Bunny, Porky Pig, Tweety, Barney Rubble -- all Mel. His characters made him one of the most beloved men in America. And in 1961, when a car crash left him in a coma, these characters may have saved him.', 'Krubera Cave is the deepest known cave on Earth. It is located in the Arabika Massif of the Gagra Range of the Western Caucasus, in the Gagra district of Abkhazia, a breakaway region of Georgia. The difference in elevation of the caveâ\x80\x99s entrance and its deepest explored point is 2,197 Â± 20 metres (7,208 Â± 66 ft).', ""The deepest trench in the world, the Mariana Trench located near the Mariana Islands, is 1,580 miles long and averages just 43 miles wide. It is home to the Challenger Deep, which, at 10,911 meters (35,797 feet), is the deepest part of the ocean.ceanic trenches, such as the Puerto Rico trench, are long, narrow topographic depressions of the seabed. The deepest parts of the ocean floor, they define one of the most important natural boundaries on the Earth's solid surface: the one between two lithospheric plates."", 'Ernest Borgnine. Ernest Borgnine (born Ermes Effron Borgnino; /Ë\x88bÉ\x94Ë\x90rÉ¡naÉªn/; January 24, 1917 â\x80\x93 July 8, 2012) was an American film, television, character and voice actor whose career spanned more than six decades. He was noted for his gruff, yet calm voice, Machiavellian eyebrows and gap-toothed Cheshire cat grin.']","The deepest voice ever is held by singer Tim Storms, who can reach notes as low as G-7 (0.189Hz).",,1.0,0.8422497854814665,0.0
what gland secrete epinephrine,"['Epinephrine Synthesis and Release. Epinephrine is synthesized from norepinephrine within the adrenal medulla, which are small glands associated with the kidneys. Preganglionic fibers of the sympathetic nervous system synapse within the adrenals.', 'There are normally two adrenal glands, located one above each kidney. The adrenal glands are really two endocrine glands in one. The inner part produces epinephrine (also called adrenaline). The outer portion of the adrenal is called the cortex.It makes two important steroid hormones, cortisol and aldosterone.Cortisol mobilizes nutrients, modifies the bodyâ\x80\x99s response to inflammation, stimulates the liver to raise the blood sugar, and also helps to control the amount of water in the body.here are normally two adrenal glands, located one above each kidney. The adrenal glands are really two endocrine glands in one. The inner part produces epinephrine (also called adrenaline). The outer portion of the adrenal is called the cortex.', 'Endocrine and exocrine glands secrete various products. These include hormones, enzymes, metabolites, and other molecules. In exocrine glands, products of these cells collect in the duct of the gland and flow toward the surface to which the duct is in contact.Since endocrine glands lack ducts, the product is released across the cell membrane into interstitial spaces around the cells. Diffusion of the product into capillaries follows.n exocrine glands, products of these cells collect in the duct of the gland and flow toward the surface to which the duct is in contact. Since endocrine glands lack ducts, the product is released across the cell membrane into interstitial spaces around the cells. Diffusion of the product into capillaries follows.', 'Melotonin is the only hormone secreted by the pineal gland. (The pineal gland is a tiny endocrine gland situated at the centre of the brain.) Melatonin was discovered in 1958 by Aaron B. Lerner and other researchers working at Yale University. Melatonin is produced in humans, other mammals, birds, reptiles, and amphibians. It is present in very small amounts in the human body.', 'The exocrine gland secretes into the ducts The endocrine gland secretes directly into the bloodstream Examples of exocrine glands include sweat, salivary, mammary,â\x80¦']",The adrenal glands secrete epinephrine.,,1.0,0.695481913656097,0.0
does cream of chicken soup have gluten,"['Campbellâ\x80\x99s Cream of Chicken soup is not gluten-free. In fact, if you live in the US, there are no currently no Campbellâ\x80\x99s soups that are gluten-free.', 'Gluten is a protein present in wheat flour, which is widely used in commercial and homemade baked goods. Gluten is also found in flour made from barley, rye, spelt, and triticale, a cross between wheat and rye.Gluten helps dough to rise and lends shape and a chewy texture to baked goods.he store-bought gluten-free baked goods you eat on a regular basis, such as bread and bagels, are not created equal to regular varieties made with wheat flour. Wheat flour is typically enriched with vitamins and minerals, including iron, folic acid, and other B vitamins, and whole wheat flour supplies fiber.', ""Best Answer: Nope. Corn flour is made from corn and has a much lower gluten content. (please don't listen to those who say it's the same as cornstarch. It's NOT) You can find it in bags at the grocery store in the ethnic foods isle.o it is not the same-cornflour is often another name for corn starch-flour made from corn is usually called Masa. WA. Wedge-The Envy of all Corellia Â· 7 years ago. Thumbs up."", ""They're an essential part of the following 10 soups, offering flavor, texture, and a good dose of fiber. We've got chicken stew with kale and cannellini beans, black-eyed pea soup with collards, lentil soup with lemon yogurt, and more! TOP ROW. â\x80¢ 1 Black-Eyed Pea Soup with Andouille & Collards."", 'Expert Answers. A chicken soup can stay good for 5-7 days in the fridge. It is necessary to keep it in a closed container to save it from catching fridge odor and contamination. Before using it, smell and taste it a bit, if both are good you can consume it. When you want have it, you should reheat the soup properly.']","Yes, Campbell's Cream of Chicken soup is not gluten-free.",,1.0,0.8450081750836514,0.0
can you catch a sinus infection,"['Can you get a sinus infection from someone else? Not usually: Most viral upper respiratory infections are contagious (common cold viruses, flu), and these viral infections may lead to sinusitis. However, typical bacterial rhinosinusitis is not contagious.', '4 doctors agreed: 1 Yes: The typical bacteria in a sinus infection usually are sensitive to Bactrim (sulfamethoxazole and trimethoprim). ...Read more. 2 Zithromax : Azithromycin and Augmentin (amoxicillin and clavulanate) are excellent choices for sinusitis ...Read more.', 'How to Dry Out a Sinus That Is Congested With Mucus. A sinus infection, also known as sinusitis or rhinosinusitis, can occur when the sinus cavities become inflamed or irritated. This inflammation can inhibit the sinuses from draining, causing mucus to build up in the nasal passages.', 'Sinus Infection Symptoms. Symptoms of a sinus infection or sinusitis can include. 1 Stuffy nose. 2 Drainage or discharge from the nose. 3 Cough. 4 Pain in the jaw or teeth. 5 Sinus headache. 6 Nausea.', 'Usually, the infection starts from one side of the maxillary sinus. It can spread through the other sinuses when not treated immediately. Clogged nose can also contribute to the pressure-like pain that he feels behind the nose. The pain around the eyes and the pressure from the cheeks causes blurred vision. When both sides of the maxillary sinus have infection, there is a tendency that vision from both eyes will also become blurry.']",I cannot answer from the given context.,,0.0,0.0,0.0
how much fat is in broccoli,"['Broccoli, Fresh (1 cup, chopped) 1 Calories: 25, Fat: 0g, Carbs: 5g, Protein: 3g. 2 Calories: 82, Fat: 1g, Carbs: 15g, Protein: 9g. 3 Calories: 19, Fat: 1g, Carbs: 3g, Protein: 1g. 4 Calories: 30, Fat: 0g, Carbs: 5g, Protein: 1g. 5 Calories: 13, Fat: 0g, Carbs: 2g, Protein: 2g. 6 Calories: 30, Fat: 0g, Carbs: 5g, Protein: 1g.', ""So if you're on a 2,000-calorie-a-day diet, 400 to 700 calories can come from dietary fat, which translates to between 44 and 78 fat grams a day. The latest Dietary Guidelines for Americans recommends keeping saturated fat to less than 10 percent of calories a day. For a 2,000-calorie-a-day diet, that's 200 calories or about 22 grams of saturated fat. Use the Nutrition Facts label to find out how much fat is in the foods you eat. The Nutrition Facts label shows the amount of total fat, saturated fat and trans fat in one serving."", 'Ground sirloin and ground round are usually labeled as 15% fat and ground chuck is usually 20% fat. You can look for the fat percentage on the label. Special ground meats like these must be at least 50% from the source specified.', 'Since fat provides 9 calories per gram, women following a 1,600-calorie diet need 36 to 62 grams of fat, women eating 2,000 calories need 44 to 78 grams and women consuming 2,400-calorie diets need about 53 to 93 grams of fat each day.', 'Rhubarb is one of the least calorie vegetables. 100 g fresh petioles carry just 21 calories. Nonetheless, it holds some vital phyto-nutrients such as dietary fiber, poly-phenolic anti-oxidants, minerals, and vitamins. Further, its petioles contain no saturated fats or cholesterol.The stalks are rich in several B-complex vitamins such as folates, riboflavin, niacin, vitamin B-6 (pyridoxine), thiamin, and pantothenic acid. Red color stalks carry more vitamin-A than in the green varieties.urther, its petioles contain no saturated fats or cholesterol. The stalks are rich in several B-complex vitamins such as folates, riboflavin, niacin, vitamin B-6 (pyridoxine), thiamin, and pantothenic acid. Red color stalks carry more vitamin-A than in the green varieties.']",I cannot answer from the given context.,,0.0,-0.0,0.9999999999
how much for bitcoin today,"['The price of the coin, which broke $1,000 just a few days ago, has been rapidly approaching the price of gold, which has fallen in recent weeks. Today it reached a high of $1,242 on Mt. Gox, topping goldâ\x80\x99s $1,241.98 at the time. Erik Voorhees, an early entrepreneur in bitcoin, was in jubilant spirits. Voorhees, who sold his gambling site SatoshiDice for 126,315 BTC this year, said that it was a psychologically significant event. He said:', ""One bitcoin is worth about $8.67, though the exchange rate fluctuates wildly every day. Right now you can buy an 1/8th of pot on Silk Road for 7.63 Bitcoins.That's probably more than you would pay on the street, but most Silk Road users seem happy to pay a premium for convenience.o purchase something on Silk Road, you need first to buy some Bitcoins using a service like Mt. Gox Bitcoin Exchange. Then, create an account on Silk Road, deposit some bitcoins, and start buying drugs."", 'But technical analysts speaking to CNBC say the losses could go as deep as 46.5%, pushing Bitcoin down to $1,470. Get Data Sheet, Fortuneâ\x80\x99s technology newsletter. A look at history suggests even that might not be the floor. The cryptocurrency rally of the last six months is strongly reminiscent of a Bitcoin bump that unfolded from October to December of 2013, when the price skyrocketed from under $130 to over $1100. That was followed not just by a correction, but by a long, slow decline that had prices pared back to just over $200 within a year, followed by two years of steady, but slow, growth. Itâ\x80\x99s unlikely that the same precise pattern will repeat itself, mostly because the ecosystem of startups and services surrounding cryptocurrency is vastly more robust now than it was four years ago.', 'Should we add Bitcoin Private to the mix? pic.twitter.com/xOAKjCzzFk â\x80\x94 Rhett Creighton (@HeyRhett) December 14, 2017. This announcement caused the price to surge +2,000% in only a matter of days. Why is this happening? Bitcoin hard forks have become somewhat of a trend in recent months, with the first successful one being Bitcoin Cash.', ""On 19 June 2011, a security breach of the Mt. Gox bitcoin exchange caused the nominal price of a bitcoin to fraudulently drop to one cent on the Mt. Gox exchange, after a hacker allegedly used credentials from a Mt. Gox auditor's compromised computer to transfer a large number of bitcoins illegally to himself.""]",I cannot answer from the given context.,,0.0,-0.0,0.0
what color backs the military,"['With the establishment of yellow for the Armor and the use of green for the insignia on the Armor flag, the colors for the Military Police were reversed. The current colors, green piped with yellow, were assigned by regulation 600-60-1 dated 26 October 1951.', 'Green-Military Blue- Police Red- Fire/Rescue. it means you like blue light bulbs red has a meaning, but i dont think blue does. It means you support Law Enforcement. The same as the thin blue line, or the American Flag with one blue stripe. Blue light is for fallen officers and suicide prevention.', ""Whether it's the cammies worn during training and combat or the famed dress blues for which Marines are known, our uniforms have a purpose and meaning sewn into them. Both uniforms are a reminder of who we defend as well as pay homage to those Marines who fought before them. 1 Marine NCO Sword. 2 Eagle, Globe and Anchor. 3 Dress Blues. 4 Blood Stripe. 5 Officer's Mameluke Sword. 6 Marine NCO Sword. 7 Eagle, Globe and Anchor."", 'They can help Enlisted Sailors and Officers easily identify one another at a glance. In formal dress, Navy uniforms are some of the most striking and recognizable symbols of honor and tradition in the world. Whether in the blues, khakis or service dress whites, those who wear a Navy uniform wear it with pride.', ""Flag markings represent: The sun = The sun of May. It also represents Argentina's freedom from Spain. The Stripes = They are the same color as the colors that the military wore when they fought off British invaders in 1806 and 1807.""]",I cannot answer from the given context.,,0.0,0.0,0.0
what is definition of fever,"['Fever definition, an abnormal condition of the body, characterized by undue rise in temperature, quickening of the pulse, and disturbance of various body functions. See more. Dictionary.com', ""an elevation of body temperature above the normal circadian range as a result of an increase in the body's core temperature. Fever is a temperature above 37.2Â° C (98.9Â° F) in the morning or above 37.7Â° C (99.9Â° F) in the evening. Fever results from an imbalance between the elimination and the production of heat. Exercise, anxiety, and dehydration may increase the temperature of healthy people."", 'Disparate Findings. Fever is a common condition in stroke and other types of brain injury, and previous research has shown a strong link to increased length of intensive care unit (ICU) and hospital stay, higher mortality, and worse overall outcomes. However, said Dr. Greer, a direct causative link been difficult to establish.', 'coccidioidomycosis, coccidiomycosis, desert rheumatism, valley fever - an infection of the lungs and skin characterized by excessive sputum and nodules. cryptococcosis - a fungal infection characterized by nodular lesions--first in the lungs and spreading to the nervous system.', 'Definition of influenza for English Language Learners. medical : a common illness that is caused by a virus and that causes fever, weakness, severe aches and pains, and breathing problems.']","Fever is an abnormal condition of the body, characterized by undue rise in temperature, quickening of the pulse, and disturbance of various body functions.",,1.0,0.8771497170179501,0.0
iceland average monthly temperatures,"['Reykjavik: Annual Weather Averages. July is the hottest month in Reykjavik with an average temperature of 11Â°C (52Â°F) and the coldest is January at 0Â°C (32Â°F) with the most daily sunshine hours at 12 in March.The wettest month is January with an average of 50mm of rain.eykjavik: Annual Weather Averages. July is the hottest month in Reykjavik with an average temperature of 11Â°C (52Â°F) and the coldest is January at 0Â°C (32Â°F) with the most daily sunshine hours at 12 in March.', 'Average monthly temperatures range from 57.3 Â°F (14.1 Â°C) in January to 72 Â°F (22 Â°C) in August, although late summer and early autumn are typically the hottest times of the year with temperatures occasionally reaching 90 Â°F (32 Â°C) or higher.', '1 There is a variation of average monthly temperatures of 6.45 C (11.6 F) which is a very low range. 2 The range/ variation of daily average temperatures is 5.5 C (9.9 F). 3 February is the warmest month (fairly hot) with an average temperature of 23.3 degrees Celsius (73.94 degrees Fahrenheit).', 'Average Monthly high in Â°F: 58Â° 62Â° 65Â° 70Â° 74Â° 80Â° 82Â° 82Â° 82Â° 77Â° 65Â° 58Â° Average Monthly low in Â°F: 40Â° 42Â° 44Â° 46Â° 49Â° 52Â° 53Â° 53Â° 53Â° 49Â° 43Â° 39Â° Average Snow/Rain (Precip.) (in inches) 0: 0: 0: 0: 0: 0: 0: 0: 0: 0: 0: 0: Days with precipitation: N/A: N/A: N/A: N/A: N/A: N/A: N/A: N/A: N/A: N/A: N/A: N/A: Hours of sunshine: N/A: N/A: N/A: N/A: N/A: N/A: N/A: N/A: N/A: N/A: N/A: N/A', '1 The mean temperature is 16.9 degrees Celsius (62.4 degrees Fahrenheit). See the temperatures page for a monthly breakdown and the fixed scale graph. 2 Average monthly temperatures vary by 8 Â°C (14.4Â°F). This indicates that the continentality type is hyperoceanic, subtype barely hyperoceanic.']",I cannot answer from the given context.,,0.0,-0.0,0.249999999975
how many oscars has peter jackson wolllnlll?l,"[""New Zealand native Peter Jackson is best known as a director for his adaptation of J.R.R. Tolkien's Lord of the Rings trilogy, which won 11 Oscars. Synopsis Born on October 31, 1961, in New Zeland, Peter Jackson started his prolific career as a child, creating short films with a 8-mm movie camera. Without any formal training, Jackson has directed a number of successful films ranging across all genres. He is most well-known for his film adaptation of J.R.R."", 'For Titanic he won several including Academy Awards for Best Picture (shared with Jon Landau), Best Director and Best Film Editing (shared with Conrad Buff and Richard A. Harris). Cameron is one of the few filmmakers to win three Oscars in a single evening and Golden Globes for Best Motion Picture â\x80\x93 Drama and Best Director.', ""Eastwood isn't one of the majority, however, having won four Academy Awards during his lengthy career - Best Director and Best Picture in 2005 for Million Dollar Baby and Best Director and Best Picture in 1993 for Unforgiven."", ""Meryl Streep received her 19th Oscar nod when the 87th Academy Awards nominations were announced in January. Streep, who was nominated for best supporting actress in Disney's Into the Woods, is, by far, the most-nominated actor of all time. Despite her 19 nods, Streep has only won three times â\x80\x94 for Kramer Vs. Kramer (1979), Sophie's Choice (1982), and The Iron Lady (2012)."", 'It won the Oscars for Best Picture, Best Actor (Brando) and Best Adapted Screenplay (for Puzo and Coppola). Its seven other Oscar nominations included Pacino, James Caan, and Robert Duvall for Best Supporting Actor and Coppola for Best Director. It was followed by sequels The Godfather Part II (1974) and Part III (1990).']",I cannot answer from the given context.,,0.0,0.0,0.0
wedding venues in dallas,"['The Nuvo space located in Dallas, Texas is a chic modern venue for your wedding celebration. Nuvo is a cool loft style space, with 14 foot white ceilings and a large, flexible, main event space. The space may be arranged to serve your wedding vision with a moveable white bar, various floor plan opti... Garden Cafe.', ""7 cheap wedding venues in the Los Angeles area. These relatively cheap wedding venues prove tying the knot, especially in LA, doesn't have to cost an arm and a leg. Photograph: Courtesy the Inn of the Seventh RayInn of the Seventh Ray wedding. Okay, we admit calling something cheap is subjective, but these wedding venues are definitely some of the more affordable choices here in Los Angeles."", 'Welcome to the Bridge. A hotel that combines a home away from home and a pub that will become your local. The Bridge Hotel offers an ideal combination of convenience and comfort.With 68 en-suite bedrooms, numerous function rooms with a coffee lounge and bar, the Bridge is the perfect venue for business conferences, wedding receptions and civil wedding ceremonies. hotel that combines a home away from home and a pub that will become your local. The Bridge Hotel offers an ideal combination of convenience and comfort.', 'asheville wedding venues and reception locations. vendors > united states > north carolina > asheville > wedding venues.', ""Email or request a quote from McCormick Home Ranch. When you're ready to experience the best of a California country wedding in a beautiful Colonial setting, the McCormick Home Ranch in Camarillo is the venue for you. Built in 1918, this historic home has been host to four generations of McCormick celebrations, and now the Home Ranch is open to you.""]","The Nuvo space located in Dallas, Texas is a chic modern venue for your wedding celebration.",,1.0,0.7765423660874323,0.0
function of spleen in human,"['Spleen, a small, purple colored organ placed in the upper left part of the abdomen, has several important functions in human body. Basically, spleen functions as a part of the immune system and as a filter and reservoir of blood. Find out more information on function of the spleen.', 'The spleen is found on the left side of your body, behind the stomach on a level with the 9th to 11th ribs. It is similar in structure to a lymph node, and is the largest lymphatic organ in the body. The spleen contains two main types of tissue-white pulp and red pulp.5. This leaflet gives a brief overview of the spleen and its functions. The spleen is an organ about the size of a clenched fist found on the left-hand side of your upper abdomen. Its main functions are to filter your blood, create new blood cells and store platelets.', 'A tough connective tissue capsule surrounds the soft inner tissue of the spleen. Spongy inner tissue within the spleen contains many tiny blood vessels and hollow sinuses that store blood. The spleen can release its stored blood into circulation to replace blood lost during a traumatic injury.', 'Spleen. The spleen is located in the upper left abdominal cavity, just beneath the diaphragm, and posterior to the stomach. It is similar to a lymph node in shape and structure but it is much larger.The spleen is the largest lymphatic organ in the body.he spleen is located in the upper left abdominal cavity, just beneath the diaphragm, and posterior to the stomach. It is similar to a lymph node in shape and structure but it is much larger.', 'What Does A Ruptured Spleen Feel Like ? The spleen is located below the rib cage on the left side. It is a very small organ and measures only the size of the fist. The main job of the spleen is to get rid of the bacteria ad the waste products that are circulating in the blood.']","The main functions of the spleen in humans are to filter blood, create new blood cells, store platelets, and act as part of the immune system by getting rid of bacteria and waste products circulating in the blood.",,1.0,0.8847913266457653,0.0
average salary for firefighters in az,"['Average salaries for Phoenix Fire Department - Arizona Firefighter: $50,193. Phoenix Fire Department - Arizona salary trends based on salaries posted anonymously by Phoenix Fire Department - Arizona employees.', 'Fire/Medics usually make more due to the fact they work for the city and many departments consider the Medic position to be a paid promotion. In the neighboring state of Arizona they make about $60,000 a year, so it probably averages out to the same when you factor in the cost of living/overtime. Jun 10, 2011.', ""See what California cities pay police, firefighters. California police officers made, on average, $97,500, including overtime, incentive pay and payouts upon retirement during 2013, according to a Bee analysis of new data from the state controller's office.Firefighters and engineers earned, on average, $125,100.Average pay for police captains across the state was $166,500; for fire captains, it was $153,600. Use this database to see the average pay for firefighters, police officers and their supervisors in nearly every California city and county.verage pay for police captains across the state was $166,500; for fire captains, it was $153,600. Use this database to see the average pay for firefighters, police officers and their supervisors in nearly every California city and county."", 'Average paramedic salary. The average salary of paramedic in the United States is $34,030 a year, based on BLS figures. Their average hourly wage is $16.36, while 50% of the group made around $11.74 to $19.44 per hour, or $24,420 to $40,440 per annum.verage paramedic salary. The average salary of paramedic in the United States is $34,030 a year, based on BLS figures. Their average hourly wage is $16.36, while 50% of the group made around $11.74 to $19.44 per hour, or $24,420 to $40,440 per annum.', 'In Austin, EMTs make $28,833 every year. Paramedics make an average of $36,551 per year. And flight medics make $39,107 annually. And in Fort Worth, EMTs make $29,375 per year. Paramedics earn $37,238 each year. And a flight paramedic pulls in $39,842 annually. If youâ\x80\x99re currently looking for a paramedic job in Texas, itâ\x80\x99s recommended that you visit our job board.']","The average salary for firefighters in Arizona is about $50,193 according to the Phoenix Fire Department.",,1.0,0.7762777826160144,0.0
how much is fireworks disney dessert,"['As the fireworks begin, celebrate with a sparkling cider toast and create a special memory with family and friends. Throughout the evening, you can now enjoy hot drinking chocolate and signature lemonades as well as coffee and tea. Wishes Fireworks Dessert Party is $49 for adults, $29 for children, tax inclusive. Reservations can be made beginning on March 20 by visiting DisneyWorld.com/dine, or calling 407-WDW-DINE.', '$17.00 USD EastWestVintage1. Vintage Walt Disney Productions 101 Dalmations Cup Mug, Sango China Made in Japan...', ""For the Macy's Fourth of July Spectacular, more than 40,000 shells will be launched from six barges over the Hudson River in a span of 25 minutes. The July Fourth Boston Pops Fireworks Spectacular draws 500,000 spectators to view its show that cost a whopping $2.5 million in 2010. It's one of the most expensive and popular displays in the country."", 'No one really stays at any of the Disneyland hotels when the good neighbor hotels are right across the street for a fraction of the costâ\x80¦. We just visited Disney World in July and it cost us about $3,500 for a week there. Walt would turn over in his grave if he knewâ\x80¦.', 'Cold Stone Cakes Prices. Small Cold Stone cakes typically range from $24.99 to $55.00, depending on shape (round or rectangle) and location. Large Cold Stone Creamery cakes are priced between $36.49 and $81.00, based on the aforementioned factors.']","The Wishes Fireworks Dessert Party is $49 for adults and $29 for children, tax inclusive.",,1.0,0.7231310872254206,0.0
how much is gas tax on gallon in florida,"['By Kate Paine â\x80¢ Jan 2, 2017. With the new year came a new increase to Floridaâ\x80\x99s gas tax. But itâ\x80\x99s unlikely consumers will even notice the rate hike: it amounts to one tenth of one cent. Floridaâ\x80\x99s gas tax is one of the highest in the country, totaling 36.59 cents per gallon. An additional 18.4 cents goes to the federal government, before cycling back down to state projects. The revenue helps restore and maintain the stateâ\x80\x99s aging infrastructure.', 'Income tax: 3.75%, flat rate. 1 Sales tax: 6.25% - 9.75%. 2 Property tax: 2.13% average effective rate. 3 Gas tax: 30.72 cents per gallon of regular gasoline, 39.49 cents per gallon of diesel.', 'The round trip cost would be $239.66 to go from Michigan to Florida and back to Michigan again. Regular fuel costs are around $2.32 per gallon for your trip. This calculation assumes that your vehicle gets an average gas mileage of 25 mpg for a mix of city and highway driving.', 'A car with an average. will need gallons of gas to cover the route between Birmingham, AL and Tampa, FL. The estimated cost of gas to go from Birmingham to Tampa is. During the route, an average car will release pounds of CO2 to the atmosphere. Your carbon footprint is pounds of CO 2 per mile. Note: US market averages used for calculations: 22.75 MPG and $2.33 per gallon of regular gas.', ""The city's average gas price is currently posted at $1.319 per litre, according to GasBuddy.com, which tracks fuel rates on its daily index. It's partly because of the high taxes.""]",Florida's gas tax totals 36.59 cents per gallon.,,1.0,0.7857146541168167,0.0
weather in williamsburg virginia,"['Williamsburg: Weather Forecast. The warmest day over the next 7 days in Williamsburg is forecast to be 25th March at 20Â°C (68Â°F) and the warmest night on 24th March at 9Â°C (48Â°F). The average temperature over the next 7 days is forecast to be 16Â°C (61Â°F) and there will be 3 days of sunshine . The average for March is 0Â°C (0Â°F) in Williamsburg.', 'West Virginia-Climate. West Virginia has a humid continental climate, with hot summers and cool to cold winters. The climate of the eastern panhandle is influenced by its proximity to the Atlantic slope and is similar to that of nearby coastal areas.est Virginia-Climate. West Virginia has a humid continental climate, with hot summers and cool to cold winters. The climate of the eastern panhandle is influenced by its proximity to the Atlantic slope and is similar to that of nearby coastal areas.', ""1 Richmond, Virginia, Usa is at 37 30'N, 77 19'W, 49 m (161 ft). 2 See map. 3 Richmond, Virginia has a humid subtropical climate that is mild with no dry season, constantly moist (year-round rainfall).4 Summers are hot and muggy with thunderstorms. Richmond, Virginia, Usa is at 37 30'N, 77 19'W, 49 m (161 ft). 2 See map. 3 Richmond, Virginia has a humid subtropical climate that is mild with no dry season, constantly moist (year-round rainfall)."", 'Considering only the weather, then the best time to visit Virginia would be mid and late spring - May, June â\x80\x93 or late-summer and autumn; o r summer if you want to enjoy beach life in Virginia Beach or its surroundings.', 'A steady rain arriving overnight. Low 62F. Winds E at 5 to 10 mph. Chance of rain 80%. A shower or two around the area in the morning, then partly cloudy in the afternoon. High 69F. Winds NNE at 10 to 15 mph.']",The warmest day over the next 7 days in Williamsburg is forecast to be 25th March at 20°C (68°F) and the warmest night on 24th March at 9°C (48°F). The average temperature over the next 7 days is forecast to be 16°C (61°F) and there will be 3 days of sunshine. The average for March is 0°C (0°F) in Williamsburg.,,1.0,0.6424356913309822,0.0
what is a digital perm,"['An example of a digital perm | Source. Digital perming (also known as a digi-perm or hot perm) is a procedure of permanently curling hair using a combination of chemical restructuring and heat. In the process, the stylist sections the hair and then applies a chemical that breaks down the structure of the hair.', ""Pixels per inch (ppi) - A measurement of image resolution that defines the size an image will print. The higher the ppi value, the better quality print you will get--but only up to a point. 300ppi is generally considered the point of diminishing returns when it comes to ink jet printing of digital photos. Dots per inch (dpi) - A measurement of printer resolution that defines how many dots of ink are placed on the page when the image is printed. Today's photo-quality ink jet printers have dpi resolution in the thousands (1200 to 4800 dpi) and will give you acceptable quality photo prints of images with 140-200 ppi resolution, and high quality prints of images with 200-300 ppi resolution."", 'The Pocket Digital Scale. A digital scale is a weight measuring device that measures the weight of an object or a substance. Digital scales are internal strain gauge scales that need an electric power supply to operate. A strain gauge is a thin strip of electrically-charged, deformation-sensitive foil.he Pocket Digital Scale. A digital scale is a weight measuring device that measures the weight of an object or a substance. Digital scales are internal strain gauge scales that need an electric power supply to operate. A strain gauge is a thin strip of electrically-charged, deformation-sensitive foil.', 'Perl, sometimes referred to as Practical Extraction and Reporting Language, is an interpreted programming language with a huge number of uses, libraries and resources. Arguably one of the most discussed and used languages on the internet, it is often referred to as the swiss army knife, or duct tape, of the web.', 'S/PDIF (Sony/Philips Digital Interface) is a standard audio transfer file format.It is usually found on digital audio equipment such as a DAT (Digital Audio Tape) machine or audio processing device.It allows the transfer of audio from one file to another without the conversion to and from an analog format, which could degrade the signal quality.The most common connector used with an S/PDIF interface is the RCA connector, the same one used for consumer audio products. An optical connector is also sometimes used.t allows the transfer of audio from one file to another without the conversion to and from an analog format, which could degrade the signal quality. The most common connector used with an S/PDIF interface is the RCA connector, the same one used for consumer audio products.']","A digital perm (also known as a digi-perm or hot perm) is a procedure of permanently curling hair using a combination of chemical restructuring and heat. In the process, the stylist sections the hair and then applies a chemical that breaks down the structure of the hair.",,1.0,0.9215927521079538,0.0
how much is property tax in tennessee,"['Median Income In. Anderson County, Tennessee. The median property tax (also known as real estate tax) in Anderson County is $966.00 per year, based on a median home value of $116,400.00 and a median effective property tax rate of 0.83% of property value.', 'Northeast Tennesseeâ\x80\x99s Sullivan County has property tax rates somewhat below the state average. The countyâ\x80\x99s average effective property tax rate is 0.66%, while the state average is 0.74%. In Kingsport, the countyâ\x80\x99s largest city, the total mill rate for 2014 was $4.3754 per $1,000 in assessed value. Washington County', 'Wayne County has one of the highest median property taxes in the United States, and is ranked 278th of the 3143 counties in order of median property taxes. The average yearly property tax paid by Wayne County residents amounts to about 4.54% of their yearly income .', 'In general the more you make, the more you will be taxed. To find out more about TN income tax, sales tax, W4 forms, 1040 forms, tax returns, current state tax rates and general Tennessee tax information, click here for the Department of Revenue. How Tennessee State income tax rates are structured.', 'North Carolinaâ\x80\x99s property tax rates are nonetheless relatively low in comparison to other states. The average effective property tax rate in North Carolina is 0.84%, 20th lowest in the U.S. Below, we will review rates in North Carolinaâ\x80\x99s counties and go over some key property tax rules that homeowners in North Carolina should know.']",I cannot answer from the given context.,,0.0,-0.0,0.0
is term gpa and semester gpa the same thing,"[""The problem, in my eyes, is listing semester GPA as Current GPA because those are not the same thing. Current GPA simply means one's GPA at this moment; without further specification (e.g. Major GPA, Technical GPA, GPA last 60 credit hours, etc.) it would imply that it still refers to the overall/cumulative GPA."", 'There is not much difference between cumulative GPA and overall GPA. The term â\x80\x9cGPAâ\x80\x9d stands for grade point average. The cumulative GPA is the grade point average of all grades a student has secured in a semester or term. However, an overall GPA may be defined as an average of all cumulative GPAâ\x80\x99s which a student has secured in all semesters and all the courses in an academic term.', 'Calculating Grade Point Average (GPA) Take the number of credit hours assigned to each registered class and multiply them by the value of the grade earned (A = 4pts, B = 3pts, C = 2pts, D = 1 pt, F, W, WP, WF = 0 pts). Then calculate the number of cumulative credit hours attempted and divide that by the number of cumulative credit hours completed. Student A is registered for 12 credit hours and passed all three classes. 44 total points divided by 12 semester credit hours equals a 3.6 Semester Grade Point Average. Student A attempted 12 credit hours and completed 12 credit hours giving him a 100% completion rate for that semester.', 'Calculation of the Admission GPA is based on the following: 1 Cumulative GPA from highest degree or 12 or more graded units obtained as a graduate student. 2 Cumulative GPA from undergraduate degree (record must include at least 60 graded units.) 3 Calculated GPA from last 60 units or 2 years, full time equivalent.', 'To see the exact dates of these deadlines in the current semester visit Academic Deadlines. 1 W grades are NOT calculated into your grade point average (GPA). 2 W grades are considered non-progress grades. 3 W grades remain on your transcript even if you re-take the class at a later date.']",I cannot answer from the given context.,,0.0,0.0,0.0
how much is sprint restocking fee,"['Additionally, a restocking fee of $45 for applicable devices may apply. If the product is returned in its original unopened packaging or has not been activated, no restocking fee will be applied. If service is canceled within 3 days of activation, the activation fee will be refunded as a credit on your account.', '12-month target price. The Wall Street analystsâ\x80\x99 consensus suggests that Sprintâ\x80\x99s 12-month target price is $7.28, which implies a potential return of -11% from its closing price of $8.15 on July 3, 2017.', 'This is for a big company, so my presentation-only fee might be somewhere around the $5,000 to $7,000 mark depending on how complicated what theyâ\x80\x99re after actually is. If this were for a smaller company, the presentation-only fee might be closer to $2,500 or $3,500.', 'The average fee on deposit items returned was $5.49, up from $5.15. While nearly all banks charged NSF and overdraft fees, only about 62% charged the deposit return item fees, up from about 56% the prior year.', 'at t s unlimited mobile data plan is back after discontinuing its unlimited mobile data plans back in 2010 at t has brought them back as a bundle with its u verse tv and new directv services if you re a subscriber on either of those the plan costs $ 100 for a single smartphone with additional lines at $ 40 each that s a far cry from the $ 30 that grandfathered subscribers of the older unlimited plans pay though at t will also lop $ 10 off of your directv or u verse bill']",I cannot answer from the given context.,,0.0,-0.0,0.0
price of bath fitter for a tub,"['Bath liners, including those sold under the Bath Fitter brand name, consist of sheets of acrylic molded to fit over the tub, giving it a fresh new look. These liners cost much less than a new bathtub, generally ringing in between $800 and $1,000, though wall panels and other extras can increase the price. While you may be able to get a tub liner for $1,000 or so, keep in mind that this covers the tub only.', 'A new dedicated circuit and GFCI grounding, designed for bathroom use, can cost another $2,000 or so, depending on the complexity of the setup. The installation, unless itâ\x80\x99s a highly customized model, will be fairly straightforward since, as mentioned, these walk-in tubs are designed to simply replace your current built-in bathtub.', 'If youâ\x80\x99re wondering how much you should expect to pay to replace an old tub or shower, the short answer is: anywhere from about $1,500 to $5,000, with the national average running about $3,000.', 'Small Spray-on Bathtub Refinishing Kit $38.86 Large Kit $55.49. Do-It Yourself bathtub refinishing and resurfacing kits for reglazing bathtubs, shower wall tile, cultured marble sinks and countertops. The only bathtub refinishing kit offered anywhere that comes with a professional refinishing bonding agent included. Comes in small or large kits.', 'are you interested in remodeling your small bathroom if so you ll be faced with a wide range of choices and a wide range of prices to match you can typically expect to pay from $ 12000 to $ 22000 for a small bathroom remodel depending on the extent of the upgrades and the quality of materials you want to useaterials a small bathroom remodel may involve replacement of the existing plumbing fixtures toilet tub shower basin etc tub shower surround countertop floor and or cabinetry supplies supplies include necessities such as accessories adhesives fittings finishes and sealers']","The price of a Bath Fitter tub liner generally ranges between $800 and $1,000.",,1.0,0.8100285289598611,0.8333333332916666
what is docket management,"[""Regulatory Information. Dockets Management. FDA's Dockets Management serves as the official repository for the administrative proceedings and rule-making documents for the Food and Drug Administration (FDA), an operating division of the U.S. Department of Health and Human Services (HHS)."", 'Logistics management is a supply chain management component that is used to meet customer demands through the planning, control and implementation of the effective movement and storage of related information, goods and services from origin to destination. Logistics management helps companies reduce expenses and enhance customer service. The logistics management process begins with raw material accumulation to the final stage of delivering goods to the destination. By adhering to customer needs and industry standards, logistics management facilitates process strategy, planning and implementation.', 'Fisheries management. Fisheries management draws on fisheries science in order to find ways to protect fishery resources so sustainable exploitation is possible.', 'Course Length: 24 hours. Price: $600. Bridge Resource Management (BRM) or as it is also called Bridge Team Management (BTM), is the effective management and utilization of all resources, human and technical, available to the Bridge Team to ensure the safe completion of the vesselâ\x80\x99s voyage.', 'Strictly speaking , matrix management is the practice of managing individuals with more than one reporting line ( in a matrix organization structure ) , but it is also commonly used to describe managing cross functional , cross business group and other forms of working that cross the traditional vertical business units â\x80\x93 often silos - of function ...']","Docket management refers to the official repository for the administrative proceedings and rule-making documents for the Food and Drug Administration (FDA), an operating division of the U.S. Department of Health and Human Services (HHS).",,1.0,0.7341391202205397,0.0
how many weeks can a yolk sac be seen on ultrasound,"['Gestational Age Week 5 (Fetal Age: Week 3) Development. Around 5 weeks, the gestational sac is often the first thing that most transvaginal ultrasounds can detect. This is seen before a recognizable embryo can be seen. Within this time period, a yolk sac can be seen inside the gestational sac.', ""At 5 weeks my doctor was already able to see a yolk sac in my uterus. They only did a u/s on me because I had severe cramping that would wake me up at night so they feared it might be an ectopic pregnancy. On that 5 weeks U/S they were already able to determine that the yolk sac(the baby) was in it's right place."", ""Dating ultrasound. In most cases, where there are no problems, you'll have two ultrasounds during your pregnancy. The first will be your dating ultrasound which is booked between 10 weeks and 13 weeks plus six days of your pregnancy.During your dating ultrasound, the sonographer will put gel on your belly and move a hand-held device, called a transducer, over your skin. You'll then be able to see a view of your baby.ating ultrasound. In most cases, where there are no problems, you'll have two ultrasounds during your pregnancy. The first will be your dating ultrasound which is booked between 10 weeks and 13 weeks plus six days of your pregnancy."", ""Most patients undergo an ultrasound at around 18-20 weeks (about four and a half to five months). Normally, at this stage of pregnancy we can determine the baby's sex, but not always.e usually do this test at around 16 weeks, so in this instance, the mother can find out the baby's sex a little sooner."", ""Nuchal translucency (NT) is a collection of fluid under the skin at the back of a baby's neck. The nuchal translucency scan measures the thickness of this fluid to assess the risk of Down's syndrome.It can be measured using ultrasound.n NT scan must take place at a particular time in your pregnancy. It is done between 11 weeks plus two days and 13 weeks 6 days when your baby's crown rump length (CRL) is between 45mm (1.8in) and 84mm (3.3in). Before 11 weeks the scan is technically difficult because your baby is so tiny.""]",A yolk sac can be seen on ultrasound around 5 weeks of gestational age.,,1.0,0.9002870174492784,0.49999999995
what is chlorine most commonly used for,"['Chlorine is one of the most widely used disinfectants. It is very applicable and very effective for the deactivation of pathogenic microorganisms. Chlorine can be easily applied, measures and controlled. Is is fairly persistent and relatively cheap. Chlorine has been used for applications, such as the deactivation of pathogens in drinking water, swimming pool water and wastewater, for the disinfection of household areas and for textile bleaching, for more than two hundred years.', 'Chloramine is a combination of chlorine and ammonia. It is a stronger disinfectant than chlorine alone and is used in areas where this extra disinfectant is needed. As with chlorine, you must eliminate this chemical from your tap water before adding it to your aquarium or it too will kill your tropical fish.', ""Chemicals like chlorine are used to keep algae and bacteria under control, while chemicals like muriatic acid keep the pH levels of your poolâ\x80\x99s water balanced. You'll need test strips and a drop kit to check and maintain chlorine and pH levels.It also is important to keep a consistent volume of water in your pool; a lower-than-normal level can make your chemicals too intense and a higher-than-normal level can dilute them and make them ineffective.hemicals like chlorine are used to keep algae and bacteria under control, while chemicals like muriatic acid keep the pH levels of your poolâ\x80\x99s water balanced. You'll need test strips and a drop kit to check and maintain chlorine and pH levels."", ""These then react with the ozone molecules, resulting in their removal. CFCs have a lifetime in the atmosphere of about 20 to 100 years, and consequently one free chlorine atom from a CFC molecule can do a lot of damage, destroying ozone molecules for a long time.he most common representative is dichlorodifluoromethane (R-12 or Freon-12). Chlorofluorocarbons (CFCs) are a family of chemical compounds developed back in the 1930's as safe, non-toxic, non-flammable alternative to dangerous substances like ammonia for purposes of refrigeration and spray can propellants."", 'A small amount more bromine is usually needed, as compared to Trichlor tablets. This is because Trichlor tablets are usually 90% available chlorine, whereas Bromine tablets are just under 70%. Thus, pound for pound, chlorine is more potent. However, chlorine also dissolves more quickly than bromine, and is more active, which results in more rapid dissipation.']","Chlorine is most commonly used for the deactivation of pathogens in drinking water, swimming pool water, and wastewater, as well as for the disinfection of household areas and for textile bleaching.",,1.0,0.8927453171814218,0.3333333333
how much ltv to refinance,"[""Loan-to-value or LTV: 80%; Refinancing a home with a second mortgage. Home value: $100,000; Loan balance: $80,000; Second loan balance : $10,000; Equity: $10,000; Loan-to-value or LTV: 90%; Whether you're buying or refinancing, though, your loan's loan-to-value is important because it helps to determine your mortgage rate and your loan eligibility. Verify your mortgage eligibility (Feb 21st, 2018) High LTV loans for home buyers. Loan-to-value is a key factor in your ability to get approved for a mortgage."", 'Streamline Refinance. For example, if youâ\x80\x99re a first time homebuyer and a qualified veteran using a zero down VA loan, your funding fee is 2.15 percent of the loan amount. If the sales price of your home is $200,000 the funding fee is $4,300.', 'Refinance Calculator. 1 With an expected re-financing cost of $0 and a monthly savings of $442 a month, someone re-financing 8417 N Willow Ave, Tampa, FL should expect a break even point of 0 years 0 months. If you are planning on staying in your home for more than this period, financing may be an option.', 'Refinance Calculator. 1 With an expected re-financing cost of $0 and a monthly savings of $1,093 a month, someone re-financing 732 County Line Rd, Roseboro, NC should expect a break even point of 0 years 0 months. If you are planning on staying in your home for more than this period, financing may be an option.', 'PMI also is required if a borrower refinances the mortgage with less than 20 percent equity. How much is PMI? PMI fees vary from around 0.3 percent to about 1.5 percent of the original loan amount per year, depending on the size of the down payment and the borrowerâ\x80\x99s credit score.']",I cannot answer from the given context.,,0.0,-0.0,0.0
tobira stock price,"['We are reiterating a Buy rating on the common stock of Tobira Therapeutics with an updated price target (intrinsic value) of $34.88 using sum-of-the parts, enterprise DCF method. Tobira Therapeutics (NASDAQ: TBRA) announced the one-year results of a Phase 2 (CENTAUR) clinical trial in patients with non-alcoholic steato-hepatitis (NASH) on July 25.', 'The stock was trading around $45.50, above the previous record close of $46.31 on Sept. 1, 2000. The stock has rallied 16% over the past 12 months, while the SPDR Technology Select Sector ETF has climbed 23% and the S&P 500 has gained 18%.', 'The Illumina stock price history chart shows that the stock price reached a high of 240.02 on 20 Jul, 2015, and a low of 19.83 on 20 Jul, 2015 in last five years.', 'The General Motors stock price is below where it was last year at this time, with the stock price lower by 18.57%. The General Motors stock price 52-week high is $36.88. That was hit on 11/30/2015. The GM stock 52-week low is $24.62, reached on 8/24/2015.', 'HA Crosses Above Average Analyst Target. In recent trading, shares of Hawaiian Holdings Inc have crossed above the average analyst 12-month target price of $56.00, changing hands for $56.60/share. When a stock reaches the target an analyst has set, the analyst logically has two ways to react: downgrade on valuation, or, re-adjust their target price to a higher level.']",I cannot answer from the given context.,,0.0,0.0,0.0
is paris in europe,"['In the Paris Region, 590,504 residents were immigrants from Europe, 627,078 were immigrants from the Maghreb, 435,339 from sub-Saharan Africa and Egypt, 69,338 from Turkey, 322,330 from Asia (outside Turkey), 113,363 from the Americas, and 2,261 from the South Pacific.', ""Paris Charles de Gaulle Airport (CDG) is one of the busiest passenger airports in Europe and is the larger of Paris' two airports... Charles de Gaulle Airport is 14 miles (23 kilometers) northeast of Paris and has extensive road and rail links to the capital city and beyond. Getting to Paris from Charles de Gaulle is easy with RATP buses, taxis and limousines all operating from Paris CDG."", 'Paris is known as the home to many high-end fashion houses, such as Dior, Hermes, Louis Vuitton and Chanel. Many French people dress in a sophisticated, professional and fashionable style, but it is not overly fussy.', 'Weather Avenue > Weather Europe > France > Ã\x8ele-de-France > Weather Paris > 15 Day Weather Forecast for Paris', 'London has always been a part of Europe based on their geographical location. A city cannot become a part of a continent unless it is geographically located in that such conti â\x80¦ nent.']","Yes, Paris is in Europe.",,1.0,0.9390956328939467,0.0
average salary of a team lead etrade,"['Average salaries for E*TRADE Financial Team Lead: $56,232. E*TRADE Financial salary trends based on salaries posted anonymously by E*TRADE Financial employees.', 'The average salary for entry level project manager jobs is $59,000. Average entry level project manager salaries can vary greatly due to company, location, industry, experience and benefits.', 'Coo Salary. Coo average salary is $145,157, median salary is $140,647 with a salary range from $50,000 to $250,000. Coo salaries are collected from government agencies and companies.Each salary is associated with a real job position.oo Salary. Coo average salary is $145,157, median salary is $140,647 with a salary range from $50,000 to $250,000. Coo salaries are collected from government agencies and companies.', 'The average salary for rate of pay jobs jobs is $49,000. Average rate of pay jobs salaries can vary greatly due to company, location, industry, experience and benefits. This salary was calculated using the average salary for all jobs with the term rate of pay jobs anywhere in the job listing.', 'Clinical Research Coordinator Ii average salary is $43,649, median salary is $44,000 with a salary range from $27,000 to $67,746.']","$56,232",,1.0,0.18613096871082288,0.0
webmd symptoms of lupus,"[""Other symptoms. 1 Raynaud's phenomenon: Some people with lupus have Raynaud's phenomenon. It affects the small vessels that supply blood to the skin and the soft tissues under the skin of the fingers and toes. 2 Hair loss: People with lupus may have periods of hair loss, either in patches or spread evenly over the head."", 'Skin problems might point to more serious conditions. Lupus, an autoimmune disease, happens when the immune system attacks its tissues, causing inflammation, swelling, pain, and damage. Lupus symptoms include fatigue, joint pain, fever, and a lupus rash. Nick Cannon: A Warrior in the Fight Against Lupus.', 'Systemic lupus erythematosus (SLE), also known simply as lupus, is an autoimmune disease in which the bodyâ\x80\x99s immune system mistakenly attacks healthy tissue in many parts of the body. Symptoms vary between people and may be mild to severe.', 'WebMD Symptom Checker. Body aches or pains, Depressed mood, Fatigue and Headache. WebMD Symptom Checker helps you find the most common medical conditions indicated by the symptoms body aches or pains, depressed mood, fatigue and headache including Viral syndrome, Depression (Adult), and Depression (Child and Adolescent).', 'WebMD Symptom Checker helps you find the most common medical conditions indicated by the symptoms fatigue, hair loss and weight gain including Diabetes, type 2, Depression (Adult), and Congestive heart failure.']","Lupus symptoms include fatigue, joint pain, fever, and a lupus rash.",,1.0,0.789647126989465,0.0
how much money is made by donations,"['Contributions of money can be made in cash, by check or credit card or through some automatic deduction. For amounts up to $250, you can keep a receipt, cancelled check or statement. Donations of more than $250 require a written acknowledgement from the charity.', 'The amount that you earn for donation depends on the current needs of the donor pool, but the highest paying plasma companies pay anywhere from $ 20 - $ 50 per donation, and you can give twice a week! After your initial visit, the average payment is $25 for a first donations, $ 35 for the second donation of the week.', 'The company donates approximately $250,000 a year to charity. Prices. The company designs and buys the fabric, manufactures in New York and sells directly to the client so the same quality from other designers is usually 2 to 3 x higher. Blouses $150 - $235; Jackets $450 - $975; Pants and Skirts $295 - $495. The Collection. 80 styles and 140 style/color options.', '1 The ASRM suggests that $5,000 is a reasonable amount to expect for a paid egg donation, with $10,000 being the maximum. Despite this, clinics outside of the major cities may offer as low as $3,000. If you have previously donated eggs which have successfully lead to a pregnancy, your value is increased in future cycles.', 'The contribution limits work a little differently for Presidential campaigns. In the case of a Presidential candidate running in various State primaries, you may contribute up to $2,700 for the entire primary campaign period--not $2,700 for each State primary in which the candidate runs.']",I cannot answer from the given context.,,0.0,0.0,0.0
what cause pain on your right side,"['Causes of pain in the right side of your stomach. The pain can be caused by a wide array of conditions, some of which are important and others harmless. For example, it may be the result of poor digestion, gas or constipation.', ""Causes, Diagnosis And Treatment. Right side abdominal pain is commonly caused by conditions such as appendicitis, gallstones, kidney stones, constipation, ectopic pregnancy, ovarian cyst troubles, endometriosis, Crohn's disease, ulcerative colitis, trapped wind, kidney infection, pulled muscles, hepatitis, and a number of other rarer diseases."", 'For example, the following potentially serious conditions may include lower right back pain as one of the symptoms: Appendicitis. This condition occurs when the appendix, located in the lower right hand side of the abdomen, becomes inflammation and/or ruptures. It may cause sharp, intense lower right back pain and/or pain on the lower right side of the abdomen. Symptoms vary and may include nausea, vomiting, or fever. Symptoms may occur suddenly or develop gradually.', ""In order to understand the possible cause of a 'right side stomach pain', it may be helpful to know the organs and structures that exist in this region of the body. Diseases, infections, or irritation of any of these organs will lead to a right side abdominal pain."", 'Causes for Right Side Abdominal Pain. Abdominal pain is generally classified as a dull, constant ache, the sensation of burning or tingling, or sharp stabbing pains in the stomach area. Although the pain feels like it is coming from the stomach, the stomach is only one organ that could be affected when abdominal pain is present.']","Pain on your right side can be caused by conditions such as appendicitis, gallstones, kidney stones, constipation, ectopic pregnancy, ovarian cyst troubles, endometriosis, Crohn's disease, ulcerative colitis, trapped wind, kidney infection, pulled muscles, hepatitis, and other rarer diseases. It may also result from poor digestion, gas, or constipation.",,1.0,0.9164133997652434,0.0
what cell structure does archaebacteria have,"[""Locomotion. Some archaea have flagella, hair-like structures that assist in movement. There can be one or many attached to the cell's outer membrane. Protein networks can also be found on the cell membrane, which allow cells to attach themselves in groups."", 'Cells are divided into two main groups, based on whether they have a nucleus or not. Eukaryotes have a well-defined nucleus, while prokaryotes do not. Classified as prokaryotes, bacteria include two major groups: eubacteria, which are medically relevant bacteria, and archaeabacteria, the oldest living organisms. When people mention bacteria, they are usually referring to eubacteria, or any of their numerous subgroups.', 'Eubacteria are prokaryotic organisms, as characterized by the lack of a membrane-enclosed nucleus, predominantly unicellular, with DNA in single circular chromosome, and have peptidoglycan on cell wall when present.ubacteria are prokaryotic organisms, as characterized by the lack of a membrane-enclosed nucleus, predominantly unicellular, with DNA in single circular chromosome, and have peptidoglycan on cell wall when present.', 'Bacterial Cell Structure and Function. Cellular world can be divided into two types, depending on the presence of nuclei inside cells. Eukaryotic cells have a well-defined nucleus surrounded by a nuclear envelope, whereas prokaryotic cells lack this compartment. All bacteria are prokaryotes. We will discover the structure and function of bacteria in this article. What do bacteria look like? When observing bacteria with microscope, it is not difficult to compare bacterial cell shapes and arrangements. There are many bacterial morphologies, each of them with a specific name. 1 Rod-shaped (Baccilus) i.e. Escherichia coli, Bacillus cereus. 2 Spherical (Coccus): i.e. Staphylococcus epiderminis. 3 Curved (Vibrio, Spirochaete) i.e. Vibrio cholera, Rhodospirilium rubrum. 4 Square-shaped (Arcula) 5 Star-shaped (Stella)', 'Cell shape and Arrangement-The three main shapes of bacterial cells are: ï\x82· Spheres (cocci [plural] or coccus [singular] ï\x82· Rods (bacilli [plural] or bacillus [singular] ï\x82· Helical (spirilla [plural] or spirillum [singular] The main arrangements are single cells, diplo- (pairs), staphylo- (clusters), and strepto- (chains).']",I cannot answer from the given context.,,0.0,-0.0,0.0
how much power could i make on exercise bike,"['Recumbent exercise bikes start at around $130 to $150 for very basic models. The most expensive models can cost over $500. For this price, expect all the best features, such as fitness tracking synced with an app via Bluetooth, built-in speakers with audio input, extra-comfortable seats, and a range of preset programs.', 'The same as any exercise how many calories you burn cycling depends on three key factors: 1 Your weight, the more you weigh the more energy required to move cycle. 2 Your speed, the faster you peddle the more energy required, the more calories youâ\x80\x99ll burn. 3 Your duration, the longer youâ\x80\x99re on your bike for the more calories youâ\x80\x99ll burn.', 'Reducing the weight of the bike + rider by 1 kg would increase speed by 0.01 m/s at 9 m/s on the flat (5 seconds in a 32 km/h (20 mph), 40-kilometre (25 mile) TT). The same reduction on a 7% grade would be worth 0.04 m/s (90 kg bike + rider) to 0.07 m/s (65 kg bike + rider).', ""Riding your bike zaps nine to 10 calories a minute, which means a 150-pound cyclist will burn between 500 and 600 caloriesâ\x80\x94roughly the amount in a 6-inch Spicy Italian Subway subâ\x80\x94on a typical hour-long ride. (If you're heavier, you shed more calories; if you're lighter, you lose less.). Advertisement."", 'This is taking into account that youâ\x80\x99ve got the right treadmill for the amount of exercise you do. Ideally, if you run on a treadmill the motorâ\x80\x99s RPMs should be lower than 4000; if youâ\x80\x99re a walker, the RPMs should be under 5000. Motors that spin faster than this are bound to overheat and youâ\x80\x99re just asking for trouble.']",I cannot answer from the given context.,,0.0,-0.0,0.0
what is carbohydrates?,"['Carbohydrate. A carbohydrate is an organic compound that consists only of carbon, hydrogen, and oxygen, usually with a hydrogen:oxygen atom ratio of 2:1; in other words, with the empirical formula Cmn.Some exceptions exist; for example, deoxyribose, a sugar component of DNA, has the empirical formula C5H10O4. carbohydrate is an organic compound that consists only of carbon, hydrogen, and oxygen, usually with a hydrogen:oxygen atom ratio of 2:1; in other words, with the empirical formula Cmn.', 'Carbohydrates are one of the main types of nutrients. They are the most important source of energy for your body. Your digestive system changes carbohydrates into glucose (blood sugar). Your body uses this sugar for energy for your cells, tissues and organs. It stores any extra sugar in your liver and muscles for when it is needed. Carbohydrates are called simple or complex, depending on their chemical structure.', 'The simplest form of carbohydrate is glucose. Simple sugars that are found in foods include sucrose (table sugar), fructose (found in fruit), and lactose (found in milk). Not all simple carbs are bad. Natural simple carbs in fruit and milk are perfectly healthy.', 'Structure. Simple carbohydrates are classified as either monosaccharides or disaccharides. Monosaccharides are the simplest, most basic units of carbohydrates and are made up of only one sugar unit. Glucose and fructose are monosaccharides and are the building blocks of sucrose, a disaccharide.', ""Two Types of Carbohydrates. There are two major types of carbohydrates (or carbs) in foods: simple and complex. Simple carbohydrates: These are also called simple sugars. Simple sugars are found in refined sugars, like the white sugar you'd find in a sugar bowl. If you have a lollipop, you're eating simple carbs.""]","Carbohydrates are organic compounds that consist only of carbon, hydrogen, and oxygen, usually with a hydrogen:oxygen atom ratio of 2:1. They are one of the main types of nutrients and the most important source of energy for the body, which changes carbohydrates into glucose for energy.",,1.0,0.8656929081455709,0.0
is phentermine a amphetamines;,"['Answers from Donald Hensrud, M.D. Phentermine (Adipex-P, Suprenza) is an amphetamine-like prescription medication used to suppress appetite. It can help weight loss by decreasing your hunger or making you feel full longer. Phentermine is also available in a combination medication for weight loss (Qsymia).', 'because of a stupid decision I made and listened to my dr to take medication [Phentermine; which is an amphetamine] to lose weight. Sometimes even with prescription medication, it can cause major health problems later in life - the decision is yours and yours alone, all we can do is to share what we know.', 'Amphetamine is a potent central nervous system (CNS) stimulant of the phenethylamine class that is used in the treatment of attention deficit hyperactivity disorder (ADHD) and narcolepsy. Amphetamine was discovered in 1887 and exists as two enantiomers: levoamphetamine and dextroamphetamine.', 'The fixed combination of phentermine and topiramate has been developed as a weight loss agent and was approved for use in the United States in 2012. This combination has not been linked to serum enzyme elevations or clinically apparent liver injury, but has been in general use for a short time only. Topiramate by itself is used as an anticonvulsant and has been implicated in rare instances of acute liver injury.', 'Long-term Phentermine Pharmacotherapy: An Investigation for Symptoms of Dependence, Cravings, or Withdrawal (PC-II) The safety and scientific validity of this study is the responsibility of the study sponsor and investigators.']","Yes, phentermine is an amphetamine.",,1.0,0.9645410264826042,0.0
what gas produces yellow lightning,"['The color of the light comes from the spectral output of the gas. In the case of a sodium-vapor bulb, the sodium gas tends to emit more photons in the long wavelength (Yellow, Orange, and Red) parts of the spectrum leading to the yellow/orange color you see.', 'for example the yellow emission from sodium is much brighter than the red emission from the same amount of lithium impurities or contaminants affect the test results sodium in particular is present in most compounds and will color the flame sometimes a blue glass is used to filter out the yellow of sodiumthe test cannot differentiate between all elements several metals produce the same flame colorest the cleanliness of the loop by inserting it into a gas flame if a burst of color is produced the loop is not sufficiently clean the loop must be cleaned between tests the clean loop is dipped in either a powder or solution of an ionic metal salt', 'Yellow fever is caused by a virus that is spread by several species of Aedes and Haemogus mosquitoes. Infection causes disease, with symptoms ranging from a mild flu to severe illness, including high fever, severe headache, muscle pain, jaundice, and vomiting of a liquefied black putrid matter.It is the pronounced yellow skin and eye color of severe jaundice that gives rise to the name yellow fever.ellow fever got its name because of the severe jaundice that is a symptom of the diseaseâ\x80\x94it causes pronounced yellow skin and eye color. At one time it was called â\x80\x9cBlack Vomitâ\x80\x9d because of the characteristic black putrid vomit it produces.', ""Green Fluorescent Protein (GFP). Green Fluorescent Protein (GFP) is a protein produced by a jellyfish Aequorea victoria; which produces glowing points of light around the margin of it's umbrella.The light arises from yellow tissue masses that each consist of about 6000-7000 photogenic cells.FP a 238 amino acids protein which is very stable in neutral buffers up to 65oC, and displays a broad range of pH stability from 5.5 to 12. The protein is intensely fluorescent, with a quantum efficiency of approximately 80% and molar extinction coefficient of 2.2 x 104 cm-1 M-1."", ""Lightning is a bright flash of electricity produced by a thunderstorm. All thunderstorms produce lightning and are very dangerous. If you hear the sound of thunder, then you are in danger from lightning. Lightning kills and injures more people each year than hurricanes or tornadoes; between 75 to 100 people.t teaches them how thunderstorms are formed! Lightning Experiment: Here is a great experiment that allows kids to make lightning in their mouth. It's a great way for them to understand how lightning works. Lightning Experiment: Here is a great experiment that allows the kids to make lightning.""]",I cannot answer from the given context.,,0.0,-0.0,0.0
is hsa account taxable,"['HSA Tax Benefits. There are three key tax benefits to a Health Savings Account (HSA). Money goes into and comes out of an HSA tax-free (as long as funds are used to pay for qualified medical expenses). Contributions to HSAs are not subject to federal income taxes.*.', 'The contribution you make to your health savings account (HSA) is 100 percent tax-deductible up to a limit of $6,750 for a family and $3,350 for an individual. Your HSA-qualified health insurance must be in place by December 1st in order to qualify for a current year tax deduction.', 'Rating Newest Oldest. Best Answer: An HSA is a health savings account. You can put pre-tax dollars away and use them for medical expenses your insurance does not cover. Usually you pay the expense, submit the claim and proof of payment, and get reimbursed from the account. There are limits to what you can use the money for and how much you can set aside each year.', 'An HSA Insurance Plan can be summed up in 3 easy steps: HSA Benefits at a Glance: Double-discounts. When you visit a physician, you pay with tax-free money from your health savings account--money you otherwise would have paid in taxes or premiums, for the most part.', 'The people who can benefit most from the lavish tax advantages of HSAs basically must either be incredibly healthy or have a lot of cash on hand to cover todayâ\x80\x99s health care costs while letting their savings grow tax-free over time. Here are a few other health savings account rules that limit their usefulness:']",Money goes into and comes out of an HSA tax-free as long as funds are used to pay for qualified medical expenses. Contributions to HSAs are not subject to federal income taxes.,,1.0,0.5525986465800914,0.249999999975
how much time to submit hail claim,"['National Hail Statistics. According to a May 2016 National Insurance Crime Bureau report, Colorado had the second highest number of hail claims in the US from 2013-2015 (182,591), second only to Texas. Texas was the top state in hail loss claims from 2013 through 2015 with 394,572 hail claims. The top 10 states represented 66 percent of the total number of hail claims duing this timeframe. Personal Property Homeowners was the policy type most affected by hail loss claims from 2013 through 2015 - over 50 percent more often than the next most impacted policy type, Personal Automobile, in hail loss claims over that three-year span.', 'You should submit your claim for Child Care Benefit through the Family Assistance Office as soon as possible, so that you can be paid from the earliest possible date. If you have children in registered care, your claim must be lodged within the 12 months following the care being provided.ou should submit your claim for Child Care Benefit through the Family Assistance Office as soon as possible, so that you can be paid from the earliest possible date. If you have children in registered care, your claim must be lodged within the 12 months following the care being provided.', 'Responding to a Summons. In most civil law suits, a person has 21 days in which to answer the complaint or petition. If the person is served outside of Utah, they have 30 days in which to answer. The 21/30 day time frame does not apply in all cases. Eviction and small claims cases, for example, have different time frames. It is very important that you file a written answer to the civil complaint or petition.', 'After you receive your first EDD. payment you should expect to wait 10-days to two weeks for subsequent payments, but that is only if you send. in your claim forms in a timely manner. For re-opened claim within that same claim year you will not have the.', 'There is no deadline. The Social Security Administration can take however long it needs to make its decision on your Social Security disability claim. Even the people that understood that the 120 days was an average were still confused about how long their claims were going to take. Many thought that their cases would take 120 days give or take a few days. In reality, the amount of time that it takes to make a decision varies greatly from case to case.']",I cannot answer from the given context.,,1.0,0.0,0.0
what are cellular biomarkers,"['Biomarker (cell) For other uses, see Biomarker (disambiguation). A biomarker, or biological marker, is defined as a cellular, biochemical or molecular alteration in cells, tissues or fluids that can be measured and evaluated to indicate normal biological processes, pathogenic processes, or pharmacological responses to a therapeutic intervention..', 'A genetic marker is defined as a specific gene or DNA sequence that produces a detectable trait with a known location on a chromosome and that can be used to study family and population, identification of cells, species or individual. Introduction:', 'DNA tests can show bioloical relatives, and help to detect criminals. DNA is found in both plant and animal cells because without the DNA to control what the cell will look and act like there is no cell. hope that helps, good luck! This Site Might Help You.', 'Amino Acids. Proteins are the most diverse biomolecules on Earth, performing many functions required for life. Protein enzymes are biological catalysts, maintaining life by regulating where and when cellular reactions occur. Structural proteins provide internal and external support to protect and maintain cell shape.', 'Cellular waste products are formed as a by-product of cellular respiration, a series of processes and reactions that generate energy for the cell, in the form of ATP. Two examples of cellular respiration creating cellular waste products are aerobic respiration and anaerobic respiration.ellular waste products are formed as a by-product of cellular respiration, a series of processes and reactions that generate energy for the cell, in the form of ATP. Two examples of cellular respiration creating cellular waste products are aerobic respiration and anaerobic respiration.']","A cellular biomarker is defined as a cellular, biochemical or molecular alteration in cells, tissues or fluids that can be measured and evaluated to indicate normal biological processes, pathogenic processes, or pharmacological responses to a therapeutic intervention.",,1.0,0.9192896394159596,0.0
symptoms of liver distress,"['Signs and symptoms of liver disease include: 1 Skin and eyes that appear yellowish (jaundice) 2 Abdominal pain and swelling. 3 Swelling in the legs and ankles. Itchy 1 skin. Dark urine color. Pale stool color, or bloody or tar-colored 1 stool. Chronic fatigue. Nausea or 1 vomiting. Loss of appetite. Tendency to bruise easily.', 'Knowledge is power, and can often save a life, so here are 10 of the most common signs that a person is suffering from liver damage. Fatigue is hands down the most frequently experienced symptom in sufferers of liver disease and damage. It is important to note that a feeling of over and unwanted tiredness and fatigue can manifest itself not just physically, but mentally as well; and often both.', 'The presence of liver problems can be inferred by the appearance of some typical symptoms such as the production of very pale and greasy stools, jaundice is always a result of liver dysfunction, in addition physical discomfort or pain just below the tight rib cage also suggests liver problems or the presence of disorders.', 'In addition, the doctor may request a liver biopsy, liver function tests, an ultrasound, a computed tomography (CT) scan, and/or a magnetic resonance imaging (MRI) scan. Some common liver disease symptoms include the following, each of which are described briefly below: Jaundice. A yellowing of the skin and eyes.', '1 A damaged liver cannot remove bilirubin from the blood. 2 The skin and the white part of the eyes become yellow due to its presence in the blood. 3 This condition is called jaundice, which is one of the major symptoms of liver damage. 4 Nails change in color and appearance.']","Symptoms of liver distress include: jaundice (yellowish skin and eyes), abdominal pain and swelling, swelling in the legs and ankles, itchy skin, dark urine color, pale or bloody/tar-colored stool, chronic fatigue, nausea or vomiting, loss of appetite, and a tendency to bruise easily.",,1.0,0.9391338281325671,0.9999999999
what is carpuject,"['The carpuject is a syringe device for the administration of injectable fluid medication. It was patented by the Sterling Drug Company, which became the Sterling Winthrop, after World War II.', 'The carpal tunnel is formed by the transverse carpal ligament anteriorly and the bones of the wrist posteriorly, laterally, and medially. The median nerve and finger flexor tendons pass through the tunnel so that narrowing of the space or inflammation of the tendon synovial sheaths (tenosynovitis) may result in compression of the median nerve.', 'Hypocalcemia is a blood condition marked by tingling, muscle spasms and aches, and confusion. Benign essential tremor can cause shaking of the hands and forearms and a quivering voice. Carpal tunnel syndrome symptoms include burning or tingling in the hand and fingers, numbness, pain and more.', 'Cause. Carpal tunnel syndrome is caused by a pinching of the median nerve. This nerve passes through a tunnel in the wrist called the carpal tunnel; several other tendons that control the flexion of your fingers are also located in this tunnel (flexor tendons).', 'The wrist joint is also made up of many muscles, the majority of which are within the forearm. Most of these muscles help with the movement of the wrist, thumb, and fingers. In addition to moving forward and backward, some of these muscles also help the wrist move from side to side.ndividuals with carpal tunnel syndrome may experience numbness or tingling sensation in the fingers. Eight carpal bones make up the wrist. The wrist joint has many small bones, ligaments, and tendons. Typing on a keyboard can be hard on the wrists, possibly aggravating carpal tunnel problems.']","The carpuject is a syringe device for the administration of injectable fluid medication. It was patented by the Sterling Drug Company, which became the Sterling Winthrop, after World War II.",,1.0,0.6668181427792139,0.0
is shin splints an injury,"['1 Shin splints are a type of overuse injury to the legs. 2 The pain is characteristic and located on the outer edge of the mid region of the leg next to the shinbone (tibia). 3 It can be extreme and halt workouts. 4 The diagnosis requires a careful focused examination.', '0. 3. Shin splints is the name often given to exercise-induced pain in the lower leg, specifically along the front of the leg between the knee and the ankle-the area known as the shin.The exact cause of shin splints is not certain but they tend to be as a result of overuse and typically occur in runners.. 3. Shin splints is the name often given to exercise-induced pain in the lower leg, specifically along the front of the leg between the knee and the ankle-the area known as the shin. The exact cause of shin splints is not certain but they tend to be as a result of overuse and typically occur in runners.', 'While medial tibial stress syndrome is the most common form of shin splints, compartment syndrome and stress fractures are also common forms of shin splints. Females are 1.5 to 3.5 times more likely to progress to stress fractures from shin splints.', 'KT TAPE is lightweight, comfortable to wear, and can be used for hundreds of common injuries such as lower back pain, knee pain, shin splints, carpal tunnel syndrome, and tennis elbow, just to name a few.', 'Information on casts and splints is also available in Spanish: . Casts and splints support and protect injured bones and soft tissue. When you break a bone, your doctor will put the pieces back together in the right position. Casts and splints hold the bones in place while they heal. They also reduce pain, swelling, and muscle spasm. In some cases, splints and casts are applied following surgery.']","Yes, shin splints are a type of overuse injury to the legs.",,1.0,0.8664774729064769,0.9999999999
what is crossfit?,"['About CrossFit. What is CrossFit? CrossFit is a fitness and conditioning system developed by Coach Greg Glassman through many years of watching, working with, and coaching all types of people â\x80\x93 from those considered â\x80\x9cnormal and averageâ\x80\x9d, to top athletes.', 'Remember that CrossFit is the sport of fitness, and sports have rules and standards. [J]ust like the sport of basketball, baseball, etc., there are standards associated with the game. A strike is a strike. The ball through the hoop, not the ball hitting the backboard, gets you two points.', ""CrossFit creator calls for Adidas to sell Reebok. Greg Glassman, the creator of the fitness regimen CrossFit, didn't become one of the most powerful people in the fitness business by being coy. Glassman gives a candid interview and opens CrossFit's offices to Sharyn Alfonsi for a profile to be broadcast on 60 Minutes Sunday, May 10 at 8 p.m. ET/PT."", 'Now, for the details; The CrossFit Open begins Thursday, February 22nd when they will announce the first 2018 CrossFit Open WOD to the world. It will be the WOD all day on Friday, the 23rd, at Roots in regular group class but the real fun begins at 4pm with the Friday Night Lights (FNL).', 'Also found in: Dictionary, Financial, Wikipedia. Related to Cross Training: circuit training. Managed care Multiskilling The acquisition of multiple skills in multiple areas in the lab or in patient management by a worker, often who formerly carried out specialised tasks, thus reversing the trend toward specialization. Pros Short term, cross training solves staffing shortages and often decreases staffing costs.']","CrossFit is a fitness and conditioning system developed by Coach Greg Glassman through many years of watching, working with, and coaching all types of people – from those considered “normal and average”, to top athletes.",,1.0,0.9227210870295859,0.9999999999
cast of the seal team,"['Cast and characters Main. David Boreanaz as Master Chief Special Warfare Operator A Jason Hayes, leader of a Navy SEAL team (Bravo Team) dealing with the recent loss of one of their own. In the series pilot, Jason is referred to as a Senior Chief, but in Collapse, he calls himself an E-9 Master Chief.', 'Sierra Boggess (Ariel), Sherie Ren Scott (Ursula), Sean Palmer, Norm Lewis (King Triton), Tituss Burgess (Sebastian), Eddie Korbich (Scuttle), Jonathan Freeman (Grimsby), Derrick Baskin (Jetsam), Tyler Maynard (Flotsam), Cody Hanford (Flounder) and Jarrell J. Singleton (Flounder).', 'Actors starring in the series include, Joel Gretsch, Steve Burton, Eric Close, Heather Donahue, Matt Frewer, Catherine Dent, Ryan Hurst, Adam Kaufman, Karen Austin, Julie Benz, Tina Holmes, Willie Garson, John Hawkes, Jason Gray-Stanford, Andy Powers, Ryan Merriman, Michael Moriarty, Michael Jeter, James McDaniel, James Kirk and Dakota Fanning (who narrates, as well as starring as Allie Keys).', 'What is a SEAL? He is a common man with uncommon desire to succeed. A SEALâ\x80\x99s unflinching commitment to accomplish his mission is something that cannot be taught. Beyond his rigorous physical training, mental discipline and technological resources, it is his extraordinary, innate force of will that ensures a SEALâ\x80\x99s place amongst the pinnacle of elite warriors.', 'Monk: Tony Shalhoub, Traylor Howard, Jason Gray-Stanford, Ted Levine, Bitty Schram, Emmy Clarke, Hector Elizondo (I), Kane Ritchotte']",I cannot answer from the given context.,,0.0,0.0,0.0
what are overpacks used for in hazardous material,"['Hazard Class Labels. Labels are standard hazmat identifiers, designed to meet regulations. Hazard class labels and handling labels are placed on hazardous material packaging such as UN certified packaging, or overpacks. Shippers are responsible for choosing the correct labels for their shipments. Labeling a material incorrectly can result in costly shipping delays, fines, and injuries.', '(3) scrap metal and other metal objects, except objects that are classed as hazardous materials according to section 4 of this Regulation; (4) fabrics other than absorbent fabrics used during hazardous material recovery operations;', 'Sterile packaging, i.e., pouches, wrap, or rigid containers serve to maintain the sterility of processed instruments and allow for aseptic opening at point of use. Packaging should be done in a clean area using FDA-cleared materials such as pouches, wrap, or rigid containers.', 'Grease and oil and certain other materials can self-ignite in the presence of pure oxygen, which is why the NFPA considers them significantly more hazardous than other flammable materials when used with oxygen delivery systems.', 'Small spill kits should be packed with plastic bags in the bottom, sorbents in the middle, and protective clothing (i.e. gloves and safety glasses) on top. The first thing youâ\x80\x99ll use is the protective clothing so make sure you can see it and get to it quickly as soon as the kit is opened.se common sense to determine the level of danger and if other gear (i.e. helmets or steel toed boots) or outside assistance is nee ded. H: \\JUDY \\HWCS Website \\Environmental Programs \\Used Oil Program \\Forms \\How to Make and Use an Oil Spill Kit.doc Try to imagine the worst case scenario and plan accordingly.']",I cannot answer from the given context.,,0.0,0.0,0.0
what is drang und sturm?,"['Sturm und Drang is a proto-Romantic movement in German literature and music taking place from the late 1760s to the early 1780s, in which individual subjectivity and, in particular, extremes of emotion were given free expression in reaction to the perceived constraints of rationalism imposed by the Enlightenment and associated aesthetic movements.', 'Stuttering: Introduction. Stuttering: also known as stammering wherein the flow of speech is disrupted by involuntary repetations and prolongation of sounds. See detailed information below for a list of 28 causes of Stuttering, Symptom Checker, including diseases and drug side effect causes.', 'Duneyr (drooping-ears) â\x80\x93 one of the deer constellations, the name associated with the second largest of the deer. Consists largely of the stars of the Great Bear, with two stars for its front leg, five stars for its rear leg, seven stars make up its body, two for its neck, one for its eye, and three for its antlers.', 'Dual Shield T-115 is a basic slag flux cored electrode designed for applications requiring a high strength weld deposit. Dual Shield T-115 produces weld deposits which are resistant to cracking in heavy sections or und ... [Read more]', ""Greifswald (German pronunciation: [Ë\x88É¡Ê\x81aÉªfsvalt]), officially the University and Hanseatic City of Greifswald (German: UniversitÃ¤ts- und Hansestadt Greifswald), is a city in northeastern Germany. It is situated in the state of Mecklenburg-Vorpommern, at an equal distance of about 250 kilometres (160 mi) from Germany's two largest cities, Berlin and Hamburg, and 80 km (50 mi) from the Polish border.""]",I cannot answer from the given context.,,0.0,0.0,0.0
longest hair,"[""The official world record for the longest hair is held by Xie Qiuping of China, whose hair was measured in 2004 at 4.2 meters (14 ft) long. If Hay's hair was as long as it is claimed to be â\x80\x93 or even as long as the 6.2 meters that was reported in 2006 â\x80\x93 it would have taken the record by a considerable distance."", 'Report Abuse. i think longer hair actually makes people look older. if you have long hair it kind of drags down your face in a way, making you look older (heart shaped face) Try Chin-length or longer styles.Side-parted hair styles. Swept-forward layers around the upper face, gently wispy bangs. just now. Report Abuse. i think longer hair actually makes people look older. if you have long hair it kind of drags down your face in a way, making you look older (heart shaped face) Try Chin-length or longer styles. Side-parted hair styles.', 'According to the U.S Center for Disease Control (CDC), scalp hair grows at an average rate of 0.50 inches (1.25 cm) per month, or one-eight of an inch every week. This means the average person grows 6 inches of hair per year.', 'Note that type 4 hair is one the most common hair types found in black hair (african american hair). 1 Type 4A hair is full of tight coils. It has a â\x80\x9cSâ\x80\x9d pattern when stretched, much like Type 3 curly hair. Type 4B hair has a less defined pattern of curls and looks more like a â\x80\x9cZâ\x80\x9d as the hair bends with very sharp angles.', ""Unless your scalp unleashes new strands like a Chia Pet, gaining new length is going to take time. Hair typically only grows about a quarter of an inch â\x80\x94 to a half an inch max â\x80\x94 a month, says celebrity hair stylist Mark Townsend, who helped Ashley Olsen grow out her asymmetric bob to past her waist. And that's only if it is super-healthy and doesn't have a ton of split ends.. The bottom line: practice patience.""]","The official world record for the longest hair is held by Xie Qiuping of China, whose hair was measured in 2004 at 4.2 meters (14 ft) long.",,1.0,0.7740071415275973,0.0
interquartile math definition,"['Definition: Interquartile range is the measure of dispersion which is the difference in the values of two quartiles. The Lower Quartile is denoted as Q 1 and the Upper Quartile is denoted as Q 3. The interquartile range is Q 3 - Q 1. Semi Interquartile range is the midpoint of the interquartile range. In other words, it is one-half of the difference between the third quartile and the first quartile.', 'Sections: Quartiles, boxes, and whiskers, Five-number summary, Interquartile ranges and outliers. The interquartile range, abbreviated IQR , is just the width of the box in the box-and-whisker plot.That is, IQR = Q 3 â\x80\x93 Q 1. The IQR can be used as a measure of how spread-out the values are.Statistics assumes that your values are clustered around some central value.ections: Quartiles, boxes, and whiskers, Five-number summary, Interquartile ranges and outliers. The interquartile range, abbreviated IQR , is just the width of the box in the box-and-whisker plot.', 'The median is the (11 + 1) Ã· 2 = 6 th value. The lower quartile is the (11 + 1) Ã· 4 = 3 rd value. The upper quartile is the 3 (11 + 1) Ã· 4 = 9 th value. Therefore, the median is 8, the lower quartile is 4, and the upper quartile is 11. 3, 4, 4, 6, 8, 8, 10, 10, 11, 12, 31. The interquartile range is the difference between the upper quartile and lower quartile. In this example, the interquartile range is 11 - 4 = 7.', 'For the data set in this box plot: 1 lower (first) quartile Q1 = 7. 2 median (second quartile) Q2 = 8.5. 3 upper (third) quartile Q3 = 9. 4 interquartile range, IQR = Q3 - Q1 = 2. 5 lower 1.5*IQR whisker = Q1 - 1.5 * IQR = 7 - 3 = 4. 6 upper 1.5*IQR whisker = Q3 + 1.5 * IQR = 9 + 3 = 12.', 'interregnum - the time between two reigns, governments, etc. INTERREGNUM, polit. law. In an established government, the period which elapses between the death of a sovereign and the election of another is called interregnum. It is also understood for the vacancy created in the executive power, and for any vacancy which occurs when there is no government.']","The interquartile range is the measure of dispersion which is the difference in the values of two quartiles. The Lower Quartile is denoted as Q1 and the Upper Quartile is denoted as Q3. The interquartile range is Q3 - Q1. Semi Interquartile range is the midpoint of the interquartile range, which is one-half of the difference between the third quartile and the first quartile.",,1.0,0.6290825313961396,0.49999999995
what is a straddle,"['A straddle is any set of offsetting positions on personal property. One example, is a put and call option on the same number of shares of a particular security, with the same exercise price and expiration date.', 'The brachioradialis is a superficial, fusiform muscle on the lateral side of the forearm that attaches proximally on the lateral supracondylar ridge of the humerus and distally on the radius, close to its styloid process.', 'Set top box interconnections. Set top box (STB) is a term that can include any type of accessory that may connect to the HDTV. Common STBs are satellite receivers, cable TV receivers, OTA receivers, DVD players, VCRs, and so on.', ""Strabismus, also known as crossed eyes or wall eyes, is a condition in which the eyes are not aligned (they don't look towards an object together). One of the eyes may look in or out, or turn up or down. The eye turning away can occur all of the time or only sometimes, such as during stressful situations or illness."", ""stooge. A stooge is a person who will try and take every dollar you have, and then save those dollars for any cause that doesnt involve giving it to friends, or family. These stooges are often in 'stooge denial'. You can spot a stooge, at events where free food is served.""]","A straddle is any set of offsetting positions on personal property. One example is a put and call option on the same number of shares of a particular security, with the same exercise price and expiration date.",,1.0,0.7636786633145881,0.0
what is a pulley for,"['In a pulley system, one end of the rope is attached to the load and the other end is pulled in order to move or lift the load. A single pulley has only one wheel. The pulley makes the task of lifting a load more convenient since it is easier to pull a rope down than it is to lift a weight up.', ""You won't believe these 10 facts about people. An idler pulley is a specific part of a vehicleâ\x80\x99s belt system that helps regulate how the belts run from the crankshaft to generate movement in other parts and engine accessories. It is one of a set of pulleys that a belt rests on."", ""Judd Pulley, MD is a practicing Family Practitioner in Appleton, WI. Dr. Pulley graduated from University of Illinois College of Medicine in 2003 and has been in practice for 11 years. He currently practices at ThedaCare Physicians and is affiliated with Appleton Medical Center. Dr. Pulley accepts multiple insurance plans including Aetna, Blue Cross Blue Shield of Michigan and Network Health Plan. Dr. Pulley is board certified in Family Medicine and Sports Medicine. In addition to English, Dr. Pulley's practice supports this language: Spanish."", 'reinforce the structure of the ï¬\x82 exor tendon sheaths (Figure 3). Th ese pulleys also provide a fulcrum to elicit ï¬\x82 exion and exten-sion. Variations in the pulley anatomy have been reported; how-ever, the A2, A3, and A4 pulleys are relatively constant in their anatomic locations (2).', 'Also used on fixed structures, pull tube risers are pipelines or flowlines that are threaded up the center of the facility. For pull tube risers, a pull tube with a diameter wider than the riser is preinstalled on the facility. Then, a wire rope is attached to a pipeline or flowline on the seafloor. The line is then pulled through the pull tube to the topsides, bringing the pipe along with it.']",A pulley is used to make the task of lifting a load more convenient since it is easier to pull a rope down than it is to lift a weight up.,,1.0,0.9204052377125528,0.0
what is gabba,"['The Brisbane Cricket Ground, commonly known as The Gabba, is a major sports stadium in Brisbane, the capital of Queensland. It is named after the suburb of Woolloongabba, in which it is located.etween 1993 and 2005, The Gabba was redeveloped in six stages at a cost of A$128,000,000. The dimensions of the playing field are now 170.6 metres (east-west) by 149.9 metres (north-south) to accommodate the playing of Australian Football at elite level.', 'Gabapentin is an anticonvulsant medication with antineuralgic properties. It is indicated for the treatment of epilepsy (repeated seizures), restless leg syndrome, and postherpetic neuralgia. Gabapentin is widely prescribed off-label in a number of psychiatric, neurologic, and pain disorders.', '1. the hock of an animal, esp. of a horse. 2. Also called gamâ\x80²brel stick`. a wood or metal device for suspending a slaughtered animal. [1540â\x80\x9350; < Old North French gamberel, akin to French jambier legging, jambe leg] hockshin, gambrel - The underside of the thigh is the hockshin or gambrel.', 'GABA-Inhibitory Neuromodulator. GABA is a true neurotransmitter and is the major inhibitory neurotransmitter of the brain, occurring in 30-40% of all synapses. GABA is second only to glutamate, the brain s major excitatory neurotransmitter.The GABA concentration in the brain is 200-1000 times greater than that of the monoamines or acetylcholine.pinephrine, also known as adrenaline, is an excitatory neurotransmitter and hormone essential for lipolysis, which is a process in which the body metabolizes fat. Epinephrine is derived from the amine norepinephrine. As a neurotransmitter, epinephrine regulates attentiveness and mental focus.', ""GABA (gamma-aminobutyric acid) supplements have been known to treat these issues along with many others that prevent people from following through with their everyday routines. GABA is a natural source of energy that is given off in your brain through specific neurotransmitters.ABA supplements have been proven to reduce these issues to some extent. Although GABA supplements do not provide the same kind of direct attention to the body's nervous system as the natural chemical does, they do work with the body's peripheral nervous system in order to slow down actions in order to remain calm.""]",I cannot answer from the given context.,,1.0,0.0,0.249999999975
what is granicrete,"['Granicrete is very durable, and, unlike granite, remains impermeable to water, food bacteria, harsh chemicals and stains. Granite, on the other hand, stains with certain fruits, oils, and retains bacteria. Granicrete is also seamless and uses a USDA approved epoxy coating, unlike granite.', 'The word granite comes from the Latin granum, a grain, in reference to the coarse-grained structure of such a holocrystalline rock. By definition, granite is an igneous rock with at least 20% quartz and up to 65% alkali feldspar by volume. The term granitic means granite-like and is applied to granite and a group of intrusive igneous rocks with similar textures and slight variations in composition and origin.', 'Summary. You have learned that grana serve as the substrate for the light reactions of photosynthesis. You have also examined the structure of grana and the role they play in generating ATP in plant and algae cells, which can differ in their thylakoid organization.nstructor: Meredith Mikell. Grana are a necessary part of the process of photosynthesis. In this article you will learn exactly what grana are: their structure, function, and prevalence, and will test your knowledge with a short quiz.', 'Granulocytes are a type of white blood cells that are present in the cytoplasm in the form of granules whereas Aranulocytes are a type of white blood cells that locate in the cytoplasm without the formation of granules. Granulocytes are also known as Polymorphonuclear leukocytes whereas Agranulocytes are known as mononuclear leukocytes.', 'Granulomas are small, red, raised areas on or around the stoma. They develop as a result of over-healing of damaged skin or the stoma surface, possibly due to friction from the bag. Some, but not all, stoma granulomas can cause bleeding and discomfort.']","Granicrete is a durable material that remains impermeable to water, food bacteria, harsh chemicals, and stains. It is seamless and uses a USDA approved epoxy coating, unlike granite.",,1.0,0.7191798081943777,0.0
what county is junction city ar in,"['Junction City is the southernmost city in Arkansas. Straddling the state line with Louisiana, Junction City has two city governments and exists in Union County, Arkansas; Union Parish, Louisiana; and Claiborne Parish, Louisiana. Junction City was created by the Arkansas Southern Railway Company, which was formed by the directors of the South Arkansas Lumber Company. Both businesses were incorporated in August 1892, and the railroad began building a line from El Dorado (Union County) south to the state line.', 'Finney County - Garden City Ford County - Dodge City Franklin County - Ottawa Geary County - Junction City Gove County - Gove Graham County - Hill City Grant County - Ulysses Gray County - Cimarron Greeley County - Tribune Greenwood County - Eureka Hamilton County - Syracuse Harper County - Anthony Harvey County - Newton Haskell County - Sublette', 'Lebanon Junction, Kentucky. Lebanon Junction is a home rule-class city in Bullitt County, Kentucky, in the United States. The population was 1,813 as of the 2010 census.', 'Crystal City is a city in and the county seat of Zavala County, Texas, United States. The population was 7,138 at the 2010 census. It was settled as a farming and ranching community and was a major railroad stop being 110 miles (180 km) from San Antonio. During World War II, a large internment camp was located here.', 'Universal City Municipal Court. Morals, ethics, and education have been the keys of this community in Bexar County to achieve balance and a great quality of life of all its residents. Universal City is located adjacent to the Randolph Air Force Base; and as a reference point is more than 15 miles away from San Antonio and less than 5 miles away from Live Oak, Converse, Selma, Schertz, and Cibolo.']","Junction City is in Union County, Arkansas.",,1.0,0.8147076591801227,0.0
what is an acl,"['An access control list (ACL), with respect to a computer file system, is a list of permissions attached to an object.An ACL specifies which users or system processes are granted access to objects, as well as what operations are allowed on given objects.Each entry in a typical ACL specifies a subject and an operation.n the 1990s the ACL and RBAC models were extensively tested and used to administrate file permissions. A filesystem ACL is a data structure (usually a table) containing entries that specify individual user or group rights to specific system objects such as programs, processes, or files.', 'The anterior cruciate ligament (ACL) is one of a pair of cruciate ligaments (the other being the posterior cruciate ligament) in the human knee.They are also called cruciform ligaments as they are arranged in a crossed formation.ehabilitation is crucial to any ACL surgery. ACL surgery typically takes 6 to 9 months for complete recovery and return to sports or such activity. Revision ACL surgery will often take 9 months to more than a year. During this time, the doctor should guide the patient through the rehabilitation process.', 'An ACH is an electronic fund transfer made between banks and credit unions across what is called the Automated Clearing House network. ACH is used for all kinds of fund transfer transactions, including direct deposit of paychecks and monthly debits for routine payments.Merchants often enable consumers to pay bills via ACH by providing an account number and bank routing number.CH is used for all kinds of fund transfer transactions, including direct deposit of paychecks and monthly debits for routine payments. Merchants often enable consumers to pay bills via ACH by providing an account number and bank routing number.', '1 It connects the thighbone to the shinbone in the knee. ACL injuries are a common cause of disability to the knee. The posterior cruciate ligament (PCL) is the second major ligament in the knee connecting the thighbone to the shinbone in the knee.', 'HeartCode ACLS Part 1 Updated:Aug 12,2016 HeartCodeÂ® ACLS Part 1 is a Web-based, self-paced instructional program that uses eSimulation technology to allow students to assess and treat patients in virtual healthcare settings. In this environment, students apply their knowledge to real-time decision making and skills development.']","An ACL can refer to two different concepts based on the context provided: 

1. In computer file systems, an access control list (ACL) is a list of permissions attached to an object that specifies which users or system processes are granted access to objects and what operations are allowed on those objects.

2. In human anatomy, the anterior cruciate ligament (ACL) is one of a pair of cruciate ligaments in the knee, connecting the thighbone to the shinbone and is crucial for knee stability. 

Both definitions are valid depending on the context.",,0.875,0.883720000334358,0.0
what are the possible reasons the decline of the maya,"['There are many known reasons for the decline and disappearance of the Mayan Civilization during the Classic period, such as population growth and increased scale of kingdoms. The Yucatan began to get overpopulated during the Classic period and eventually there was no more room on the Yucatan Peninsula for more people.', ""Because Belize's original Maya peoples were decimated by disease and wars, or fled to Mexico and Guatemala, many of the country's Maya today are descended from other groups. The current Maya population consists mainly of three language groups. The Yucatec fled to Belize in the late 1840s to escape the Caste War in YucatÃ¡n, Mexico. Their descendants live in the Orange Walk and Corozal districts, which border on Mexico."", ""After ascending through the thirteen levels, one did not live in the air but, rather, on a mystical mountain back on the planet. It was because of this cyclical view that the Maya did not believe there was anything wrong with human sacrifice. Those people who were offered to the gods did not `die' but simply moved on."", 'Stable Food Supply: The Mayan food was very healthy and had a lot of protein and nutrition. This is why many Mayans were very healthy and strong. Maize was a major crop, one of the staple food, and were grown in farms. Beans was also a big protein source. The Mayans ate a lot of vegetables, including squash, pumpkin, manioc, tomato, sweet potato, etc. Their fruits were, avocado, papaya, and guava, etc.', 'As a result, the rapid deforestation exacerbated an already severe droughtâ\x80\x94in the simulation, deforestation reduced precipitation by five to 15 percent and was responsible for 60 percent of the total drying that occurred over the course of a century as the Mayan civilization collapsed.']","The possible reasons for the decline of the Maya include population growth and increased scale of kingdoms leading to overpopulation on the Yucatan Peninsula, decimation of the original Maya peoples in Belize by disease and wars, and rapid deforestation that exacerbated severe drought, reducing precipitation and contributing to the civilization's collapse.",,1.0,0.9120425267103337,0.0
how much is a switch,"['An ignition switch can cost $12-$550 or more but averages about $50-$250, depending on the make and model of vehicle, if it is a single part or a combined unit (both ignition switch and lock cylinder), and whether the part is aftermarket (produced by a company other than the original vehicle manufacturer) or OEM (from the vehicle manufacturer).', '1985-1990 Bronco II Window Control Switch Ford (1985 1986 1987 1988 1989 1990 85 86 87 88 89 90 truck, passenger side, Drivers side, power, button, panel, door, lock). $25.00 & FREE Shipping Only 1 left in stock.', 'At the time you made the change, a flight for the new dates was selling for $500. To switch to that flight, United would charge a $200 change fee, plus another $200 for the fare difference ($500 minus $300). So the change would cost $400 overallâ\x80\x94or more than the original ticket cost!And thatâ\x80\x99s on top of the $300 spent on the initial booking.t the time you made the change, a flight for the new dates was selling for $500. To switch to that flight, United would charge a $200 change fee, plus another $200 for the fare difference ($500 minus $300). So the change would cost $400 overallâ\x80\x94or more than the original ticket cost!', 'A network switch is a multiport network bridge that uses hardware addresses to process and forward data at the data link layer (layer 2) of the OSI model.', 'Prior to operation, with the tank, empty of water, the pressure should be 2psi below the cut-on pressure. So, for example, with a 30-50 pressure switch (factory default setting), air pressure in the tank will equal 28psi. If the pressure switch is adjusted to 40-60, the cut-on pressure will be 38psi. Furthermore, always set the pressure switch to reflect a 20psi differential between cut-on and cut-off.']",I cannot answer from the given context.,,0.0,-0.0,0.0
can Climbing Roses grow as bush roses?,"['Planting a climbing rose. Climbing roses will require some support, normally in the form of horizontal wires spaced 45cm (18 inches) apart up the wall or fence and positioned about 7cm away from the wall to allow air circulation. You can also grow climbing roses over a rose arch, which is very effective.Walls and other solid structures often cause the soil at their base to be dry so place your climbing rose 30-45cm (12-18 inches) away from the wall or fence at a 45 degree angle.rowing roses in containers. If you have heavy clay soil or just want to brighten up your patio you can successfully grow roses in containers. Containers need to be at least 30-45cm (12-18 inches) deep for bush roses; miniature roses can be grown in pots as small as 25cm (10 inches) deep.', 'Good climbing plants for containers include climbing roses, clematis and sweet peas. Container plants are also great for â\x80\x98plungingâ\x80\x99 into your borders to give instant impact. This is particularly useful when a spring-flowering plant has died down and left a gap in your border.', 'Pruning Knock OutÂ® Roses. June 12th, 2013. Prune your rose bush in early spring, never in the fall and never in the winter. Check your rose bush from time to time as spring moves along and when you start to see new shoots growing from the canes on your rose bush, thatâ\x80\x99s a good sign that it is time to prune.', 'About Tree Roses. Tree roses are manufactured plants -- the flowering top is hand-grafted onto the thick stem of a different rose variety to produce a tree-like plant.', 'Early lilac (Syringa oblata), a variety of lilac bush, is a deciduous shrub. Growing 10 to 12 feet tall and 8 to 10 feet wide, early lilac bushes have medium texture and an upright form. The fragrant flowers appear on 2- to 5-inch-long panicles that emerge in late spring.']",I cannot answer from the given context.,,0.0,0.0,0.0
what does microsoft warranty cover for surface book?,"['What does the warranty cover, and how long are my Surface and accessories covered? Your Surface standard limited warranty has two parts: Limited hardware warranty: Includes service on hardware and covered accessories for one year from the date of purchase. Covered accessories include the Surface branded accessories.*. Technical support: Provides help and technical support on preinstalled software for the first 90 days after purchase.', 'The Microsoft Surface Pro 4 is a good-looking and premium-feeling tablet, and Microsoft has made a similarly attractive peripheral with the Microsoft Surface Keyboard. It has a silver and gray color scheme, and the metal back feels nice and sturdy.', 'The Surface Pro 3 is the third professional tablet from Microsoft that doubles as an Ultrabook. It was announced May 20 at a press event in New York City. Despite being called the Surface Pro 3, it is not a direct follow-up to the Surface Pro 2. Instead, the Surface Pro 3 is an entirely new model with a larger screen.', 'All models of Surface Pro 3 are available for pre-order today. The Core i5 models with 128 GB or 256 GB of storage are promised to ship by June 20, 2014, to customers in the U.S. and Canada. If you preorder an i3 or i7 configuration, Microsoft says your order will ship before the end of August.', '1 The touchpad buttons on Type Cover, Type Cover for Surface Pro 3 and Surface 3 Type Cover click when you press them. 2 The touchpad buttons on Touch Cover, Touch Cover 2, Type Cover 2 and Power Cover are flat and donâ\x80\x99t move when you press them. 3 Press the button firmly to click.']",I cannot answer from the given context.,,0.0,0.0,0.0
what do potatoes grow from,"['Potatoes are either grown from tubber or from Seed known as TPS (True Potato Seed). Potato plant bear flowers and seed pod in which there is very small size seed which can be planted for germination of plants. seed is very small therefore, this mostly used by breeders. Commercial farmers use tubbers.', 'We have two great challenges to growing potatoes in central Texas. First, potatoes like deep, rich, loose, slightly acid soil and ours tends to be shallow, poor, highly alkaline, and sticky. Potatoes also give small yields if exposed to high temperatures or really wet conditions too early.', 'Russet Burbank. Russet Burbank is a potato cultivar with dark brown skin and few eyes that is the most widely grown potato in North America. A russet type, its flesh is white, dry, and mealy, and it is good for baking, mashing, and french fries. It is a common and popular potato.', ""=================================================== Nuts from a wild variety of the domesticated almonds tree, growing in some of the Eastern Mediterranean area (Western Asia), does contain Glycoside Amygdalin, a chemical, which could became Hydrogen cyanide (or Prussic acid), if the nuts got crushed (or chewed).o potato skins contain arsenic? No they should not, but they may contain a poison called solanine which develops in all green parts of plants in the potato family when exposed to light (so don't eat green po â\x80¦ tatoes nor the green stems or leaves of potato plants)."", 'When the potatoes are done growing, I like to leave mine in-ground and harvest as needed rather than dig the entire crop right away. This should not be done if it rains a lot or if the dirt drains poorly because of the risk of rot or sprouting.']",Potatoes are either grown from tubber or from Seed known as TPS (True Potato Seed).,,1.0,0.8614110201868932,0.0
what does sbp mean,"['The Survivor Benefit Plan (SBP) is a monthly benefit paid to the designated beneficiary of a retired servicemember who has passed away.', 'One option available to you is the Survivor Benefit Plan. The SBP is an insurance plan that will pay your surviving spouse a monthly payment (annuity) to help make up for the loss of your retirement income. The plan is designed to protect your survivors against the risks of:', 'The Small Business Administration (SBA) is a United States government agency that provides support to entrepreneurs and small businesses.', 'A Behavior Intervention Plan (BIP) is a plan that utilizes behavioral interventions and supports in order to reduce behaviors which interfere with a studentâ\x80\x99s academic progress and/or increase behaviors that lead to successful learning for that student.', 'Biophysical Profile (BPP) What is a biophysical profile (BPP)? A biophysical profile (BPP) is a test that combines a nonstress test with ultrasound to check the health of the fetus. A nonstress test (NST) measures the fetal heart rate in response to the movements of the fetus.']",SBP stands for Survivor Benefit Plan.,,1.0,0.9554779174852769,0.0
how many calories in a medium smoothie king smoothie,"['There are 280 calories in 1 serving of Burger King Strawberry Banana Smoothie (Medium). Calorie breakdown: 3% fat, 93% carbs, 4% protein.', 'Calories In Green Apple Ginger Turmeric Spinach Smoothie Calories: 466, Fat: 5g, Carbs: 106g, Protein: 11g, Fiber: 33g. Calories In Shrimp with green apple salsa Calories: 185, Fat: 7g, Carbs: 7g, Protein: 24g, Fiber: 2g.', 'How many calories are in 1 serving? 140 calories (0 kilojoules) are in 1/2 cup - it is equivalent to 91.0 oz gelatoons gelatin, 0.78 piece mamon, and 0.45 medium fruit and/or nuts muffin. Overall Score Modest.', 'There are 46 calories in 1 medium Onion. Get full nutrition facts and other common serving sizes of Onions including 1 slice, thin and 1 tbsp of chopped. Register | Sign In', ""On average, the flesh of one medium California avocado contains about 227 calories. If you only eat one-fifth of the fruit, you'll consume about 45 calories.Eat half an avocado and you'll consume about 114 calories. Although avocados are calorie-rich compared to other fruits, they still have fewer calories than fatty condiments like mayonnaise, which contains 94 calories in just 1 tablespoon.o avoid calorie overload, stick with the suggested serving size of one-fifth of an avocado. On average, the flesh of one medium California avocado contains about 227 calories. If you only eat one-fifth of the fruit, you'll consume about 45 calories. Eat half an avocado and you'll consume about 114 calories.""]",I cannot answer from the given context.,,0.0,-0.0,0.0
what is a note for mortgage,"[""(June 2010). In the United States, a mortgage note (also known as a real estate lien note, borrower's note) is a promissory note secured by a specified mortgage loan; it is a written promise to repay a specified sum of money plus interest at a specified rate and length of time to fulfill the promise."", 'When you take out a loan to purchase a home, you are required to sign two documents: a promissory note and a mortgage (or deed of trust). Assignments and endorsements are the ways that these documents are transferred between banks.', 'mortgage (mortgagee) clause. A property insurance provision granting special protection for the interest of a mortgagee (e.g., financial institution that has an interest in the property) named in the policy, in effect setting up a separate contract between the insurer and the mortgagee.', 'Satisfaction of Mortgage Definition. A Satisfaction of Mortgage is a document signed by a lender (mortgagee) stating a mortgage is now â\x80\x9cpaid in fullâ\x80\x9d and evidences the mortgage is no longer a lien on the property. The Satisfaction of Mortgage document must be recorded with the County Recorder or Recorder of Deeds within a statutory time limit.', '(see Sec. 194) [clarification needed] The law applicable to the specific instrument will determine whether it is a negotiable instrument or a non-negotiable instrument. Bank notes are frequently referred to as promissory notes, a promissory note made by a bank and payable to bearer on demand.']",A mortgage note is a promissory note secured by a specified mortgage loan; it is a written promise to repay a specified sum of money plus interest at a specified rate and length of time to fulfill the promise.,,1.0,0.9474718743078995,0.0
what county is topsham me,"['Topsham is a town in Sagadahoc County, Maine, United States. The population was 8,784 at the 2010 census. It is part of the Portlandâ\x80\x93South Portlandâ\x80\x93Biddeford, Maine metropolitan statistical area. The town is home to the annual Topsham Fair.', 'Corinth, ME Other Information. Located in PENOBSCOT County, Maine; Corinth, ME is also known as: EAST CORINTH, ME', 'Answer by Keith Blair. Confidence votes 19.2K. Twickenham is in the ceremonial county of Greater London. Twickenham used to be in the county of Middlesex until that county was abolished and Twickenham was absorbed into Greater London.wickenham stadium is the home of England rugby union. All the England Rugby Union teams play at this stadium.', 'Rocky Top is located in northern Anderson County, and is the northern terminus of U.S. Route 441. Interstate 75 serves the city with two exits and leads south 24 miles (39 km) to Knoxville and north 32 miles (51 km) to the Kentucky state line at Jellico, Tennessee.', 'The county town of Suffolk is Ipswich. Located in the south east of the county, on the River Orwell, Ipswich is one of the oldest continually inhabited towns in England & has been a trading port since at least the seventh century; at which time it was the most important commercial centre in Britain.he Suffolk School of Painting. The â\x80\x98Suffolk Schoolâ\x80\x99 is applied to a number of artists who worked in Suffolk in the early-to-mid-19th century when the â\x80\x9cschoolâ\x80\x9d developed characteristic landscape paintings and depictions of rural and domestic Suffolk life, often with horses and farming scenes.']","Topsham is in Sagadahoc County, Maine.",,1.0,0.8342957081204703,0.0
what is bargain hunt store,"['Bargain Hunt Overview. Bargain Hunt is a unique, growing discount retail chain headquartered in LaVergne, Tennessee. Bargain Hunt Stores are currently located in nine states: Tennessee, Alabama, Georgia, Mississippi, Kentucky, North Carolina, South Carolina, Indiana and Ohio. Operating out of this ...', ""Cole Haan is a popular retail store that sells high-end men and women's goods. Their best selling products are their high quality leather bags and shoes."", 'One of the great parts of shopping for couple rings in Korea is you can bargain for the price you want. Itâ\x80\x99s a buyerâ\x80\x99s market as there are 700-1,000 shops located in a one kilometer proximity. We visited 4 shops and looked at many different designs.', ""Golub Corporation (doing business as Price Chopper Supermarkets) is a chain of supermarkets headquartered in Schenectady, New York. The chain opened its first supermarkets in New York's Capital District in 1932, and changed its name from Central Market to Price Chopper in 1973. It is owned by the Golub Corporation and run by Neil and Jerry Golub, the third and fourth generations to helm the company. On June 2, 2010 Price Chopper dedicated its new headquarters, on Nott Street, in Downtown Schenectady."", 'Nebraska Furniture Mart. Nebraska Furniture Mart is the largest home furnishing store in North America selling furniture, flooring, appliances and electronics. NFM was founded in 1937 by Belarus-born Rose Blumkin, universally known as Mrs. B., in Omaha, Nebraska, United States. Under the motto sell cheap and tell the truth, she worked in the business until age 103.']","Bargain Hunt is a unique, growing discount retail chain headquartered in LaVergne, Tennessee, with stores located in nine states: Tennessee, Alabama, Georgia, Mississippi, Kentucky, North Carolina, South Carolina, Indiana, and Ohio.",,1.0,0.8157154742140426,0.0
what is a photostat,"['This article relies too much on references to primary sources. (December 2014) (Learn how and when to remove this template message) The Photostat machine, or Photostat, was an early projection photocopier created in the decade of the 1900s by the Commercial Camera Company, which became the Photostat Corporation.', 'Phototaxis is called positive if the movement is in the direction of increasing light intensity and negative if the direction is opposite. Two types of positive phototaxis are observed in prokaryotes. The first is called scotophobotaxis (from the word scotophobia ), which is observed only under a microscope. This occurs when a bacterium swims by chance out of the area illuminated by the microscope.', 'Photosynthesis is the process used by plants, algae and certain bacteria to harness energy from sunlight into chemical energy.There are two types of photosynthetic processes: oxygenic photosynthesis and anoxygenic photosynthesis. Oxygenic photosynthesis is the most common and is seen in plants, algae and cyanobacteria.hotosynthesis is the process used by plants, algae and certain bacteria to harness energy from sunlight into chemical energy.', 'Photosynthesis is the process by which plants use light energy to convert carbon dioxide and water into sugars. The sugars produced by photosynthesis can be stored, transported throughout the tree, and converted into energy which is used to power all cellular processes.', 'PHOTOSYNTHESIS. INTRODUCTION. Photosynthesis, process by which green plants and certain other organisms use the energy of light to convert carbon dioxide and water into the simple sugar glucose. In so doing, photosynthesis provides the basic energy source for virtually all organisms.hotosynthesis, process by which green plants and certain other organisms use the energy of light to convert carbon dioxide and water into the simple sugar glucose.']","A photostat is an early projection photocopier created in the decade of the 1900s by the Commercial Camera Company, which became the Photostat Corporation.",,1.0,0.8927131265235407,0.0
what is an antelopes baby called,"['A baby Antelope is called a Kid. A young antelope is called a calf. A baby Antelope is called a Kid.', 'by Laurie. Many people think that a baby rabbits is called a bunny, but this is actually just an affectionate nickname for rabbits, and not the correct English name for rabbit babies.o, if you want to know what baby rabbits are called, it depends what century you are looking at. If you (or the rabbits) were living in the eleventh century, baby rabbits (coneys) were called rabbits, but today in the modern age, baby rabbits are called kits or kittens.', 'The Basics: Female goats are called DOES or DOELINGS as babies. Male goats are called BUCKS or BUCKLINGS as babies. If a male goat has been castrated (neutered) they are known as a WETHER. The ONLY way to get milk from a goat is to get a female doe pregnant so she can have babies first. Each time a goat has babies, this kick starts her milk production and is known as a FRESHENING.', 'Main Characteristics. The Addax is a critically endangered desert antelope. They have a body length between 1.5 and 1.7 m (5 - 5.5 ft), a tail length between 25 and 35 cms (10 - 14 inches) and they weigh between 60 and 125 Kgs (130 - 280 lbs). Their coat is a grey/brown colour in winter and sandy/white in summer.', ""The symbolic meaning of the Antelope is centered in it's ability to move, adapt and survive... thriving in the harsh conditions of the dry desert. The Antelope gets most of it's water from plants, decreasing the need to go to the river to drink. This ability allows the Antelope to avoid predators that wait at the riverbanks.""]",A baby Antelope is called a Kid.,,1.0,0.8849461362111066,0.0
what are the three different parts of a nucleotide,"['Nucleotides are composed of three units: base, sugar (monosaccharide) and phosphate. Bases are found in both DNA and RNA. As seen below, they are adenine, cytosine, guanine, thymine, and uracil.They are abbreviated (A, C, G, T, U).denine (A) cytosine (C) guanine (G) thymine (T) uracil (U). The sugar component in RNA is ribose and in DNA is deoxyribose (hence the name ribonucleic acid and deoxyribonucleic acid). The third component of nucleotides is the phosphate ion.', 'Nucleic acids are molecules that allow organisms to transfer genetic information from one generation to the next. There are two types of nucleic acids: deoxyribonucleic acid (better known as DNA) and ribonucleic acid (better known as RNA). Nucleic Acids: Nucleotides. Nucleic acids are composed of nucleotide monomers linked together. Nucleotides contain three parts: A Nitrogenous Base; A Five-Carbon Sugar', ""1 DNA and RNA belong to a class of macromolecules called nucleic acids. 2 Nucleic acids are polynucleotides which means they contain many nucleotides joined together. 3 A nucleotide consists of: One cyclic five-carbon sugar (The carbons found in this sugar are numbered 1' through to 5')"", 'a monomer of DNA or RNA is called a nucleotide.the nucleotide is actually a combination of (1)a deoxyribose/ribose sugar (2)a base(A,G,C,T/U) (3)phosphoric acid.All these combâ\x80¦ine and form a nucleotide.a large number of these nucleotides join together through phosphodiester linkage to form a polymer of DNA/RNA..........', ""DNA and RNA are composed of nucleotides that are linked to one another in a chain by chemical bonds, called ester bonds, between the sugar base of one nucleotide and the phosphate group of the adjacent nucleotide.The sugar is the 3' end, and the phosphate is the 5' end of each nucleiotide.NA and RNA are composed of nucleotides that are linked to one another in a chain by chemical bonds, called ester bonds, between the sugar base of one nucleotide and the phosphate group of the adjacent nucleotide.""]","The three different parts of a nucleotide are a base, a sugar (monosaccharide), and a phosphate.",,0.25,0.96692621889967,0.0
nsc definition of an accident,"['The National Safety Code (NSC) is a set of national standards supported by provincial regulations. The program establishes management and performance requirements for commercial carriers.', 'National Safety Council (NSC). Assists employers to build a workplace that keeps people safe. The campaign comes with free, practical tools collected from 100 years of safety and health experience. Celebrate and Participate in National Safety Month. National Safety Council (NSC). Focuses on reducing leading causes of injury and death at work, on the road and in our homes and communities. NSC/OSHA Alliance page', 'NTSB Publishes Interpretation Clarifying Definition of â\x80\x9cUnmanned Aircraft Accidentâ\x80\x9d Excludes Model Aircraft. â\x80\x8bThe National Transportation Safety Board (NTSB) announced today that it has published in the Federal Register a Notice of Interpretation to clarify that its existing definition of â\x80\x9cunmanned aircraft accidentâ\x80\x9d does not include model aircraft.', ""1 Journey to the Center of the World: U.S. National Security Council â\x80\x93 ArzÄ±n Merkezine Seyahat: ABD Ulusal GÃ¼venlik Konseyi â\x80\x93 Article on US NSC in Turkish. Cody M. Brown, The National Security Council: A Legal History of the President's Most Powerful Advisers, Project on National Security Reform (2008)."", 'This article needs attention from an expert in California or Disaster management. (June 2008) In the United States, the Hospital Incident Command System (HICS) is an incident command system (ICS) designed for hospitals and intended for use in both emergency and non-emergency situations.']",I cannot answer from the given context.,,0.0,0.0,0.0
what county is hinton wv located?,"['Summers County, West Virginia. Summers County is a county located in the U.S. state of West Virginia. As of the 2010 census, the population was 13,927. Its county seat is Hinton. The county was created by an act of the West Virginia Legislature on February 27, 1871 from parts of Fayette, Greenbrier, Mercer and Monroe counties and named in honor of George W. Summers.', 'Northern Virginia map - Virginia county, city, map with roads Arlington County, Alexandria City. Arlington and the city of Alexandria Virginia are close to Washington DC, inside the beltway. Fairfax County. Fairfax County Virginia is the largest county in the Washington, D.C. area. It is inside and outside the beltway. Fairfax County VA includes Falls Church, Reston, Tysons Corner, McLean, Great Falls, Fairfax, Oakton, Springfield, Burke, Annandale, Chantilly, Centreville and Clfiton. Loudoun County Loudoun County Virginia is the fast growing county that has seen many larger homes and diverse communities.', ""The setting is based on Hinton's hometown of Tulsa, Oklahoma, where she was living when she wrote the story as a high school student (source). Again, this is revealed in her FAQ page, not in the text."", 'Pleasants County, West Virginia: Bibles, biographies, cemeteries, census, genealogy, newspapers, obituaries, vitals: births, marriages, deaths. Pleasants County, West Virginia: Family History & Genealogy, Census, Birth, Marriage, Death Vital Records & More', 'Hot Springs County, Wyoming. Hot Springs County is a county located in the U.S. state of Wyoming. As of the 2010 census, the population was 4,812, making it the second-least populous county in Wyoming. Its county seat is Thermopolis. The county is named for the hot springs located in Hot Springs State Park.']","Hinton is located in Summers County, West Virginia.",,1.0,0.6828122471238666,0.9999999999
how old is dr ruth westheimer,"[""When is Ruth Westheimer's birthday? Ruth Westheimer was born on the 04th of June 1928, which was a Monday. Ruth Westheimer will be turning 90 in only 170 days from today. How old is Ruth Westheimer? Ruth Westheimer is 89 years old. To be more precise, the current age as of right now is 32702 days, 21 hours, 6 minutes and 43 seconds. What is Ruth Westheimer's zodiac sign? Ruth Westheimer's zodiac sign is Gemini. Where was Ruth Westheimer born?"", 'Seretse died of cancer in 1980, aged only 59, but Ruth remained in Botswana, where she was an active supporter of womenâ\x80\x99s causes, and was president of the Botswana Red Cross. She lived by herself on a farm, and died in 2002. Her children all live in Botswana; her eldest son, Ian, is the countryâ\x80\x99s fourth president.', 'Dr. Nowzaradan is from Iran and was born on October 11, 1944. That makes Dr. Nowzaradanâ\x80\x99s age 72 with years of experience in treating patients who suffer from life-threatening obesity. Even though Dr. Nowzaradanâ\x80\x99s nationality is Iranian, he has been working in the United States for more than four decades. He is a surgeon, who specializes in gastric bypass surgery. Advertisement', '(Photo: Marvin Sapp)Christian minister and recording artist Marvin Sapp. Marvin Sapp celebrated the birthday of his late wife recently with a heartfelt message. The 47-year-old pastor and gospel singer, took to Facebook to honor his late wife. Today I celebrate the life of a phenomenal woman. My late wife Dr. MaLinda P. Sapp. Today would have been her 48th birthday, Sapp wrote.', ""Ann-Margret was born on the 28th of April 1941, which was a Monday. Ann-Margret will be turning 76 in only 11 days from today. Ann-Margret is 75 years old. To be more precise (and nerdy), the current age as of right now is 27395 days or (even more geeky) 657480 hours. That's a lot of hours!""]",Ruth Westheimer is 89 years old.,,1.0,0.8387262426862844,0.9999999999
the stone age,"[""Some of the world's oldest free-standing structures. The Stone Age was a broad prehistoric period during which stone was widely used to make implements with an edge, a point, or a percussion surface. The period lasted roughly 3.4 million years, and ended between 8700 BCE and 2000 BCE with the advent of metalworking."", 'The Stone Age is also divided into three different periods. Paleolithic or Old Stone Age: from the first production of stone artefacts, about 2.5 million years ago, to the end of the last Ice Age, about 9,600 BCE. This is the longest Stone Age period. Remove Ads Advertisement.', 'About The Game Rise Above Extinction. Welcome to the Stone Age, a time of extreme danger and limitless adventure, when giant mammoths and saber-toothed tigers ruled the Earth, and humanity was at the bottom of the food chain. You will play as Takkar, a seasoned hunter and the last surviving member of your group.', 'Age of Empires is an epic real-time strategy game spanning 10,000 years, in which players are the guiding spirit in the evolution of small stone age tribes. Starting with minimal resources, players are challenged to build their tribes into great civilizations.', 'World Civilizations: The Origins Of Civilizations. Human Life In The Era Of Hunters And Gatherers. By the end of the Paleolithic or Old Stone Age in 12,000 B.C., humans had. evolved in physical appearance and mental capacity to roughly the same level. as today. Our species, Homo sapiens, had been competing with increasing.']","The Stone Age was a broad prehistoric period during which stone was widely used to make implements with an edge, a point, or a percussion surface. It lasted roughly 3.4 million years and ended between 8700 BCE and 2000 BCE with the advent of metalworking. The Stone Age is divided into three different periods: the Paleolithic or Old Stone Age, which lasted from about 2.5 million years ago to the end of the last Ice Age around 9,600 BCE.",,1.0,0.8532969893909671,0.0
what is a special educational needs,"['Overview. Special educational needs (. ) that affect a childâ\x80\x99s ability to learn can include their: 1 behaviour or ability to socialise, eg not being able to make friends. 2 reading and writing, eg they have dyslexia. 3 ability to understand things. 4 concentration levels, eg they have Attention Deficit Hyperactivity Disorder.', 'A blueprint or plan for a childâ\x80\x99s special education experience at school. A blueprint or plan for how a child will have access to learning at school. Provides individualized special education and related services to meet the unique needs of the child. These services are provided at no cost to parents.', ""What is the Individualized Education Program (IEP)? An Individualized Education Program (IEP) describes the educational program that has been designed to meet that child's unique needs. Each child who receives special education and related services must have an IEP. Each IEP must be designed for one student and must be a truly individualized document."", 'The Present and Future of Bilingual/ESL Special Education. Over the past 45 years, educators have come to recognize the unique needs of culturally and linguistically diverse students with exceptionalities (CLDE). This awareness helped establish the field of bilingual/ESL special education.', 'A. Regular Education Classes/Inclusion. Collaboration/consultation/co-teaching services focus on special educators (Intervention Specialists) and general educators working together to best meet the needs of students with disabilities as well as children who may be at risk.']","Special educational needs refer to conditions that affect a child's ability to learn, which can include difficulties with behavior or socialization, reading and writing (such as dyslexia), understanding concepts, and concentration levels (such as Attention Deficit Hyperactivity Disorder).",,1.0,0.9364146458470128,0.0
was mulan based on a true story,"['Mulan, Jr. By Walt deFaria. DISNEYâ\x80\x99S animated film Mulan, based on a true story from ancient China, was a modest motion picture success that took a fresh look at the place of women in an ancient paternal society. Now a stage musical version of the film has turned up in childrenâ\x80\x99s theaters everywhere.', 'Since the legend is over 1500 years old, there are many variations. One darker story is called é\x9a\x8bå\x94\x90æ¼\x94ä¹\x89(Legends from Sui and Tang.) In this story, Mulan is rewarded for bravery in battle despite being found out as a female. She returns home to bring the riches to her family, only to discover her father died long ago. After receiving an order from the Emperor to become his concubine, she commits suicide.', 'Mulan: 2-Movie Collection Trailer Mulan See Mulan on Disney Blu-ray for the first time! Watch Now. 1:40. Mulan: Reflection Mulan Mulan seeks the courage to be her true self in the classic Disney song, Reflection.', ""Ming-Na Wen as Fa Mulan (singing voice provided by Lea Salonga), the principal protagonist, based on Hua Mulan. 1 She disguises herself as a man and joins the Chinese Imperial Army in her father's place. Instead of being punished for doing so, she ends up a war hero."", 'No, the Hostel movies are not based on a true story. They are labeled based on a true story, but this is essentially a lie. Writer/director Eli Roth got the idea for the Hosâ\x80¦tel movies from a website that a friend showed him.']","Yes, Mulan is based on a true story from ancient China.",,1.0,0.9704094284447998,0.9999999999
lesion on rib causes,"['1 Ulcers-Pain in the lower regions of the rib cage may also be due to an ulcer. 2 An ulcer is an inflamed wound in the upper GI tract. 3 Ulcers occur when inflammations cause wounds and sores in the stomach lining. 4 The H. pylori bacteria and Nonsteroidal anti-inflammatory drugs (NSAIDs) are common causes for ulcers.', 'The lesion on the left has the folowing characteristics: 1 The lesion is hypodens in the arterial and portal venous phase with some peripheral enhancement. 2 The lesion is hyperdense in the equilibrium phase indicating dens fibrous tissue. 3 The lesion causes retraction of the liver capsule.', 'ABOUT MULTIPLE MYELOMA. Bone Lesions and Damage. Bone lesions from multiple myeloma are the primary cause of bone pain, which is one of the most common symptoms of multiple myeloma. Bone lesions result in destruction of the bones in myeloma patients and primarily affecting the spine, pelvis or rib cage.', 'Benign Causes. One cause of a pedunculated lesion is what is called a pyogenic granuloma. With these, a small wound on the hand can be come irritated, causing the immune system to be activated. The resulting swelling and influx of immune cells will fill the area.', 'Costochondritis is caused by inflammation of the cartilage joining the rib to your breast plate, and usually causes pain in the breastbone. At times, this pain can mimic a heart attack, although the pain will be confined to a small area, rather than widespread as with a true heart attack.']",I cannot answer from the given context.,,0.0,-0.0,0.0
what do numbers in blood pressure reading mean,"['Blood pressure is measured using two numbers. The first number, called systolic blood pressure, measures the pressure in your blood vessels when your heart beats. The second number, called diastolic blood pressure, measures the pressure in your blood vessels when your heart rests between beats. If the measurement reads 120 systolic and 80 diastolic, you would say 120 over 80 or write 120/80 mmHg.. The chart below shows normal, at-risk, and high blood pressure levels.', 'The diastolic blood pressure number or the bottom number indicates the pressure in the arteries when the heart rests between beats. A normal diastolic blood pressure number is 80 or less. A diastolic blood pressure between 80 and 89 is normal but higher than ideal.A diastolic blood pressure number of 90 or higher, on repeated measurements, is considered to be hypertension or high blood pressure.he systolic blood pressure number is always said first, and then the diastolic blood pressure number is given. For example, your blood pressure may be read as â\x80\x9c120 over 80â\x80\x9d or written 120/80.', 'Quick Answer. A normal blood pressure reading measures 120/80 millimeters of mercury, as stated by WebMD. Blood pressure is a measure of the amount of force the blood has on arteries, with higher readings being more dangerous. The first number of the measurement is called the systolic measurement, states WebMD.', 'A normal diastolic blood pressure number is less than 80. A diastolic blood pressure between 80 and 89 indicates prehypertension. A diastolic blood pressure number of 90 or higher is considered to be hypertension or high blood pressure.', 'Blood Pressure Home. The two numbers that measure your blood pressure are written like a fraction: one number on top and one on the bottom -- for example, 128/82. The number on top is called the systolic pressure.. Systolic blood pressure measures the pressure inside your blood vessels at the moment your heart beats.lood Pressure Home. The two numbers that measure your blood pressure are written like a fraction: one number on top and one on the bottom -- for example, 128/82. The number on top is called the systolic pressure.. Systolic blood pressure measures the pressure inside your blood vessels at the moment your heart beats.']","The first number in a blood pressure reading, called systolic blood pressure, measures the pressure in your blood vessels when your heart beats. The second number, called diastolic blood pressure, measures the pressure in your blood vessels when your heart rests between beats. For example, a reading of 120/80 mmHg means 120 systolic and 80 diastolic.",,1.0,0.9129060701669663,0.0
userra definition,"['â\x80\x8bâ\x80\x8bThe Uniformed Services Employment and Reemployment Rights Act (USERRA) is a federal law, passed in 1994, that protects military service members and veterans from employment discrimination on the basis of their service, and allows them to regain their civilian jobs following a period of uniformed service.', 'USERRA applies to voluntary as well as involuntary military service, in peacetime as well as wartime. However, like the VRR law, USERRA does not apply to state callups of the National Guard for disaster relief, riots, etc. Any protection for such duty must be provided by the laws of the state or territory involved.', ""The Military Advantage. USERRA Terms and Definitions. If you've read the fine print of USERRA, you probably don't understand all the terms used. The term 'Attorney General' means the Attorney General of the United States or any person designated by the Attorney General to carry out a responsibility of the Attorney General under this chapter."", 'RERA (Real Estate Regulation and Authority) will bring transparency at its best for the combined people related in real estate. The Real Estate Agency of India passed the Real Estate Regulatory and Authority (RERA) Act in March 2016. This act has been made in accordance to increasing complaints against the builders or promoters and the real estate agents.', ""Lira (LEE-rah), from the Latin libra pondo (a pound by weight), is the name of Turkey's currency. In Turkish, lira is used for both singular and plural amounts: TL1 = bir lira; TL5 = beÅ\x9f lira. Lira was also the name for Italy's pre-euro currency. The Italian plural of lira is lire, but this is Italian, not Turkish. (In Turkish, the former Italian currency is the liret, lee-REHT.) In English, the usage is lira and liras: TL1 = one lira; TL5 = five liras.""]","The Uniformed Services Employment and Reemployment Rights Act (USERRA) is a federal law, passed in 1994, that protects military service members and veterans from employment discrimination on the basis of their service, and allows them to regain their civilian jobs following a period of uniformed service.",,1.0,0.39906714633709317,0.0
vanguard wellesley income,"['Product management. Vanguard WellesleyÂ® Income Fund seeks long-term growth of income, a high and sustainable level of current income, and moderate long-term capital appreciation by investing in high-quality bonds and stocks.', 'This document provides an important update to the list of Vanguard funds offered by your 403(b) plan, which was included in the Vanguard 403(b) fee disclosure information booklet we recently sent you. The Employee Retirement Income Security Act of 1974 (ERISA) requires plan sponsors to act prudently.', ""Nearly six years ago, on January 15, 1992, at a speech for the Newcomen Society entitled Vanguard's First Century, I reflected on the role of indexing in the mutual fund field. At that time, the Vanguard Index Trust 500 Portfolio had risen to become the seventh largest of all U.S. equity funds."", 'Homefacts City Report. Wellesley is located in Norfolk County, MA. The population is , making Wellesley the 9th largest city in Norfolk County. There are 9 public schools in Wellesley with an average Homefacts rating of A. The total crime rate for Wellesley is very low, and there are 0 registered sex offenders residing in the city.', 'The median income for a household in the city was $23,655, and the median income for a family was $31,729. Males had a median income of $21,635 versus $16,189 for females. The per capita income for the city was $13,487.']","Vanguard WellesleyÂ® Income Fund seeks long-term growth of income, a high and sustainable level of current income, and moderate long-term capital appreciation by investing in high-quality bonds and stocks.",,1.0,0.800732944201223,0.0
what is a co-op college,"['Cooperative education (or co-operative education) is a structured method of combining classroom-based education with practical work experience. A cooperative education experience, commonly known as a co-op, provides academic credit for structured job experience. Cooperative education is taking on new importance in helping young people to make the school-to-work transition, service learning, and experiential learning initiatives.', ""The Cooperative Education Program in Speed School consists of three semesters of full-time work related to the students' engineering major. Upon completion of the co-op requirements, students have accumulated a full year of professional work experience."", 'Rating Newest Oldest. Best Answer: A co-op apartment or a housing cooperative is a unit in generally a large building that is leased exclusively to the person who purchases it. Buying a co-op apartment is different than buying a house.', 'Comments. 1 That is absolutely AWESOME. I am so interested in homeschooling and donâ\x80\x99t know anyone else that is doing it. 2 What a great resource! Weâ\x80\x99ve really enjoyed being a part of our co-ops! 3 I imagine itâ\x80\x99s taken quite a bit to organise. But, I have no doubt this co-op will be wonderful for you. 4 Iâ\x80\x99m so excited for you!', ""What's so great about co-ops? - The advantages of housing cooperative ownership include shared property taxes and stable neighbors. Find more about the advantages of co-op ownership.""]",I cannot answer from the given context.,,1.0,0.0,0.0
what is employee turnover definition,"[""turnover noun (EMPLOYEES). C2 [S or U] the â\x80\x8brate at which â\x80\x8bemployees â\x80\x8bleave a â\x80\x8bcompany and are â\x80\x8breplaced by new â\x80\x8bpeople: The â\x80\x8blarge â\x80\x8bnumber of â\x80\x8btemporary â\x80\x8bcontracts â\x80\x8bresulted in a high turnover of â\x80\x8bstaff.US They've had a lot of turnover at the â\x80\x8bfactory â\x80\x8brecently. More examples."", ""According to PayScale's most recent survey, employee turnover rate among Fortune 500 companies is greatest in the IT industry."", 'As nouns the difference between strudel and turnover. is that strudel is a pastry made from multiple, thin layers of dough rolled up and filled with fruit, etc while turnover is the act or result of overturning something; an upset. As an adjective turnover is. capable of being turned over; designed to be turned over.', 'One is the level of customer service, that is, to have the right goods, in sufficient quantities, in the right place, at the right time. The other is the costs of ordering and carrying inventories. Ratio of average cost of goods sold to average inventory investment. The turnover ratio indicates how many times a year the inventory is sold. Generally, the higher the ratio, the better, because that implies more efficient use of inventories.', 'BambooHR gives executives visibility into strategic indicators like employee turnover and retention. BambooHR is a Software as a Service (SaaS) application, so businesses only need to pay a low monthly subscription based on the number of employees and a one-time implementation fee. Thereâ\x80\x99s no extra charge for customization, multiple administrators, enhanced features, support or inactive employees.']",Employee turnover is the rate at which employees leave a company and are replaced by new people.,,1.0,0.9296100496349625,0.0
are there bad side effects of htp,"['Side Effects of 5 HT. Although 5 HTP has very few side effects on its own, the side effects of 5 HT can be ascribed to it since 5 HTP is directly converted to 5 HT. Most of the side effects of 5 HTP are gastrointestinal disturbances such as nausea, vomiting, diarrhea and stomach pain. Serotonin is naturally produced in the body at the needed levels. As with most processes in the body, the production, secretion, action, metabolism and excretion of naturally produced 5 HT is efficiently regulated in the body.', 'Gastrointestinal (GI) side effects have been reported from orally administered potassium chloride. They have included bad taste or aftertaste, nausea (10% to 30%), abdominal pain (20%), diarrhea (25%), dyspepsia or heartburn (5% to 20%) and GI ulceration.', '5-HTP is a chemical compound that is naturally produced in your body as it makes serotonin, an important hormone for regulating your mood. Some doctors consider 5-HTP to be the best natural appetite suppressant.his neurotransmitter has many powerful effects on the brain. Not only does it improve mood, it also suppresses hunger and helps to curb weight gain. Physicians suggest taking a 5-HTP supplement instead of a serotonin supplement because 5-HTP can access the brain from the bloodstream, while serotonin cannot.', 'Other common side effects may include: 1 tingly feeling, weakness, lack of coordination; 2 dry mouth, nausea, vomiting, constipation, diarrhea; 3 blurred vision, ringing in your ears; 4 breast swelling (in men or women); or. 5 decreased sex drive, impotence, or difficulty having an orgasm.', 'A very serious allergic reaction to this drug is rare. However, get medical help right away if you notice any symptoms of a serious allergic reaction, including: rash, itching /swelling (especially of the face/ tongue /throat), severe dizziness, trouble breathing. This is not a complete list of possible side effects.f any of these effects persist or worsen, tell your doctor or pharmacist promptly. Remember that your doctor has prescribed this medication because he or she has judged that the benefit to you is greater than the risk of side effects.']","Yes, the side effects of 5-HTP can include gastrointestinal disturbances such as nausea, vomiting, diarrhea, and stomach pain.",,1.0,0.8313851083272653,0.19999999998
phimosis medical definition,"['Medical Definition of phimosis. plural. phimoses. \\-Ë\x8csÄ\x93z\\play. : tightness or constriction of the orifice of the foreskin arising either congenitally or postnatally (as from balanoposthitis) and preventing retraction of the foreskin over the glans.', 'PLASMOLYSIS IN ELODEA CELLS. Osmosis is the diffusion of water across a membrane from an area of high water concentration to an area of low water concentration. This movement of water may be harmful to cells. A hypertonic solution can result in the plasmolysis of a cell when the water in a. living cell osmoses out of the cell and the cell becomes dehydrated. Most cells live in an isotonic solution where the movement of. water is constant into and out of the cell (equilibrium).', 'reverse osmosis - (chemistry) a method of producing pure water; a solvent passes through a semipermeable membrane in a direction opposite to that for natural osmosis when it is subjected to a hydrostatic pressure greater than the osmotic pressure.', 'Miosis or myosis, /maÉªË\x88oÊ\x8a sÉªs/, from Ancient Greek Î¼Ï\x8dÎµÎ¹Î½, mÅ«ein, to close the eyes, is a term with various definitions, which generally include constriction of the pupil. The opposite condition, mydriasis, is the dilation of the pupil. Anisocoria is the condition of one pupil being more dilated than the other.', ""If a woman becomes infected with toxoplasmosis for the first time during pregnancy or a few weeks before conceiving, there's a risk the infection could spread to her unborn baby. This is known as congenital toxoplasmosis.""]",Tightness or constriction of the orifice of the foreskin arising either congenitally or postnatally (as from balanoposthitis) and preventing retraction of the foreskin over the glans.,,1.0,0.9206679219805342,0.0
what is h wave therapy,"['H-Wave therapy treatment sends low-voltage electrical impulses to your skin to stimulate muscles and nerves and encourage healing. Contact us to learn more! H-Wave therapy treatment sends low-voltage electrical impulses to your skin to stimulate muscles and nerves and encourage healing.', 'Craniosacral therapy is a gentle, non-invasive, hands-on healing modality that focuses on the wave-like rhythmic pulse that goes through the entire body. This therapy stems from osteopathy, which is an approach that emphasizes the role of the musculoskeletal system in health and disease.', 'Scientific/medical name(s): none. DESCRIPTION. Electromagnetic therapy involves the use of energy to diagnose or treat disease. Electromagnetic energy includes electricity, microwaves, radio waves, and infrared rays, as well as electrically-generated magnetic fields.agnets and other unconventional treatments may also be a part of electromagnetic and energy field therapy (see Crystals, Magnetic Therapy, Polarity Therapy, Reiki, and Therapeutic Touch). The most commonly used electronic devices are listed below.', 'High-dose-rate (HDR) Brachytherapy. High-dose-rate (HDR) Brachytherapy can be used as the only treatment for prostate cancer or it can be used in combination with external beam radiation therapy (EBRT). When used as single treatment it is known as HDR Monotherapy and when given with external beam it is known as combined HDR and EBRT.', 'What is EMDR Therapy? EMDR Therapy is a comprehensive therapy approach, useful for overcoming stressful experiences of all kinds â\x80\x94 even deeply embedded memories or traumas, which can be the basis of your depression, anxiety, relationship challenges, phobias, fears, or performance issues.']",H-Wave therapy treatment sends low-voltage electrical impulses to your skin to stimulate muscles and nerves and encourage healing.,,1.0,0.9031614516594408,0.0
what do you call the components present in cytoplasm,"['Function of Cytoplasm and Its Various Components. June 3, 2014 by C. Paris. The cytoplasm of a cell contains both the jelly-like substance inside a cell, called cytosol, and the sub-structures of the cell itself, called organelles.ytosol. Many of the listed organelles are contained within their own membranes, and suspended inside a fluid called cytosol, or intracellular fluid. Itâ\x80\x99s easy to confuse cytosol for cytoplasm, but they arenâ\x80\x99t the same thing. Cytosol is just one element in the cytoplasm.', ""Cytoplasm can be divided into: Cytosol, organelles and cytoplasmic inclusions. Cytosol is a gelatinous material and most of the space in cytoplasm when an organelle is not present. Cytosol comprises of salt, water, cytoskeleton filaments and organic molecules.he cytoplasm holds different parts of the cell's organelles together. Cytoplasm was first discovered first in 1835 but the discovery is not credited to a single person as many biologists and researchers have contributed to the knowledge on Cytoplasm."", 'Definition: The cytoplasm consists of all of the contents outside of the nucleus and enclosed within the cell membrane of a cell.This includes the cytosol and in euckaryotic cells, organelles such as mitochondria and ribosomes.efinition: The cytoplasm consists of all of the contents outside of the nucleus and enclosed within the cell membrane of a cell.', '1 Cytoplasm - a gel-like material inside the cell; it contains water and nutrients for the cell. 2 Nucleus - directs the activity of a cell; it contains chromosomes with the DNA. 3 Nuclear Membrane - separates the nucleus from the cytoplasm. Endoplasmic Reticulum - moves materials around in the cell.', 'Each part of a cell completes a certain function for the cell. All cells include the following parts: 1 Cell Membrane - forms the outer boundary of the cell and allows only certain materials to move into or out of the cell. Cytoplasm - a gel-like material inside the cell; it contains water and nutrients for the cell.']","The components present in cytoplasm are called cytosol, organelles, and cytoplasmic inclusions.",,0.0,0.9180186033513791,0.0
what is a paragraph example,"['definition paragraphs. A definition paragraph is a paragraph explaining a term or subject, so your audience comprehends the topic of the paragraph. This can be done in three different ways: Synonym, Class, and Negation. Synonym is explaining the term by using the words that mean the same thing. EXAMPLE: To procrastinate is to slack.', 'paragraph-write paragraphs; work as a paragrapher. authorship, penning, writing, composition-the act of creating written works; writing was a form of therapy for him; it was a matter of disputed authorship.', '1 A transition between paragraphs can be a word or two (however, for example, similarly), a phrase, or a sentence. 2 Transitions can be at the end of the first paragraph, at the beginning of the second paragraph, or in both places.ransitions help you to achieve these goals by establishing logical connections between sentences, paragraphs, and sections of your papers. In other words, transitions tell readers what to do with the information you present to them.', 'Topic Sentence. * Both paragraphs and essays begin with a topic sentence, or a thesis statement, that explains to the reader what the paragraph, or essay, is about. A thesis statement for an essay is longer and more detailed than the topic sentence at the beginning of a paragraph.', 'You should start a new paragraph when: 1 When you begin a new idea or point. New ideas should always start in new paragraphs. 2 To contrast information or ideas. Separate paragraphs can serve to contrast sides in a debate, different points in an argument, or any other difference. 3 When your readers need a pause.']",I cannot answer from the given context.,,0.0,0.0,0.0
voluntary muscle definition,"['A muscle may act ordinarily either under the control of the will or without conscious control. Muscles that can be controlled at will are referred to as voluntary muscles. Those that are not under the control of the will (volition) are called involuntary muscles. Examples of involuntary muscles are the smooth muscles, which are muscles lacking striations when viewed under a microscope. This is why involuntary muscles are sometimes called non-striated or un-striped muscles.', 'Answer by Cartmell. Confidence votes 177. Extrinsic muscles are voluntary muscles,external to the eye, that control the direction the eye moves in e.g looking left or right. Intrinsic muscles are within the eye, such as those that control the size of the pupil.Intrinsic muscle is not under voluntary control.xtrinsic muscles are voluntary muscles,external to the eye, that control the direction the eye moves in e.g looking left or right.', 'Hypernyms (voluntary is a kind of...): solo (a musical composition for one voice or instrument (with or without accompaniment)) Hyponyms (each of the following is a kind of voluntary): postlude (a voluntary played at the end of a religious service) â\x80¢ VOLUNTARY (adjective)', 'Myasthenia gravis (MG) is an autoimmune neuromuscular disorder that affects voluntary muscles. Common symptoms can include a drooping eyelid, blurred or double vision, slurred speech, difficulty chewing and swallowing, weakness in the arms and legs, chronic muscle fatigue and difficulty breathing.', ""Found only in the heart, cardiac muscle is an involuntary muscle responsible for pumping blood throughout the body, according to The Merck Manual. The heart's natural pacemaker is made of cardiac muscle that signals other cardiac muscles to contract.""]",A voluntary muscle is a muscle that can be controlled at will.,,1.0,0.9311332668888962,0.0
what are hamitic peoples,"['Further information: Curse of Ham. The term Hamitic originally referred to the peoples believed to have been descended from the biblical Ham, one of the Sons of Noah. When Ham dishonors his father, Noah pronounces a curse on him, stating that the descendents of his son Canaan will be servants of servants.', ""It actually means 'Land of the Black Faces.. KMT -- It actually means 'Black Land meaning fertile. KMTians were a Name for what we now call Ancient Egyptians (Greek word Aegyptos). KMT denotes the color of the land not the skin.Some opine that KMT meant Land of Ham..This debate falls on the information that Ham, who was one of the three sons of Noah and the direct ancestor of the Egyptians, was black.t actually means 'Land of the Black Faces.. KMT -- It actually means 'Black Land meaning fertile. KMTians were a Name for what we now call Ancient Egyptians (Greek word Aegyptos). KMT denotes the color of the land not the skin. Some opine that KMT meant Land of Ham.."", 'The Jews (Hebrew: ×\x99Ö°×\x94×\x95Ö¼×\x93Ö´×\x99×\x9d. Yehudim, [jehuË\x88dim]), also known as the Jewish people, are a Semitic ethnoreligious group and nation native to the Land of Israel, also referred to as an ethno-cultural group and a civilization.he shift of ethnonym from Israelites to Jews (inhabitant of Judah), although not contained in the Torah, is made explicit in the Book of Esther (4th century BCE), a book in the Ketuvim, the third section of the Jewish Tanakh.', 'The hamartia can be anything from an error in judgement to an error made out of ignorance to a character flaw to a sin. The definition of hamartia can also be expanded to refer to something that at first seems like the best part of a character, but which, in excess, leads to the flaw. We will see examples of this with Oedipus Rex and Romeo and Juliet.', 'The Huns. Huns, nomadic Asian people, probably of Turkish, Tataric, or Ugrian origins, who spread from the Caspian steppes (the areas north of the Caspian Sea) to make repeated incursions into the Roman Empire during the 4th and 5th centuries AD.he Huns first overcame the Alani, another nomadic group, who lived on the plains between the Volga and Don rivers. They then moved on to overthrow the Ostrogothic kingdom between the Don and Dnestr rivers.']","Hamitic peoples originally referred to the peoples believed to have been descended from the biblical Ham, one of the Sons of Noah.",,1.0,0.7559120907254084,0.0
what are indirect overhead costs,"['Understand that overhead costs are expenses that do not directly relate to your product. They are also known as indirect costs. Indirect costs are things like rent, administrative staff, repairs, machinery, and marketing costs that are essential to your business operations and must be paid regularly.', '1 The direct labor cost ranges from $1.11 to $3.29 for a 3-to-4â\x80\x93minute direct consumer call. 2 When we add in indirect labor, the cost-per-call increases to a range of $1.39 to $4.75 per call. 3 When we add in occupancy, benefits, and telecommunications, the fully loaded costs range between $2.70 to $5.60 per call.For purposes of this analysis we have left out of the cost-per-call the credit card processing costs.). Total fulfillment costs for efficient companies range from $8 to $13 per order, including the major cost elements for contact center and fulfillment (but not including shipping and handling).', 'The November direct labor budget indicates that 6,000 direct labor-hours will be required in that month. The variable overhead rate is $2.00 per direct labor-hour. The companyâ\x80\x99s budgeted fixed manufacturing overhead is $79,200 per month, which includes depreciation of $21,000.', ""The total overhead cost at an activity level of 5,200 guest-days per month should be: a. $208,020. b. $230,880. c. $209,940. d. $190,920. Save Answer. 10. (Points: 4). The following data for May has been provided by Mccawley Corporation.7. (Points: 4) Amirault Manufacturing Corporation has a standard cost system in which it applies manufacturing overhead to products on the basis of standard machine-hours (MHs). The company's cost formula for variable manufacturing overhead is $4.00 per MH."", 'a costing method that includes all manufacturing cost-direct materials, direct labor, and both variable and fixed manufacturing overhead-in unit product costs. Common fixed cost. A fixed cost that supports more than on business segment, but is not traceable in whole or in part to any one of the business segments.']","Indirect overhead costs are expenses that do not directly relate to your product, also known as indirect costs. They include things like rent, administrative staff, repairs, machinery, and marketing costs that are essential to business operations and must be paid regularly.",,1.0,0.9590243010217807,0.0
what are radio scanners,"['Scanner (radio) A scanner (also referred to a police scanner, police scanner radio or radio scanner) is a radio receiver that can automatically tune, or scan, two or more discrete frequencies, stopping when it finds a signal on one of them and then continuing to scan other frequencies when the initial transmission ceases.', 'Introduction. Magnetic resonance imaging (MRI) is a type of scan that uses strong magnetic fields and radio waves to produce detailed images of the inside of the body. An MRI scanner is a large tube that contains powerful magnets. You lie inside the tube during the scan.RI scans do not involve exposing the body to X-ray radiation. This means people who may be particularly vulnerable to the effects of radiation, such as pregnant women and babies, can use them if necessary. However, not everyone can have an MRI scan.', 'An ultrasound scan is a medical test that uses high-frequency sound waves to capture live images from the inside of your body.The technology is similar to that used by sonar and radar, which help the military detect planes and ships.n ultrasound scan is a medical test that uses high-frequency sound waves to capture live images from the inside of your body.', 'A: An ion scanner is also known as an ion mobility spectrometry device and is used for security reasons to scan for particulates and determine their substance of origin. It is used to detect illicit substances and is an effective tool in combating the drug trade and other threats. Continue Reading', ""Magnetic resonance imaging uses a magnetic field and radio waves to create images of the body. MRIs are used to detect abnormalities, infections, injuries, tumors and other medical problems. Typical costs: A spinal MRI is used to find various spinal problems, including nerve damage or tumors. It typically costs $1,000-$5,000, depending on the part of the spine being scanned and whether the procedure is performed in a hospital or physician's office.""]","A radio scanner is a radio receiver that can automatically tune, or scan, two or more discrete frequencies, stopping when it finds a signal on one of them and then continuing to scan other frequencies when the initial transmission ceases.",,1.0,0.9446040919706232,0.0
amount of ram in tablet,"['A bigger sized RAM means the tablet can run more apps at the same time. RAM improves the way the tablet performs, but the the way the operating system controls the RAM is also important. Tablets usually come with a minimum of 256MB of RAM, but some of the newer tablets boast 1GB of RAM. Some experts recommend that a tablet have a minimum of 512MB of RAM, but it also depends on how well the OS manages the RAM it has to work with. RAM is faster than internal storage, but it is more expensive too.', 'With respect to the size of our computation (5 trillion digits) and our hardware configuration (16 hard drives), it was found that 144 GB of ram is near the point of diminishing return for memory quantity. Therefore, additional memory clock speed provided more benefit than additional memory quantity.', ""Well, since Windows Vista and Windows 7 have many things in common, Windows 7 (32-bit) will support up to 4GB but I think it only use 3.3GB of RAM, I'm afraid. Evandela. text/html 5/3/2009 7:07:00 PM SIOK_Online 2. It depends on how much VIDEO MEMORY that your PC is using."", ""Read our recommendations for Choosing the Best Settings for World of Warcraft, discussed further below. Recommended RAM for World of Warcraft. According to WoW's official system requirements, the minimum amount of RAM for WoW: Legion is 2GB, while at least 4GB is recommended."", ""Q: How much RAM does the iPad2 have? I looked at the tech specs and other documentation I could find, however I don't see anything that states the amount of RAM the iPad2 will have. There didn't seem to be any mention of that in the Apple presentation either.""]",I cannot answer from the given context.,,1.0,0.0,0.0
what does coterminal angle mean,"['Coterminal angles are two (or more) angles that have their initial and terminal sides in the same positions. However, the angle measures differ either because: One angle is measured clockwise and the other is measured counterclockwise.', ""Positive and Negative Coterminal Angles. While a positive angle is the measure of the rotation of its terminal side from positive x axis in anti clockwise direction, a negative angle is the measure of the rotation of the terminal side in the clockwise direction.xample: If Î¸ = 45Âº, then Î¸' = 45 - 360 = -315 is a negative Coterminal Angle of 45Âº. More negative Coterminal angles can be found by subtracting multiples of 360 from Î¸. like 45 - 720 = -675Âº, 45 - 1080 = -1035Âº etc. If a given angle is negative, then a positive coterminal angle is got by adding 360 to it."", '2. angle. 1) A plan or way of doing something, esp. making a good sales pitch, implying that the person knows exactly what he or she is doing or saying. 2) The way a guy might spell the word angel as in reference to his girlfriend, letting his fellas know that the girl is being handled with care.', 'angle between two lines. The angle between two lines in a plane is defined to be. 0, if the lines are parallel; the smaller angle having as sides the half-lines starting from the intersection point of the lines and lying on those two lines, if the lines are not parallel. If.', 'The pairs of angles on opposite sides of the transversal but outside the two lines are called Alternate Exterior Angles. To help you remember: the angle pairs are on Alternate sides of the Transversal, and they are on the Exterior of the two crossed lines.']","Coterminal angles are two (or more) angles that have their initial and terminal sides in the same positions. However, the angle measures differ either because one angle is measured clockwise and the other is measured counterclockwise.",,1.0,0.8701362323716634,0.0
dennis franz where does he live,"['Dennis Franz is 73 years old and was born on 10/28/1944. Currently, he lives in Santa Barbara, CA; and previously lived in los angeles, CA and coeur d alene, ID. Sometimes Dennis goes by various nicknames including Dennis Franz Schalachta, Dennis F Schlachta, Franz Schlachta Dennis, Franz S Dennis, Denn S Franz, Dennis Franz Schlachta, Dennis F Franz. His political affiliation is currently a registered Republican Party.', ""Welcome to Behavior-Coach.com. Dennis Bumgarner, ACSW, LCSW ,LISW is a licensed clinical social worker and psychotherapist who has operated a counseling, consulting, and training practice in Indianapolis and now in New Mexico. He earned his bachelor and master's degrees from Indiana University."", ""Fantasy Artist. David Delamare was born in Leicester, UK but has spent most of his life in Portland, Oregon where he enjoys the cloudy weather. Though he likes to travel, he has never driven a car.He sleeps late and works deep into the night.When he's not attending films, plays, or concerts he can usually be found at home or strolling in Portland's Hawthorne District.hough he likes to travel, he has never driven a car. He sleeps late and works deep into the night. When he's not attending films, plays, or concerts he can usually be found at home or strolling in Portland's Hawthorne District."", 'Kriss Allard was born in 1973. Kriss currently lives in Minot . Before that, he lived in Minot , ND from 2007 to 2016.', 'Stargell was born in Earlsboro, Oklahoma, but later moved to Florida with an aunt after the divorce of his parents. Later he returned to Alameda, California to live with his mother. He attended Encinal High School, where his baseball teammates included future MLB players Tommy Harper and Curt Motton.ver his 21-year career with the Pirates, he batted .282, with 2,232 hits, 423 doubles, 475 home runs and 1,540 runs batted in, helping his team capture six National League East division titles, two National League pennants and two World Series (1971, 1979). Stargell was inducted into the Baseball Hall of Fame in 1988.']","Dennis Franz currently lives in Santa Barbara, CA.",,1.0,0.9368867039257722,0.0
weather in fort lauderdale today,"[""Check Fort Lauderdale weather averages before you book your next holiday in 2018/2019. Today's maximum temperature in Fort Lauderdale is expected to be 26Â°C, while the average maximum temperature in January is 24Â°C. More about Fort Lauderdale. Weather overview; More destinations; Monthly averages; Weather by month; 5-day weather forecast; Best time to go"", 'Climate data for fort lauderdale, Longitude: -80.2011, Latitude: 26.1019. Average weather Fort Lauderdale, FL - 33301 - 1981-2010 normals. Jan: January, Feb: February, Mar: March, Apr: April, May: May, Jun: June, Jul: July, Aug: August, Sep: September, Oct: October, Nov: November, Dec: December.', '40%61Â°46Â°Night - Clear. Winds variable at 7 to 14 mph (11.3 to 22.5 kph). The overnight low will be 43 Â°F (6.1 Â°C).Partly cloudy with a high of 58 Â°F (14.4 Â°C). Winds variable at 4 to 11 mph (6.4 to 17.7 kph). 10%59Â°42Â°Mostly sunny today with a high of 59 Â°F (15.0 Â°C) and a low of 42 Â°F (5.6 Â°C).', 'Winds variable. The overnight low will be 58 Â°F (14.4 Â°C).Sunny with a high of 85 Â°F (29.4 Â°C). Winds variable at 2 to 9 mph (3.2 to 14.5 kph). 0%85Â°53Â°Sunny today with a high of 85 Â°F (29.4 Â°C) and a low of 53 Â°F (11.7 Â°C). 0%76Â°51Â°Sunny today with a high of 76 Â°F (24.4 Â°C) and a low of 51 Â°F (10.6 Â°C).', 'Next 5 Days. 1 Today Sep 2 63Â° /49Â°F. Rain and a thunderstorm. 2 Sun Sep 3 78Â° /60Â°. Pleasant and warmer. 3 Mon Sep 4 68Â° /48Â°. A shower or two; not as warm. 4 Tue Sep 5 56Â° /45Â°. A brief shower or two. 5 Wed Sep 6 56Â° /39Â°. Mostly cloudy, a few showers.']",Today's maximum temperature in Fort Lauderdale is expected to be 26°C.,,1.0,0.7331449537321942,0.0
definition of rit,"['Updated September 01, 2016. Definition: Ritardando (or rit.) is an indication to gradually decrease the tempo of the music (opposite of accelerando). The length of a ritardando is extended by a dashed, horizontal line; and, if applicable, the previous tempo may be restored with the commands tempo primo or a tempo. The abbreviation rit. is sometimes used for ritenuto; ritenuto is often abbreviated to riten. to avoid confusion. Also Known As: en retardant; cÃ©dez; alongez (Fr)', 'Reactive ion etching (RIE) is a directional etching process utilizing ion bombardment to remove material. The most notable difference between reactive ion etching and isotropic plasma etching is the etch direction. While RIE provides a much stronger etch, it also provides a directional etch. The plasma will etch in a downward direction with almost no sideways etching.', 'A riad (Arabic: Ø±Ù\x8aØ§Ø¶ â\x80\x8e) is a traditional Moroccan house or palace with an interior garden or courtyard.he ancient Roman city of Volubilis provides a reference for the beginnings of riad architecture during the rule of the Idrisid Dynasty. An important design concern was Islamic notions of privacy for women inside residential gardens.', 'RISC and CISC are computing systems developed for computers. Difference between RISC and CISC is critical to understanding how a computer follows your instructions.These are commonly misunderstood terms and this article intends to clarify their meanings and concepts behind the two acronyms.RISC. Pronounced same as RISK, it is an acronym for Reduced Instruction Set Computer.ISC and CISC are computing systems developed for computers. Difference between RISC and CISC is critical to understanding how a computer follows your instructions. These are commonly misunderstood terms and this article intends to clarify their meanings and concepts behind the two acronyms. RISC.', 'Adit, a horizontal or near-horizontal passage driven from the Earthâ\x80\x99s surface into the side of a ridge or mountain for the purpose of working, ventilating, or removing water from a mine. Entrance of an abandoned adit, Medford, Ore.']","Ritardando (or rit.) is an indication to gradually decrease the tempo of the music (opposite of accelerando). The length of a ritardando is extended by a dashed, horizontal line; and, if applicable, the previous tempo may be restored with the commands tempo primo or a tempo. The abbreviation rit. is sometimes used for ritenuto; ritenuto is often abbreviated to riten. to avoid confusion.",,1.0,0.05476706548358815,0.0
how to tag images twitter,"[""3. Remove Tag Options. You now have two pop-ups to negotiate that inform Facebook why you're de-tagging the image. The first screen gives you the choice of quietly removing the tag, asking the person who tagged you to remove the tag, or block the tagger."", 'Hereâ\x80\x99s how you do it: Open your Twitter app, and tap the quill icon on the top-right corner of the screen. From here, youâ\x80\x99ll have the option to either take a photo directly from your phone or to pick one from your photo library. I took a photo of my editor, Jason. Heâ\x80\x99s just so chipper all the time.', '1 Locate and tap the video or image you want to send in your Photos gallery. 2 Select Choose. 3 To move the insertion to a different position: 4 Select the photo or video as you would highlight text; tap long and select Select, for instance, then adjusting the highlighting handles. 5 Select Cut from the context menu.', 'Step 3. Click the â\x80\x9cAdd Photosâ\x80\x9d button in the upper right corner of the screen and select a picture to add. You can select one of the sample pictures that were pre-loaded on your computer. Step 4. Enter a name for the album in the â\x80\x9cUntitled Albumâ\x80\x9d field in the upper left corner of the screen.Click â\x80\x9cSelect Photos to Upload.â\x80\x9d. Step 5. Click on the picture you chose earlier, and then click â\x80\x9cOpen.â\x80\x9d Click â\x80\x9cUpload Photosâ\x80\x9d and wait for the picture to be uploaded to the album you just created.Step 6. Click the drop-down arrow in the upper-right of the picture and click â\x80\x9cRemove This Photos.â\x80\x9d Click â\x80\x9cOkayâ\x80\x9d to confirm your selection.tep 4. Enter a name for the album in the â\x80\x9cUntitled Albumâ\x80\x9d field in the upper left corner of the screen. Click â\x80\x9cSelect Photos to Upload.â\x80\x9d. Step 5. Click on the picture you chose earlier, and then click â\x80\x9cOpen.â\x80\x9d Click â\x80\x9cUpload Photosâ\x80\x9d and wait for the picture to be uploaded to the album you just created.', ""Most use their own photo-specific networks, but all also share to the biggies, Facebook and Twitter. Without further ado, here are AppScout's top 5 iPhone photo apps with social aspirations: 5. Repix. Free. Repix specializes in adding effect to selected parts of your photos, rather than using Instagram's blanket full-image filters. With it, you finger-paint on the effects for a more custom look.""]",I cannot answer from the given context.,,0.0,-0.0,0.0
is blighted ovum the same as molar pregnancy,"['A blighted ovum is one type of miscarriage that often occurs before a woman even knows that she is pregnant. Molar pregnancies, chemical pregnancies and embryo toxic factor (ETF) are some other reasons for miscarriage to occur, while a threatened miscarriage refers to the increased possibility that a woman may have a miscarriage.', 'One of the earliest symptoms of pregnancy is constipation, but does constipation actually start during ovulation? The hormone likely responsible for pre-pregnancy and pregnancy constipation, from a reproductive standpoint, is progesterone and both pregnant and non-pregnant women suffer from this uncomfortable symptom.', 'Ovulation is the release of an egg from the ovary. The ovarian follicle, during the monthly cycle, releases an egg, generally the largest egg. In rare cases, two or more eggs can be released at a time. The egg is released in the fallopian tubes where it makes its way to the uterus.', ""An ectopic pregnancy is a pregnancy which is not in the normal place (the womb). Ectopic means 'misplaced'. It occurs in about 11 in 1,000 pregnancies. Although many ectopic pregnancies are now treated without the need for an operation, you should always see a doctor urgently if you think you have an ectopic"", 'PCOS is a hormonal imbalance that can cause the ovaries not to work. In most cases, the ovaries become enlarged and appear covered with tiny, fluid-filled cysts. Symptoms include: No periods, irregular periods, or irregular bleeding. No ovulation or irregular ovulation. Obesity or weight gain (although thin women may have PCOS) Insulin resistance (an indicator of prediabetes) High blood pressure. Abnormal cholesterol with high triglycerides. Excess hair growth on the body and face (hirsutism)']",I cannot answer from the given context.,,0.0,0.0,0.0
is cholecystitis fatal,"[""Acute acalculous cholecystitis (AAC) is an acute inflammation of the gallbladder in absence of gallstones. It is a potentially fatal form of acute cholecystitis that usually occurs in critically ill patients. The disease may often go unrecognized due to the complexity of the patient's medical and surgical problems."", ""Gallbladder and bile duct. Cholecystitis (ko-luh-sis-TIE-tis) is inflammation of the gallbladder. Your gallbladder is a small, pear-shaped organ on the right side of your abdomen, beneath your liver.The gallbladder holds a digestive fluid that's released into your small intestine (bile).allbladder and bile duct. Cholecystitis (ko-luh-sis-TIE-tis) is inflammation of the gallbladder. Your gallbladder is a small, pear-shaped organ on the right side of your abdomen, beneath your liver."", 'Inflammation of the gallbladder is a common disease in the United States. The disease is more common in women than in men, and it occurs most frequently after the age of 40. There are two types of cholecystitis: acute, which comes on suddenly, and chronic, which is longstanding and persistent.', 'Outcome and Management. Recovery after withdrawal of doxycycline is usually rapid, but in instances with severe cholestasis, can require 2 to 6 months. No case of acute liver failure has been reported due to doxycycline, but rare instances of vanishing bile duct syndrome have been linked to its use.', '1 itchiness (pruritus). 2 Pruritus is the primary symptom of cholestasis and is thought to be due to interactions of serum bile acids with opioidergic nerves. 3 In fact, the opioid antagonist naltrexone is used to treat pruritus due to cholestasis.ile is secreted by the liver to aid in the digestion of fats. Bile formation begins in bile canaliculi that form between two adjacent surfaces of liver cells (hepatocytes) similar to the terminal branches of a tree.']",I cannot answer from the given context.,,0.0,0.0,0.0
other name for pigeon grass weed,"['OTHER NAMES: Bottle grass, green bristle grass, wild millet, pigeon grass.HABITAT: Grain fields, gardens, roadsides and waste places.DESCRIPTION: Annual, reproduction by seed. Stems are erect, branching at the base, 8-24 inches tall. Leaves are flat, without hairs, rough, pointed blade 2-10 inches long.THER NAMES: Bottle grass, green bristle grass, wild millet, pigeon grass.HABITAT: Grain fields, gardens, roadsides and waste places.', 'Broadleaf plantain is a common broadleaf weed in lawns. It is a cool-season perennial weed found practically in any habitat. The leaves are arranged in a rosette and have prominent veins.', 'Pigeon peas can be of a perennial variety, in which the crop can last three to five years (although the seed yield drops considerably after the first two years), or an annual variety more suitable for seed production. Pigeon peas are an important legume crop of rainfed agriculture in the semiarid tropics.', 'In older birds, the disease is called aspergillosis. Species affected: All birds (domestic poultry, pigeons, canary and zoo bird species), animals, humans, and plants are susceptible. Clinical signs: Aspergillosis occurs as an acute disease of young birds and a chronic disease in mature birds.', ""Marijuana or marihuana , etc., is a name for the cannabis plant and a drug preparation made from it.The form marihuana is first attested in Mexican Spanish; it then spread to other varieties of Spanish and to English, French, and other languages.hrough the early 20th century, however, both the drug and the plant were more commonly known as cannabis or hemp . Marihuana's currency in American English increased dramatically in the 1930s, when it was preferred as an exotic-sounding alternative name during the debates of the drug's use.""]","Bottle grass, green bristle grass, wild millet.",,1.0,0.5367707300797179,0.0
is it okay to defrag a raid 5,"['Just wondering if there are any. Do not defragment RAID 0 or RAID 5 arrays. There is no point since the RAID controller determines where the bytes are written to on the two (or more) physical drives.Any benefit you receive will be extremelty short-lived as a few writes later you will be extremely fragmented again.See, the problem is Windows sees RAID 0 as a single drive and defrags it that way. The RAID controller does not. If the RAID controller wrote data only to one drive then defragging would help.ny benefit you receive will be extremelty short-lived as a few writes later you will be extremely fragmented again. See, the problem is Windows sees RAID 0 as a single drive and defrags it that way. The RAID controller does not. If the RAID controller wrote data only to one drive then defragging would help.', 'Why Defraggler is safe to use. Windows has an internal API (Application Programming Interface) that third-party applications such as Defraggler can use to move and delete files.', ""Technically, it seems you can just ignore the Drobo Dashboard software and use Disk Utility to format the Mini the way you would with other drives. But doing that would mean you can't take advantage of BeyondRAID, which is the strong point of the drive and is the only option the Drobo Dashboard software gives you. You can't use the software to set up the Drobo Mini using a standard RAID setup, such as RAID 0, RAID 1, RAID 10, or RAID 5. (For more about RAID, check out this post.) In my trials, BeyondRAID worked as intended, though I didn't get the chance to test all it could do."", 'With the release of Patch 5.4: Siege of Orgrimmar, four wings of an expansive new raid will begin to open. The Normal and Heroic raid difficulties, Raid Finder wings, and the new-to-5.4 Flexible mode wings will each be available starting from different dates. To access the new Raid Finder wings, youâ\x80\x99ll need a minimum average Item Level (ilvl) of 496 or higher.', 'So, if a drive in the RAID group fails, the system can then use the information held on the remaining disks plus the parity information to rebuild the data on the failed drive to a spare.']",I cannot answer from the given context.,,0.0,0.0,0.9999999999
room and pillar definition,"['In a room-and-pillar mining system, the most common method, the mine roof, is supported mainly by coal pillars left at regular intervals. Rooms are places where the coal is mined; pillars are areas of coal left between the rooms. Room-and-pillar mining is done either by conventional or continuous mining. A drift mine is driven horizontally into coal that is exposed or accessible in a hillside. In a hydraulic mine, high-pressure water jets break the coal from a steeply inclined, thick coalbed that would be difficult to mine with the usual underground methods.', 'The fourth pillar or foundation of Islam is the fasting of the month of Ramadan. As with all other aspects of the religion, all the details related to Fasting are found in the Quran.', ""for justice' sake: for theirs is the kingdom of heaven.. Matthew 5:10. The scourging at the pillar is a mournful event that serves as a reminder of the horrors Jesus suffered for love of you. It may be useful to look at a picture of the scourging at the pillar. Or even listen to some uplifting music while meditating on this mystery of the rosary. When meditating on this second of the sorrowful mysteries of the Rosary, keep in mind that the fruit of the mystery is purity."", 'platform framing. Definition. A framing system in which the vertical members are only a single story high, with each finished floor acting as a platform upon which the succeeding floor is constructed. Platform framing is the common method of house construction in North America.', 'Scriptorium, literally a place for writing, is commonly used to refer to a room in medieval European monasteries devoted to the writing, copying and illuminating of manuscripts by monastic scribes.he Benedictine Plan of St. Gall is a sketch of an idealised monastery dating from 819-826, which shows the scriptorium and library attached the northeast corner of the main body of the church; this is not reflected by the evidence of surviving monasteries.']","In a room-and-pillar mining system, the most common method, the mine roof is supported mainly by coal pillars left at regular intervals. Rooms are places where the coal is mined; pillars are areas of coal left between the rooms. Room-and-pillar mining is done either by conventional or continuous mining.",,1.0,0.5627787057523367,0.0
Sony PS-LX300USB how to connect to pc,"['Connecting the USB cable Connect the turntable and the computer with the supplied USB cable.USB cable (supplied)To the USB portTo the USB jackComputer (not supplied). 11 GB Operations PS-LX300USB.GB.3-198-123-15(1) Continued î ¼ Notes î\x8f\x90 The turntable is not guaranteed to operate with a USB hub or USB extension cable.Use the supplied USB cable. î\x8f\x90 Connect the USB cable into the USB jack/USB port securely, or may cause a malfunction.GB PS-LX300USB.GB.3-198-123-15(1) 2 Carefully place the platter on the spindle. 3 Use the ribbon to hook the drive belt around the motor pulley. Make sure not to twist the drive belt.After looping the belt, do not forget to remove the ribbon. 4 Place the rubber mat on the platter. Turntable assembly is complete.', 'Though gaming systems are typically connected to televisions, it is possible to connect a Sony PlayStation 3 (PS3) to a laptop monitor. Connecting a PS3 to a laptop monitor allows allows you to experience high-level video games in a portable setting and without the use of a large TV.nstructions. Connect the TV video card into the USB port of the laptop. Place the installation CD into the disk tray of the laptop. Follow software prompts and complete the installation process.', 'To connect a VPN on your PS4 the steps are: Firstly you need to configure VPN on your computer configuring your Wi-Fi router with provided instructions. Then a crossover cable can connect your gaming console that is your PS4 to the router.', 'PS/2 keyboard or PS/2 mouse redirects here. For the physical keyboards normally supplied with IBM PS/2 computers (among other hardware), see Model M keyboard. The PS/2 port is a 6-pin mini-DIN connector used for connecting some keyboards and mice to a PC compatible computer system. Its name comes from the IBM Personal System/2 series of personal computers, with which it was introduced in 1987.', 'To connect the PSU to your Xbox 360 console: 1 Fully insert the DC power cord into the Xbox 360 console. 2 Firmly plug the AC power cord into the PSU until the plug on the cord is completely seated. 3 Plug the other end of the AC power cord into the wall outlet.']",Connect the turntable and the computer with the supplied USB cable. Use the supplied USB cable to connect the USB jack to the USB port on the computer. Make sure to connect the USB cable securely to avoid any malfunctions.,,1.0,0.5324876002018101,0.0
what is a skilled bed in a nursing home,"['Skilled nursing is a level of hospitalization care for patients who require certain services. Skilled nursing services (Swing Beds) are extremely beneficial when a patient is ready to leave the acute care level of a hospital stay, but is not yet well enough to return home. At HCHS, skilled nursing patients are cared for on the Acute Care floor of the hospital by our staff of health care professionals.', ""Skilled care is defined as care that requires a skilled professional in order to be safe and effective. Medicare does not cover care in a nursing home when it is only a â\x80\x9ccustodial.â\x80\x9d Examples of custodial care include the administration of medications or assisting a patient with bathing or toileting.. Receive the BFCC-QIO decision. 1 The BFCC-QIO is supposed to make its decision about Medicare coverage within 72 hours. 2 If successful, you will continue to get your daily Medicare covered care. 3 If the BFCC-QIO agrees with the nursing home's denial, you will be financially responsible for your continued stay."", 'For purposes of this publication, the care setting for the Medication Aide is the skilled nursing center or assisted-living facility, and your clients are referred to as residents. You must adhere to all laws and regulations of the state licensing/accrediting agency.', 'The nursing facility care and services covered by Medicare are similar to what is covered for hospital care. They include: 1 a semiprivate room (two to four beds per room), or a private room if medically necessary. all meals, including special, medically required diets.', 'Search Florida Skilled Nursing Homes by ZIP. We recommend you search by ZIP to also view nearby Florida nursing homes that may not be located in the same city but could still meet your needs. Florida skilled nursing facilities are listed by city below so you can view only nursing homes in that city. ZIP:']",I cannot answer from the given context.,,0.0,0.0,0.0
what does shortcut mean,"['In computing, a keyboard shortcut is a series of one or several keys, such as Ctrl+F to search a character string. Such a directive invokes a software or operating system operation (in other words, cause an event) when triggered by the user. The meaning of term keyboard shortcut can vary depending on software manufacturer.', '1 tending to run out of breath, esp. after exertion. 2 (of speech or writing) terse or abrupt. English Collins Dictionary-English Definition & Thesaurus &nbsp. See also: short, for short, in short, fall short. ! a turn. a turn. n. a short performance. buzz cut. buzz cut.', 'Select table column. This shortcut selects one or more table columns in a table, when the cursor is in an Excel table. Behavior changes as the shortcut is used more than once. First time: column data. Second time: column data + column header. Third time: entire worksheet column.', 'These shortcuts allow you to perform basic PowerPoint functions during your presentation: To start slideshow, press F5 To move on to the next slide or animation sequence, press either N, Right Arrow, or Spacebar', 'A short sale is a real estate transaction for the purchase of a home before a bank forecloses on it. Short sales allow the owner of the home to sell the home below the market price and are subject to approval by the holder of the loan on the ... Read more.']","In computing, a keyboard shortcut is a series of one or several keys that invokes a software or operating system operation when triggered by the user.",,1.0,0.7330057676789054,0.0
virginia corporate income tax due date,"['General Instructions. Virginia corporation tax returns are due by the 15 th day of the 4 th month after the end of the tax year. For calendar year filers, this date is April 15.If you cannot file on time, you can get a Virginia tax extension. tax extension gives you more time to file, but not more time to pay your Virginia tax. In order to obtain a Virginia extension, at least 90% of your Virginia tax liability must be paid by the original due date (April 15).', 'For fiscal-year partnerships, the new due date will be the 15th day of the third month following the close of the fiscal year. The due date changed from March 15 (or the 15th day of the third month after the end of its tax year) to April 15 (or the 15th day of the fourth month after the end of its tax year).he due date changed from March 15 (or the 15th day of the third month after the end of its tax year) to April 15 (or the 15th day of the fourth month after the end of its tax year).', 'If you file tax according to the fiscal year, your return and payment are due on the 15th day of the fourth month after the end of the fiscal year. If the 15th falls on a Saturday, Sunday or holiday, the due date is the next business day.', 'Tax Day by Tax Year - 2015 Tax Due Dates and Filing Deadlines for 2014 Tax Returns. Important: Though the April 15 deadline has past, you can still prepare and efile your 2014 tax return by October 15, 2015 (and pay as much taxes owed as you can).he 2015 Federal and State Tax Deadlines (for Tax Year 2014) are on the table below. Tax Day DateType of Income Tax ReturnFiling Deadline / Due Date Description April 15, 2015 2014 Federal Tax Return Tax Day for Tax Year 2014 - Filing deadline and due date for Federal Income Tax Returns.', 'PAYG instalments GST instalments. Due date to pay quarterly PAYG and/or GST instalment notice for the September 2015 quarter (1st quarter of the 2015/16 income year). Due date to lodge the instalment notice if varying the instalment amount.ue date for entities who pay or report GST annually, and who are required to lodge income tax returns by 31 October, to lodge the Annual GST return or Annual GST information report for the year ended 30 June 2015.']","Virginia corporation tax returns are due by the 15th day of the 4th month after the end of the tax year, which is April 15 for calendar year filers.",,1.0,0.8465374986206887,0.9999999999
what does hortensia mean in english,"[""The name Hortensia is of English and Latin origin. The meaning of Hortensia is garden. Hortensia is generally used as a girl's name. It consists of 9 letters and 4 syllables and is pronounced Hor-ten-si-a."", 'The hamartia can be anything from an error in judgement to an error made out of ignorance to a character flaw to a sin. The definition of hamartia can also be expanded to refer to something that at first seems like the best part of a character, but which, in excess, leads to the flaw. We will see examples of this with Oedipus Rex and Romeo and Juliet.', 'Noun. 1. lordosis-an abnormal inward (forward) curvature of the vertebral column. hollow-back. spinal curvature-an abnormal curvature of the vertebral column. Translations.', 'Holoprosencephaly (HPE) is the failure of the prosencephalon, or forebrain, to develop normally. The forebrain is a region of the brain in the fetus that develops into parts of the adult brain, including the cerebral cortex.', 'Livor mortis (Latin: livor â\x80\x94bluish color, mortis â\x80\x94of death), postmortem lividity (Latin: postmortem â\x80\x94after death, lividity â\x80\x94black and blue), hypostasis (Greek: hypo, meaning under, beneath; stasis, meaning a standing) or suggillation, is one of the signs of death.']",Hortensia means garden in English.,,1.0,0.928705301545091,0.0
population of paris texas,"['Population of Paris, TX Last official estimated population of Paris city (Lamar County**, Texas state) was 24,895 (year 2014) [1]. This was 0.008% of total US population and 0.09% of total Texas state population. Area of Paris city is 38.3 miÂ² (=99.2 kmÂ²) [6], in this year population density was 649.66 p/miÂ².', 'In the Paris Region, 590,504 residents were immigrants from Europe, 627,078 were immigrants from the Maghreb, 435,339 from sub-Saharan Africa and Egypt, 69,338 from Turkey, 322,330 from Asia (outside Turkey), 113,363 from the Americas, and 2,261 from the South Pacific.', ""5. Texas (map) is a state located on the Gulf of Mexico and it is the second largest of the contiguous states based on both area and population. The area of Texas is 268,820 square miles (696,241 sq km) and the state's 2009 population was 24,782,302.lorida is a state in the southeastern United States that is bordered by Alabama and Georgia to the north and the Gulf of Mexico the the south and east. It is a peninsula that is surrounded by water on three sides (map) and it has a 2009 population of 18,537,969."", 'Brazos County, Texas (TX) County population in 2016: 220,417 (88% urban, 12% rural); it was 152,415 in 2000 County owner-occupied with a mortgage or a loan houses and condos in 2010: 21,578 County owner-occupied free and clear houses and condos in 2010: 10,835', 'Gilmer, TX Population and Races. As of 2010-2014, the total population of Gilmer is 5,031, which is 4.83% more than it was in 2000. The population growth rate is much lower than the state average rate of 25.13% and is much lower than the national average rate of 11.61%.']","The last official estimated population of Paris, TX was 24,895 in the year 2014.",,1.0,0.809690097121274,0.0
what are the parts of a cell and how do they work,"['Each part of a cell completes a certain function for the cell. All cells include the following parts: 1 Cell Membrane - forms the outer boundary of the cell and allows only certain materials to move into or out of the cell. Cytoplasm - a gel-like material inside the cell; it contains water and nutrients for the cell.', '1 Cytoplasm - a gel-like material inside the cell; it contains water and nutrients for the cell. 2 Nucleus - directs the activity of a cell; it contains chromosomes with the DNA. 3 Nuclear Membrane - separates the nucleus from the cytoplasm. Endoplasmic Reticulum - moves materials around in the cell.', 'Animal cells and plant cells. Animal cells usually have an irregular shape, and plant cells usually have a regular shape. Cells are made up of different parts. It is easier to explain what these parts are by using diagrams like the ones below.Animal cells and plant cells both contain: cell membrane, cytoplasm, nucleus. Plant cells also contain these parts, not found in animal cells: chloroplasts, vacuole, cell wall. The table summarises the functions of these parts.nimal cells usually have an irregular shape, and plant cells usually have a regular shape. Cells are made up of different parts. It is easier to explain what these parts are by using diagrams like the ones below. Animal cells and plant cells both contain:', ""They have a variety of internal membrane-bound structures, called organelles, and a cytoskeleton composed of microtubules, microfilaments, and intermediate filaments, which play an important role in defining the cell's organization and shape."", 'Nucleus-The nucleus is the control center of the cell. It is the largest organelle in the cell and it contains the DNA of the cell. DNA (Deoxyribonucleic Acid) contains all the information for cells to live, perform their functions and reproduce.his layer is called the capsule and is found in bacteria cells. In our body there are many different kinds of cells. We are made up of about 200 different types of cells. Our body also has non-living materials such as hair, finger nails, and the hard part of the bone and teeth.']","The parts of a cell include:

1. **Cell Membrane** - forms the outer boundary of the cell and allows only certain materials to move into or out of the cell.
2. **Cytoplasm** - a gel-like material inside the cell that contains water and nutrients for the cell.
3. **Nucleus** - directs the activity of a cell and contains chromosomes with the DNA.
4. **Nuclear Membrane** - separates the nucleus from the cytoplasm.
5. **Endoplasmic Reticulum** - moves materials around in the cell.

In addition, animal cells and plant cells both contain these parts, while plant cells also have chloroplasts, vacuoles, and a cell wall, which are not found in animal cells. The nucleus acts as the control center, containing the DNA necessary for the cell's functions and reproduction.",,0.9285714285714286,0.8946602570861576,0.0
is scout a girl,"['Scout is a girl. At the beginning of the book, she is 6 years old. Her full name is Jean Louise Finch. Scout is a girl. At the beginning of the book, she is 6 years old. Her full name is Jean Louise Finch.', 'The name Scout is of French, American and English origin. The meaning of Scout is scout, explorer. Scout is used as both a boys and girls name. It consists of 5 letters and 1 syllable and is pronounced Scout.', 'For Girl Scouts of the USA: Girls Scouts can be as young as kindergarten age children (age 5) to as old as High School seniors (age 18).', 'Chelsea Field was born on May 27, 1957 in Glendale, California, USA as Kimberly A. Botfield. She is an actress, known for The Last Boy Scout (1991), Commando (1985) and Masters of the Universe (1987). She has been married to Scott Bakula since 2009. They have two children.', ""Both Scout and Jem find different objects in the tree, and it was obvious that Boo Radley had put them there. I think that this proves taht Boo Radley isnt all that bad. This action is saying that in a way, he wants to be Jem and Scout's friend.""]","Yes, Scout is a girl.",,1.0,0.96441795441191,0.9999999999
what are you supposed to wear to a wake,"['It is best to hedge toward formal wear if the dress code for a wake is not known. Jeans may sometimes be acceptable depending on the deceased and their family and social circle, but they must always be worn with appropriate dress footwear and a respectful top.', 'We recommend: 1 A solid navy suit, charcoal or a grey suit â\x80\x93 2 or 3 button single-breasted with notched lapels or double-breasted. 2 Do NOT wear a black suit â\x80\x93 those are for funerals only. 3 Wear a solid or striped white or light blue dress shirt with French cuffs and cufflinks or a barrel cuff.', 'What To Wear To A Luau Party. Along with the truly festive, floral and free flowing fashions that work at a luau party, you should also consider cute and messy beach hairstyles for summer along with your outfit. If you are still confused about what to wear, the choice is simple â\x80\x93 you can go with some choices for what you should wear to the beach. When it comes to a luau, the options to dress up can be as simple or as outlandish as you want it to be or as per the dictates of your mood. If you are the kind who has purchased a fancy straw hat with flowers or even fruits on them, then it is the right time to break it out.', ""If an invite says black tie optional, err on the side of caution and wear a long dress or dark suit or tux. Like your mom always said, it's better to be safe than sorry. what to wear to a winter wedding. what to wear to a fall wedding. what to wear to a summer wedding. what to wear to a spring wedding."", ""No one is saying you have to wear a pink sundress covered in roses. You don't have to be girly at all if that's not your thing. You do you. Just do it with the understanding that this day is not about you and a leopard print mini dress is likely to draw a lot of attention.""]","It is best to hedge toward formal wear if the dress code for a wake is not known. Jeans may sometimes be acceptable depending on the deceased and their family and social circle, but they must always be worn with appropriate dress footwear and a respectful top.",,1.0,0.0,0.0
what are the marijuana laws in massachusetts,"['Massachusetts Marijuana Laws. Marijuana possession, sale, and manufacture are regulated by both state and federal law. In Massachusetts, marijuana is classified as a class D substance, and until recently was completely illegal. (Mass.', 'In 2008, Massachusetts voters approved a ballot measure that replaced criminal penalties for the possession of one ounce or less of weed with a system of civil penalties. That law is usually described as decriminalization. In 2012, Massachusetts voters approved an initiative making marijuana legal for medical use.', ""The law, passed as a ballot measure known as Question 4, would allow people 21 years and older to possess up to 1 ounce of marijuana outside their residence and possess up to 10 ounces inside the residence. That goes into effect on Dec. 15, 2016. These 13 Massachusetts towns really wanted weed legalized. Here's what happens next, with a major caveat. There are deadlines and other provisions within the law. But the Massachusetts Legislature and Gov. Charlie Baker, one of the top opponents of the measure, hold the power to rewrite the law."", 'These relaxed laws have pro-marijuana legalization activists enthused. Many are already looking toward 2016, when ballot initiatives in California, Massachusetts, Maine, Nevada and Arizona other states are likely to be put to voters.', 'Massachusettsâ\x80\x99 foreclosure statutes are found in the Massachusetts General Laws Chapter 244. You can find a link to the General Laws of Massachusetts on the Massachusetts legislatureâ\x80\x99s website at https://malegislature.gov. If you need help locating the statutes, see Finding Your Stateâ\x80\x99s Foreclosure Laws.']","In Massachusetts, marijuana possession, sale, and manufacture are regulated by both state and federal law. Marijuana is classified as a class D substance. In 2008, voters approved a measure that decriminalized the possession of one ounce or less of marijuana, replacing criminal penalties with civil penalties. In 2012, medical marijuana use was legalized. As of December 15, 2016, adults 21 years and older can possess up to 1 ounce of marijuana outside their residence and up to 10 ounces inside their residence. However, the Massachusetts Legislature and the Governor have the power to rewrite the law.",,1.0,0.8953996100959086,0.0
banget meaning,"[""of shortening terima kasih), makasih banget, and trims banget. The words trims and banget (which means 'very' or 'extremely') are typical of the slang spoken around Jakarta, the Indonesian capital. Nowadays, many young people from urban centers throughout Indonesia use these most informal forms."", 'Bengali, also called Bangala, Bangla, Bangla-Bhasa, belongs to the Eastern group of the Indo-Aryan branch of the Indo-European language family. Along with Assamese, it is the easternmost of all Indo-European languages. In English, Bengali refers to both the language and the people who speak it.', 'Link to this slang definition. To link to this term in a web page or blog, insert the following. <a href=http://onlineslangdictionary.com/meaning-definition-of/banger>banger</a> To link to this term in a wiki such as Wikipedia, insert the following. [http://onlineslangdictionary.com/meaning-definition-of/banger banger]', 'syn: beat, hit, pound, strike, thrash refer to the giving of a blow or blows. beat implies the giving of repeated blows: to beat a rug. To hit is usu. to give a single blow, definitely directed: to hit a ball. To pound is to give heavy and repeated blows, often with the fist: to pound the table. To strike is to give one or more forceful blows suddenly or swiftly: to strike a gong.', '1. a. A game played with a bat and ball by two opposing teams of nine players, each team playing alternately in the field and at bat, the players at bat having to run a course of four bases laid out in a diamond pattern in order to score.b. The ball that is used in this game.2.aseball-a ball used in playing baseball. ball-round object that is hit or thrown or kicked in games; the ball travelled 90 mph on his serve; the mayor threw out the first ball; the ball rolled into the corner pocket.']","The word ""banget"" means 'very' or 'extremely' and is typical of the slang spoken around Jakarta, the Indonesian capital.",,1.0,0.8687710707134274,0.9999999999
is weak dollar good?,"[""DEFINITION of 'Weak Dollar' A weak dollar is a situation where the U.S. dollar's value is decreasing relative to one or a basket of foreign currencies. Essentially, a weak dollar means that a U.S. dollar can exchange for fewer amounts of foreign currency. A number of factors, not just economic fundamentals, can lead to a period of U.S. dollar weakness. The term weak dollar is used to describe a sustained period of time, as opposed to a 24 to 48-hour decline in the greenback. BREAKING DOWN 'Weak Dollar'"", 'Yet, while a weaker dollar is seen helping American exporters to compete abroad, it may undermine the greenbackâ\x80\x99s status as the worldâ\x80\x99s top reserve currency and fan concerns about a protectionist trade agenda espoused by U.S. President Donald Trump, who is set to speak in Davos on Friday.', 'China is on its way to becoming a reserve currency not because of weakness in the US dollar but precisely because the US dollar is going to get stronger and become less readily available. Countries are going to need to be able to trade in something besides dollars.', 'By contrast, the one currency that has always had a higher value than the U.S. dollar, the British pound, has actually lost value against the U.S. dollar compared to the early 1970s and 1980s and it is the only najor currency to have a lower value against the U.S. dollar compared to early 2000.urthermore, the Australian dollar has also gained a higher value than the U.S. dollar. As a result there are now 5 major currencies with a higher value than the U.S. dollar, namely the British pound, the euro, the Swiss franc, the Canadian dollar and the Australian dollar.', ""A Peace dollar is worth more than a Morgan, it has the word PEACE on tâ\x80¦he rock on the reverse of the coin the eagle is standing on, it's worth at least $70.00 and the Morgan is $33.00-$39.00 but only IF the coins are in collectible condition.""]",I cannot answer from the given context.,,0.0,0.0,0.0
what kind of sword does Strider Hiryu use,"[""The player controls the protagonist Strider Hiryu, whose main weapon is a tonfa-like plasma sword known as Cypher. He can perform numerous acrobatic feats depending on the joystick/button combination used.April 2013). Strider, released in Japan as Strider HiryÅ« (ã\x82¹ã\x83\x88ã\x83©ã\x82¤ã\x83\x80ã\x83¼é£\x9bç«\x9c) , is a 1989 side-scrolling platform game developed and released for the CP System arcade hardware by Capcom. It became one of Capcom's early big hits prior to Street Fighter II, hailed for its innovative gameplay and unique music."", 'A Japanese sword (æ\x97¥æ\x9c¬å\x88\x80, nihontÅ\x8d) is one of several types of traditionally made swords from Japan.There are many types of Japanese swords that differ by size, shape, field of application and method of manufacture. Some of the more commonly known types of Japanese swords are the katana, wakizashi, and tachi. One of the forerunners of the wakizashi. 2 Katana (å\x88\x80, sword) : A general term for the traditional sword with a curved blade longer than 60 cm (there is no upper length limit but generally they are shorter than 80 cm), worn with the edge upwards in the sash.', 'It would be an uneasy alliance, fraught with turns of loyalty and turns of Shakespearean phrase. But it also led to strong friendships and even the salvation of all humanity. As befits a warrior of his stature, Dinobot is skilled in all forms of combat. He wields a spinning sword and a rotating blade, both which are his preferred means of battle, though he has been known to use ranged weapons such as his laser eye-beams or a simple handheld gun.', '472 pages on this wiki. A lightsaber is a fictional weapon made popular in the Star Wars universe. A laser sword , it consists of a polished metal hilt which projects a brightly lit blade generally about 4 feet or 1.22 meters long, though some lightsabers are of a different length.', 'Die Spatha wurde auch schwerer und zunehmend als Hiebwaffe gebraucht. The spathe was also used heavier and increasingly as a slash weapon. Sie erbeuten regelmÃ¤Ã\x9fig Tiere, die erheblich schwerer sind als sie selbst.']",Strider Hiryu uses a tonfa-like plasma sword known as Cypher.,,1.0,0.8559658743033425,0.0
why do we push others away,"['From a psychological standpoint, pushing away the people you love the most is a very basic and common, defense mechanism. As the relationship develops, people become inundated with their own fears and insecurities that they will not be accepted and therefore hurt by their loved one.', 'Aries 2017 July Horoscope. In the beginning of the month, you may become egoistic and push others down. Finance seems to top your list of priorities. A lively change may take place post 16th July 2017.', ""[Chorus] And I am running back to you. I see your standing there for me. Your arms are opened wide. And I don't have to cry no more. You're standing there for me. And I am running back to you, Why do I go away when I know I am no good when I'm on my own. You told me you could keep me, but I've turned it away."", 'We do not volunteer, for the most part, because it benefits us. We volunteer because it makes a difference. But, there are even more benefits to volunteering. We notice a subtle shift in ourselves when we volunteer. We feel more connected to others, and we become less absorbed in the normal stresses of daily life.', 'Avoiding ethnocentrism is not an easy task, we must have an open mind, and as proud as we might be of our culture, we must always remember that we are all pieces of the puzzle, we are all, in some way or the other, parts of the bigger piece.thnocentrism causes us to judge others by our own values. We expect others to act as we would, and the expect us to behave as they would. This does not always work out so well and can usually result in misunderstandings.']",We push others away because we become inundated with our own fears and insecurities that we will not be accepted and therefore hurt by our loved one.,,1.0,0.8192200640570352,0.9999999999
what is two factor authentication,"['vs. CRYPTOCARD BlackShield. Two-factor authentication is a security process in which the user provides two means of identification from separate categories of credentials; one is typically a physical token, such as a card, and the other is typically something memorized, such as a security code.', 'RSA SecurID software tokens use a highly secure provisioning protocol, the Cryptographic Token Key Initialization Protocol (CT-KIP), to support two-factor authentication. RSA SecurID software tokens integrate with more than 400 applications and devices. Integrations are available free of charge and are jointly tested by RSA and partners.', ""Factor analysis is a statistical method used to describe variability among observed, correlated variables in terms of a potentially lower number of unobserved variables called factors. For example, it is possible that variations in four observed variables mainly reflect the variations in two unobserved variables.actor loadings: The factor loadings, also called component loadings in PCA (not sure in Factor Analysis), are the correlation coefficients between the cases (rows) and factors (columns). Analogous to Pearson's r, the squared factor loading is the percent of variance in that indicator variable explained by the factor."", 'Because the authentication is only one way, the client is not required to provide a. certificate to the server. In this document, the client is the web browser on which the web application is displayed. The server is WebSphere, from. which the application actually runs.', 'The textbook definition for R Factor is: the quantity determined by the temperature difference, at steady state, between two defined surfaces of a material or construction that induces a unit heat flow through a unit area.he C factor stands for Thermal Conductance Factor. The C factor, like the K factor, is a rate of heat transfer through a material. The lower the C factor, the better the insulating properties of the material. It is the quantity of heat that passes through a foot of insulation material.']","Two-factor authentication is a security process in which the user provides two means of identification from separate categories of credentials; one is typically a physical token, such as a card, and the other is typically something memorized, such as a security code.",,1.0,0.9578017515344662,0.0
what is the purpose of a grand jury,"['The purpose of a grand jury, in theory, is to protect citizens against unfair and unwarranted prosecutions by the government. In medieval England, it was viewed as a protection against the Crown.', 'Jurors are an essential part of our justice system. The right to trial by jury in the United States dates from Colonial times and is rooted in English history. It is guaranteed by the Sixth and Seventh Amendments to the Constitution of the United States of America and Article One of New Jerseyâ\x80\x99s State Constitution. People have a right to have matters determined by a jury of their peers.', 'Why are jury trials important to court cases like those of Felina Early v. Suzy Snoozer? Jury trials protect the right of the government to require suspect citizens to prove their innocence in a court of law. They help to make the trial process go faster because jury members can split up the evidence to examine.', 'This is an official charge against you in federal court. The indictment can include several charges or counts against you. The federal prosecutorâ\x80\x99s office will submit a set of proposed charges against you to a federal grand jury.', ""Story that prompted grand jury probe: Jimmy 'Superfly' Snuka and the mysterious death of Nancy Argentino Adam Clark and Kevin Amerman, Of The Morning Call Thirty years ago, Nancy Argentino was fatally injured and rushed from the wrestling superstar's hotel room in Whitehall.""]","The purpose of a grand jury, in theory, is to protect citizens against unfair and unwarranted prosecutions by the government.",,1.0,0.96678786894415,0.0
what is neutrophils definition,"['Neutrophils - Definition. Neutrophils are a common type of white blood cell. Neutrophils respond to infection and attack bacteria and other foreign invaders directly. They are phagocytes that eat the invading organisms and kill them.', ""Neutrophils are the most common white blood cell. They are attracted to infected areas by cytokines, and can ingest bacteria and other microorganisms by phagocytosis. They are abundant in pus, and are the reason it has a white/yellowish appearance. I don't understand, there is only one type of white blood cell."", 'Top 10 facts about the world. Neutrophils are the most common type of white blood cell, comprising about 50-70% of all white blood cells. They are phagocytic, meaning that they can ingest other cells, though they do not survive the act.Neutrophils are the first immune cells to arrive at a site of infection, through a process known as chemotaxis.op 10 facts about the world. Neutrophils are the most common type of white blood cell, comprising about 50-70% of all white blood cells. They are phagocytic, meaning that they can ingest other cells, though they do not survive the act.', 'A neutrino (/nuË\x90Ë\x88triË\x90noÊ\x8a/ or /njuË\x90Ë\x88triË\x90noÊ\x8a/ , in Italian [nÉ\x9buË\x88trino]) is an electrically neutral elementary particle with half-integer spin. The neutrino (meaning little neutral one in Italian) is denoted by the Greek letter Î½ (nu).Neutrinos have mass, but tiny even compared to other subatomic particles.t is possible that the neutrino and antineutrino are in fact the same particle, a hypothesis first proposed by the Italian physicist Ettore Majorana. The neutrino could transform into an antineutrino (and vice versa) by flipping the orientation of its spin state.', 'Neutrophils, which fight infections, come in two types: segmented neutrophils and bands. The other types of white blood cells manage allergic responses, kill parasites, and recycle worn-out cells. When your doctor orders a blood test called a Complete Blood Count (CBC), the results will include your White Blood Count (WBC). More detailed information about the components of your WBC is obtained when the doctor orders a CBC with differential, or simply a differential.']",Neutrophils are a common type of white blood cell that respond to infection and attack bacteria and other foreign invaders directly. They are phagocytes that eat the invading organisms and kill them.,,1.0,0.7748040515321811,0.0
anchor hocking phone number,"['For your convenience to contact Anchor Hocking We have provided all possible information of Anchor Hocking. You can contact Anchor Hocking on the given phone number 740-681-6478. To know the address location of Anchor Hocking it is also presented here Lancaster, Ohio, United States. Contact them by sending email to Anchor Hocking you will find an email address here .', 'Phone Support: 1-800-541-5555. The Telephone Service Center (TSC) is available 8 a.m. to 5 p.m., Monday through Friday, except holidays (border providers and out-of-state billers billing for in-state providers, call [916] 636-1200).', 'One Call Does it All. By calling 800-537-5437, you can schedule one of our service professionals to solve any installation or repair need. We offer service in most areas. To see if we offer service in your area, see our Store Locations.', 'ARI Fleet Customer Service Phone Number Phone Number of ARI Fleet is 856 7781500. ARI Fleet is a largest privately held vehicle fleet management services company which provides the services in United States, Mexico, Canada, United Kingdom, Europe and Hong Kong.', ""This is Amtrak's best phone number, the real-time current wait on hold and tools for skipping right through those phone lines to get right to a Amtrak agent. This phone number is Amtrak's Best Phone Number because 199,170 customers like you used this contact information over the last 18 months and gave us feedback. Common problems addressed by the customer care unit that answers calls to 877-444-4773 include Make a Booking, Complaint, Refund, Missing Items, Cancel or Change Booking and other customer service issues. The Amtrak call center that you call into has employees from Pennsylvania and is open 24 hours, 7 days according to customers.""]",740-681-6478,,1.0,0.4423009135812856,0.0
what is the voltage in israel,"['The electric current in the US is 110 volts, and Israel (along with most of Europe) uses 220 volts. Naturally, if you plug an American 110-volt appliance into an Israeli socket, it will probably burn out. Therefore, a transformer, or another type of converting device, is needed to convert the 220 volts to 110 volts.', 'In Canada and the United States, wall outlet voltage is standardized at 110 to 120 volts (anywhere in that range is considered OK). In Europe - most of the rest of the worldâ\x80¦, actually - it is standardized at 220 volts.', 'Two factors considered in classifying a voltage as high voltage are the possibility of causing a spark in air, and the danger of electric shock by contact or proximity. The definitions may refer to the voltage between two conductors of a system, or between any conductor and ground. In electric power transmission engineering, high voltage is usually considered any voltage over approximately 35,000 volts.', 'Not so far. The highest voltage yet attained for current electricity is 5 million volts: The highest electrical potential ever produced by man, over 5,000,000 volts, has been achieved in the laboratory of Dr. Gregory Breit and Dr. M.A. Tuve at the Department of Terrestrial Magnetism of the Carnegie Institution of Washington.', 'This difference in charge between the two points is called voltage. It is measured in volts, which, technically, is the potential energy difference between two points that will impart one joule of energy per coulomb of charge that passes through it (donâ\x80\x99t panic if this makes no sense, all will be explained).']",The voltage in Israel is 220 volts.,,1.0,0.9531317712981164,0.0
kamikaze definition,"['Kamikaze definition, (during World War II) a member of a special corps in the Japanese air force charged with the suicidal mission of crashing an aircraft laden with explosives into an enemy target, especially a warship. See more.', 'KaijÅ« (æ\x80ªç\x8d£, kaijÅ«) is a Japanese word that literally translates to strange beast, and is used to refer to a genre of tokusatsu (special effects-based) entertainment. Kaiju films usually showcase monsters of any form, usually attacking a major Japanese city or engaging another (or multiple) monster(s) in battle.aiju are sometimes depicted as cannon fodder serving a greater evil. Some kaiju are elite warriors which serve as the right-hand man to the greater villain and are destroyed by the heroic forces.', 'Machika is a word in Papiamento the local Language of the Island of Aruba Bonaire and Curacao Machika means that you are smashing somthing in spanish is Machicar. Suggested', '[klep-tuh-krat] /Ë\x88klÉ\x9bp tÉ\x99Ë\x8ckrÃ¦t/. noun. 1. a government official who is a thief or exploiter.', 'Japanese term or phrase: kotobuki. English translation: Celebration, rejoicing, happy event, (often used as a sign to express the meaning in one character). Entered by: seika. Options:- Contribute to this entry-Include in personal glossary.']","A kamikaze is a member of a special corps in the Japanese air force charged with the suicidal mission of crashing an aircraft laden with explosives into an enemy target, especially a warship.",,1.0,0.8412292661987696,0.0
caffeine takes how long effect,"[""Report Abuse. 1 It depends; those who drink lots of coffee become 'caffeine-tolerant'. If they were to have a coffee late in the evening it wouldn't make much difference. 2 it can take 15-20 minutes.. the effects can last a few hours.. 3 is a stimulant and it will elevate heart rate, increase blood flow, and raise body temperature."", ""Alison has 30+ answers in. Health. According to Wikipedia, a moderate dose wears off in about five hours. However, like Ted said, how long caffeine takes to wear off varies greatly from person to person, and also depends on how high the person's tolerance (literally ability to tolerate a drug's effects) is."", 'Consumption of caffeine drinks has increased dramatically in the last 5 years and consequently the numbers of individuals suffering adverse effects is greater also. Some people suffer an intolerance to caffeine. Caffeine is a stimulant which means it can make you feel alert and less sleepy for a short period of time. Caffeine is also a natural diuretic which means it can increase the amount of urine you produce.', ""What are the concerns about caffeine consumption during pregnancy? When you drink a cup of coffee, caffeine crosses the placenta into the amniotic fluid and your baby's bloodstream. While your body goes to work metabolizing and getting rid of the caffeine, your baby's body is still developing and takes a much longer time to process the caffeine. As a result, your baby is exposed to the effects of caffeine for much longer than you are."", 'In adults, caffeine consumption is associated with a negative relationship with all-cause mortality, largely due to a reduction of cardiovascular effects. Causation hasnâ\x80\x99t been established though. Most of you are very familiar with the side effects of caffeine: agitation, tremors, insomnia, headache. Overall, despite documented cases of dependence and withdrawal, caffeine consumption has a generally attractive safety profile with a wide therapeutic range.']","Caffeine can take 15-20 minutes to take effect, and the effects can last a few hours.",,1.0,0.8527014609130289,0.0
what is the definition of experience modifier,"[""An experience modifier is an adjustment factor assigned to an Employer's FEIN by the rating bureau (NCCI or State Bureau). The factor compares your loss data to other employers with the same class codes, and is expressed as a credit or debit on your policy. Secure â\x80¢ Fast â\x80¢ Easy."", 'A modifier is a word, phrase, or clause that functions as an adjective or adverb to limit, qualify, or clarify the meaning of another word or word group. A modifier is a word, phrase, or clause that functions as an adjective or adverb to limit, qualify, or clarify the meaning of another word or word group. modifier (grammar) Search the site GO', 'In grammar, a modifier is an optional element in phrase structure or clause structure. A modifier is so called because it is said to modify (change the meaning of) another element in the structure, on which it is dependent. Typically the modifier can be removed without affecting the grammar of the sentence.', 'Search. A misplaced modifier is a word, phrase, or clause that does not clearly relate to what it is intended to modify. In other words, a misplaced modifier makes the meaning of a sentence ambiguous or wrong. Here are some examples of misplaced modifiers (shaded): Sometimes, a misplaced modifier is not a mistake.', ""Use 'experience' in a Sentence. The author has worked in the industry for twenty years in a variety of different positions, giving her the unique experience required to make her an expert in the subject. 20 people found this helpful.""]","An experience modifier is an adjustment factor assigned to an Employer's FEIN by the rating bureau (NCCI or State Bureau). The factor compares your loss data to other employers with the same class codes, and is expressed as a credit or debit on your policy.",,1.0,0.6474558067585612,0.0
what's good for sinus pressure,"['Keeping your nose and sinuses moist is good for sinus health, says Kelleher. When sinuses get too dry, the mucociliary transport system that traps and moves irritants stops working. If your house is dry, use a humidifier and keep the humidity between 30 and 50 percent.', '4 doctors agreed: 1 Yes: The typical bacteria in a sinus infection usually are sensitive to Bactrim (sulfamethoxazole and trimethoprim). ...Read more. 2 Zithromax : Azithromycin and Augmentin (amoxicillin and clavulanate) are excellent choices for sinusitis ...Read more.', 'Holy basil is beneficial for low blood pressure because it is rich in vitamin C, magnesium, potassium, and pantothenic acid. Furthermore, it helps balance the mind and reduces stress. Extract the juice of 10 to 15 basil leaves. Add one teaspoon of honey to it. Drink this juice daily on an empty stomach.', 'first find temporary relief with an over the counter pain reliever with a decongestant such as tylenol sinus congestion and pain you may also find comfort by keeping your nasal passages moist using a vaporizer or humidifier relieve sinus headaches from pain and congestion', ""Easter eggs and other chocolate may be good for you -- at least in small quantities and preferably if it's dark chocolate -- according to research that shows just one small square of chocolate a day can lower your blood pressure and reduce your risk of having a heart attack or stroke. Share:""]","Keeping your nasal passages moist using a vaporizer or humidifier is good for sinus pressure. Additionally, using an over-the-counter pain reliever with a decongestant can provide temporary relief.",,1.0,0.8632830653762538,0.0
lactose symptoms,"['Common symptoms of lactose intolerance include: 1 Watery, bulky, odd-smelling stools. 2 Nausea. 3 Abdominal pain. 4 Cramps. 5 Bloating. 6 Flatulence that begins about 30 minutes to 2 hours after eating or drinking foods or drinks containing lactose.', 'Lactose intolerance. Lactose intolerance is a condition in which people have symptoms due to the decreased ability to digest lactose, a sugar found in milk products. Those affected vary in the amount of lactose they can tolerate before symptoms develop. Symptoms may include abdominal pain, bloating, diarrhea, gas, and nausea. These symptoms typically start between half and two hours after drinking milk or eating milk products. Severity depends on the amount a person eats or drinks. It does not cause damage to the ga', 'This is not the same thing as a food allergy to milk. When lactose moves through the large intestine (colon) without being properly digested, it can cause uncomfortable symptoms such as gas, belly pain, and bloating. Some people who have lactose intolerance cannot digest any milk products.', 'Lactose intolerance is a common problem. It happens when your body does not have enough lactase, which is an enzyme produced in the small intestine. Lactase is necessary to digest lactoseâ\x80\x94the natural sugar found in milk and other dairy products. In the intestines, undigested lactose leads to the buildup of gas. Within 30 minutes to 2 hours after eating dairy products containing lactose, people with lactose intolerance start to develop stomach cramps and diarrhea. These two symptoms must be present for a person to be diagnosed with lactose intolerance.', 'Lactose intolerance. Lactose (milk sugar) intolerance. Causes. Incompletely absorbed (malabsorbed) dietary lactose is fermented by the flora in the lower bowel resulting in the formation of gas, principally H2, CO2 and methane, and chemical substances, such as short-chain fatty acids.']","Common symptoms of lactose intolerance include watery, bulky, odd-smelling stools, nausea, abdominal pain, cramps, bloating, and flatulence that begins about 30 minutes to 2 hours after eating or drinking foods or drinks containing lactose.",,1.0,0.8554059183652986,0.0
what is the meaning of the name Brandon,"[""The name Brandon is a Teutonic baby name. In Teutonic the meaning of the name Brandon is: From the beacon hill. English Meaning: The name Brandon is an English baby name. In English the meaning of the name Brandon is: Derived from a surname and place name based on the Old English for 'hill covered with broom'.Broom is a prolific weed. Also, 'From the beacon hill'. Shakespearean Meaning: The name Brandon is a Shakespearean baby name.n Teutonic the meaning of the name Brandon is: From the beacon hill. English Meaning: The name Brandon is an English baby name. In English the meaning of the name Brandon is: Derived from a surname and place name based on the Old English for 'hill covered with broom'. Broom is a prolific weed."", 'French Meaning: The name Courtney is a French baby name. In French the meaning of the name Courtney is: From the court, or short nose. From the surname of the aristocratic Courtenay family, based on the Old French word meaning short nose. Anglo-Saxon Meaning:The name Courtney is an Anglo-Saxon baby name.In Anglo-Saxon the meaning of the name Courtney is: Dweller by the dark stream.rom the surname of the aristocratic Courtenay family, based on the Old French word meaning short nose. Anglo-Saxon Meaning: The name Courtney is an Anglo-Saxon baby name. In Anglo-Saxon the meaning of the name Courtney is: Dweller by the dark stream.', ""English Meaning: The name Brian is an English baby name. In English the meaning of the name Brian is: Brought to England by the Breton companions of William the Conqueror, this name is originally derived from the Irish word for hill. Welsh Meaning:The name Brian is a Welsh baby name.In Welsh the meaning of the name Brian is: Legendary son of Turenn. 'Strong'.eltic Meaning: The name Brian is a Celtic baby name. In Celtic the meaning of the name Brian is: In use in England since the Middle Ages. Possibly connected with the Irish word for Hill thus 'He ascends.'. Also some texts define it as Strong. 10th century Brian Boru was a high king and great national hero of Ireland."", 'The name Frasier is an English baby name. In English the meaning of the name Frasier is: French town. Scottish Meaning: The name Frasier is a Scottish baby name. In Scottish the meaning of the name Frasier is: of the forest men.SoulUrge Number: 6. Expression Number: 4. People with this name have a deep inner desire for a stable, loving family or community, and a need to work with others and to be appreciated.n Scottish the meaning of the name Frasier is: of the forest men. SoulUrge Number: 6. Expression Number: 4. People with this name have a deep inner desire for a stable, loving family or community, and a need to work with others and to be appreciated.', ""Scottish Meaning: The name MacKenzie is a Scottish baby name. In Scottish the meaning of the name MacKenzie is: Fair; favored one. 'Son of the fair man' or 'Son of Kenzie'.American Meaning: The name MacKenzie is an American baby name.In American the meaning of the name MacKenzie is: Fair; favored one.he name MacKenzie is a Scottish baby name. In Scottish the meaning of the name MacKenzie is: Fair; favored one. 'Son of the fair man' or 'Son of Kenzie'.""]",The meaning of the name Brandon is: From the beacon hill. It is also derived from a surname and place name based on the Old English for 'hill covered with broom'.,,1.0,0.9262523253370177,0.0
who is nicole kidman's husband,"[""EXCLUSIVE: Nicole Kidman Reveals How She Makes It Work With Husband Keith Urban After 10 Years Together. Talk about relationship goals! Nicole Kidman and Keith Urban are celebrating their 10 year wedding anniversary in June, and they're clearly more in love with one another than ever. The couple made a gorgeous appearance at the SAG Awards on Saturday, and told ET the secret to their incredible relationship. Photo: Getty Images."", 'This has been an extremely trying time, Nicole and her husband Reed said exclusively in a joint statement to ET on Monday, the first time the couple has spoken publicly about the affair since it was revealed on RHOC. We have done our best to work through our issues in private.', 'Barbie Blank rose to fame as WWE Diva â\x80\x9cKelly Kellyâ\x80\x9d and is married to former NHL player Sheldon Souray, most recently of the Anaheim Ducks. Nicole Williams is a successful model who has been dating Larry English of the Tampa Bay Buccaneers for five years now.', ""soapcentral.com: I find it pretty entertaining that it's not just Nicole's parents who are weighing on this surrogacy thing. Brooke (Katherine Kelly Lang) and Eric (John McCook) also have a lot to say about the situation."", 'Cycling at Lake of the Ozarks. â\x80\x9cThe Lake of the Ozarks area is increasingly becoming a cycling destination,â\x80\x9d says Nicole Dougan, who, with her husband, Dan, owns the Lake-areaâ\x80\x99s mountain-biking headquarters, Oz Cycles at 1735 Bagnell Dam Blvd. In Lake Ozark.']",Nicole Kidman's husband is Keith Urban.,,1.0,0.9079841112204153,0.0
what is process control equipment,"['Using Process Control, either through the MMC interface or the command-line utility, you can view, manage, and control the processes running on your system. When applications run, they create processes that use system resources.', 'Industrial/process meters. Liquid Controls PD meters in aluminum, stainless steel, brass, and cast iron. provide the necessary accuracy for batch processing, flow rate control, blending, and custody transfer of liquids across a broad range of products, viscosities, temperatures, and pressures.', ""EXB-Series GRAVITROLÂ® Operator Stations. Process Control's GravitrolÂ® Gravimetric Extrusion Control Systems automate the control of any extrusion line - coextrusion or mono extrusion - on the basis of weight. The EXB Central Computer/ Operator Station is the key component of a complete GravitrolÂ® system."", 'An air pollution control device such as carbon absorber or incinerator that reduces the pollution in exhaust gas. The control device usually does not affect the process being controlled and thus is add-on technology, as opposed to a scheme to control pollution through altering the basic process itself.', 'There are four main equipment functions of a computer system: Input, Processing, Storage and Output Input: the transferring of information into a computer system-for our purposes this will be accomplished when you, the programmer, type source code at the keyboard or open a previously typed program.Processing: the manipulation and control of information within the computer system.nput: the transferring of information into a computer system-for our purposes this will be accomplished when you, the programmer, type source code at the keyboard or open a previously typed program.']",I cannot answer from the given context.,,0.0,0.0,0.0
when do used car prices drop,"['Used Car Seasonal Price Trends. Many used car dealers put a higher price on a vehicle then gradually drop the price. Car dealers actually drop the price of used cars on an average of 1.32 times per month. According to MoJo Motors, the price drops most frequently between the months of July and October.', 'Majority of Used Cars Have Price Reductions After Only 30 Days on Market. CAMBRIDGE, Mass., February 22, 2011 â\x80\x93 A study released today by leading online automotive community CarGurus.com shows that the majority (53%) of used cars listed for more than 30 days have at least one price drop.', ""One reason why used car prices bottom near the end of the year is because fewer people are shopping for a used car during the end of year holiday season. Another is because used cars technically become one year older on January 1st which affects buyer's perceptions of the vehicle's worth."", 'Pickup trucks are seeing the most price growth in the used car market. Passenger cars, on the other hand, are generally showing year-over-year declines as a result of lower demand. The average amount financed on a used car is $20,732, which is up three percent from last year. The finance amount is larger than the average price of used cars because many of the more inexpensive transactions are paid in cash.', ""After rising during the first few months of the year, auto loan rates leveled out and started slipping in September, according to Interest.com's latest survey of major lenders. That's left the average cost of new and used car loans about a quarter of percentage point higher than in January.Most buyers will only pay a few dollars more per month than they would have back in 2013 when interest rates fell to record lows on virtually every type of auto financing.Car companies are also offering cut-rate loans â\x80\x93 typically 0% to 1.9% -- on more models than last year.ost buyers will only pay a few dollars more per month than they would have back in 2013 when interest rates fell to record lows on virtually every type of auto financing. Car companies are also offering cut-rate loans â\x80\x93 typically 0% to 1.9% -- on more models than last year.""]",Used car prices drop most frequently between the months of July and October.,,1.0,0.910648382395223,0.0
what is wrong if your ear keeps popping,"['Normally, swallowing causes a little click or popping sound in the ear. This occurs because a small bubble of air has entered the middle ear, up from the back of the nose. It passes through the Eustachian tube, a membrane-lined tube about the size of a pencil lead that connects the back of the nose with the middle ear.', '1) Pain-free Popping: Popping noises in the knee often occur without any pain, in which case they are nothing to worry about. 2) Painful Popping Noise at time of Injury: Sometimes when the knee is injured e.g. twisting awkwardly, there is a sudden, loud pop at the same time indicating damage to part of the knee.', 'Back to Top. I have sjogrens syndrome and i notice a lot of itching ears and a lot of ear infection . I have not heard of the sjogrens and dizziness being associated but anything is possible. I think the ear problems are from the mucus membranes drying out and not leeting your ears flow properly.', ""Itchy ear: An itchy ear can have many causes. You may have dry skin, be reacting to something that's touching your ear or it could be a discrete skin condition like eczema or psoriasis. A fungal infection is also possible. I suggest that you see your doctor to examine your ear (s) to see if there are discrete lesions/ rash or color change noticeable."", '1 Tinnitus is abnormal ear noise. 2 Tinnitus can arise in any of the four sections of the ear: the outer ear, the middle ear, the inner ear, and the brain. 3 In addition to ringing in the ears, other symptoms associated with tinnitus may include: 4 Stress due to fear of tinnitus. 5 Ear pain. Anxiety.']",I cannot answer from the given context.,,0.0,0.0,0.0
withdrawal symptoms for coffee,"['When you deprive your body of the caffeine it has grown accustomed to, it struggles to cope with this sudden change. In the coping process, you end up with a pounding headache. Headaches, irritability, lethargy, nervousness, and mild depression are all fairly common withdrawal symptoms associated with caffeine intake.', 'In adults, caffeine consumption is associated with a negative relationship with all-cause mortality, largely due to a reduction of cardiovascular effects. Causation hasnâ\x80\x99t been established though. Most of you are very familiar with the side effects of caffeine: agitation, tremors, insomnia, headache. Overall, despite documented cases of dependence and withdrawal, caffeine consumption has a generally attractive safety profile with a wide therapeutic range.', 'Withdrawal Symptoms Of Diet Soda: Diet soda is bad, really bad. I recently quit drinking Diet Pepsi (again) and I totally felt withdrawal symptoms. The first few days, my right eye and lip twitched and when I woke up, my head was pounding. I had a stabbing migraine feeling unlike any other, right on the top left side of my cranium.', 'You get sick. Antidepressant discontinuation syndrome, also called antidepressant withdrawal, occurs when a person abruptly quits antidepressants. Many people who experience antidepressant withdrawal feel like they have the flu or a stomach bug. They may also experience disturbing mental thoughts or images.', 'Drinking Coffee Mate can lead to a host of negative effects from nausea, dizziness, and vomiting, to the more extreme cases of liver dysfunction and renal failure. Many people choose Coffee Mate because of it being a non-dairy creamer.. You can, however, make your own homemade coffee flavored creamers.']",I cannot answer from the given context.,,0.0,-0.0,0.0
law for full time benefits how many hours do you have to work,"['The law defines â\x80\x9cfull timeâ\x80\x9d as 30 hours a week or more. â\x80\x9cWe work so hard for so little pay,â\x80\x9d he said. â\x80\x9cYou would think they would want to make an investment in society, pay the teachers back and give us health care.â\x80\x9d This month, the Obama administration delayed the employer insurance requirement until January 2015.', 'In 2010, two-thirds of workers not covered by an employer health insurance plan were part-time employees, reports the Employee Benefit Research Institute. If your new job isnâ\x80\x99t full time, you may have to work a minimum number of hours a week to have employer-based health insurance.', 'Part-time employees are scheduled to work at least half-time but less than full-time, or at least 18.75 but fewer than 37.5 hours per week. Some state positions operate on a 40-hour workweek basis; in these jobs, part-time employment is for at least 20 hours per week.', ""Note: Seattle's paid sick leave law requires employers with 250 or more full-time equivalent employees to provide more time off to employees if they maintain a PTO policy instead of a standalone sick leave policy (108 hours versus 72 hours)."", 'Employers are only required to allow employees to use 40 hours in a year, however. The law was amended in 2017 to make clear that an employer may limit the number of paid sick time hours an employee may accrue to 40 hours per year.']","The law defines ""full time"" as 30 hours a week or more.",,1.0,0.7798888228783194,0.9999999999
laws synonyms,"['Synonyms for law in Free Thesaurus. Antonyms for law. 117 synonyms for law: constitution, code, legislation, charter, jurisprudence, the police, constabulary, the police force, law enforcement agency.... What are synonyms for law? Law synonyms, law antonyms - FreeThesaurus.com', 'Here are a few terms to get you started: adjective law (or procedural law): That area of the law that deals with procedural rules of evidence, pleadings and practice. administrative law: The area of law that concerns government agencies.', 'List of Synonyms. 1 Action Come â\x80\x94 advance, approach, arrive, near, reach. 2 Antonyms Begin â\x80\x94 start, open, launch, initiate, commence, inaugurate, originate. 3 Descriptive Describe â\x80\x94 portray, characterize, picture, narrate, relate, recount, represent, report, record. 4 Feelings Anger â\x80\x94 enrage, infuriate, arouse, nettle, exasperate, inflame, madden.', '3. Synonyms allow [ chiefly Southern & Midland ] , conceive, consider, deem, esteem, feel, figure, guess, hold, imagine, judge, reckon [ chiefly dialect ] , suppose, think. Related Words regard, view; accept, perceive; depend, rely, trust; assume, presume, presuppose, surmise; conclude, deduce, infer.elated Words muse (upon), reflect (on or upon), reminisce; analyze, explore, review; conclude, reason; second-guess, speculate (about); brood (about or over), dwell (on or upon), fixate (on or upon), fret (about or over), obsess (about or over); believe, conceive, opine; absorb, assimilate, digest, drink (in).', '3 a court case for enforcing a right or claim filed an action in county court to recover his lawn mower from his neighbor, who claims he â\x80\x9cgaveâ\x80\x9d it to her Synonyms lawsuit, proceeding, suitRelated Words litigation; case, cause, complaint; counterclaim, countersuit, cross action, cross-claim.']","constitution, code, legislation, charter, jurisprudence, the police, constabulary, the police force, law enforcement agency.",,1.0,0.5835404608378899,0.9999999999
what is the meaning of service tenure,"[""Tenure is the act or length of time that something is held or the achieved status of having one's employment position become permanent. An example of tenure is holding a piece of property in your possession only until death as part of a real estate agreement."", 'Universal service is an economic, legal and business term used mostly in regulated industries, referring to the practice of providing a baseline level of services to every resident of a country.', 'Do It Right. You may have heard it said that â\x80\x9cpublic service is a public trust.â\x80\x9d This means that each Federal employee has a responsibility to the United States Government and its citizens to place loyalty to the Constitution, laws, and ethical principles above private gain. The public deserves and should expect no less.', 'Fulfill your obligations. Doing your duty means more than carrying out your assigned tasks. Duty means being able to accomplish tasks as part of a team. The work of the U.S. Army is a complex combination of missions, tasks and responsibilities â\x80\x94 all in constant motion.', 'If served in a state or territory of the United States by a sheriff or United States marshal, or a deputy, by such personâ\x80\x99s certificate with a statement as to date, place, and manner of service; 1 If by any other person, by the personâ\x80\x99s affidavit thereof, with the same statement;']",I cannot answer from the given context.,,0.0,0.0,0.0
lewiston idaho fedex express phone number,"['Fedex Lewiston Idaho has shown its customer service address detail for its customers that are shown below. Address detail : 420 Burrell Avenue, Lewiston, Idaho 83501, United States customer service number : +1 (800) 463-3339', 'Phone Support: 1-800-541-5555. The Telephone Service Center (TSC) is available 8 a.m. to 5 p.m., Monday through Friday, except holidays (border providers and out-of-state billers billing for in-state providers, call [916] 636-1200).', 'Direct Deposit. 1 How to Sign Up On-line for Direct Deposit. 2 Direct ExpressÂ® card contact information. 3 Call (800) 333-1795 to sign up over the phone. To change name/address or account number, call the paying agency using the numbers at this link.', 'One Call Does it All. By calling 800-537-5437, you can schedule one of our service professionals to solve any installation or repair need. We offer service in most areas. To see if we offer service in your area, see our Store Locations.', 'Phoenix, AZ Fedex Phone Number. YP - The Real Yellow PagesSM - helps you find the right local businesses to meet your specific needs. Search results are sorted by a combination of factors to give you a set of choices in response to your search criteria.']",I cannot answer from the given context.,,1.0,-0.0,0.0
biological culture definition,"['(2) The biological culture such cells. Supplement. Biological cultures are a common laboratory means in order to study living organisms. There are different types of biological cultures, such as cell culture, tissue culture, and organ culture. Cell culture is a biological culture of cells of multicellular eukaryotes. Tissue culture is the cultivation of tissues from multicellular organisms. Organ culture is the cultivation of a part or all of an animal organ in a sterile controlled medium.', 'A pure culture is one in which only one kind of microbial species is found whereas in mixed culture two or more microbial species formed colonies. pure culture is a culture consisting of only one strain. YOU CAN OBTAIN A PURE CULTURE BY PICKING OUT A SMALL PORTION OF THE MIXED CULTURE(which will form the pure culture) AND GROWING THEM ON A NEW CULTURE MEDIA.', 'Six Levels of Culture. TMCâ\x80\x99s unique concept of culture is at the core of the theory and practical application of the Cultural Orientations Approach. TMC defines culture as the complex pattern of ideas, emotions, and observable/symbolic manifestations that tend to be expected, reinforced, and rewarded by and within a particular group.', 'Professor Geert Hofstede conducted one of the most comprehensive studies of how values in the workplace are influenced by culture. He defines culture as â\x80\x9cthe collective programming of the mind distinguishing the members of one group or category of people from othersâ\x80\x9d. The six dimensions of national culture are based on extensive research done by Professor Geert Hofstede, Gert Jan Hofstede, Michael Minkov and their research teams. If you want to make academic research within the field of culture, we advise you familiarize yourself with Hofstedeâ\x80\x99s books.', ""Biological determinism is a term used in some literature to describe the belief that human behavior is controlled solely by an individual's genes or some component of physiology.""]","Biological culture is a common laboratory means in order to study living organisms, and it includes different types such as cell culture, tissue culture, and organ culture. Cell culture is a biological culture of cells of multicellular eukaryotes, tissue culture is the cultivation of tissues from multicellular organisms, and organ culture is the cultivation of a part or all of an animal organ in a sterile controlled medium.",,1.0,0.6506102046872984,0.0
what part of georgia is international convention center,"['Then use this simple search form to find nearby hotels, motels, and other lodging. The Georgia International Convention Center is located in College Park and is next to the Atlanta Airport. The GICC is just 10 minutes from downtown Atlanta.', 'The highest area in Georgia is Brasstown Bald which is 1,458 m (4,784 ft) above sea level, while the lowest is at sea level, at the Atlantic Ocean. Georgia is located at approximately 33Â° N 83.5Â° W. The state has a total area of 154,077 km2 (59,489 sq mi) and the geographic center is located in Twiggs County . Georgia is primarily a humid subtropical climate with hot and humid summers, except at the highest elevations.', 'Blair County Convention Center. Big City Amenities... Welcome to the Blair County Convention Centerâ\x80¦. Strategically located along Interstate 99 between the PA Turnpike and Interstate 80, the Blair County Convention Center, located in Altoona, PA, is the regions premier conference, meeting and special events facility.', 'Macon is centrally located and easily accessible by Interstates I-75, I-475 and I-16. Being in the heart of Georgia provides us easy access to other major cities and tourist destinations. In both our Downtown Visitor Center and our I-75 Visitor Center, you can find information about destinations and attractions before you hit the road. We also have regional maps to direct you to the closest route to reach all of them and or to the next visitor center to direct you.', 'Columbus also hosts many conventions in the Greater Columbus Convention Center, a pastel-colored deconstructivist building on the north edge of downtown that resembles jumbled blocks, or a train yard from overhead.']","The Georgia International Convention Center is located in College Park, Georgia.",,1.0,0.9197599243866762,0.0
can eating cabbage help you lose weight,"['You can include the Cabbage in your diet either in the form of juice, raw, or in a curry. The best form recommended for the weigh loss is Cabbage juice. You need to drink its juice daily in order to attain the better weight loss results. It can either be taken in the morning or even before the lunch.', ""It's also a good source of vitamin C, fiber, potassium, and other nutrients. Cabbage also offers a major payoff -- the fewest calories and least fat of any vegetable. This powerful veggie is a must for dieters trying to lose weight. Health Benefits."", 'But, thatâ\x80\x99s not all. â\x80\x9cBrassica vegetables, such as broccoli, cabbage, kale, cauliflower and Brussels sprouts contain carbon-3-inositol, which helps regulate estrogen activity and can ease bloating and menstrual discomfort,â\x80\x9d says Parikh.', ""Eat your veggies. You're not likely to forget this message. Getting adequate vegetables, especially cruciferous ones including broccoli, cabbage and dark leafy greens, may help improve memory. Try a raw kale salad or substitute collard greens for the tortilla in your next sandwich wrap."", 'Low-carbohydrate vegetables are the ones that are to be eaten in abundance when you want to follow a weight-loss diet. These vegetables include horseradish, lettuce, mushrooms, watercress, asparagus, broccoli, celery, cucumber, fennel, olives, peppers, and spinach.']","Yes, eating cabbage can help you lose weight, especially in the form of cabbage juice, which is recommended for better weight loss results.",,1.0,0.9620000574699944,0.0
when do ligament pains start in pregnancy,"['What is round ligament pain? The round ligaments surround your uterus in your pelvis. As your uterus grows during pregnancy, the ligaments stretch and thicken to accommodate and support it. These changes may occasionally cause pain on one or both sides of your abdomen, typically first noticed during the second trimester.', 'Back pain or discomfort is common during pregnancy and should be expected to some degree by most women. Back pain may be experienced during any point of your pregnancy; however, it most commonly occurs later in pregnancy as baby grows. Back pain can disrupt your daily routine or interfere with a good night of sleep.', 'Many conditions can cause pain arising from the sacroiliac joint, including degenerative arthritis (osteoarthritis), gout, rheumatoid arthritis, conditions that alter the normal walking pattern, and pregnancy (due to a normal relaxation of the ligaments in the joint that prepares the pelvis for childbirth).', ""What the Test Does. Babies tend to move around a lot. You'll probably start to feel those first kicks at about 16-25 weeks(average is about 20-22 weeks) -- or earlier if this isn't your first pregnancy. Checking daily fetal movement is an easy way to reassure yourself that your baby is doing well."", 'You will gain weight and your body will grow to accommodate your new baby. While this is natural and necessary, it can cause some discomfort. It can be stressful, especially for first time mothers, to discern between normal pains and when there is a possible complication from a sharp pain during pregnancy.']",Ligament pains are typically first noticed during the second trimester of pregnancy.,,1.0,0.9358316527576053,0.0
what is sucrose used for,"['sugar. n. 1. (Elements & Compounds) Also called: sucrose or saccharose a white crystalline sweet carbohydrate, a disaccharide, found in many plants and extracted from sugar cane and sugar beet: it is used esp as a sweetening agent in food and drinks. Formula: C12H22O11.', 'The word sucrose was coined in 1857 by the English chemist William Miller from the French sucre (sugar) and the generic chemical suffix for sugars-ose. The abbreviated term Suc is often used for sucrose in scientific literature.he word sucrose was coined in 1857 by the English chemist William Miller from the French sucre (sugar) and the generic chemical suffix for sugars-ose. The abbreviated term Suc is often used for sucrose in scientific literature.', 'Sucrose (sugar), the most well-known sweetener, is made by crystallizing sugar cane or beet juice. Sucrose is also made up of the same two simple sugars, glucose and fructose, joined together to form a single molecule containing one glucose molecule and one fructose molecule, an exact one-to-one ratio. The proportion of fructose to glucose in both HFCS 42 and HFCS 55 is similar to that of sucrose.', 'Donâ\x80\x99t be fooled by its slogan â\x80\x9cMade from sugar, so it tastes like sugar.â\x80\x9d. Sucralose was approved for use in foods as a sweetener in 1998. Before approving sucralose, the FDA claimed to have reviewed 110 human and animal studies, but it turns out that only 2 out of those studies were actually on humans.', 'Functional Properties of Sugar. It is common for individuals to associate sugar (sucrose) with its inherent taste properties. Aside from providing a sweet taste and flavour, sugar imparts numerous functional properties that make it an important ingredient in many foods.ppearance-Sugar is responsible for the yellow-brown colours that develop in baked foods. Sucrose itself develops colour through caramelization. However, the monosaccharide components of its hydrolysis (glucose and fructose) can also undergo browning reactions (Maillard reaction).']",Sucrose is used especially as a sweetening agent in food and drinks.,,1.0,0.956360780335312,0.0
how long do allergic rashes last,"['How long a rash lasts depends on its cause. However, most rashes usually disappear within a few days. For example, the rash of a roseola viral infection usually lasts 1 to 2 days, whereas the rash of measles disappears within 6 to 7 days. Rashes caused by an antibiotic allergy may last 3 to 14 days, whereas diaper rash almost always clears up within 1 week (if diapers are changed frequently). Rashes resulting from lupus or dermatomyositis may last for an extended period of time.', '5-7 Days: Usually the shingles rash (and pain) may last 5-7 days but could be longer. Even with mild pain it is recommended to be treated with anti-virals to prevent long term problems such as post-herpetic neuralgia (long term nerve pain). ...', 'Other possible side effects -- including cough, fever, aches, headache and fatigue -- are similar to flu symptoms, although they are typically less severe. Side effects are usually mild, begin shortly after the injection and last 1 or 2 days. Severe allergic reactions occur in less than 1 in 1 million people receiving a flu shot, according to the Centers for Disease Control and Prevention. Allergic reactions are more common in people with an egg allergy.', 'Allergic reactions to foods typically begin within minutes to a few hours after eating the offending food. The frequency and severity of symptoms vary widely from one person to another.', 'A rash is a temporary eruption or discoloration of the skin and is often inflamed or swollen. Rashes come in many forms and levels of severity, and they last for different amounts of time. Some common causes of rashes include:']",Rashes caused by an antibiotic allergy may last 3 to 14 days.,,1.0,0.7763592146504644,0.0
what it means significant amount of protein in upep test,"['Also known as: Urine protein electrophoresis and UPEP. A urine protein electrophoresis is a test that estimates how much of certain proteins you have in your urine. A clean-catch urine sample is needed. The clean-catch method is used to prevent germs from the penis or vagina from getting into a urine sample.', ""By Mayo Clinic Staff. High blood protein (hyperproteinemia) is an increase in the concentration of protein in the bloodstream. High blood protein is not a specific disease or condition in itself, but it might indicate you have a disease. High blood protein rarely causes signs or symptoms on its own. But sometimes it is uncovered while you're having blood tests done as part of an evaluation for some other problem or symptom. Causes."", 'Updated October 22, 2016. The CRP (C-Reactive Protein) test is a blood test that measures the concentration of a special type of protein produced in the liver. The protein is present during episodes of acute inflammation or infection. In the body, CRP interacts with the complement system, an immunologic defense mechanism.', 'Normal test results are CRP levels of less than one milligram (mg) per liter of blood. The ideal result is a CRP level of zero. C-reactive protein levels of 1-3 mg per liter of blood indicates a moderate risk of heart disease. CRP levels above 3 mg per liter of blood indicates a high risk for heart disease.', 'The urine protein test is a good way of picking up any kidney damage.We recommend screening tests for chronic kidney disease in high-risk groups, such as people with diabetes or high blood pressure. Kidney disease runs in families and so close family members may also want to have their kidney function tested.']",I cannot answer from the given context.,,0.0,0.0,0.0
where was paul newman born,"['Paul Newman. Paul Newman (born January 26, 1925 - September 26, 2008) was an American actor. He was born in Shaker Heights, Ohio. His mother was a Slovak; his father was a Jew who had one parent from Hungary and the other from Poland. He was known especially for the 1969 movie Butch Cassidy and the Sundance Kid.', ""The Apostle Paul was born a Jew in Tarsus, as Saul, a Roman citizen, about the same time of Christ's birth. He was met on the Road to Damascus c. 34 AD, in a blinding li â\x80¦ ght, by the risen Christ, who asked Saul why He was persecuting Him."", 'Born on October 13, 1977, Paul Anthony Pierce spent his childhood in Inglewood, California, a Los Angeles suburb. The great Lakers teams of the 1980s captured his imagination, and basketball quickly became his first love.', 'Paul David Hewson (born 10 May 1960), known by his stage name Bono (/Ë\x88bÉ\x92noÊ\x8a/), is an Irish singer-songwriter, musician, venture capitalist, businessman, and philanthropist. He is best known as the lead vocalist of rock band U2. Bono was born and raised in Dublin, Ireland, and attended Mount Temple Comprehensive School where he met his future wife, Alison Stewart, and the future members of U2. Bono writes almost all U2 lyrics, frequently using religious, social, and political themes.', ""Paul Mooney (comedian) Paul Gladney (born August 4, 1941), better known by the stage name Paul Mooney, is an American comedian, writer, social critic, television and film actor. He is best known for his appearances on Chappelle's Show and as a writer for comedian Richard Pryor.""]","Paul Newman was born in Shaker Heights, Ohio.",,1.0,0.925219303714137,0.0
loperamide effects,"[""Loperamide (Imodium) is a medication for the treatment and relief of acute, chronic, or travler's diarrhea. Imodium usually cures diarrhea in a couple of days. Common side effects of Imodium are fatigue, dizziness, abdominal pain, and constipation. If diarrhea lasts longer, contact your doctor."", 'PRESCRIBED FOR: Loratadine is used for the relief of nasal and non-nasal symptoms of seasonal hay fever (allergic rhinitis). It is also used to treat patients with chronic welts (urticaria), an allergic skin rash.SIDE EFFECTS: The most common adverse events with loratadine are. 1 headache, 2 drowsiness, 3 fatigue and.RUG CLASS AND MECHANISM: Loratadine is a long-acting, non-sedating antihistamine that is used for the treatment of allergies. Histamine is a chemical that causes many of the signs and symptoms of an allergy.', 'He or she may recommend one or more of the following. 1 Antibiotics. 2 People with ulcerative colitis who run fevers will likely take antibiotics to help prevent or control infection. 3 Anti-diarrheal medications. 4 For severe diarrhea, loperamide (Imodium) may be effective.', 'A variety of musculoskeletal symptoms have been reported with bumetanide, including pain, cramping, and weakness. These adverse effects are usually mild and self-limiting with a reported incidence of less than 2%[6].', 'Tardive dyskinesia is more likely to occur when metoclopramide is used for longer than 3 months, in high doses, or when used in the elderly (especially elderly women). Contact your doctor immediately if you develop any unusual uncontrolled movements (especially of the face, mouth, tongue, arms or legs).']","Loperamide (Imodium) is used for the treatment and relief of acute, chronic, or traveler's diarrhea. It usually cures diarrhea in a couple of days. Common side effects of Imodium are fatigue, dizziness, abdominal pain, and constipation.",,1.0,0.7145553024228134,0.0
what is the benefit of trans fats,"['Protect Your Arteries. Replacing trans and saturated fats with omega-3, omega-6, and omega-9 has been shown to prevent atherosclerosis or â\x80\x9chardening of the arteries.â\x80\x9d Think of saturated or trans fats as solids that can eventually clog your arteries, which keeps the blood from flowing properly.', 'This determination will significantly reduce the use of PHOs, the major source of artificial trans fats, in the food supply. The Food and Drug Administration announced Tuesday that it is removing trans fats, whose source is partially hydrogenated oils, from the list of foods generally recognized as safe.', 'If you are concerned about your cardiovascular health or have already been diagnosed with high cholesterol or heart disease, the food you eat can be just as critical for your heart as controlling your weight and exercising. In fact, a heart-healthy diet can reduce your risk of heart disease or stroke by 80%.By understanding which foods are healthiest for your heart, you may be able to lower cholesterol, prevent or manage heart disease and high blood pressure, and take greater control over the quality and length of your life.eart healthy diet tip 1: Reduce saturated and trans fats. One of the most important improvements you can make to your diet is to limit saturated fats and entirely cut out trans fats. Both types of fat raise your LDL, or â\x80\x9cbadâ\x80\x9d cholesterol level, which can increase your risk for heart attack and stroke.', ""The media has propagated cholesterol as a vile substance akin to trans fat, but in reality, it's not so simple. Cholesterol is not all bad - in fact, it has important functions in a variety of vital processes in your body. First it should be noted that cholesterol is not a type of fat; it is a high-molecular-weight alcohol made in the liver and other cells in the body. It is not water-soluble and cannot actually be transported freely in the blood. Instead, it is carried in lipoprotein throughout the body so it performs essential duties."", '1 Trans fat formed naturally â\x80\x93 this type of trans fat is produced in the gut of some grazing animals. 2 Thatâ\x80\x99s why small quantities of trans fat can be found in animal products like meat, milk, and milk products.']",I cannot answer from the given context.,,0.0,-0.0,0.0
where was tupac shot on his body,"['During the first shooting Tupac was in, where on his body was he shot? I heard it was 2 times in the groin, 2 times in the head, and 1 in the hand. But how did he survive? any info is appreciated.', '1968: Martin Luther King shot dead. Dr King was shot dead in the southern US city of Memphis, Tennessee, where he was to lead a march of sanitation workers protesting against low wages and poor working conditions.He was shot in the neck as he stood on a hotel balcony and died in hospital soon afterwards.r King advocated the use of non-violent tactics such as sit-ins and protest marches. In 1964 he was awarded the Nobel peace prize. E-mail this story to a friend. 1968: Martin Luther King shot dead The American black civil rights leader, Dr Martin Luther King, has been assassinated.', ""Martin Luther King, Jr. was an American clergyman and civil rights leader who was fatally shot at the Lorraine Motel in Memphis, Tennessee, on Thursday, April 4, 1968, at the age of 39.King was rushed to St. Joseph's Hospital, where he was pronounced dead at 7:05 p.m. that evening.artin Luther King, Jr. was an American clergyman and civil rights leader who was fatally shot at the Lorraine Motel in Memphis, Tennessee, on Thursday, April 4, 1968, at the age of 39. King was rushed to St. Joseph's Hospital, where he was pronounced dead at 7:05 p.m. that evening."", 'With the June 16 release date just a few months away, CodeBlack Entertainment has debuted a new trailer for the Tupac Shakur biopic All Eyez on Me. This sneak peek comes just one day before the late rapper will be inducted into the Rock and Roll Hall of Fame in Cleveland, Ohio.', 'His victims were predominantly Southeast Asian refugees. This particular shooting happened almost exactly 10 years after another school shooting in San Diego, which also happened to be at a school named Cleveland Elementary.']","Tupac was shot 2 times in the groin, 2 times in the head, and 1 in the hand.",,1.0,0.786608046619905,0.0
diamond production in namibia,"['Namibia and Diamonds: Namibia is one of the worldâ\x80\x99s largest producers of gem quality diamonds, with about 98% of diamonds produced being gem quality. Namibia produced a total of 1.4 Mct in 2003. In 2003 it was estimated that onshore operations account for about 55% of production and offshore operations for 45% operations.', 'Orapa diamond mine located 240km west of Francistown city in Central Botswana is the ninth largest diamond mine in the world by reserve. The open-pit mine was estimated to contain 85.7Mct of diamond reserves (146.1Mt grading 0.587ct/t diamond) as of December 2012.', 'More information can be found on the Ametrine gemstone page. Cactus Quartz. - Form of Quartz, usually Amethyst, Citrine, or a combination of the two, that contains a large crystal or crystals overgrown with a layer of spiky smaller crystals. Cactus Quartz is specific to Boekenhoutshoek (Magaliesberg) in South Africa.arge amounts of Amethyst are found both in Namibia and South Africa -- these are often labeled in the jewelry industry as African Amethyst. In Namibia, an interesting occurrence is the Goboboseb Mountains, near Brandberg, in the Erongo Mountains, where crystals are zoned in lighter to darker colors.', 'Colorado has more than thirty varieties of gemstones. The largest faceted diamond produced in the United States (16.87 carats) was found in Colorado. The official state gemstone is aquamarine, a beautiful blue mineral mostly found around the 13,000 foot level on Mount Antero.', 'Shares & Saves. Save. A lab-created diamond, also known as a cultured diamond, is a clear gemstone that has been created by replicating the same conditions under which a diamond is made naturally. This involves putting pure carbon under enormous amounts of pressure and heat until it crystallizes.ab-created diamonds were first produced in 1954 by General Electric. Their method involved subjecting carbon to 400 tons of pressure. Scientists could at first only synthesize dust or very small stones, which were better suited for purposes such as tipping drill bits than for setting in jewelry.']","Namibia is one of the world’s largest producers of gem quality diamonds, with about 98% of diamonds produced being gem quality. Namibia produced a total of 1.4 Mct in 2003, with onshore operations accounting for about 55% of production and offshore operations for 45%.",,1.0,0.8504024656296091,0.0
what is the lcd math,"['For computers, see Lowest common denominator (computers). In mathematics, the lowest common denominator or least common denominator (abbreviated LCD) is the least common multiple of the denominators of a set of fractions. It simplifies adding, subtracting, and comparing fractions.', 'LCD. A Liquid Crystal Display (LCD) is a thin, flat electronic visual display that contains liquid crystals, whose optical properties change in the presence of an electric field.', 'Liquid crystals were actually discovered over 100 years ago, but they did not find commercial applications until the invention of the twisted nematic (TN) LCD by Schadt and Helfrich in 1971 (Schadt and Helfrich, 1971). Nematic liquid crystals have a short-range order and have some of the properties of uniaxial crystals.', 'It can be an ambiguous term especially as the displayed resolution is controlled by different factors in cathode ray tube (CRT) displays, flat-panel displays (including liquid-crystal displays) and projection displays using fixed picture-element (pixel) arrays.', ""Planar's complete portfolio of high-quality LCD video walls encompass a wide range of different sizes, resolutions and technologies. Our large scale display systems are designed by video wall experts with decades of experience in video wall display technology.Featuring the narrowest bezels, most flexible mounting systems and slimmest installation depths, Planar's LED LCD video walls are best-in-class.ur large scale display systems are designed by video wall experts with decades of experience in video wall display technology. Featuring the narrowest bezels, most flexible mounting systems and slimmest installation depths, Planar's LED LCD video walls are best-in-class.""]",I cannot answer from the given context.,,0.0,0.0,0.0
where is hartwell ga,"['Sponsored Topics. Hartwell is a city in Hart County, Georgia, United States. The population was 4,188 at the 2000 census. The city is the county seat of Hart County. Hartwell is located at 34Â°21â\x80²10â\x80³N 82Â°55â\x80²52â\x80³W / 34.35278Â°N 82.93111Â°W / 34.35278; -82.93111 (34.352738, -82.931161). It sits upon the southern border of Lake Hartwell.', 'Clemson, now part of Pickens County, use to be part of Oconee County before the creation of Lake Hartwell, which became the east boundary line of Oconee County. With the cultural and sports activities available at Clemson University, Clemson continues to be a center of activity for the entire upstate region.', ""Fax Number: Also known as the Southern Crescent, Riverdale is located 10 miles south of Atlanta and about 5 miles south of Hartsfield-Jackson International Airport, one of the nation's busiest airports. Associated County."", 'Blythe, Georgia. Blythe US: /Ë\x88blaÉªÎ¸/ is a city in Burke and Richmond Counties in the U.S. state of Georgia. As of the 2010 census, the city had a population of 721.[4] It is part of the Augusta, Georgia metropolitan area.', 'Lyons Magnolia Midlands. Lyons, Georgia is the seat of Toombs County, situated in the heart of Southeast Georgia. Just 15 miles from Interstate 16, Lyons is home to many unique shops downtown, annual festivals and Vidalia Onion Farms.']","Hartwell is a city in Hart County, Georgia, United States, located at the southern border of Lake Hartwell.",,1.0,0.7464907251170351,0.0
during what phase of meiosis does this occur,"['Homologue pairs separate during a first round of cell division, called meiosis I. Sister chromatids separate during a second round, called meiosis II. Since cell division occurs twice during meiosis, one starting cell can produce four gametes (eggs or sperm). In each round of division, cells go through four stages: prophase, metaphase, anaphase, and telophase.', 'Before meiosis begins, during S phase of the cell cycle, the DNA of each chromosome is replicated so that it consists of two identical sister chromatids.', ""But I think most cytogeneticists would say the biggest contrasts occur in Prophase I. This is where all the special stuff happens in meiosis. It's actually further divided into 5 different stages, which does not occur in prophase II or the mitotic prophase (meiosis II is very similar mechanistically and conceptually to mitosis). Among the various special characteristics of Prophase I you have:"", '1 In male animals (also in man) meiosis occurs in the testis. A sperm mothercell produces four sperm cells. In female animals (also in woman) meiosis occurs in the ovaria. During the meiotic process asymmetrical divisions occur so that all cytoplasm is gathered in only one of the meiotic products . This large cell becomes an egg cell, whereas the other cells produced by meiosis disappear.', 'Meiosis II is a process that includes prophase II, metaphase II, anaphase II, telophase II and cytokinesis. In prophase II, spindle fibers form inside the cells. Next, chromosomes align along the metaphase plate during metaphase II. In anaphase II, the chromosomes divide at their centromeres and migrate to each pole of the cell. During telophase II and cytokinesis, the chromosomes form four haploid nuclei, and the cells break apart to form four haploid cells. Learn more about Molecular Biology & DNA Sources:']",I cannot answer from the given context.,,0.0,0.0,0.0
where is george michael buried,"['Friends reveal George Michael will â\x80\x98be buried beside his beloved motherâ\x80\x99 in familyâ\x80\x99s private plot in Highgate Cemetery. The Wham! singer, who died on Christmas Day, bought a grave for his mum in Highgate Cemetery when she passed away in 1997.', ""At Jefferson's direction, he was buried on the grounds, in an area now designated as the Monticello Cemetery. The cemetery is owned by the Monticello Association, a society of his descendants through Martha Wayles Skelton Jefferson. After Jefferson's death, his daughter Martha Jefferson Randolph sold the property."", 'To continue reading, Newsday subscribers log in. To continue reading, Newsday subscribers log in or register. Antonio Spain knelt in the wet grass at the grave of slain Navy SEAL Michael Murphy, raised a camera to his eyes and snapped a photo of the tombstone Tuesday at Calverton National Cemetery.', ""Arlington National Cemetery is a United States military cemetery in Arlington County, Virginia, across the Potomac River from Washington, D.C. , in whose 624 acres (253 ha) have been buried the dead of the nation's conflicts beginning with the American Civil War, as well as reinterred dead from earlier wars.rlington National Cemetery is divided into 70 sections, with some sections in the southeast and western part of the cemetery reserved for future expansion. Section 60, in the southeast part of the cemetery, is the burial ground for military personnel killed in the Global War on Terror since 2001."", ""In retirement, Fr. Chrysostom relocated to San Salvador, where he died on 3 Jan 1928. He was buried the next day. Memorial Masses were celebrated in Nassau; Collegeville, Minnesota (the site of St. John's Abbey, his monastery); and New York.""]",George Michael is buried in Highgate Cemetery beside his beloved mother.,,1.0,0.9281494892164449,0.0
what's the weather in riga in celsius,"['Weekly Weather Report for Riga, Latvia. Looking at the weather in Riga, Latvia over the next 7 days, the maximum temperature will be 13â\x84\x83 (or 56â\x84\x89) on Monday 10th April at around 2 pm. In the same week the minimum temperature will be -1â\x84\x83 (or 31â\x84\x89) on Friday 14th April at around 11 pm.', 'Riga, Latvia weather text for Sat 02nd September. The Riga, Latvia weather is going to be moderate rain at times. Riga, Latvia visibility is going to be around 16 km i.e. 10 miles and an atmospheric pressure of 1020 mb. The daytime temperature is going to reach 16 Â°c and the temperature is going to dip to 8 Â°c at night.', '1 There is a variation of average monthly temperatures of 6.45 C (11.6 F) which is a very low range. 2 The range/ variation of daily average temperatures is 5.5 C (9.9 F). 3 February is the warmest month (fairly hot) with an average temperature of 23.3 degrees Celsius (73.94 degrees Fahrenheit).', '1 During summer average high temperatures are 22.2Â°C (71.9Â°F) and average low temperatures are 8.7Â°C (47.7Â°F). 2 Come autumn/ fall temperatures decrease achieving average highs of 6.3Â°C (43.4Â°F) during the day and lows of -4.1Â°C (24.7Â°F) generally shortly after sunrise.', 'In May and October the average temperature is around 23 Â°C (73 Â°F) during the day and 15 Â°C (59 Â°F) at night and in April and November the average temperature is around 20 Â°C (68 Â°F) during the day and 11 Â°C (52 Â°F) at night.']",I cannot answer from the given context.,,0.0,0.0,0.0
what is the population of falls in wyoming county pa,"['Location of Falls Township in Pennsylvania. Location of Pennsylvania in the United States. Falls Township is a township in Wyoming County, Pennsylvania, United States. The population was 1,995 at the 2010 census.', 'Hot Springs County, Wyoming. Hot Springs County is a county located in the U.S. state of Wyoming. As of the 2010 census, the population was 4,812, making it the second-least populous county in Wyoming. Its county seat is Thermopolis. The county is named for the hot springs located in Hot Springs State Park.', 'People in group quarters in Hot Springs County, Wyoming in 2010: 1 50 people in nursing facilities/skilled-nursing facilities. 2 12 people in group homes intended for adults. 3 11 people in residential treatment centers for juveniles (non-correctional) 8 people in local jails and other municipal confinement facilities.', 'Buffalo is a city in Johnson County, Wyoming, United States. The population was 4,585 at the 2010 census. It is the county seat of Johnson County.', 'Three Springs, PA Profile: Facts, Map & Data. Three Springs, Pennsylvania - Basic Facts. The Borough of Three Springs had a population of 563 as of July 1, 2016. Three Springs ranks in the lower quartile for Population Density and Diversity Index when compared to the other cities, towns and Census Designated Places (CDPs) in Pennsylvania. See peer rankings below.']",I cannot answer from the given context.,,1.0,-0.0,0.0
what language does trinidad speak,"['Although the official language of Trinidad and Tobago is English, the most commonly spoken languages are Trinidadian Creole English and Tobagonian Creole English. Trinidadian usage includes a large number of local words and expressions. Many of these have non-English origins-these derive primarily from French and French Creole, Spanish, various West African languages, and Bhojpuri. Trinidadian speech is characterised by dropped final consonants and a lack of pluralisation.', 'The average Jamaican speaks English and Jamaican dialect based primarily on English. We most certainly cannot give up English, which is the dominant language of international commerce, media and science and technology. If anything, we need to improve our ability to read, write and speak English.', 'Two languages are spoken on the islands of the Torres Strait, within Australian territory, by the Melanesian inhabitants of the area: Kala Lagaw Ya and Meriam Mir. Meriam Mir is a Papuan language, while Kala Lagaw Ya is an Australian language.', ""Language. Dutch and the local language of Papiamento are the official languages of Aruba, but most Arubans speak a minimum of four languages including English and Spanish.ruba's native language of Papiamento embodies the friendliness for which the local population is known, with the language marked with an inclusive and open nature as represented in its unique sayings and mannerisms."", 'Within the British Isles many hundreds of languages are spoken by communities originating from all over the world e.g. Punjabi, Bengali, Urdu, Gujarati, Cantonese, Polish, Italian and Greek. Over 100 languages are spoken domestically by the families in London.']","Trinidad speaks Trinidadian Creole English, in addition to English.",,1.0,0.8806343447489949,0.0
what word means inflammation of the throat,"['What is pharyngitis? Pharyngitis is inflammation of the pharynx, which is in the back of the throat. Itâ\x80\x99s most often referred to simply as â\x80\x9csore throat.â\x80\x9d Pharyngitis can also cause scratchiness in the throat and difficulty swallowing.', ""The word inflammation comes from the Latin inflammo , meaning I set alight, I ignite . Inflammation is part of the body's immune response. Initially, it is beneficial when, for example, your knee sustains a blow and tissues need care and protection. However, sometimes inflammation can cause further inflammation; it can become self-perpetuating. More inflammation is created in response to the existing inflammation."", 'Full Definition of INFLAMMATION. 1. : a local response to cellular injury that is marked by capillary dilatation, leukocytic infiltration, redness, heat, and pain and that serves as a mechanism initiating the elimination of noxious agents and of damaged tissue.2.: the act of inflaming: the state of being inflamed.. : a local response to cellular injury that is marked by capillary dilatation, leukocytic infiltration, redness, heat, and pain and that serves as a mechanism initiating the elimination of noxious agents and of damaged tissue. 2. : the act of inflaming: the state of being inflamed.', 'Etymology: L, inflammare, to set afire. the protective or destructive response of body tissues to irritation or injury. Inflammation may be acute or chronic. Its cardinal signs are redness (rubor), heat (calor), swelling (tumor), and pain (dolor), often accompanied by loss of function.tymology: L, inflammare, to set afire. the protective or destructive response of body tissues to irritation or injury. Inflammation may be acute or chronic. Its cardinal signs are redness (rubor), heat (calor), swelling (tumor), and pain (dolor), often accompanied by loss of function.', 'Cellulitis. Cellulitis is a spreading bacterial infection just below the skin surface. The word cellulitis actually means inflammation of the cells.. Specifically, cellulitis refers to a bacterial infection of the tissue just below the skin surface.It is most commonly caused by Streptococcus pyogenes or Staphylococcus aureus. Skin is the first defense against invading bacteria and other microbes.ellulitis. Cellulitis is a spreading bacterial infection just below the skin surface. The word cellulitis actually means inflammation of the cells.. Specifically, cellulitis refers to a bacterial infection of the tissue just below the skin surface.']",I cannot answer from the given context.,,0.0,0.0,0.0
meaning of black flag,"[""A black flag (Black Standard) was used by Muhammad to represent his religion. It was used as the standard of the Abbasid Caliphate. It has also been stated that it will be the flag of the army that will fight the Dajjal. During the German Peasants' War in the 16th century the black flag was used by the revolting farmers."", 'Country: Republic of Albania. Albania Flag Description: The Albanian flag consists of a black, two headed eagle in the center of the red base. Albania Flag Meaning: The eagle is taken from an Albanian folk tale.', ""Part of the Programming glossary: In programming, a flag is a predefined bit or bit sequence that holds a binary value. Typically, a program uses a flag to remember something or to leave a sign for another program.For example, in a message being exchanged by two programs, a three-bit flag's field or data area might be set to one of three configurations:ypically, a program uses a flag to remember something or to leave a sign for another program. For example, in a message being exchanged by two programs, a three-bit flag's field or data area might be set to one of three configurations:"", 'The flag consists of 13 alternating red and white stripes that represent the 13 original colonies, and 50 white stars on a blue field, with each star representing a state. The colors on the flag represent: Red: valor and bravery. White: purity and innocence. Blue: vigilance, perseverance, and justice.', ""Burkina Faso Flag Meaning: The Burkina Faso flag depicts the pan-African colors, which reflect a break with the country's colonial past and its unity with other African ex-colonies. The red also symbolizes the revolution; while the green represents the country's abundance of natural riches.""]","The black flag was used by Muhammad to represent his religion and was the standard of the Abbasid Caliphate. It has also been stated that it will be the flag of the army that will fight the Dajjal. During the German Peasants' War in the 16th century, the black flag was used by the revolting farmers.",,1.0,0.6809265648612867,0.0
how a cars manufacturer date,"[""On the sticker you will find the month and year of manufacture (normally in the upper left) in mm/yy format. For example, 12/15 will mean the car was manufactured in December of 2015. The dealer will typically receive the car one to two months after manufacture. When comparing two or more cars on the lot, the relative dates give you a good idea of how long they've been on the lot relative to each other. If one has a date of 08/15 and the other has a date of 10/15, you can conclude that the latter one has been on the lot one to three months less."", 'The Model T set 1908 as the historic year that the automobile became popular. The first production Model T was produced on August 12, 1908 and left the factory on September 27, 1908, at the Piquette Plant in Detroit, Michigan. On May 26, 1927, Henry Ford watched the 15 millionth Model T Ford roll off the assembly line at his factory in Highland Park, Michigan.', 'Like the electrode pads, each manufacturer has a different expiration date. Battery expiration dates or shelf life can vary anywhere from 2 years to 7 years. The battery shelf life is not a set date and varies manufacturer to manufacturer. The shelf life date can usually be found on the battery.', 'Beginning in December 2016, Ford plans to build the GT at a rate of one car per day until October 2020. 2017 and 2018 model year vehicles will be reserved for selected GT buyers, 2019 vehicles for buyers passed over in the initial selection process, and 2020 vehicles for new customers.', ""The [Manufacturer Device] is in your cart. New Cricket devices generally carry a one-year manufacturer's warranty from the date of purchase. Reconditioned wireless devices generally carry a 90-day manufacturer's warranty from the date of purchase. Please review the warranty information provided by the manufacturer of your device for complete info.""]","On the sticker you will find the month and year of manufacture (normally in the upper left) in mm/yy format. For example, 12/15 will mean the car was manufactured in December of 2015.",,1.0,0.6697635936841181,0.0
what is the charter of french liberties,"['Charter of 1814. Written By: Charter of 1814, French Charte Constitutionnelle, French constitution issued by Louis XVIII after he became king (see Bourbon Restoration). The charter, which was revised in 1830 and remained in effect until 1848, preserved many liberties won by the French Revolution. It established a constitutional monarchy with a bicameral parliament, guaranteed civil liberties, proclaimed religious toleration, and acknowledged Catholicism as the state religion.', '1. The Civil Constitution of the Clergy was an attempt to reform and regulate the Catholic church in France. It was passed by the National Constituent Assembly on July 12th 1791. 2.', 'Definition of liberty. plural. liberties. 1 : the quality or state of being free:a : the power to do as one pleasesb : freedom from physical restraintc : freedom from arbitrary or despotic (see despot 2) controld : the positive enjoyment of various social, political, or economic rights and privilegese : the power of choice.', 'The act made French the official language in a number of areas: 1 Language of services (must be primarily offered in French). 2 Language of commercial signing (the use of French was required). 3 Language of labour relations and business (businesses wanting to deal with the state had to apply for francization programs).', 'The English Bill put in place a constitutional form of government in which the rights and liberties of the individual were protected under English law. The English Bill of Rights had a great influence on the colonies in North America and on the Constitution of the United States.rapped up in this combination of ideas is the English Bill of Rights of 1689. This document shows inspiration from Greece, Rome, religion, the Scientific Revolution, and the Enlightenment.']","The Charter of French liberties refers to the Charter of 1814, which was issued by Louis XVIII after he became king. It established a constitutional monarchy with a bicameral parliament, guaranteed civil liberties, proclaimed religious toleration, and acknowledged Catholicism as the state religion. The charter preserved many liberties won by the French Revolution and was revised in 1830, remaining in effect until 1848.",,0.8888888888888888,0.9079578139620402,0.0
when was explorer of the seas refurbished,"[""Explorer of the Seas at a Glance. 1 The Explorer of the Seas was built in 2000, and refurbished in 2015. Her gross tonnage is 137,308, and she carries 3,286 passengers. 2 Features all of Royal Caribbean's latest amenities: Elegant main dining rooms, Chop's Grille, spa & salon, and Royal Caribbean's pools."", 'Newest to Oldest â\x80\x93 Royal Caribbean Ships by Year Built & Renovated. Below youâ\x80\x99ll find a beautiful infograph of Royal Caribbean Ships by Age. The cruise lineâ\x80\x99s oldest cruise ship, the Monarch of the Seas, was launched in 1991. Thatâ\x80\x99s 25 years old! A ship can go through a LOT in two-and-a-half decades.', 'Oasis of the Seas Luxury Cruise Liner. Oasis of the Seas is the first of the Oasis Class (formerly the Genesis Class or project Genesis) luxury cruise ships in the Royal Caribbean International fleet. The ship was ordered in February 2006 and the keel was laid in December 2007. It entered service in December 2009.', 'Nov 2, 2009. Five times larger than the Titanic, Royal Caribbeanâ\x80\x99s Oasis of the Seas is the worldâ\x80\x99s largest passenger vessel ever built. Oasis left her shipyard in Finland on Friday (Oct. 30, 2009) and is set to arrive at her home, Port Everglades, in Fort Lauderdale, Florida on November 20th.', 'Cruise ship refurbishment tends to be the best value-for-money strategy and a highly successful policy for major cruise line companies in a time of world-wide economic uncertainty. For your convenience, this link goes directly to cruise ship refurbishments 2017-2018 schedule.']",The Explorer of the Seas was refurbished in 2015.,,1.0,0.9260861088968593,0.0
where is tea tree oil from,"['Tea tree, also known as melaleuca, is well-known for its powerful antiseptic properties and ability to treat wounds. Tea tree oil (TTO), the volatile essential oil derived mainly from the Australian native plant Melaleuca alternifolia has been widely used throughout Australia for at least the past 100 years.', ""Tea tree oil has been used traditionally as a topical antiseptic and antifungal treatment. One study found that tea tree oil worked as well as 5% benzoyl peroxide in controlling the symptoms of acne. It appears to be effective with toenail fungus and possibly athlete's foot."", 'Tea tree oil may also be toxic to pets if ingested. Veterinary toxicologists found that large amounts of undiluted tea tree oil applied to the skin of cats and dogs caused a hypersensitivity (allergic) reaction. If you are allergic to eucalyptol, use TTO with caution, as many formulas are mixed with eucalyptol.', 'TEA TREE OIL Side Effects & Safety. Tea tree oil is POSSIBLY SAFE for most people when put on the skin, but it can cause skin irritation and swelling. In people with acne, it can sometimes cause skin dryness, itching, stinging, burning, and redness.', 'Tea Tree Oil as a Hair Loss Treatment. There are a number of herbal supplements out there that claim to work as a treatment for hair loss.']",Tea tree oil is derived mainly from the Australian native plant Melaleuca alternifolia.,,1.0,0.860966821302108,0.0
meaning of pyuria,"[""pyuria pyÂ·uÂ·riÂ·a (pÄ«-yur'Ä\x93-É\x99) n. The presence of pus in the urine, usually a sign of urinary tract infection."", 'Definition Dysmetria can be defined as a medical condition in which the person cannot control the range of movement in using different muscle groups. It is considered that these persons are not able to judge distances accurately, their ability of controlling the range of movement being impaired by different reasons.', 'Definition of PYRIDINE. : a toxic water-soluble flammable liquid base C5H5N of pungent odor that is the parent of many naturally occurring organic compounds and is used as a solvent and as a denaturant for alcohol and in the manufacture of pharmaceuticals and waterproofing agents.ADVERTISEMENT. pyr- + -ide + 2-ine. a toxic water-soluble flammable liquid base C5H5N of pungent odor that is the parent of many naturally occurring organic compounds and is used as a solvent and as a denaturant for alcohol and in the manufacture of pharmaceuticals and waterproofing agents. ADVERTISEMENT.', ': any of several plants (as a mullein) formerly used in the treatment of respiratory disorders; especially: a European herb (Pulmonaria officinalis) of the borage family with hispid leaves and usually bluish flowers. ADVERTISEMENT.. : any of several plants formerly used in the treatment of respiratory disorders; especially: a European herb (Pulmonaria officinalis) of the borage family (Boraginaceae) with rough hairy leaves and bluish flowers.', '/bacÂ·teÂ·riÂ·uria/ (bak-tÄ\x93râ\x80³e-uÂ´re-ah) [ bacteri- + -uria ] the presence of bacteria in the urine. The presence of more than 100,000 pathogenic bacteria per milliliter of urine is usually considered significant and diagnostic of urinary tract infection. Bacteriuria may be asymptomatic.']","The presence of pus in the urine, usually a sign of urinary tract infection.",,1.0,0.2109986359129872,0.0
who sang i feel wonderful tonight,"[""Wonderful Tonight is written by Eric Clapton. It was included on Clapton's 1977 album Slowhand and released as a single the following year. In 1988, Clapton appeared in the Nelson Mandela 70th Birthday Tribute concert as a guest guitarist for Dire Straits. The group became his backing musicians for a surprise performance of Wonderful Tonight during their set."", ""Sing us a song you're the piano man. Sing us a song tonight. Well we're all in the mood for a melody. And you've got us feeling alright. Submit Corrections. Visit www.azlyrics.com for these lyrics."", 'In 2004, the song was recorded by Westlife in two versions on their album, Allow Us to Be Frank. During 2012, UK-based indie band Tellison released a cover of The Way You Look Tonight on NaimEdge Records, as a B-Side to their single Freud Links The Teeth And The Heart.In 2013, the renowned Spanish actress & singer Natalia Dicenta released a version of the song on her album Colours.n 2004, the song was recorded by Westlife in two versions on their album, Allow Us to Be Frank. During 2012, UK-based indie band Tellison released a cover of The Way You Look Tonight on NaimEdge Records, as a B-Side to their single Freud Links The Teeth And The Heart.', ""Tony Bennett did go on to cover What A Wonderful World several times, as in 2003 with K.D. Lang, paying homage to Bennett's friend Armstrong. ABC Records' European distributor EMI forced ABC to issue a What a Wonderful World album in 1968 (catalogue number ABCS-650)."", ""A great album with some terrific songs. A good mix of styles and artists. Bonnie Raitt's Feels Like Home is one of the prettiest songs ever. And Kenny Wayne Shepherd does a fantastic cover of the Rolling Stones The Spider and the Fly with the help of great blues artist James Cotton.""]",I cannot answer from the given context.,,0.0,-0.0,0.0
what is npt standard,"['National Pipe Thread Taper (NPT) is a U.S. standard for tapered threads used on threaded pipes and fittings. In contrast to straight threads that are found on a bolt, a taper thread will pull tight and therefore make a fluid-tight seal.', 'Nurse Practitioner (NP) A Nurse Practitioner (NP) is a registered nurse with advanced academic (having a masters degree) and clinical experience, which enables him or her to diagnose and manage most common illness, including chronic ones, either independently or as part of a health care team.', 'Covered health care providers and all health plans and health care clearinghouses must use the NPIs in the administrative and financial transactions adopted under HIPAA. The NPI is a 10-position, intelligence-free numeric identifier (10-digit number).This means that the numbers do not carry other information about healthcare providers, such as the state in which they live or their medical specialty.s outlined in the Federal Regulation, The Health Insurance Portability and Accountability Act of 1996 (HIPAA), covered providers must also share their NPI with other providers, health plans, clearinghouses, and any entity that may need it for billing purposes.', 'The National Fire Prevention Association (NFPA) standard â\x80\x9cNFPA 704: Standard System for the Identification of the Hazards of Materials for Emergency Responseâ\x80\x9d is a safety standard that defines how hazardous materials are identified for emergency responders.', ""Net Positivie Suction Head (NPSH) 1 NPSHr = head required @ the eye of the pump's impeller to prevent cavitation, a function of pump design. 2 NPSHa = head available from the suction side of the system, must always equal or exceed the required (NPSHr) to prevent cavication.""]","National Pipe Thread Taper (NPT) is a U.S. standard for tapered threads used on threaded pipes and fittings. In contrast to straight threads that are found on a bolt, a taper thread will pull tight and therefore make a fluid-tight seal.",,1.0,0.5550232423507826,0.0
meaning of yean,"['Chambers 20th Century Dictionary (0.00 / 0 votes) Rate this definition: Yean. yÄ\x93n, v.t. to bring forth young.â\x80\x94n. Yeanâ\x80²ling (Shak.), the young of a sheep: a lamb. [A.S. Ã©anian, to bring forthâ\x80\x94eacen, pregnant.]', 'Eman is a name found used for both boys and girls. it is thought to have two possible origins. It can be a variant of the unisex name Iman, which is of Arabic origin and is said to mean â\x80\x98Faithâ\x80\x99. Alternatively, the name could be a short form of the masculine Emmanuel, but this name is specifically masculine.', 'What Is It. Yevo is a new entry into the MLM field, offering a small range of packaged foods promoted as being good for your health. Quick Review. The newness of Yevo is both an advantage and a disadvantage for any distributor joining the company. While their products are unusual in the MLM field, they are also very expensive, making sales difficult.', 'Old English acan to ache, suffer pain, from Proto-Germanic *akanan, perhaps from a PIE root *ag-es- fault, guilt, represented also in Sanskrit and Greek, perhaps imitative of groaning.', 'It was at first a status surname for a peasant farmer or husbandman, the derivation being from either the Old Norse-Viking word bonde, or the Olde English and Anglo-Saxon word buan, both meaning to dwell, but an alternative is from bindan, meaning to bind.t was at first a status surname for a peasant farmer or husbandman, the derivation being from either the Old Norse-Viking word bonde, or the Olde English and Anglo-Saxon word buan, both meaning to dwell, but an alternative is from bindan, meaning to bind.']","Yean means to bring forth young, and as a noun, it refers to a yeanling, which is the young of a sheep, or a lamb.",,0.75,0.9167782794329696,0.0
child support legal definition of,"['In family law, child support is often arranged as part of a divorce, marital separation, annulment, determination of parentage or dissolution of a civil union and may supplement alimony (spousal support) arrangements.', 'Some state laws give courts the power to award college support beyond the age of majority, also called post-secondary or post-minority support. College support may be in addition to child support, a part of child support, or a separate payment after regular child support ends.', 'Child Definition: A young individual who is under the legal age of majority, or who is the natural offspring of another. A minor; an individual who is not yet an adult or who has not reached the age of majority. Most jurisdictions have defined child in terms of a specified age of majority. But where statute law is silent on the point, the common law applies.', ""Support Collection Statutes of Limitations by State. Discover when child support can be terminated according to your State's Age of Majority rules. State-by-state statute of limitations listing for child support. See the statutory cite or civil code reference, whether or not child support ends if the child leaves the household, and if support is ever paid beyond the age of majority."", 'Michigan child support is handled by Child Support Services â\x80\x93 a division of the Department of Human Services. The Friend of the Court office performs all administrative functions involving Michigan child support. You can view their website at: www.michigan.gov/childsupport.']",I cannot answer from the given context.,,0.0,0.0,0.0
what is pennsylvania's minimum wage,"[""The Pennsylvania Minimum Wage is currently $7.25 per hour. Pennsylvania's minimum wage is the same as the current federal minimum wage of $7.25 per hour. The minimum wage will likely remain at $7.25 until the federal minimum wage is raised. Please Note: Fourteen states have raised their minimum wage as of January 1, 2017."", 'Pennsylvania Overtime Wage Law. All Pennsylvania employees working over 40 hours in a work week are entitled an overtime wage of at least 1.5 times their regular hourly pay rate-therefore, the overtime minimum wage in PA is $10.88 per hour.In addition, Pennsylvania law requires all employees working over 0 hours in a single day to be paid overtime.he Pennsylvania Minimum Wage is the lowest hourly wage that an employee working in Pennsylvania can legally be paid.', 'In order to determine if higher minimum wage leads to a higher unemployment two economic professors at Princeton University (David Card and Alan Krueger) conducted a study on minimum wage hikes with a focus on the New Jersey minimum wage hike in 1990. Card and Krueger compared unemployment and wages in New Jersey and Pennsylvania.', 'Minimum Wage. Overview. The federal minimum wage provisions are contained in the Fair Labor Standards Act (FLSA). The federal minimum wage is $7.25 per hour effective July 24, 2009.Many states also have minimum wage laws. Some state laws provide greater employee protections; employers must comply with both.inimum Wage. Overview. The federal minimum wage provisions are contained in the Fair Labor Standards Act (FLSA). The federal minimum wage is $7.25 per hour effective July 24, 2009.', ""Minimum Wage By State 2015. Twenty states have raised their Minimum Wage rates as of January 1 2015. The following chart lists the state-set minimum wage rates for each U.S. State and territory.In any state with a minimum wage of lower then the current Federal Minimum Wage of $7.25/hr, the Federal Minimum Wage will take precedent.or a visual representation of the applicable Minimum Wage across the states, visit the minimum wage map. For details on a specific state's current minimum wage rate and minimum wage factsheets, find your state in the list below.""]",Pennsylvania's minimum wage is currently $7.25 per hour.,,1.0,0.8727170632500201,0.0
what is it called the thing that hold the tire,"['Rim (wheel) The rim is the outer edge of a wheel, holding the tire. It makes up the outer circular design of the wheel on which the inside edge of the tire is mounted on vehicles such as automobiles. For example, on a bicycle wheel the rim is a large hoop attached to the outer ends of the spokes of the wheel that holds the tire and tube.', 'Tire, Pneumatic. In motor vehicles and other wheeled vehicles, pneumatic tires create the necessary adhesion (traction) between the wheels and the surface of the road and cushion the dynamic loads on the wheels that result from the motion of the vehicle.', 'Etymology and spelling. The etymology of tire is that the word is a short form of attire, and that a wheel with a tire is a dressed wheel. The spelling tyre does not appear until the 1840s when the English began shrink fitting railway car wheels with malleable iron. Nevertheless, traditional publishers continued using tire.', 'The wide steel base gives the tire jack a lot of stability during use. The height range this jack can handle is 11â\x80\x9d to 21â\x80\x9d. In addition to regular cars, this jack is also able to handle SUVs, off road vehicles, construction site jobs and other heavy work.', 'A tire with the correct tire load index for your vehicle assures you that your tires are made to handle the weight of your vehicle. The speed rating shows the maximum speed your tires can handle, which tends to be more important in countries with roadways that are not subject to speed limitations.']",It is called the rim.,,1.0,0.5909656030559957,0.0
who is robert walton,"['The novel itself begins with a series of letters from the explorer Robert Walton to his sister, Margaret Saville. Walton, a well-to-do Englishman with a passion for seafaring, is the captain of a ship headed on a dangerous voyage to the North Pole.', ""Mr. Sam's Life and Legacy. Sam Walton, founder of Walmart, one of the world's largest corporations, and one-time richest man in the world, left an estimated $100 billion fortune to his wife and four children when he died. Known as Mr. Sam, Walton was an Eagle scout, served as an Army captain during World War II, was an avid hunter and outdoorsman, and lived humbly."", 'From Wikipedia, the free encyclopedia. Robert Edward Czyz (/Ë\x88tÊ\x83É\x9bz/ CHEZ; born February 10, 1962) is a retired American boxer, commentator, and member of Mensa. A New Jersey native of Polish descent, he is both a former world light heavyweight and cruiserweight champion. Czyz was born in Orange, New Jersey. He lived in Wanaque, New Jersey and attended Lakeland Regional High School.', ""For those of a similar name, see Robert Carlisle (disambiguation). Robert Carlyle, OBE (born 14 April 1961) is a Scottish actor. His film work includes Trainspotting (1996), The Full Monty (1997), The World Is Not Enough (1999), and Angela's Ashes (1999). He has been in the television shows Hamish Macbeth, Stargate Universe, and Once Upon a Time."", 'Ralph Waite, who played John Walton Sr. on The Waltons for nine seasons, died Thursday at age 85. While heâ\x80\x99s best known for his Emmy-nominated role as the patriarch on the long-running 1970s CBS drama, Waite has had recent recurring roles on NCIS, Bones, and Days of Our Lives.']","Robert Walton is the explorer and captain of a ship headed on a dangerous voyage to the North Pole, as introduced in the novel through a series of letters to his sister, Margaret Saville.",,1.0,0.784465746418237,0.0
where is south la,"['South Los Angeles is a 51.08-square-mile region of Los Angeles County, California, comprising 25 neighborhoods within the City of Los Angeles and three unincorporated neighborhoods.', 'BHC South LA Council to Meet Building Healthy Communities South LA will have a Council meeting on Thursday, Nov. 7 from 11 to 3 p.m. at the California Community Foundation, 281 S. Figueroa St. This ... Community Bike Ride There will be a community bike ride along Central Avenue on Sunday, Nov. 3 from 10 a.m. to 2 p.m.', 'Austin, home of the University of Texas, joins New Orleans as the only Southern city to be so high on the list. Besides education, a few other factors correlate with having bigger gay populations. Metro areas with a greater share of gay and lesbian residents tend to lean Democratic.', 'Lake South Lida. South Lida Lake is an 856-acre mesotrophic (moderately fertile) lake located in northwest Otter Tail County approximately five miles east of Pelican Rapids, MN. South Lida Lake is connected to North L... Followers 100 Catches 2 Spots 9', ""Throughout the 20th century, it was one of the fastest-growing regions in the United States, although growth has slowed since 2000. As of the 2010 U.S. Census, the Los Angeles Metropolitan Statistical Area had a population of nearly 13 million residents. Meanwhile, the larger metropolitan region's population at the 2010 census was estimated to be over 17.8 million residents, and a 2015 estimate reported a population of about 18.7 million.""]","South Los Angeles is a region of Los Angeles County, California, comprising 25 neighborhoods within the City of Los Angeles and three unincorporated neighborhoods.",,1.0,0.8358263873317172,0.0
medications for oppositional defiant disorder,"[""ADHD medication may help improve symptoms of oppositional defiant disorder, Vitiello says. But parent training can also help, especially for parents who rely on punishments. You'll learn to recognize and nurture your child's strengths, Hughes says. Ask your doctor where you might find local classes or coaches who can help."", 'oppositional defiant disorder. 1. a disorder of childhood or adolescence characterized by a recurrent pattern of negativistic, hostile, and disobedient behavior toward authority figures. 2. a DSM diagnosis that is established when the specified criteria are met. Synonym(s): oppositional disorder.', 'Medications that may be considered in the treatment of paraphilic disorders include the following: 1 Antidepressants (eg, selective serotonin reuptake inhibitors [SSRIs]) 2 Long-acting gonadotropin-releasing hormones. 3 Antiandrogens. Phenothiazines. Mood stabilizers.', 'Anxiety disorders can include obsessive-compulsive disorder, panic disorders, and phobias. Behavioral Disorders Behavioral disorders involve a pattern of disruptive behaviors in children that last for at least 6 months and cause problems in school, at home and in social situations. Examples of behavioral disorders include Attention Deficit Hyperactive Disorder (ADHD), Conduct Disorder, and Oppositional-Defiant Disorder (ODD). Eating Disorders Eating disorders involve extreme emotions, attitudes, and behaviors involving weight and food.', 'Medications for bipolar disorder include: Mood stabilizers are the first-line treatment for bipolar disorder. Lithium and certain anticonvulsants are often effective at managing the extreme mood swings associated with bipolar disorder. All mood stabilizers treat the symptoms of mania.']",I cannot answer from the given context.,,0.0,-0.0,0.0
does florida state university have rotc program,"['Army ROTC. Florida State College at Jacksonville students interested in a commission as an officer in the United States Army may enroll in the basic Army ROTC College program at the University of North Florida.tudents will be enrolled as Military Science Leadership students, college program students, or Army ROTC scholarship students based on the program in which they are accepted. Students who successfully complete the basic course are eligible to enter the advanced program at any university that offers Army ROTC.', 'What does ROTC stand for? Why is there ROTC? Is the training at ROTC like being in Basic Training? What is the ROTC training schedule? What other colleges are associated with the Fitchburg State AROTC program? Will there be time to participate in sports or other non-ROTC activities? Bay State Battalion. Explain ROTC social life.', 'Residents of Florida pay an annual total price of $17,771 to attend Florida State University on a full time basis. This fee is comprised of $4,640 for tuition, $10,264 room and board, $1,000 for books and supplies and $1,867 for other fees. Out of state residents are charged a total cost of $32,215 which is 81.3% higher than Florida residents.', ""Think Florida. The Think Florida: A Higher Degree for Business initiative is designed to build ties between the State University System and Florida's business community in the areas of talent, research and partnerships. 03.30.2017: HIGHLIGHTS: Board of Governors Meeting, March 29-30."", ""Florida Prepaid College Program. The Florida Prepaid College Plan allows parents, grandparents, businesses and others to lock in the cost of college today. With the Florida Prepaid College Plan, you don't have to worry about the stock market or if you will have enough money saved.""]",I cannot answer from the given context.,,1.0,-0.0,0.0
what is physical therapy on an overuse syndrome?,"[""Welcome to Peak Performance Physical Therapy's patient resource about Iliotibial Band Syndrome. Iliotibial band (ITB) syndrome is an overuse problem that is often seen in bicyclists, runners, and long-distance walkers. It causes pain on the outside of the knee just above the joint. It rarely gets so bad that it requires surgery, but it can be very bothersome."", 'Yup, agree with the above. Usually this means a need for physical therapy to assist in rebuilding strength and endurence to the patients potential. It also means that there has been a significant decrease in muscle strength and possible atrophy of muscle, r/t illness, bedrest ect... #2.', 'Chronic overuse injuries (also called repetitive stress injuries), which may take weeks or months to develop, are often caused by the same muscles being used for long periods of time - even though the demand on the muscles is low. Back and neck pain often occur from sitting in a fixed position for long periods of time.', 'Now this is commonly referred to as PRP or Platelet Rich Plasma. Autologous Hemocyte Tissue Autograft. Tendons and ligaments connect muscles to bones, making it possible to do all kinds of physical activities. Overuse or damage to tendons over a long period of time causes the collagen fibers that make up the tendons to form small tears, a condition called tendinosis.', 'Physical or mental tiredness. Physical fatigue is due to accumulation in the muscles of the breakdown products of fuel consumption and energy production (metabolism). Mental fatigue is usually the result of boredom, FRUSTRATION, ANXIETY, over-long concentration on a single task or dislike of a particular activity.']",Physical therapy on an overuse syndrome usually means a need for assistance in rebuilding strength and endurance to the patient's potential. It addresses the significant decrease in muscle strength and possible atrophy of muscle related to the overuse injury.,,1.0,0.9749766818604394,0.0
what is ppm in manufacturing,"['(Parts per million) Click here for print version. PPM (Parts per million) is a measurement used today by many customers to measure quality performance. Definition: One PPM means one (defect or event) in a million or 1/1,000,000. There was a time when you were considered a pretty good supplier when your defect rate was less than 1%, (10,000 PPM), then the expectation was increased to 0.1% or 1,000 PPM.', '(April 2013) Production Part Approval Process (PPAP) is used in the automotive supply chain for establishing confidence in component suppliers and their production processes. Actual measurements are taken of the parts produced and are used to complete the various test sheets of PPAP:', 'Good Manufacturing Practice: A Global Standard for Pharmaceutical Quality - PowerPoint PPT Presentation. The presentation will start after a short. (15 second) video ad from one of our sponsors. Hot tip: Video ads wonâ\x80\x99t appear to registered users who are logged in. And itâ\x80\x99s free to register and free to log in!', 'Printer speed is usually measured in one of three ways, with the general rule being the quicker the print, the greater the cost. Characters per second is the first way in which speed can be measured, i.e. by calculating how many letters, number and spaces it can print in a second.ext, lines per minute (or LPM) is a prevalent measurement of speed, calculating accordingly the number of lines printed each minute. Alongside that, the third way in which printer speed can be measured is in pages per minute, or PPM.', ""Pixels per inch (ppi) - A measurement of image resolution that defines the size an image will print. The higher the ppi value, the better quality print you will get--but only up to a point. 300ppi is generally considered the point of diminishing returns when it comes to ink jet printing of digital photos. Dots per inch (dpi) - A measurement of printer resolution that defines how many dots of ink are placed on the page when the image is printed. Today's photo-quality ink jet printers have dpi resolution in the thousands (1200 to 4800 dpi) and will give you acceptable quality photo prints of images with 140-200 ppi resolution, and high quality prints of images with 200-300 ppi resolution.""]","PPM (Parts per million) in manufacturing is a measurement used to assess quality performance, where one PPM means one defect or event in a million or 1/1,000,000. It indicates the defect rate, with lower PPM values representing better quality; for example, a defect rate of less than 1% corresponds to 10,000 PPM, and the expectation has increased to 0.1% or 1,000 PPM.",,1.0,0.8473551189761036,0.249999999975
where is setaf headquarters,"[""To reduce the danger in that area, the U.S. agreed to establish a force there and on 2 October 1955, the U.S. Army Southern European Task Force was activated. SETAF's first headquarters was on Camp Darby, but the largest number of soldiers has always been in Vicenza, Italy."", ""The American TFP's national headquarters is located in Spring Grove, Pennsylvania, forty-five minutes west of historic Gettysburg and two hours north of Washington, D.C. The TFP also has centers in Washington D.C., Louisiana, Illinios, and Kansas."", 'The headquarters of the National Weather Service is located in Silver Spring, Maryland, with regional headquarters located in Kansas City, Missouri; Bohemia, New York; Fort Worth, Texas; Salt Lake City, Utah; Anchorage, Alaska; and Honolulu, Hawaii.he headquarters of the National Weather Service is located in Silver Spring, Maryland, with regional headquarters located in Kansas City, Missouri; Bohemia, New York; Fort Worth, Texas; Salt Lake City, Utah; Anchorage, Alaska; and Honolulu, Hawaii.', ""Setauket-East Setauket /sÉ\x99Ë\x88tÉ\x94Ë\x90kÉªt/ , more commonly known as the Setaukets (or that region's core), is a census-designated place (CDP) in Suffolk County, New York, on the North Shore of Long Island."", 'In August 2016, Woolworths Holdings announced that the David Jones headquarters will be moved from Sydney to Richmond, Victoria, owing to a combination of factors including rental lease fees and the market position for retail/fashion, as well as a lure from the Victorian Government.']","The headquarters of SETAF was initially on Camp Darby, but the largest number of soldiers has always been in Vicenza, Italy.",,1.0,0.9355281249025286,0.0
what transport molecule transports oxygen,"['molecule of hemoglobin can pick up and transport 8 atoms of oxygen. ï\x82· Iron â\x80\x93 Iron is needed for the production of hemoglobin and the. Each of these corpuscles has 280 million molecules of hemoglobin, each. a result of changes in the ratio of oxygenated to deoxygenated hemoglobin in. Hemoglobin is a molecule containing 2,318 atoms, and only one of those atoms is iron.', 'The final acceptor of electrons in the electron transport chain is molecular oxygen. Electron transport chains are used for extracting energy via redox reactions from sunlight in photosynthesis or, such as in the case of the oxidation of sugars, cellular respiration.n the mitochondrial electron transport chain electrons move from an electron donor (NADH or QH 2) to a terminal electron acceptor (O 2) via a series of redox reactions.', 'The final acceptor of electrons in the electron transport chain is molecular oxygen. Electron transport chains are used for extracting energy via redox reactions from sunlight in photosynthesis or, such as in the case of the oxidation of sugars, cellular respiration.lectron transport chains are redox reactions that transfer electrons from an electron donor to an electron acceptor. The transfer of electrons is coupled to the translocation of protons across a membrane, producing a proton gradient. The proton gradient is used to produce useful work.', '7. What is the function of the electron transport chain in cellular respiration? The electron transport chain breaks the fall of electrons to oxygen into several energy-releasing steps. 8. Show the normal, downhill route most electrons follow in cellular respiration. glucose ! NADH ! electron transport chain ! oxygen 10. Explain how the electron transport chain is utilized in oxidative phosphorylation. In the third stage of respiration, the electron transport chain accepts electrons from the breakdown products of the first two stages (most often via NADH) and passes these electrons from one molecule to another. At the end of the chain, the electrons are combined with molecular oxygen and hydrogen ions, forming water.', 'The pulmonary veins carry oxygenated red blood cells from the lungs to the heart. They also carry wastes in the form of carbon dioxide back to the heart from the body tissues. red blood cell red blood cells, or erythrocytes the job of the red blood cells is to carry oxygen to all your cells Hemoglobin-blood cells.']",Hemoglobin transports oxygen.,,1.0,0.4001515079115954,0.19999999998
mitt trainings,"['MITT, mastery in transformational training, is an emotional intelligence workshop built for success-oriented leaders seeking to take their life to the next level of success. These leadership and coaching workshops focus on psychological development through experiential learning promoting personal responsibility, integrity, and love. MY EXPERIENCE', 'At the EMT-Intermediate level, training requirements vary by State. The nationally defined levels, EMT-Intermediate 1985 and EMT-Intermediate 1999, typically require 30 to 350 hours of training based on scope of practice.', 'Pre-Apprenticeship Certificate Training (PACT) HBIâ\x80\x99s pre-apprenticeship training programs provide training and placement services to individuals seeking a career in the building trades. The program offers at-risk and underserved populations such as youth, veterans, ex-offenders, and displaced workers the opportunity to learn the building trades', 'Circuit training for MEPs. What is circuit training and how does it help you earn MEPs? Circuit training is a fast-paced workout session in which you do one exercise for anywhere from 30 seconds to 5 minutes and then move on to the next form of exercise. Circuit training is great for those who get bored with working out easily.', 'Weight training usually requires different types of equipment, most commonly dumbbells, barbells, weight plates, and weight machines. Various combinations of specific exercises, machines, dumbbells, and barbells allow trainees to exercise body parts in numerous ways.']","MITT, mastery in transformational training, is an emotional intelligence workshop built for success-oriented leaders seeking to take their life to the next level of success. These leadership and coaching workshops focus on psychological development through experiential learning promoting personal responsibility, integrity, and love.",,1.0,0.652301433201969,0.0
who started the tesla car company,"[""Tesla, Inc. (originally Tesla Motors) was incorporated in July 2003 by Martin Eberhard and Marc Tarpenning, who financed the company until the Series A round of funding. Both men played active roles in the company's early development prior to Elon Musk's involvement. Musk led the Series A round of investment in February 2004, joining Tesla's board of directors as its chairman."", ""Elon Musk, co-founder and chief executive officer of Tesla Motors Inc., has raked in a multi-billion dollar fortune but it has been revealed that he built his companies with the aid of billions in government subsidies. Business: Tesla's $5billion Gigafactory is seen here as it takes shape."", ""Feb 1, 2015 at 9:40AM. Electric-car maker Tesla Motors (NASDAQ:TSLA) has exploded onto the scene in the last several years. While the company is more than 11 years old, it wasn't until the launch of the Model S in 2012 that Musk and Co. became a force to be reckoned with in the auto industry."", ""Elon Musk is a common answer; some even think he's surpassed Steve Jobs. Musk helped create PayPal, a widely-used consumer product that changed the way people pay for things online. He also founded electric car company Tesla and rocket company SpaceX. Dolly Singh has worked with Musk for more than five years."", 'Tesla also markets electric powertrain components, including lithium-ion battery packs to automakers including Daimler and Toyota. CEO Elon Musk has said that he envisions Tesla Motors as an independent automaker, aimed at eventually offering electric cars at prices affordable to the average consumer.esla manufactures the Model S in Fremont, California, in an assembly plant formerly operated by NUMMI, a defunct joint venture of Toyota and General Motors, now called Tesla Factory. Tesla purchased a stake in the site in May 2010 for US$42 million, and opened the facility in October 2010.']",Martin Eberhard and Marc Tarpenning started the Tesla car company.,,0.0,0.9444075788515396,0.0
when did women in usa get right to vote,"['How to use citation info. Passed by Congress June 4, 1919, and ratified on August 18, 1920, the 19th amendment granted women the right to vote. The 19th amendment guarantees all American women the right to vote. Achieving this milestone required a lengthy and difficult struggle; victory took decades of agitation and protest.', ""Women had campaigned actively for suffrage in America since 1848, when delegates met at Seneca Falls, New York, for the first Woman's Rights Convention. But convincing a majority of men to empower women was a tall order. Most people, male and female alike, believed that women were biologically unfit for politics."", ""On June 4, 1919, Congress, by joint resolution, approved the woman's suffrage amendment and sent it to the states for ratification."", ""It wasn't until 1869, when the Fifthteenth Amendment was ratified, that males of all races got the vote. It took another 50 years, with the ratification of the Nineteenth Amendment, for women to finally get suffrage. The Twenty-Third Amendment gave limited voting rights to the residents of Washington D.C. Then the 24th Amendment banned poll taxes that some states used to chase ethnic and poor people away from the ballot box. In some places, people needed to own property to vote - not anymore. Fair Use Copyright Limitations Apply."", 'Making the world better, one answer at a time. The role of women changed significantly in the 1920s. The 19th Amendment to the US Constitution gave women the opportunity to vote and take a more proactive role in politics.Women were allowed to attend colleges and universities throughout the country.uring the 1920s (1918-1929), after the World War I, is the age when the role of women had changed from passive to active in society. Women were much more than just lookin â\x80¦ g after their children and doing housework at home. They began to work outside and attend school.']","Women in the USA got the right to vote with the ratification of the 19th amendment on August 18, 1920.",,1.0,0.9358443090768261,0.0
what is slack space,"['Slack space is the unused space between the end of the actual file and the end of the the defined data unit (cluster). A cluster is the smallest unit of storage that the operating system can deal with. When a file is written, and does not occupy the entire cluster, the remaining space is slack space. For example, assume that the OS uses a 4k cluster and 512 byte sector, meaning it writes data in 4k increments made up of eight 512 byte sectors, regardless of the actual size of the file being written. This means that if a 2000 byte file were written to this cluster the remaining 2096 bytes would be slack.', ""Best Answer: Andy Slacker is a US only interactive Internet radio service. It allows users to create their own customized music stations starting with either Slacker's presets or a list of one or more artists. Slacker offers many traditional."", ""Sometimes such as when hardening steel or cooling the work so that it may be handled with bare hands; the workpiece is transported to the slack tub, which rapidly cools the workpiece in a large body of water. The slack tub also provides water to control the fire in the forge.he metal (known as the workpiece) is transported to and from the forge using tongs, which are also used to hold the workpiece on the smithy's anvil while the smith works it with a hammer."", 'In between the two is a thin space known as the pleural cavity or pleural space. It is filled with pleural fluid, a serous fluid produced by the pleura. The pleural fluid lubricates the pleural surfaces and allows the layers of pleura to slide against each other easily during respiration.', 'Definition. A pleural effusion is a build-up of fluid in the space between the lungs and the chest wall. This space is called the pleural space. Thoracentesis is a procedure to remove fluid from this area.eatured Stories about pleural fluid color. Pleural Effusion www.lifescript.com/health/a-z/conditions_a-z/conditions/p/pleural_effusion.aspx. Pleural effusion is the buildup of excess fluid in the space between the pleura.']","Slack space is the unused space between the end of the actual file and the end of the defined data unit (cluster). A cluster is the smallest unit of storage that the operating system can deal with. When a file is written and does not occupy the entire cluster, the remaining space is slack space. For example, if a 2000 byte file is written to a 4k cluster, the remaining 2096 bytes would be slack.",,1.0,0.7960119042852017,0.0
most popular depression glass patterns,"['Depression glass was also made in amber, iridescent, opaque white known as Monax, and several other colors as well. Some of the most popular patterns buyers seek today are Cameo, Mayfair, American Sweetheart, Princess and Royal Lace. Even the pattern names alluded to better times and a longing for the glamorous lifestyles of the 1920s.', 'Popular Depression Medications â\x80\x93 A Helpful Guide to Antidepressant Drugs Page 5. Popular Depression Medications. Depression is an illness that involves the body, mood, and thoughts, that affects the way a person eats and sleeps, the way one. feels about oneself, and the way one thinks about things.', '3â\x80³x6â\x80³ White & Clear subway glass tile backsplash with brick pattern install. Normally, subway tile backsplash come in different sizes but the 3 by 6 inches are the most common. With the changing trends however, more sizes have come up with some of them being larger and measuring 4 inches by 12 inches. There are also smaller and medium ones from which you can pick depending with your needs.', 'Organized by Museum of Glass. American artist Beth Lipman is known for her complex clear glass assemblages comprising fruits, flowers and topiary forms; Scandinavian artist Ingalena Klenell is recognized for her kiln-formed clear glass often overlaid with lacework patterns.', 'To scientists, a glass is any material that can be cooled from aliquid to a solid without crystallizing. Most metals docrystallize as they cool, arranging their atoms into a highlyregular spatial pattern called a lattice.']","The most popular depression glass patterns buyers seek today are Cameo, Mayfair, American Sweetheart, Princess, and Royal Lace.",,1.0,0.9082751048266889,0.0
who makes jammy dodgers,"[""Jammie Dodgers. Jammie Dodgers are a popular British biscuit, made from shortbread with a raspberry or strawberry flavoured jam filling. They are currently produced by Burton's Biscuit Company at its factory in Llantarnam. In 2009, Jammie Dodgers were the most popular children's sweet biscuit brand in the United Kingdom, with 40% of the years' sales consumed by adults."", ""He soon changed his name to Shabba Ranks, and caught the attention of his idol Josey Wales, who took the young toaster under his wing. Wales introduced Ranks to some of the producers at King Jammy's studio, and Ranks soon began recording there, debuting with the single Original Fresh."", 'WHO WE ARE. Jam City (formerly SGN Games) is a Los Angeles-based mobile studio with global reach and the creative force behind 6 of the Top 100 highest grossing games across Google Play and Apple App Store.', ""A 1980 advertisement for the Los Angeles Dodgers boasts of the team's high five saluteDodger Stadium, Mark Langill. Burke's tenure with the Dodgers was short-lived, however, and his demise is mired in controversy. Burke was openly gay among his teammates."", 'He has been named to two All-Star teams and has won two Gold Glove Awards (2009 and 2011) and two Silver Slugger Awards (2009 and 2011). The Dodgers selected Kemp in the sixth round of the 2003 MLB draft. After four seasons in the minor leagues, he made his major league debut in 2006. He did not become a full-time player until 2008, when he took over as the starting center fielder for the Dodgers.']",Burton's Biscuit Company makes Jammie Dodgers.,,1.0,0.9201073560825902,0.0
what should you eat if you have a hernia?,"['Quick Answer. Following a hernia surgery, patients should eat foods high in fiber, such as dried fruits, popcorn, nuts, raw fruits and vegetables and whole-grain cereals and breads, according to University Hospitals Case Medical Center. Warm or hot liquids are also recommended.', 'A hiatus hernia or hiatal hernia is the protrusion (or herniation) of the upper part of the stomach into the thorax through a tear or weakness in the diaphragm. Hiatus hernias often result in heartburn but may also cause chest pain or pain with eating. The most common cause is obesity. The diagnosis is often by endoscopy or medical imaging. A hiatus hernia may be treated with lifestyle changes such as raising the head of the bed, weight loss, and adjusting eating habits. Medications such as H2 blockers or proton pump inhibitors may help. If the symptoms do not improve with medications the surgery known as laparoscopic fundoplication may be an option.', 'Many people who have a hiatal hernia do not experience. any symptoms. If you, however, are one of the hiatal hernia sufferers who do have symptoms, odds are that one of the symptoms is heartburn. Heartburn is the most common symptom of a hiatal hernia. Knowing how to control the heartburn through diet is important. Studies have shown that the opening in the diaphragm, where the esophagus connects with the stomach, acts as an additional sphincter around the lower part of the esophagus.', ""Men's Health. The sort of person likely to get a hernia is not necessarily the one who lifts a heavy weight badly. A hernia is just as likely to occur during exercise, coughing, straining on the toilet or even as a result of having a lively sex life. Hernias occur because of muscle weakness, often in or around the abdomen. Hernias happen where the cavity wall is weak. These points of weakness occur where there is a natural gap such as where a digestive tube or blood vessel passes or because of scar tissue. Men commonly describe the sensation of a hernia as feeling like something has popped, or given way."", 'A hiatal hernia occurs when part of your stomach pushes upward through your diaphragm. Your diaphragm normally has a small opening (hiatus) through which your food tube (esophagus) passes on its way to connect to your stomach.The stomach can push up through this opening and cause a hiatal hernia. hiatal hernia occurs when part of your stomach pushes upward through your diaphragm. Your diaphragm normally has a small opening (hiatus) through which your food tube (esophagus) passes on its way to connect to your stomach.']","Following a hernia surgery, patients should eat foods high in fiber, such as dried fruits, popcorn, nuts, raw fruits and vegetables, and whole-grain cereals and breads. Warm or hot liquids are also recommended.",,1.0,0.8629108410370151,0.0
what normal blood pressure by age,"['To read a blood pressure chart by age, locate your age range, then view the corresponding normal systolic and diastolic numbers, notes Disabled World. The chart offered by Disabled World features average blood pressure readings for 14 different age ranges. For adults between the ages of 25 and 29, a normal blood pressure reading is 120/80 millimeters of mercury. Average blood pressure increases with age.', ""For adults (people 18 and older), blood pressure that's lower than 120 over 80 is normal. High blood pressure is 140 over 90 or higher. If someone's systolic pressure is 120 to 139, or if their diastolic pressure is 80 to 89, it's called prehypertension."", ""For example: 120/80 (120 over 80) in an adult means that the systolic pressure is 120 and the diastolic pressure is 80. As kids grow, their blood pressure increases from a systolic pressure of about 70â\x80\x9390 (as babies) to adult values (when they're teens)."", 'A normal diastolic blood pressure number is less than 80. A diastolic blood pressure between 80 and 89 indicates prehypertension. A diastolic blood pressure number of 90 or higher is considered to be hypertension or high blood pressure.', 'The diastolic blood pressure number or the bottom number indicates the pressure in the arteries when the heart rests between beats. A normal diastolic blood pressure number is 80 or less. A diastolic blood pressure between 80 and 89 is normal but higher than ideal.A diastolic blood pressure number of 90 or higher, on repeated measurements, is considered to be hypertension or high blood pressure.he systolic blood pressure number is always said first, and then the diastolic blood pressure number is given. For example, your blood pressure may be read as â\x80\x9c120 over 80â\x80\x9d or written 120/80.']","For adults between the ages of 25 and 29, a normal blood pressure reading is 120/80 millimeters of mercury. Average blood pressure increases with age.",,1.0,0.788820354431774,0.0
what type of account is valuation allowance,"['Definition of Valuation Allowance Valuation AllowanceA contra-or reduction account to deferred tax assets. The valuation allowance represents that portion of total deferred tax assets that the firm judges is unlikely to be realized.', ""A valuation account used to estimate the portion of a bank's loan portfolio that will ultimately be uncollectible. When a loan goes bad, the asset is removed from the books and the allowance for bad debt is charged for the book value of the loan. Also known as loan-loss reserve. A valuation account used to estimate the portion of a bank's loan portfolio that will ultimately be uncollectible."", 'Account Type Debit Credit; ACCOUNTS PAYABLE: Liability: Decrease: Increase: ACCOUNTS RECEIVABLE: Asset: Increase: Decrease: ACCUMULATED DEPRECIATION: Contra Asset: Decrease: Increase: ADVERTISING EXPENSE: Expense: Increase: Decrease: ALLOWANCE FOR UNCOLLECTIBLE ACCOUNTS: Contra Asset: Decrease: Increase: AMORTIZATION EXPENSE: Expense: Increase: Decrease: AVAILABLE FOR SALE SECURITIES: Asset: Increase', 'The capital cost allowance (CCA) is a rate of depreciation used for income tax purposes only. This term primarily relates to Canadian taxation. The CCA rate that can be claimed depends on the asset itself; for example, computer software has a much higher CCA rate than buildings or furniture.', ""1 Equity accounts include common stock, paid-in capital, and retained earnings. 2 The type and captions used for equity accounts are dependent on the type of entity. 3 Revenue or income accounts represent the company's earnings and common examples include sales, service revenue and interest income.he first digit might signify the type of account (asset, liability, etc.). For example, if the first digit is a 1, it is an asset. If the first digit is a 6, it is an operating expense.""]",Valuation allowance is a contra account.,,1.0,0.8502536882352908,0.49999999995
net worth for rupert grint,"['It has been announced that Rupert Grint net worth reaches 50 million dollars. He is known as an actor who became an international celebrity when he together with his two co-stars appeared in the movie series of Harry Potter where he portrayed a character of Ron Weasley and which added a lot of revenues to the overall amount of Rupert Grint net worth.', 'About Warren Buffett. American business magnate, investor, and philanthropist, Warren Buffett, has a net worth of $75.2 billion in April 2017, according to Bloomberg. Unlike the other wealthy people on Forbesâ\x80\x99 top 10 rich list, Buffett doesnâ\x80\x99t have an oil well, retail empire, or a brain for computing to show for it â\x80\x93 he simply have a lot of share certificates.', 'Emmitt Smith Net Worth is $26 Million. Emmitt Smith is a retired football player whose net worth equals $26 million. Emmitt Smith earned his net worth through his years in the NFL as a runningback for the Dallas Cowboys and Arizona Cardinals. He was. Emmitt James Smith, III (born...', 'Dean McDermott is a well known actor with a net worth of $3 million. Dean McDermott earned his net worth through his many roles in movies and TV. He was born in Toronto, Ontario, Canada and is the husband of Tori Spelling.', 'Based on my assumptions above, the average net worth of the above average 30 year old is around $250,000. By the time this person is 40, his/her net worth should climb to around $660,000 and all the way up to around $2,180,000 million by the age of 60.ccording to CNN Money 2014, the average net worth for the following ages are: $9,000 for ages 25-34, $52,000 for ages 35-44, $100,000 for ages 45-54, $180,000 for ages 55-64, and $232,000+ for 65+.']",Rupert Grint's net worth is 50 million dollars.,,1.0,0.8994554856400582,0.0
netgear help desk number,"['Alllll NETGEAR tech support number (18442349752) NETGEAR router number 1-844-234-9752 Netgear router help desk number Big netgear tech support phone number =1-844-234-9752= NETGEAR Router customer service number NETGEAR router support number', '802.11n Routers. Netgear N300 WNR2000: This is a quality router and the limited lifetime warranty means if you run into any issues while using it, you can contact Netgear to help fix the problem. TP-LINK TL-WR841N: TP-LINK routers are some of the most sought after ones on the market', 'Welcome to the Minnesota Health Care Programs (MHCP) Provider Directory. Use this directory to locate health care providers that serve fee-for-service MHCP clients. If you have questions, please call the MHCP Member Help Desk at 651-431-2670 or 1-800-657-3739. If you receive health care services through a health plan, please do not use this directory.', 'Our objective reviews will help in deciding which adapter best suits your needs. Weâ\x80\x99ve rated the Cisco Linksys AE1000 as the best option overall but invite you to read our reviews of the D-Link DWA-160 Xtreme N and Netgear RangeMax WNDA 3100 as top alternatives.', 'Phone Support: 1-800-541-5555. The Telephone Service Center (TSC) is available 8 a.m. to 5 p.m., Monday through Friday, except holidays (border providers and out-of-state billers billing for in-state providers, call [916] 636-1200).']",1-844-234-9752,,1.0,0.37822770719669,0.0
what is the weather in salem ohio,"['Salem, OH Weather. The average temperature of Salem is 49.39Â°F, which is lower than the Ohio average temperature of 50.88Â°F and is much lower than the national average temperature of 54.45Â°F. Historical Weather.', '12am:The North Salem, NY forecast for Apr 02 is 47 degrees and Sunny. There is 50 percentage chance of rain and 8 mph winds from the North-Northwest. 3pm:The North Salem, NY forecast for Apr 02 is 52 degrees and Cloudy. There is 40 percentage chance of rain and 11 mph winds from the North-Northwest.', 'Richest / Poorest Cities by Income in OH. Expensive / Cheapest Homes by City in OH. Most / Least Educated Cities in OH. The average temperature of Canton is 49.89Â°F, which is about the same as the Ohio average temperature of 50.88Â°F and is lower than the national average temperature of 54.45Â°F.', ""Yesterday's weather. Chilly. 15 / 30 Â°F Humidity: 56%. Wind: 4 mph â\x86\x91 from Southwest. More weather last week"", 'Sunny, with a high near 76. Calm wind becoming west southwest around 5 mph in the afternoon.']",I cannot answer from the given context.,,0.0,-0.0,0.0
difference between statutory and regulatory requirements,"['What are the difference between statutory and regulatory? Statutory refers to laws passed by the state of federal government. Regulatory means a rule issued by some agency that the government has given authority to regulate an indust â\x80¦ ry.', 'â\x80¢ Regulations are subordinate to the laws though they are enforceable just like laws. â\x80¢ Regulations are introduced to help in the implementation of laws. Related posts: 1 Difference Between Act and Regulation. 2 Difference Between Law and Ethics. 3 Difference Between Act and Bill.', 'What is regulation in an economic system? Regulation is the placing of limits or restrictions on business activity by the government. Regulation is the placing of limits or restrictions on business activity by producers. Regulation is the removal of limits or restrictions on business activity by the government.', 'The difference between a law and a rule is that laws are enforced by the police and are therefore just legal rules. Although there are rules and regulations that are needed to follow in a society, they are distinguished by who are responsible for them and how they are formed. Rule by law is means that no one is immune to the law set by the government. The government use the law in the most convenient way for them to govern a particular state, meaning, they set the rules and they are the supreme authority. They use the law to meet their own needs.', '1 ISO/TS 16949:2009 is an interpretation agreed upon by major automotive manufacturers (American and European manufacturers); the latest version is based on ISO 9001:2008. 2 The emphasis on a process approach is stronger than in ISO 9001:2008.he ISO 9000 family of quality management systems standards is designed to help organizations ensure that they meet the needs of customers and other stakeholders while meeting statutory and regulatory requirements related to a product.']","Statutory refers to laws passed by the state or federal government, while regulatory means a rule issued by an agency that the government has given authority to regulate an industry.",,1.0,0.9029899828485647,0.9999999999
define the term codon,"['codon. A codon is a sequence of three DNA or RNA nucleotides that corresponds with a specific amino acid or stop signal during protein synthesis. DNA and RNA molecules are written in a language of four nucleotides; meanwhile, the language of proteins includes 20 amino acids. Codons provide the key that allows these two languages to be translated into each other.', 'Codons In the production of mRNA, codons are responsible for creating the blueprint of amino acid sequences. Each codon is composed of three nucleotides and is degenerate, continuous and non-overlapping.', 'The central dogma of molecular biology: DNA makes RNA makes Protein. DNA is a reference for proteins*, which are the functional molecules in cells. These are comprised of 20 unique amino acids, and each is coded for by a stretch of DNA known as a codon. Codons are always 3 base-pairs (nucleotides) in length.', 'The shaded part is a codon and unshaded part is an anticodon. d. One of the parts has been newly synthesized and the other was part of a pre-existing DNA molecule.', 'In modern mathematics, a function is defined by its set of inputs, called the domain; a set containing the set of outputs, and possibly additional elements, as members, called its codomain; and the set of all input-output pairs, called its graph.']",A codon is a sequence of three DNA or RNA nucleotides that corresponds with a specific amino acid or stop signal during protein synthesis. Codons provide the key that allows the languages of nucleotides and proteins to be translated into each other.,,1.0,0.725453063204793,0.0
what is the best size grout lines to use for tiling shower,"['Each price is for his labour, adhesive and grout. No tiles are included. Lets assume a 8â\x80\x99 x 6â\x80\x99 bathroom, with one window reveal, walls ready for tiling, with the bath etc in situ, to be tiled in 8â\x80\x9d (200mm) square tiling. Job 1. Tile the bathroom, floor to ceiling, apply grout, then silicone around the bath.', 'Flextile RSG Rapid-Set Polymer-Modified Sanded grout is a premium fast-setting, and colour-consistent grout. Unique formulation ensures colour uniformity, and develops superior flexural and compressive strengths, exceeding ANSI A118.7 requirements. Contains Flexfresh for mould and mildew resistance. For grouting all types of ceramic tile, quarry tile, pavers, granite, slate, mosaics or brick where joints width is 1.5mm (1/16) to 2.5cm (1â\x80\x9d). For residential and commercial, floor and wall surfaces, interior and exterior, in dry or wet applications.', 'The Walls. Good tile for shower walls includes pretty much any type suitable for very wet locations. Glazed ceramic and porcelain tile are the most commonly used types, from the ubiquitous 4 1/4-inch white squares to large-format tiles of almost any size (provided your installer is up to the task).', ""Some tile, for example, should be coated with grout release before grouting. Also ask about cutting techniques for the tile. You'll use sanded grout for the floor. Ask if sanded caulk is available in a color that matches your grout for the floor/tub and floor/wall tile joints."", ""Even though your shower grout looks dry, using it too early or sealing it before it's ready may damage it, leading to premature failure. Most cement-based grouts require a cure time of 48 to 72 hours before applying a penetrating sealer. After sealing, wait a minimum of 24 hours before using the shower; some products may recommend three days instead. Other grout formulas may require a shorter or longer drying time, and epoxy-based grouts may allow you to skip the sealer, thus the wait time before using your shower or bathtub.""]",I cannot answer from the given context.,,0.0,-0.0,0.0
what to use to take rust out of clothes,"['Rust Off removes rust from most any surface in seconds! Just spray and watch as the rust stains disappear! Also use to remove stains from calcium, lime and iron.', 'Rust stains can be a challenge to remove because the stain consists of tiny iron oxide particles, plus some treatments actually set the stain rather than remove it. Use a little chemistry know-how to successfully remove a rust stain. Materials You Will Need. Lemon or lemon juice and table salt; Or mild dishwashing soap and ammonia', ""The acid in the vinegar will etch the surface of the metal so chemicals can penetrate. If you skip this step and proceed with the next step or don't like the results of the next step, just come back to this step and spray again with vinegar. The acid in the vinegar will dissolve most of the rust. Don't worry about it.heet metal has a protective coating that prevents rust, so this needs to be removed before you can start the rusting process. Any paint stripper can be used to remove the protective layer, which can then be rubbed down with a degreaser. Wear gloves and goggles when using paint stripper-this stuff burns skin!"", 'How to Remove Rust Stains from a Tub with a Porcelain Interior. These instructions are for PORCELAIN TUBS ONLY â\x80\x93 DO NOT use this cleaning method on a REFINISHED TUB! Surface rust should come off with a mild cleanser.You can use a more abrasive cleaner Bon AmiÂ® or ZUDÂ® for tougher surface stains.ow to Remove Rust Stains from a Tub with a Porcelain Interior. These instructions are for PORCELAIN TUBS ONLY â\x80\x93 DO NOT use this cleaning method on a REFINISHED TUB! Surface rust should come off with a mild cleanser.', ""Make sure to check the label of whatever you're using and make sure it's okay for metals like aluminum. It can be recycled indefinitely but it can also rust so, I'd say not to treat, use bleach. Bleach is more for vinyl siding.""]",I cannot answer from the given context.,,0.0,-0.0,0.0
on what date did the japanese launch pearl harbor,"['Attack on Pearl Harbor. On December 7, 1941, Japan launches a surprise attack on American soil at Pearl Harbor. At 7:55 a.m. Hawaii time (12:55 p.m. EST) on December 7, 1941, Japanese fighter planes attacked the U.S. base at Pearl Harbor, Hawaii, launching one of the deadliest attacks in American history.', 'The Japanese carried out a surprise attack on the Pearl Harbor on December 7, 1941. This unforgettable day is well-documented by American historians. The attack was motivated by the imperialistic aspirations of the Japanese in the Pacific region.', ""The attack on Pearl Harbor was a surprise military strike by the Imperial Japanese Navy Air Service against the United States naval base at Pearl Harbor, Hawaii Territory, on the morning of December 7, 1941. The attack, also known as the Battle of Pearl Harbor, led to the United States' entry into World War II. The Japanese military leadership referred to the attack as the Hawaii Operation and Operation AI, and as Operation Z during its planning. Japan intended the attack as a preventive action"", 'On December 11, Germany and Italy, allied with Japan, declared war on the U.S. The United States had entered World War II. Japanese Admiral Isoroku Yamamoto conceived the Pearl Harbor attack and Captain Minoru Genda planned it. Two things inspired Yamamotoâ\x80\x99s Pearl Harbor idea: a prophetic book and a historic attack.', 'December 7, 1941 - Surprise attack by the Japanese on the main U.S. Pacific Fleet harbored in Pearl Harbor, Hawaii destroyed 18 U.S. ships and 200 aircraft. American losses were 3000, Japanese losses less than 100. In response, the U.S. declared war on Japan and Germany, entering World War II.']","The Japanese launched the attack on Pearl Harbor on December 7, 1941.",,1.0,0.8804009817507147,0.0
early signs of thyroid problems,"['Symptoms of low thyroid hormone levels include tiredness, muscle aches, constipation, dry skin, weight gain, slow heartbeat, or sensitivity to cold. Tell your doctor if your condition worsens or persists after several weeks of taking this medication.', 'Thyroid disease is fairly common, and its symptoms vary depending on the type of disorder and according to the individual. An uncomfortable and potentially dangerous side effect of thyroid disease includes breathing difficulties. Breathing problems are associated with certain kinds of thyroid disorders.', 'INTRODUCTION. Many thyroid diseases can lead to pulmonary problems, including hypothyroidism, hyperthyroidism, nodular goiter, and thyroid cancer. Both hypothyroidism and hyperthyroidism cause respiratory muscle weakness and decrease pulmonary function. Hypothyroidism reduces respiratory drive and can cause obstructive sleep apnea or pleural effusion, while hyperthyroidism increases respiratory drive and can cause dyspnea on exertion.', 'There are two main types of thyroid problems: hypothyroidism (an underactive thyroid) and hyperthyroidism (an overactive thyroid). While there are other thyroid issues as well, the majority of cases fall into one of these two categories. Hypothyroidism is by far the more common type of thyroid problem.', ""You might not notice signs or symptoms of Hashimoto's disease at first, or you may notice a swelling at the front of your throat (goiter). Hashimoto's disease typically progresses slowly over years and causes chronic thyroid damage, leading to a drop in thyroid hormone levels in your blood.igns and symptoms of hypothyroidism include: 1 Fatigue and sluggishness. 2 Increased sensitivity to cold. 3 Constipation. 4 Pale, dry skin. 5 A puffy face. 6 Hoarse voice. 7 Unexplained weight gain â\x80\x94 occurring infrequently and rarely exceeding 10 to 20 pounds, most of which is fluid.""]","Early signs of thyroid problems include fatigue and sluggishness, increased sensitivity to cold, constipation, pale dry skin, a puffy face, a hoarse voice, and unexplained weight gain.",,1.0,0.9369942900230569,0.0
do clouds form in the vab,"['The VAB is so large, in fact, that it has its own weather. On humid days, rain clouds can form below the ceiling, requiring about 10,000 tons of air conditioning equipment to control the moisture. With this setup, the total volume of air in the building can be replaced in only one hour. The records held by the VAB are not limited to its interior, however.', ""In meteorology, a cloud is an aerosol comprising a visible mass of minute liquid droplets, frozen crystals, or particles suspended in the atmosphere above the surface of a planetary body. The droplets and crystals may be made of water or various chemicals. On Earth, clouds are formed as a result of saturation of the air when it is cooled to its dew point, or when it gains sufficient moisture from an adjacent source to raise the dew point to the ambient temperature. They are seen in the Earth's h"", 'cirÂ·roÂ·stratÂ·us. A thin, hazy cloud formation made up of ice crystals, often covering the sky in sheets and producing a halo effect around the sun. Cirrostratus clouds form at upper levels of the atmosphere.', 'Fog begins to form when water vapor made from evaporation(a colorless gas) condenses into tiny liquid water droplets in the air. I reckon in condensation. it is a cloud, only in 0 meters above the ground :) condensation.', ""Clouds are flat on the bottom because this is the transition point where the temperature & pressure are at a point where the air cannot hold all of it's water in its gaseous form (clouds are made of water in its liquid or solid state). As you increase in altitude, temperature and atmospheric pressure decrease.""]","Yes, clouds can form in the VAB on humid days.",,1.0,0.847448631988143,0.7499999999625
different colors of sea urchin roe,"['Uni (oo-nee) is the Japanese name for the edible part of the Sea Urchin. While colloquially referred to as the roe (eggs), uni is actually the animalâ\x80\x99s gonads (which produce the milt or roe). Uni ranges in color from rich gold to light yellow, and has a creamy consistency that some love and is off-putting to others.', 'The green sea urchin is an echinoderm, which means it belongs to a group of radially symmetrical, invertebrate animals that includes starfish, sand dollars and sea cucumbers. There are several urchin species distributed in boreal waters around the world, but only the green sea urchin, which has one of the longest scientific names (Strongylocentrotus droebachiensis), is found in the Gulf of Maine.', 'Sea stars, urchins, cucumbers, sand dollars, brittle stars. 157975. Purple sea urchins are found on the pacific coastline from Alaska to Cedros Island, Mexico. Above the low tide line, these urchins often live in rounded depressions in the rock which slowly erode with their teeth and spines.urple sea urchins are found on the pacific coastline from Alaska to Cedros Island, Mexico. Above the low tide line, these urchins often live in rounded depressions in the rock which slowly erode with their teeth and spines.', 'The body of the Sea Apple, or Australian Sea Apple, is light to dark blue, and it has red feet. The tentacles are violet, blue, red, and have white tips.This a beautiful species that will add a new dimension of color to the reef aquarium. QUICK STATS.ea apples have an amazing ability to inflate and deflate on demand. They are fairly hardy and need to be fed brine shrimp on a daily basis. Simply squirt the shrimp directly into their feathery tentacles. Sea Apples are a good addition to the community fish tank.', 'This is entirely absent in sea urchins, which are unable to move in this way. 1 Test of an Echinus esculentus, a regular sea urchin. 2 Test of an Echinodiscus tenuissimus, an irregular sea urchin (sand dollar). 3 Test of a Phyllacanthus imperialis, a cidaroid sea urchin. 4 Close-up on the test of a regular sea urchin.']",I cannot answer from the given context.,,0.0,-0.0,0.0
what region was rome in,"['Rome is in the Lazio region of central Italy on the Tiber river (Italian: Tevere). The original settlement developed on hills that faced onto a ford beside the Tiber Island, the only natural ford of the river in this area.', ""A new Appian Way was built in parallel with the old one in 1784 as far as the Alban Hills region. The new road is the Via Appia Nuova (New Appian Way) as opposed to the old section, now known as Via Appia Antica. The old Appian Way close to Rome is now a free tourist attraction. It was extensively restored for Rome's Millennium and Great Jubilee celebrations."", 'In a sense, there is no Roman mythology, or scarcely any. Although discoveries in the 20th century, notably in the ancient region of Etruria (between the Tiber and Arno rivers, west and south of the Apennines), confirm that Italians were not entirely unmythological, their mythology is sparse.', ""By the end of the Republic, Rome had conquered the lands around the Mediterranean and beyond: its domain extended from the Atlantic to Arabia and from the mouth of the Rhine to North Africa. The Roman Empire emerged under the leadership of Augustus Caesar.ugustus also continued the shifts on the calendar promoted by Caesar, and the month of August is named after him. Augustus brought a peaceful and thriving era to Rome, that is known as Pax Augusta or Pax Romana. Augustus died in 14 AD, but the empire's glory continued after his era."", 'Question Number One. There were several problems created through the Roman policy of â\x80\x9cBread and Circuses.â\x80\x9d As Romeâ\x80\x99s political system evolved, Romeâ\x80\x99s armiesâ\x80\x99 expanded the Roman power across Italy. After getting rid of their Etruscan rulers, Romans gained power over central Italy. By about 270 B.C., Rome occupied all of Italy.']",Rome is in the Lazio region of central Italy.,,1.0,0.8592941397254205,0.0
who were the kings of denmark,"['queen margrethe ii ascended the throne on the death of her father king frederick ix on 14 january 1972 on her accession queen margrethe ii became the first female monarch of denmark since margrethe i ruler of the scandinavian countries in 1375 1412 during the kalmar union', 'the modern kingdom of denmark dates back to harthacnut s son gorm the old gorm den gamle who reigned in the early 10th century the danes were united and officially christianized in 965 ce by harald bluetooth the story of which is recorded on the jelling stones', 'The first written sources for the history of Denmark â\x80\x93 the Royal Frankish Annals from 804 â\x80\x93 say that Sliasthorp played an important role in the Viking Age. The aggressive Viking king Godfred, the text says, decided to turn the town into a military power centre near the border of the early Danish kingdom.', 'Tycho Brahe was born in 1546 in Denmark. He was born to a noble family. Brahe had a brother who grew up to serve in the government. He also had a sister that became a scientist. Tycho Brahe was a favorite of the king of Denmark, King Fredrik II. King Fredrik gave him an island to live on.e was born to a noble family. Brahe had a brother who grew up to serve in the government. He also had a sister that became a scientist. Tycho Brahe was a favorite of the king of Denmark, King Fredrik II.', 'Prince Hamlet of Denmark is urged by his fatherâ\x80\x99s Ghost to avenge his murder at the hands of the dead kingâ\x80\x99s brother, now King Claudius; to make matters worse, Claudius has married the widow, Hamletâ\x80\x99s mother, Queen Gertrude.']",I cannot answer from the given context.,,0.0,-0.0,0.0
who's voice come from?,"['The Voice is an American reality television singing competition broadcast on NBC. Based on the original The Voice of Holland, the concept of the series is to find currently unsigned singing talent (solo or duets, professional and amateur) contested by aspiring singers, age 13 or over, drawn from public auditions.', 'A voice type is a particular human singing voice identified as having certain qualities or characteristics of vocal range, vocal weight, tessitura, vocal timbre, and vocal transition points (passaggio), such as breaks and lifts within the voice.', ""CelebDial Dialer app that gives you a celebrity's voice. Lady Gaga is a modern day goddess sent to us from above to remind us why we loved David Bowie and Madonna so much. She has the voice of a seasoned chantuse that can bring you to tears after knocking you to your knees. Learn More."", ""David Ruffin, one of the voices of the 1960's, was born several months before the United States entered World War II in (believe it or not) Whynot, Mississippi, about fifteen miles from Meridian. His mother died when he was still an infant and his sometimes abusive father, a minister, remarried."", '(Daniel Horowitz). Mel Blanc was known as the man of 1,000 voices, but the actual number may have been closer to 1,500. Bugs Bunny, Porky Pig, Tweety, Barney Rubble -- all Mel. His characters made him one of the most beloved men in America. And in 1961, when a car crash left him in a coma, these characters may have saved him.']",I cannot answer from the given context.,,0.0,0.0,0.0
parceling definition,"['parceling - the act of distributing by allotting or apportioning; distribution according to a plan; the apportionment of seats in the House of Representatives is based on the relative population of each state', 'freight. 1. goods, cargo, or lading transported for pay. 2. the ordinary means of transport of goods provided by common carriers. 3. the charges for such transportation.reight. n. 1. Goods carried by a vessel or vehicle, especially by a commercial carrier; cargo. 2. A burden; a load. 3. a.', 'a structure on the exterior of an aircraft or boat, for reducing drag. 2. a structure, as a rigid, transparent, plastic sheet, at the front of a motorcycle, bicycle, etc., for deflecting wind and rain. Origin of fairing. 1910-1915.', 'â\x80¢ ARRANGEMENT (noun) The noun ARRANGEMENT has 6 senses: 1. the thing arranged or agreed to. 2. an orderly grouping (of things or persons) considered as a unit; the result of arranging. 3. an organized structure for arranging or classifying. 4. the spatial property of the way in which something is placed. 5. a piece of music that has been adapted for performance by a particular set of voices or instruments. 6. the act of arranging and adapting a piece of music. Familiarity information: ARRANGEMENT used as a noun is common.', ""lump /Ë\x88lÊ\x8cmp/ verb. lumps; lumped; lumping. lump. /Ë\x88lÊ\x8cmp/. verb. lumps; lumped; lumping. Learner's definition of LUMP. 1. [+ object] : to put (people or things) together or in the same group. He made the mistake of lumping all their ideas together as foolish.She often gets lumped in with other modern artists even though her work is different from theirs.earner's definition of LUMP. 1. [+ object] : to put (people or things) together or in the same group. He made the mistake of lumping all their ideas together as foolish. She often gets lumped in with other modern artists even though her work is different from theirs.""]",The definition of parceling is the act of distributing by allotting or apportioning; distribution according to a plan.,,1.0,0.9052494087711845,0.0
where does the name nadia come from,"[""The name Nadia is of Russian origin. The meaning of Nadia is hope. Nadia is generally used as a girl's name. It consists of 5 letters and 3 syllables and is pronounced Na-di-a."", 'Her name appears to come from Aradia, a goddess and witch from Neo-Pagan folklore and Megido, the place where a number of religions believe the final battle will take place (the word Armageddon is derived from the Hebrew name for Mt. Megiddo).', 'More About Italian Name: Abrianna. The name Abrianna comes from the Gaelic origin. In Gaelic the meaning of the name Abrianna is: Noble, virtuous, strong. In Gaelic it means Noble, Strong, Virtuous,Abrianna can also be a variant of Aubrianna.ore About Italian Name: Abrianna. The name Abrianna comes from the Gaelic origin. In Gaelic the meaning of the name Abrianna is: Noble, virtuous, strong. In Gaelic it means Noble, Strong, Virtuous,Abrianna can also be a variant of Aubrianna.', ""Meanings and history of the name Tiana: | Edit. her parents got it out of a science fiction novel. The character was a red-headed adopted daughter of a black pirate captain. Tiana does not mean Princess. My name is Tajana, which is an older Slavic name that comes from Tajna, meaning secret.It's very similar to Tiana, but it's pronounced like Diana.iana does not mean Princess. My name is Tajana, which is an older Slavic name that comes from Tajna, meaning secret. It's very similar to Tiana, but it's pronounced like Diana."", 'Cassidy is a given name derived from an Irish surname and ultimately from the Gaelic given name Caiside, meaning clever or curly-haired..The name Caiside comes from the Gaelic word element cas, according to Behindthename.com. Cassidy was the 244th most popular name for girls born in the United States in 2009.he name Caiside comes from the Gaelic word element cas, according to Behindthename.com. Cassidy was the 244th most popular name for girls born in the United States in 2009.']",The name Nadia is of Russian origin.,,1.0,0.9457314394626466,0.0
patricia longley alaska,"['Patricia Longley Cochran was born and raised in Nome, Alaska. Ms. Cochran serves as Executive Director of the Alaska Native Science Commission, an organization that brings together research and science in partnership with Alaska Native communities. Ms. Cochran also served as Chair of the 2009 Indigenous', 'The NHC report says that maximum sustained winds topped out at 215 mph (185 knots) on the morning of Oct. 23, 2015, when Patricia was spinning off the coast of Mexico in the eastern Pacific Ocean.', '6, 2014. Dr. Patricia Cooper. Chesapeake-On April 1, 2014 Dr. Patricia Anne Cooper departed this life for the next to be with the Savior. Dr. Cooper was born October 23, 1952 in Virginia Beach, Va. Patricia was the daughter of Willie (deceased) and Elaine Cooper. Dr. Cooper was a graduate of Seatack elementary school and First Colonial high school. Dr. Cooper earned her undergraduate degree from the University of William and Mary in 1973 and her doctorate from Eastern Virginia Medical School in 1978.', ""Gisele's sister Patricia may not be a supermodel, but she's equally as gorgeous as her Victoria's Secret Angel twin. They grew up with four other sisters: Raquel, Graziela, Gabriela and Rafaela."", ""Beyond the Scarpetta series, Patricia has written a definitive account of Jack the Ripper's identity, cookbooks, a children's book, a biography of Ruth Graham, and two other fiction series based on the characters Win Garano and Andy Brazil. Cornwell was born in Miami, grew up in Montreat, North Carolina, and now lives and works in Boston.""]","Patricia Longley Cochran was born and raised in Nome, Alaska. She serves as Executive Director of the Alaska Native Science Commission, an organization that brings together research and science in partnership with Alaska Native communities.",,1.0,0.6420526396517355,0.0
how long do I bake skinless seared chicken breast at 350,"['Bake for a short time at a high temperature. Baking for 30 minutes at 350 degrees will yield dry meat. But baking for just 20 minutes at 450 degrees will result in delightfully juicy baked chicken breast, every time.', ""Report Abuse. Not knowing whether it has skin and bone, whether you will cook it in a sauce, or how large it is, I would bake it at 350 degrees farenheit for about 30 minutes.After 30 mins., stick a fork in the thickest part of the breast.If the liquid runs clear, it's done.eport Abuse. Not knowing whether it has skin and bone, whether you will cook it in a sauce, or how large it is, I would bake it at 350 degrees farenheit for about 30 minutes."", 'A whole chicken should be cooked for about 20-30 minutes per pound @350Â°F. So, a 3lb. whole chicken will need about 1 1/4 - 1 1/2 hours in the oven.(Internal temperature of 180Â°F).ou should bake 2 lbs. of chicken breasts in the oven at 350 degrees for one hour if the chicken is on the bone. If the chicken is boneless it will take less time. Boneles â\x80¦ s chicken will be done in 30-40 minutes. 8 people found this useful.', 'Quick Answer. While the exact amount of baking time for a dish depends on the temperature, a 5-pound chicken can be baked at 350 F for approximately 2 hours and 5 minutes. At this temperature, the general guideline is to bake a chicken 20 minutes for each pound, plus an additional 15 minutes.', 'Rating Newest Oldest. Best Answer: There are two methods for roasting a whole chicken: Regular method: Preheat oven to 350 degrees F (175 degrees C). Roast whole (thawed) chickens for 20 minutes per pound, plus an additional 15 minutes.High heat method (this creates a crispy, darker skin): Preheat oven to 450 degrees F (230 degrees C) and cook whole (thawed) chicken for 10-15 minutes.Then reduce the temperature to 350 degrees F (175 degrees C) and roast for 20 minutes per pound.et the chicken in a roasting pan, breast side up. Step 2: Preheat the oven and season the chicken. Preheat the oven to 375 degrees F. While the oven is heating, brush the chicken with olive oil or butter and season with salt, pepper, and desired herbs and/or spices.']",I cannot answer from the given context.,,0.0,-0.0,0.0
what to call a graduation speech,"['colleges or seminaries by one of the graduating class. A graduation speech (or what could be called a valedictory speech) is an inspirational and persuasive speech. The AIM is to thank, exalt, stimulate to action, motivate, to affect and touch, even to raise to a higher emotional level, and finally to say farewell.', 'The audience at an elementary graduation would be filled with proud parents, aunts, uncles, friends and grandparents. To make it interesting to them, talking about experiences that happened during the school year would be ideal. When writing a speech, a core message needs to be selected.', 'Someone who has not finished his/her graduation (an academic study of three years) is called undergraduate. The graduation is the first degree awarded to a college or university student, hence the undergraduate, canâ\x80\x99t stand qualified to take the degree, unless he/she finishes the same in the given terms.', 'Forensic speech is the study and practice of public speaking and debate, according to the American Forensic Association. School and college contests are patterned after ancient Greek competitions at public forums.', ""Columbia University women are outraged that Obama will deliver the commencement address at Barnard College, the neighboring women's school. Some accuse Barnard women of wanting to bed and wed 'their' Columbia men.nd theyâ\x80\x99re women. You can find them on Columbiaâ\x80\x99s student blogs, which have lit up with vitriol since the March 3 announcement that President Obama will speak at Barnardâ\x80\x99s commencement ceremonies in May. Part of the anger was directed at Mr. Obama, who graduated from Columbia but has never given an address there.""]",A graduation speech can be called a valedictory speech.,,1.0,0.9486487502662487,0.0
what is metal au,"['1 The gold ion in the +3 oxidation state (Au(III) 3+) is called the auric ion. 2 Compounds containing gold in the -1 oxidation state are called aurides. ( 3 Cesium and rubidium can form auride compounds). 4 Gold is one of the noble metals. 5 Noble metal is an alchemical term for metals that do not corrode under normal conditions.', 'This is a regal metal and is connected to the Moon. It is one of the most versatile metals, one of the 3 base metals in Alchemy. It is associated with philosophical traits of intuition, self-reflection and inner wisdom. It is a feminine metal, a symbol of purity and is connected to the goddesses and spirits. Its energies include divination, healing, protection, emotion, love, wisdom, dreams, luck and wealth. It is symbolic of attributes such as vision, clarity, awareness, focus, persistence and subtle strength.', 'Metal Ore is a resource that can be obtained by mining the Mineral Rocks that spawn in the world. It can also be obtained by picking up small Metal Ore rocks in the game world. Doing so will reward the player with 50 Metal Ore.', ""For Metallica's eponymous fifth album, see Metallica (album). Metallica is an American heavy metal band based in San Rafael, California. The band was formed in 1981 in Los Angeles when vocalist/guitarist James Hetfield responded to an advertisement posted by drummer Lars Ulrich in a local newspaper."", ""Key Concepts. 1 A metal is a lattice of positive metal 'ions' in a 'sea' of delocalised electrons. 2 Metallic bonding refers to the interaction between the delocalised electrons and the metal nuclei. 3 The physical properties of metals are the result of the delocalisation of the electrons involved in metallic bonding. Metallic bonding refers to the interaction between the delocalised electrons and the metal nuclei. 2 The physical properties of metals are the result of the delocalisation of the electrons involved in metallic bonding. 3 The physical properties of solid metals are:""]",I cannot answer from the given context.,,0.0,0.0,0.0
what is the ops stat for baseball,"[""(July 2013) (Learn how and when to remove this template message) (Learn how and when to remove this template message) On-base plus slugging (OPS) is a sabermetric baseball statistic calculated as the sum of a player's on-base percentage and slugging average."", ""Career Leaders for ERA / Career Leaders for Earned Run Average. Next to all time wins, the most cited pitching statistic is a pitcher's earned run average. The following dominating pitchers each have a career earned run average less than 3.00 and make up Baseball Almanac's chart of the top one-hundred earned run average leaders."", 'Itâ\x80\x99s the type of skill that lends itself to being underrated by those who focus on triple-crown batting statistics, particularly batting averageâ\x80\x94while Carpenterâ\x80\x99s .241 batting average puts him on par with 2017 Albert Pujols (the version that was literally the worst player in baseball), his .384 on-base percentage puts him on par with Daniel Murphy and ahead of MVP Giancarlo Stanton and MVP finalist Jose Ramirez.', ""Baseball is a game played at the edge of biological time, just within the limits of a human's ability to react. Charley Metro: It's a very difficult thing to do, to hit a moving ball at 95 miles an hour in one-tenth of a second!. By the time the ball has traveled a dozen feet from the pitcher's mound, the batter has a good visual fix on it."", 'Freebase(0.00 / 0 votes)Rate this definition: In baseball, a no-hitter is a game in which a team was not able to record a single hit. Major League Baseball officially defines a no-hitter as a completed game in which a team that batted in at least nine innings recorded no hits.']",On-base plus slugging (OPS) is a sabermetric baseball statistic calculated as the sum of a player's on-base percentage and slugging average.,,1.0,0.6788299769363251,0.0
who is venus de milo,"['The Venus de Milo is an ancient Greek statue. It is in the Louvre, a museum in Paris, France. The Venus de Milo represents Aphrodite, the goddess of love in Greek mythology. The statue is made of marble and is 203cm high. It is believed to be the work of Alexandros of Antioch. The Venus de Milo was found on 8 April 1820 on the Aegean island of Melos. King Louis XVIII of France presented the Venus de Milo to the Louvre in 1821.', ""Some of the most famous works of art in the museum are the Venus of Milo, the Nike of Samothrake, the Dying Slave by Michelangelo and of course Leonardo da Vinci's Mona Lisa. After entering the museum through the Louvre Pyramid or via the Carrousel du"", 'Aphrodite (/aefrÉ\x99Ë\x88daÉªti/ Ã¦frÉ\x99Ë\x88daÉªti-af-RÉ\x99-dy; Tee: GREEK) á¼\x80Ï\x86Ï\x81Î¿Î´Î¯Ï\x84Î· is The greek goddess of, love, beauty, pleasure and. Procreation Her roman equivalent is the Goddess. Venus she is identified with the Planet. venus', ""Samuel de Luque is a wildly popular Spanish YouTuber who has become known for his voice-overs of gameplay videos for Minecraft, Saint's Row and Battlefield. His signature style is to create elaborate narratives and histories for the characters in his video-game videos to make them like a movie."", 'Titian s legacy in terms of the female nude comes from the Venus of Urbino. It has been asked of this painting if it is mythology or if it is pornography, intended for an elite customer, and therefore a painting of a courtesan.itian s legacy in terms of the female nude comes from the Venus of Urbino. It has been asked of this painting if it is mythology or if it is pornography, intended for an elite customer, and therefore a painting of a courtesan.']","The Venus de Milo is an ancient Greek statue that represents Aphrodite, the goddess of love in Greek mythology. It is made of marble and is 203cm high. It is believed to be the work of Alexandros of Antioch and was found on 8 April 1820 on the Aegean island of Melos. King Louis XVIII of France presented it to the Louvre in 1821.",,1.0,0.7090498777798798,0.0
phone number for amtrak information,"[""This is Amtrak's best phone number, the real-time current wait on hold and tools for skipping right through those phone lines to get right to a Amtrak agent. This phone number is Amtrak's Best Phone Number because 199,170 customers like you used this contact information over the last 18 months and gave us feedback. Common problems addressed by the customer care unit that answers calls to 877-444-4773 include Make a Booking, Complaint, Refund, Missing Items, Cancel or Change Booking and other customer service issues. The Amtrak call center that you call into has employees from Pennsylvania and is open 24 hours, 7 days according to customers."", 'Phone Support: 1-800-541-5555. The Telephone Service Center (TSC) is available 8 a.m. to 5 p.m., Monday through Friday, except holidays (border providers and out-of-state billers billing for in-state providers, call [916] 636-1200).', 'Police Academy : 302-366-7938 : Public Information Officers Contact Information is for News Media Use Only- Any Police Matters Should be Directed to 911 or the Non-Emergency Phone Number : Public Information Officer, M/Cpl. Heather Carter: 302-540-7560 (News Media Use Only) Email Public Information Officer, M/Cpl. Michel Eckerd', 'Phone Contact Numbers. We found three customer service phone numbers for the US and Canada listed on the support page for Garmin. There are also customer service phone numbers listed for Europe. US customer service (toll call): 1-913-397-8200. US customer service (toll free): 1-800-800-1020. Canadian customer service: 1-866-429-9296.', 'Our representatives are available to assist you. 1 Email us at memberservices@necu.org1. 2 Call us at 888-436-1847 (toll free) or 603-436-1847 (local) 24/7. 3 Submit your questions using the form below1. Stop by one of our branch 1 locations. Mail us at. Northeast Credit Union. View our 2017 holiday schedule.']",877-444-4773,,1.0,0.4076679455189451,0.0
who directed hostel,"['No, the Hostel movies are not based on a true story. They are labeled based on a true story, but this is essentially a lie. Writer/director Eli Roth got the idea for the Hosâ\x80¦tel movies from a website that a friend showed him.', ""Directed by Gabor Csupo. With Ioan Gruffudd, Dakota Blue Richards, Tim Curry, Juliet Stevenson. When 13 year old Maria Merryweather's father dies, leaving her orphaned and homeless, she is forced to leave her luxurious London life to go and live with Sir Benjamin, an eccentric uncle she didn't know she had, at the mysterious Moonacre Manor."", 'It was released theatrically that October. The sequels were directed by Darren Lynn Bousman, David Hackl, and Kevin Greutert, and were written by Wan, Whannell, Bousman, Patrick Melton, and Marcus Dunstan, and were released subsequently every October, on the Friday before Halloween, between 2004 and 2010.', ""It is based on Perrotta's novel of the same name. The pilot was written by Lindelof and Perrotta, and directed by Peter Berg. The series stars Justin Theroux, Amy Brenneman, Christopher Eccleston, Liv Tyler, Chris Zylka, Margaret Qualley, Ann Dowd, and Carrie Coon. It premiered on HBO on June 29, 2014."", 'Marnie is a 1964 psychological thriller directed by Alfred Hitchcock. The screenplay by Jay Presson Allen was based on the 1961 novel of the same name by Winston Graham. The film stars Tippi Hedren and Sean Connery.']",I cannot answer from the given context.,,0.0,0.0,0.0
what is mercury's orbital period,"['It takes Mercury about 59 Earth days to spin once on its axis (the rotation period), and about 88 Earth days to complete one orbit about the Sun. However, the length of the day on Mercury (sunrise to ...more.', 'Mercury (Hg) is an element that occurs in the environment naturally as a result of human activity. It is a silvery color and the only metal that is liquid and room temperature.It is considered one of the heavy metal because of its atomic weight and can be found as number eighty on the periodic table of elements.ercury (Hg) is an element that occurs in the environment naturally as a result of human activity. It is a silvery color and the only metal that is liquid and room temperature.', 'In 2005, the first planets around main-sequence stars that may be terrestrial were found: Gliese 876 d, has a mass 7 to 9 times that of Earth and an orbital period of just two Earth days. It orbits the red dwarf Gliese 876, 15 light years from Earth.', 'The average distance is approximately 225 million km ( or 1.50403 AU). The Earth has a shorter orbital period than Mars, it passes in between Mars and the Sun approximately every 780 days, or 2 years and 50 days. At that time , Mars is seen in the opposite direction from the Sun, at opposition. The time interval between Marsâ\x80\x99 opposition and its least distance to Earth can be as large as 8 and a half days. In 2001, for example, opposition took place on June 13 but least distance was on June 21.', 'The synchronization of rotation and orbital period means that, for an observer on the surface of the Earth, an object in geosynchronous orbit returns to exactly the same position in the sky after a period of one sidereal day. special case of geosynchronous orbit is the geostationary orbit, which is a circular geosynchronous orbit at zero inclination (that is, directly above the equator).']",Mercury's orbital period is about 88 Earth days.,,1.0,0.9358749398416912,0.0
what is the u.s. dollar worth in india,"['US Dollar to Indian Rupee Exchange Rate: US Dollar to Indian Rupee Exchange Rate is at a current level of 64.42, unchanged from 64.42 the previous market day and down from 66.56 one year ago. This is a change of 0.00 from the previous market day and -3.22% from one year ago. Category: Foreign Exchange.', 'One U.S. Dollar = approximately 33.99 Thai Baht (as of Aug 21,08) One U.S. Dollar = approximately 33.99 Thai Baht (as of Aug 21,08)', 'China used to be cheap. According to figures the World Bank uses to calculate Purchasing Power Parity (PPP), in 2003, a dollarâ\x80\x99s worth of currency bought nearly five times as much in China as it did the U.S. A bag of groceries, or a hairdo, or a hotel room that would have cost $50 in the U.S. cost only RMB 90, or roughly $11, in China.', ""Being a decimal currency, there are 100Â¢ in the dollar. The Australian dollar had been worth less than the US dollar for a number of years but, for some time recently, exceeded the US dollar in value. Currency is, of course, still marked by rises and falls. Here's a handy currency coverter."", ""A Peace dollar is worth more than a Morgan, it has the word PEACE on tâ\x80¦he rock on the reverse of the coin the eagle is standing on, it's worth at least $70.00 and the Morgan is $33.00-$39.00 but only IF the coins are in collectible condition.""]",The US Dollar is worth 64.42 Indian Rupees.,,1.0,0.6603155095522758,0.9999999999
which battle marked the turning point of the civil war?,"['Battle of Antietam, because it was a blood bath and it ended in a draw The Battle of Gettysburg (May, 1863) proved to be the turning point of the Civil war. It marked th â\x80¦ e last major Confederate effort to shift the war northward onto Union soil.', 'why were the battles of Gettysburg and Vicksburg the turning point in the Civil War. because during these wars, the Confederate Army lost most men and also lost control over their last fort around the Mississippi River which caused the confederate states to be completely divided into two.', ""Battlefield of Gettysburg, (1863) The Battle of Gettysburg (local /Ë\x88É¡É\x9btáµ»sbÉ\x9cË\x90rÉ¡/, with an /s/ sound) was fought July 1â\x80\x933, 1863, in and around the town of Gettysburg, Pennsylvania, by Union and Confederate forces during the American Civil War. The battle involved the largest number of casualties of the entire war and is often described as the war's turning point."", 'Turning Point of the Revolution. The Battle of Saratoga secured a critical French alliance for the Americans during the American Revolution, providing monetary and military support to outlast the British.', ""Prince Eugene of Savoy's impressive victory at the Battle of Zenta, 11 September 1697, marked the turning point in the Austrian struggle against the Turks. Following the Treaty of Karlowitz, 26 January 1699, the Karlovac, VaraÅ¾din, and Banat general commands of the Military Border were created.""]",The Battle of Gettysburg marked the turning point of the Civil War.,,1.0,0.6725798844005008,0.0
how long does chicken tortilla soup last in fridge,"['Expert Answers. A chicken soup can stay good for 5-7 days in the fridge. It is necessary to keep it in a closed container to save it from catching fridge odor and contamination. Before using it, smell and taste it a bit, if both are good you can consume it. When you want have it, you should reheat the soup properly.', 'According to Foodsafety.gov, uncooked poultry is safe in the refrigerator for 1-2 days, and safe in the freezer for 9 months (for pieces) and up to 12 months for whole chickens or turkey.Cooked poultry is safe refrigerated for 3-4 days.You can also freeze your cooked breaded chicken cutlets (tightly wrapped in foil or saran wrap and place in freezer bags) for 1-3 months. Just pull it out the night before you want to have it and thaw in the fridge.f I have breaded chicken cutlet Iâ\x80\x99m never sure how long (it can last in the refrigerator) and I tend to cook it all at once. (Also) I feel like Iâ\x80\x99m limited to what I can do with the chicken once its cooked.', '1 Chicken should be cooked to at least 165Â°F (74Â°C). 2 Cook a large batch of chicken and refrigerate or freeze the extras. Store chicken in a Leakproof Glass Container in the fridge (40Â°F or below) for 1-2 days, or keep cut-up chicken in the freezer (0Â°F or below) for up to 9 months.*.', '(Also) I feel like Iâ\x80\x99m limited to what I can do with the chicken once its cooked. Thanks for your help, SS. Dear SS: According to Foodsafety.gov, uncooked poultry is safe in the refrigerator for 1-2 days, and safe in the freezer for 9 months (for pieces) and up to 12 months for whole chickens or turkey. Cooked poultry is safe refrigerated for 3-4 days. You can also freeze your cooked breaded chicken cutlets (tightly wrapped in foil or saran wrap and place in freezer bags) for 1-3 months. Just pull it out the night before you want to have it and thaw in the fridge. As for ideas on what to do with cooked chicken or breaded cutlets, here are some ways to get creative with leftovers: Slice and toss with pasta and veggies or in your favorite mac and cheese recipe (photo above is a yummy chicken caesar mac)', 'Removing the skin from the chicken will help it absorb marinade. In general, two hours of marinating is long enough for the meat to soak up the flavor, but poultry can marinate for up to two days in the refrigerator, according to the USDA Food Safety and Inspection Service.']",I cannot answer from the given context.,,0.0,0.0,0.249999999975
what level does zubat evolves to,"['Zubat will evolve into Golbat when it reaches level 22. Golbat will evolve into Crobat when it has a high enough happiness stat.', 'Best Answer: It evolves at Level 20, your Magikarp will learn tackle at a certain level from that until 20. An easy way to make it evolve, is to put it first on the your pokemon party list. Then when a wild pokemon appears, send it out to battle.', 'What level does wingull evolve in Pokemon emerald? Wingull evolves into Pelipper starting at Level 25 (if evolve is deferred at level 25, it will continue to try to evolve every time it gains a level thereafter). Gregory Daniels.', 'Charmeleon (Japanese: ã\x83ªã\x82¶ã\x83¼ã\x83\x89 Lizardo) is a Fire-type Pokemon. PokÃ©mon it evolves From charmander starting at level 16 and evolves Into charizard starting at level. 36', ""Nincada (Japanese: ã\x83\x84ã\x83\x81ã\x83\x8bã\x83³ Tutinin) is a dual-type Bug / Ground Pokemon. PokÃ©mon it evolves Into ninjask starting at level. 20, additionally if the player has a spare slot in the party and an Extra Poke, pokÃ© Ball a shedinja will appear in'the player s Party when. nincada evolves""]",Zubat will evolve into Golbat when it reaches level 22.,,1.0,0.8573360060677563,0.0
population of quartzsite az,"['Quartzsite, Arizona. Quartzsite is a town in La Paz County, Arizona, United States. According to the 2010 census, the population was 3,677. Interstate 10 runs directly through Quartzsite and is at the intersection of U.S. Route 95 and Arizona State Route 95 with I-10.', ""Local Information about Quartzsite, AZ. and Surrounding Areas Here is a copy of The Quartzsite Area Guide where you will find lots of information on what's happening, in and around Quartzsite, AZ., including a Calandar of Events, business listings and much, much more. Town of Quartzsite - Official Web Site for the Town of Quartzsite. Quartzsite Chamber of Commerce. Local News, Blogs and other information on The Town of Quartzsite, AZ - The Desert Messenger. Blythe, California Chamber of Commerce - (760) 922-8166. More Blythe info."", 'Glendale Arizona Population Charts According to the most recent demographics data available from the Census Bureau released in December of 2017, Figure 1 Glendale shows it has 239,943 population which is the 2nd most of all the places in the area.', 'Oracle, Arizona. Oracle is a census-designated place (CDP) in Pinal County, Arizona, United States. The population was 3,686 at the 2010 census. Buffalo Bill Cody owned the High Jinks Gold Mine in Oracle briefly and, in 1911, appeared as Santa for a group of local children. The community is the location of the Biosphere 2 experiment.', 'The 2010 United States Census reported that Montague had a population of 1,443. The population density was 804.8 people per square mile (310.7/kmÂ²).']","The population of Quartzsite, Arizona, was 3,677 according to the 2010 census.",,1.0,0.8281909596323768,0.0
average money market interest rates,"['U.S. Average Savings Account Interest Rate. As of April 2016, the national average savings account interest rate is only 0.06 percent for all balances, according to the FDIC â\x80\x94 the same as it was before the fed funds rate increase at the end of 2015. The national average money market account interest rate is slightly higher, however. For deposits less than $100,000, the average money market account interest rate is 0.08 percent; for deposits of $100,000 and higher, the rate is 0.12 percent. These rates have remained steady since before the fed funds rate increase in December 2015.', 'Average Personal Loan Interest Rates for 2017. For 2017, the average personal loan interest rates are between 10% to 28%. Actual interest rates vary based on the qualifications of a borrower, the length of the loan, the loan amount and the lender. Below, we have compiled the average personal loan interest rates by credit score and by lender.', 'Chapter 7 The Asset Market, Money, and Prices 109. 35. If the income elasticity of money demand is 3/4 and the interest elasticity of money demand is â\x80\x931/4, by what percent does money demand rise if income rises 10% and the nominal interest rate rises.', 'The U.S. interest expense last year was $420 billion, with an average rate of 2.43%. The interest rate was 6.63% in 2000. As interest rates â\x80\x9cnormalizeâ\x80\x9d back to 6.63% then the annual debt service will be $1.260 TRILLION, assuming there is no more increase in national debt, but we know it will.', 'Average Commercial Real Estate Loan Rates by Loan Type. Depending on the type of loan you choose, interest rates will vary from 3.5% to upwards of 30%. Government-backed loans, such as SBA or USDA loans, and conventional commercial mortgages will typically offer the most competitive interest rates.']","The average money market account interest rate is 0.08 percent for deposits less than $100,000 and 0.12 percent for deposits of $100,000 and higher.",,1.0,0.8451062719264862,0.0
can you file bankruptcy separately if you are getting divorced,"['If you qualify for a Chapter 7 bankruptcy, then you should finish in about 90 days. Therefore, you and your spouse can eliminate unsecured debt which takes away the fight over debt. Warning, if you and your spouse file for a Chapter 13 bankruptcy then you are both responsible for the repayment plan. You may also be prevented from dividing assets by sale. After the bankruptcy is completed, then divorce will proceed without any further delay from bankruptcy.', 'If you file separately, you will only be responsible for the accuracy and payment of taxes for your own return. So, if you know or suspects that your spouse is omitting income or overstating deductions and/or credits, you may want to file a separate return. Lower Overall Tax Bill If One Spouse Has a Significant Itemized Deduction', 'Fill Out Your Court Forms. To file for divorce or legal separation, you have to fill out the same forms. If you want specific legal advice about how to fill out your court forms, talk to a lawyer. What you write on your court papers can be very important and can affect the outcome of the case.ow the papers must be served The papers can be served in 1 of 2 ways: 1 Personal service. 2 This means that your â\x80\x9cserverâ\x80\x9d hand-delivers a copy of all the papers (and the blank forms) to your spouse or domestic partner. 3 In most cases, you will have to do personal service for your initial divorce or legal separation papers.', ""But if you're getting divorced and need a quick decision from a judge about who gets the kids, the car, the money in the bank accounts, or the house for now -- or if you need money for support right away -- obviously you can't wait that long. You need a temporary order."", 'Even if divorce is a remote possibility, you should always have access to money of your own. If your spouse moves out and stops paying bills, you will need to pay them until temporary support orders can be entered. If you are the one who is going to file for divorce, youâ\x80\x99ll need money for a retainer. If you envision moving out of the marital home, you may need money for a security deposit and for household items. Start saving now and plan to initiate divorce proceedings when you have built up a nest egg of your own.']",I cannot answer from the given context.,,0.0,0.0,0.0
average wpm typing speed,"['The average typing speed is 38-40 words per minute (wpm) for adults in a professional working environment (despite many incorrect reports on the web that it is 50-60 wpm). <br /> <br /> Some administrative assistants can type 70-80 wpm or more.', 'An average typist can achieve about 30 to 45 WPM (usually the minimum required for dispatch positions and other typing data entry jobs). Advanced typists generally are expected to operate at typing speeds above 60 WPM.', 'What is the average typing speed on 10FastFingers? Its hard to calculate the average typing speed as this highly depends on the language and on the word-difficulty. For the normal version of the english typing test we have calculated an average of 41 WPM, this value is based on over 73 million typing results.', 'An average touch typer can type at around 60 WPM (word per minute). Find out how fast you are. Take the typing test now. Key Hero is a great place to improve your typing skills. The game keeps track of all your performances (WPM and accuracy) and helps you understand what type of mistake you make.', 'The average student sees a speed of around 100 words per minute in the first six to eight months. Students who excel at his method of typing and note taking can achieve the average words per minute in as little as 18 months. Sources:']","The average typing speed is 38-40 words per minute (wpm) for adults in a professional working environment. An average typist can achieve about 30 to 45 WPM, while an average touch typist can type at around 60 WPM. Additionally, the average on 10FastFingers is calculated to be 41 WPM.",,1.0,0.7743432892754414,0.0
what was the major result of the industrial revolution,"['Background. The Industrial Revolution began in Great Britain in the early 19th century before spreading to Belgium, France, Germany, the United States and Japan. It was a fundamental change in the way goods were produced, and altered the way people lived.A result of the Industrial Revolution was a movement of people and goods all around the world as global trade and migrations increased. Trade. A major result of the Industrial Revolution was an increase in global trade.Many industrial countries sought new markets for their goods, and raw materials from which to make those goods. A result of this increase in trade was imperialism of Africa, India, China, and much of the rest of Asia.he Industrial Revolution began in Great Britain in the early 19th century before spreading to Belgium, France, Germany, the United States and Japan.', 'Urbanization. One of the defining and most lasting features of the Industrial Revolution was the rise of cities. In pre-industrial society, over 80% of people lived in rural areas. As migrants moved from the countryside, small towns became large cities. By 1850, for the first time in world history, more people in a countryâ\x80\x94Great Britainâ\x80\x94lived in cities than in rural areas.', 'The rise of industrialization brought many significant changes to the American Economy and society during the 1900s. Some of these changes included urbanization, the rise of big businesses, and the rise of laissez faire capitalism. Industrialization had both a positive and negative effect on the U.S. economy and society. It allowed the United States to surpass many of its leading competitors including Germany and Great Britain but it also led to sharper Economic and class divisions among the rich, middle class, and the poor.', ""The Industrial Revolution did not in fact end in Britain in the mid-1800s. New periods came in with electricity and the gasoline engine. By 1850, however, the transformation wrought by the revolution was accomplished, in that industry had become a dominant factor in the nation's life.n Italy the industrial revolution began in the 1840â\x80\x99s. Factory production developed mainly in northern Italy, and this only intensified the economic backwardness of the south. Large-scale machine industry completely supplanted cottage industry and manufacture production in the last third of the 19th century-."", 'The Industrial Revolution in Great Britain. The ground was prepared by the voyages of discovery from Western Europe in the 15th and 16th cent., which led to a vast influx of precious metals from the New World, raising prices, stimulating industry, and fostering a money economy.ll rights reserved. 1 Industrial Revolution: The Industrial Revolution in Great Britain-The Industrial Revolution in Great Britain The ground was prepared by the voyages of discovery from ...']",A major result of the Industrial Revolution was an increase in global trade.,,1.0,0.9238453848807827,0.0
what tests can doctors do to check to see if you are at risk of heart attack,"['(Agatston does not make any money from the coronary calcium scan.) The other imaging test Agatston recommends is an ultrasound of the carotid artery, looking at plaque in the main blood vessel leading to the brain. Plaque in the carotid artery is a sign of increased risk for a heart attack and stroke. Both tests are non-invasive and outpatient, although the calcium scan does expose the patient to the equivalent of several months of normal background radiation.', 'You have to have a ultra sound of your heart and renal arteries done. See a cardiologist asap and get the follow up results. The only real way to tell if you have had a heart attack is to do a double comparison blood test after the event.Start investigating your condition.ee a cardiologist asap and get the follow up results. The only real way to tell if you have had a heart attack is to do a double comparison blood test after the event. Start investigating your condition.', 'Blood tests are very common. When you have routine checkups, your doctor often orders blood tests to see how your body is working. Many blood tests donâ\x80\x99t require any special preparations. For some, you may need to fast (not eat any food) for 8 to 12 hours before the test.pecifically, blood tests can help doctors: 1 Evaluate how well organs, like the kidneys, liver, and heart, are working. 2 Diagnose diseases like cancer, HIV/AIDS, diabetes, anaemia, and heart disease. 3 Learn whether you have risk factors for heart disease. 4 Check whether medicines youâ\x80\x99re taking are working.', 'Your body produces C-reactive protein, or CRP, when something is starting to become inflamed. So if a doctor finds CRP in your blood, which he can do through a test, heâ\x80\x99ll know thereâ\x80\x99s inflammation (or swelling) happening somewhere in your body. If your arteries are inflamed, you have a greater risk of: Heart disease; Heart attack; Stroke', 'Blood tests help doctors check for certain diseases and conditions. They also help check the function of your organs and show how well treatments are working. Specifically, blood tests can help doctors: Evaluate how well organsâ\x80\x94such as the kidneys, liver, thyroid, and heartâ\x80\x94are working.']","Doctors can perform a coronary calcium scan and an ultrasound of the carotid artery to check for plaque, which is a sign of increased risk for a heart attack. Additionally, blood tests can help evaluate risk factors for heart disease.",,0.6,0.9023257494049494,0.0
caffeine effects on exercise,"['If it doesnâ\x80\x99t or the symptoms are severe, you should contact your doctor. If you develop these symptoms after years of using similar levels of caffeine, then your heart symptoms are likely caused from other sources. If you use caffeine to improve your exercise ability, use relatively low doses.', 'Some teens who are more sensitive to caffeine will feel stronger effects with smaller amounts than others who are less sensitive to it. Having too much caffeine can cause side effects like â\x80\x9cthe jittersâ\x80\x9d, restlessness, anxiety, insomnia (trouble sleeping), headaches, high blood pressure and a fast heart rate. Caffeine is a diuretic, which means that it will make you have to urinate (pee) more often.', 'In adults, caffeine consumption is associated with a negative relationship with all-cause mortality, largely due to a reduction of cardiovascular effects. Causation hasnâ\x80\x99t been established though. Most of you are very familiar with the side effects of caffeine: agitation, tremors, insomnia, headache. Overall, despite documented cases of dependence and withdrawal, caffeine consumption has a generally attractive safety profile with a wide therapeutic range.', 'Consumption of caffeine drinks has increased dramatically in the last 5 years and consequently the numbers of individuals suffering adverse effects is greater also. Some people suffer an intolerance to caffeine. Caffeine is a stimulant which means it can make you feel alert and less sleepy for a short period of time. Caffeine is also a natural diuretic which means it can increase the amount of urine you produce.', 'When you deprive your body of the caffeine it has grown accustomed to, it struggles to cope with this sudden change. In the coping process, you end up with a pounding headache. Headaches, irritability, lethargy, nervousness, and mild depression are all fairly common withdrawal symptoms associated with caffeine intake.']",I cannot answer from the given context.,,0.0,0.0,0.0
what is the weather like in toronto,"['July Weather in Toronto. July is generally hot and muggy (humid). Evenings can cool off considerably especially by the water, so a jacket is still necessary. Average July temperature: 21ÂºC / 68ÂºF; July average high: 24ÂºC / 80ÂºF; July average low: 16ÂºC / 60ÂºF; Visitors can expect rain about 10 days out of 31 in July. What to Pack for Toronto in July', 'The best time all year to apartment hunt in Toronto is March-April for April-May occupancy to take advantage of the end of the Winter semester. You could grab something then and move in early or sublet it out for a few months, but for simplicity in your case, start hunting in May-June for August-September occupancy.', 'Re: What is the weather like in October? Mar 14, 2011, 2:39 PM We also have gone in March mostly, but this year going with two girlfriends in late October - PBSB.', 'The hottest day of the year is August 6, with an average high of 83Â°F and low of 73Â°F. The cold season lasts for 3.1 months, from December 2 to March 5, with an average daily high temperature below 41Â°F. The coldest day of the year is January 18, with an average low of 19Â°F and high of 31Â°F.', 'Winds variable. The overnight low will be 58 Â°F (14.4 Â°C).Sunny with a high of 85 Â°F (29.4 Â°C). Winds variable at 2 to 9 mph (3.2 to 14.5 kph). 0%85Â°53Â°Sunny today with a high of 85 Â°F (29.4 Â°C) and a low of 53 Â°F (11.7 Â°C). 0%76Â°51Â°Sunny today with a high of 76 Â°F (24.4 Â°C) and a low of 51 Â°F (10.6 Â°C).']","July is generally hot and muggy (humid) in Toronto, with average temperatures around 21ºC (68ºF), an average high of 24ºC (80ºF), and an average low of 16ºC (60ºF). Visitors can expect rain about 10 days out of 31 in July. Evenings can cool off considerably, especially by the water, so a jacket is still necessary.",,1.0,0.7927399750322838,0.19999999998
which function automatically counts cells that meet multiple conditions,"['This Excel tutorial explains how to use the Excel COUNTIF function with syntax and examples. The Microsoft Excel COUNTIF function counts the number of cells in a range, that meets a given criteria. If you wish to apply multiple criteria, try using the COUNTIFS function.', 'To learn more about COUNTIF, see COUNTIF function. To learn about an even more powerful function introduced in Excel 2007 that lets you use multiple criteria and ranges, see COUNTIFS function.', 'The second INDEX function returns the cell within tbl_choices (argument #1), at the intersection of the last cell with data (argument #2, as computed by the COUNTA function) and the selected region column (argument #3). With this in place, we can use data validation to allow a list equal to the name dd_reps2.', 'Lymphoma/lymphosarcoma or lymphocytic leukemia cancers can make total lymphocytes counts go both up or down. The most common reason for falsely-high lymphocyte counts in automated counting is mistaking abnormal, nucleated red blood cells for lymphocytes.or an explanation of causes of most abnormal blood and urine tests go here. To see how tests are often grouped, go here. Ro n Hines DVM PhD. Lots of my articles are plagiarized and altered on the web to market products and services.', 'Stem cells are important for living organisms for many reasons. During the first stages of a developing embryo, stem cells organize themselves into a certain order which will give rise to the multiple specialized cell types that make up the heart, lung, skin, and other tissues. In some adult tissues, such as bone marrow, muscle, and brain, adult stem cells are found.']",The COUNTIFS function automatically counts cells that meet multiple conditions.,,0.5,0.583413844335405,0.0
what is the zip code for helena mt,"['The Helena Zip Code in Montana is 59601, 59602, 59604, 59620, 59623, 59624, 59625, 59626. By pressing keys ctrol + F you can search Helena zip codes by its streets, highways, and know the ZIP+4 US ZIP Code.', 'The ratio of number of residents in zip code 76801 to the number of sex offenders is 231 to 1.', '32607 Zip code is located in the Eastern time zone at 30 degrees latitude (Fun Fact: this is the same latitude as Lhasa, Tibet!) and -82 degrees longitude. It has an average elevation of 74 feet above sea levell.', '45205 zip code is part of Hamilton County. 45205 zip code has 2.90 square miles of land area and has no water area.As of 2010, the total 45205 zip code population is 19,389, which has shrunk 16.22% since 2000. The population growth rate is much lower than the state average rate of 1.62% and is much lower than the national average rate of 9.71%.5205 zip code is part of Hamilton County. 45205 zip code has 2.90 square miles of land area and has no water area.', '86% of the 94510 zip code residents lived in the same house 1 year ago. Out of people who lived in different houses, 56% moved from this county. Out of people who lived in different houses, 29% moved from different county within same state.']","The zip codes for Helena, MT are 59601, 59602, 59604, 59620, 59623, 59624, 59625, and 59626.",,1.0,0.8754163413074384,0.0
why are clouds flat at the bottom,"[""Clouds are flat on the bottom because this is the transition point where the temperature & pressure are at a point where the air cannot hold all of it's water in its gaseous form (clouds are made of water in its liquid or solid state). As you increase in altitude, temperature and atmospheric pressure decrease."", ""In meteorology, a cloud is an aerosol comprising a visible mass of minute liquid droplets, frozen crystals, or particles suspended in the atmosphere above the surface of a planetary body. The droplets and crystals may be made of water or various chemicals. On Earth, clouds are formed as a result of saturation of the air when it is cooled to its dew point, or when it gains sufficient moisture from an adjacent source to raise the dew point to the ambient temperature. They are seen in the Earth's h"", ""The Troposphere. The troposphere is the lowest layer of Earth's atmosphere. The troposphere starts at Earth's surface and goes up to a height of 7 to 20 km (4 to 12 miles, or 23,000 to 65,000 feet) above sea level.Most of the mass (about 75-80%) of the atmosphere is in the troposphere. Almost all weather occurs within this layer.ir pressure and the density of the air are also less at high altitudes. The layer above the troposphere is called the stratosphere. Nearly all of the water vapor and dust particles in the atmosphere are in the troposphere. That is why most clouds are found in this lowest layer, too."", 'Mudslides often occur in areas with steep slopes or at the bottom of slopes or canyons. Mountainous areas that have been altered to build homes and roads are often prone to mudslides. When human actions or natural events, such as wildfires, increase erosion in an area, mudslides can be a natural result.', 'There are four basic types of clouds. High clouds, middle clouds, low clouds, and clouds with vertical developement. Weather type 5 - Hail. The exact processes that creates hail are still being studied.']",Clouds are flat on the bottom because this is the transition point where the temperature and pressure are at a point where the air cannot hold all of its water in its gaseous form.,,1.0,0.989170061081844,0.0
putrescine definition,"['Putrescine, or tetramethylenediamine, is a foul-smelling[1] organic chemical compound NH2(CH2)4NH2 (1,4-diaminobutane or butanediamine) that is related to cadaverine; both are produced by the breakdown of amino acids in living and dead organisms and both are toxic in large doses.[2][3] The two compounds are largely responsible for the foul odor of ...', 'LINK / CITE ADD TO WORD LIST. adjective. The definition of porcine is like or looking like a pig. An example of someone porcine is a person covered in mud.of or like pigs or hogs.he definition of porcine is like or looking like a pig. An example of someone porcine is a person covered in mud. of or like pigs or hogs.', '(clonidine hydrochloride) Oral Antihypertensive Tablets of 0.1, 0.2 and 0.3 mg , USP. CatapresÂ® (clonidine hydrochloride, USP) is a centrally acting alpha-agonist hypotensive agent available as tablets for oral administration in three dosage strengths: 0.1 mg, 0.2 mg and 0.3 mg. The 0.1 mg tablet is equivalent to 0.087 mg of the free base.', 'Praziquantel, marketed as Biltricide, is an anthelmintic used in humans and animals for the treatment of tapeworms and flukes.Specifically, it is effective against schistosoma, Clonorchis sinensis the fish tapeworm Diphyllobothrium latum.raziquantel is used to treat diseases in humans, mammals, and fish that are caused by infection with several types of internal/gastrointestinal, and external parasites, including:', 'The definition of cease means to stop or discontinue. An example of cease is a fight between two people being put to an end. YourDictionary definition and usage example.']","Putrescine, or tetramethylenediamine, is a foul-smelling organic chemical compound NH2(CH2)4NH2 (1,4-diaminobutane or butanediamine) that is related to cadaverine; both are produced by the breakdown of amino acids in living and dead organisms and both are toxic in large doses.",,1.0,0.7132343696659031,0.0
what produces connective tissue fibers,"['Elastic tissue is classified as connective tissue proper. The elastic fiber is formed from the elastic microfibril (consisting of numerous proteins such as microfibrillar-associated glycoproteins, fibrillin, fibullin, and the elastin receptor) and amorphous elastin.', 'Cartilage is the most commonly known form of fibrous connective tissue. It is composed of collagen fibers that are packed very densely into a rubbery substance called chondrin. Cartilage provides both flexible support and cushioning for parts of the body such as the nose.', 'Cartilage is a type of supporting connective tissue. Cartilage is a dense connective tissue, consisting of the chondrocyte cells. Cartilage connective tissue includes hyaline cartilage, fibrocartilage and elastic cartilage. The fibers in the cartilage connective tissue include collagen and elastic fibers.emapoetic or lymphatic connective tissue is another type of fluid connective tissue. Lymphatic connective tissues are responsible for the manufacture of all the blood cells and immunological capability.', 'Dense irregular tissues have fibroblasts and matrix fibers (mostly collagen) that are oriented differently, i.e., not oriented in a parallel fashion. This tissue is present in the skin.It consists primarily of collagenous fibers, but fibroblasts and ground substance are also present.ense irregular connective tissue has fibers that are not arranged in parallel bundles as in dense regular connective tissue. This tissue comprises a large portion of the dermis.', 'Specialized connective tissue includes: 1 Dense regular connective tissue (found in tendons and ligaments) 2 Cartilage (a type of supporting connective tissue that consists of chondrocyte cells, collagen fibers, and elastic fibers; semi-solid or flexible matrix; includes hyaline cartilage, fibrocartilage, and elastic cartilage)']",I cannot answer from the given context.,,0.0,0.0,0.49999999995
what language jamaica speak,"['The average Jamaican speaks English and Jamaican dialect based primarily on English. We most certainly cannot give up English, which is the dominant language of international commerce, media and science and technology. If anything, we need to improve our ability to read, write and speak English.', 'Although the official language of Trinidad and Tobago is English, the most commonly spoken languages are Trinidadian Creole English and Tobagonian Creole English. Trinidadian usage includes a large number of local words and expressions. Many of these have non-English origins-these derive primarily from French and French Creole, Spanish, various West African languages, and Bhojpuri. Trinidadian speech is characterised by dropped final consonants and a lack of pluralisation.', 'St. James St James is a suburban parish, located on the north west end of the island of Jamaica. Its capital, Montego Bay, derived from the Spanish word Manteca (lard) because many wild hogs were found there from which they made lard.', ""Jamaican Traditions. When I thought about the Jamaican traditions I'd like to share with you, I realised that many of them have to do with birth and death.Many of these Jamaican customs are widespread.But some are carried out only in some parts of the island, and some are far removed from the upper echelons of society.ome of them are slowly dying, but deserve to be remembered. Jamaican Traditions and Beliefs-Pregnancy and Birth. The navel string (umbilical cord) of a newborn may be buried and a tree planted on the spot. This tree is called the birth tree or navel string tree."", 'Within the British Isles many hundreds of languages are spoken by communities originating from all over the world e.g. Punjabi, Bengali, Urdu, Gujarati, Cantonese, Polish, Italian and Greek. Over 100 languages are spoken domestically by the families in London.']",The average Jamaican speaks English and Jamaican dialect based primarily on English.,,1.0,0.799443055114662,0.0
which pair of chromosomes would result in the birth of a male,"['Most mammals have only one pair of sex chromosomes in each cell. Males have one Y chromosome and one X chromosome, while females have two X chromosomes. In mammals, the Y chromosome contains a gene, SRY, which triggers embryonic development as a male.ost mammals have only one pair of sex chromosomes in each cell. Males have one Y chromosome and one X chromosome, while females have two X chromosomes. In mammals, the Y chromosome contains a gene, SRY, which triggers embryonic development as a male.', ""Males have only 1 X chromosome. If the factor VIII gene is missing on a boy's X chromosome, he will have hemophilia A. For this reason, most people with hemophilia A are male. If a woman has a defective factor VIII gene, she is considered a carrier."", 'Each person normally has 23 pairs of chromosomes in each cell (23 pairs = 46 chromosomes). One of these pairs carries chromosomes called the X and Y chromosomes, which determine whether you will be male or female.If you are male, you have an XY pair.ach person normally has 23 pairs of chromosomes in each cell (23 pairs = 46 chromosomes). One of these pairs carries chromosomes called the X and Y chromosomes, which determine whether you will be male or female.', 'Klinefelter syndrome is a genetic condition that occurs in males when they have an extra X chromosome. Most people have 46 chromosomes. Chromosomes contain all of your genes and DNA, the building blocks of the body. The 2 sex chromosomes (X and Y) determine if you become a boy or a girl. Girls normally have 2 X chromosomes. Boys normally have 1 X and 1 Y chromosome. Klinefelter syndrome results when a boy is born with at least 1 extra X chromosome. Usually, this occurs due to 1 extra X. This is written as XXY. Klinefelter syndrome occurs in about 1 out of 500 to 1,000 baby boys. Women who get pregnant after age 35 are slightly more likely to have a boy with this syndrome than younger women. Symptoms may include any of the following: Abnormal body proportions (long legs, short trunk, shoulder equal to hip size)', 'The normal human karyotypes contain 22 pairs of autosomal chromosomes and one pair of sex chromosomes. Normal karyotypes for females contain two X chromosomes and are denoted 46,XX; males have both an X and a Y chromosome denoted 46,XY.Any variation from the standard karyotype may lead to developmental abnormalities.he number of chromosomes in the karyotype between (relatively) unrelated species is hugely variable. The low record is held by the nematode Parascaris univalens, where the haploid n = 1; and an ant: Myrmecia pilosula.']",The XY pair of chromosomes would result in the birth of a male.,,1.0,0.8626541862705274,0.699999999965
wpm average speed,"['The average typing speed is 38-40 words per minute (wpm) for adults in a professional working environment (despite many incorrect reports on the web that it is 50-60 wpm). <br /> <br /> Some administrative assistants can type 70-80 wpm or more.', 'An average typist can achieve about 30 to 45 WPM (usually the minimum required for dispatch positions and other typing data entry jobs). Advanced typists generally are expected to operate at typing speeds above 60 WPM.', 'What is the average typing speed on 10FastFingers? Its hard to calculate the average typing speed as this highly depends on the language and on the word-difficulty. For the normal version of the english typing test we have calculated an average of 41 WPM, this value is based on over 73 million typing results.', 'An average touch typer can type at around 60 WPM (word per minute). Find out how fast you are. Take the typing test now. Key Hero is a great place to improve your typing skills. The game keeps track of all your performances (WPM and accuracy) and helps you understand what type of mistake you make.', 'Our testing and results reflect the environment you would be working in, so our formula for converting WPM to KPH is based on this. The formula is based on three known values. WPM â\x80\x93 your known current typing words per minute rate; An average number of characters in typed words (also known as keystrokes), which we set to 5']",The average typing speed is 38-40 words per minute (wpm) for adults in a professional working environment.,,1.0,0.46062977382607445,0.49999999995
why does yahoo keep freezing,"['Q: my computer keeps freezing up. why does my computer keep freezing up on me and what can i do to fix it i have windows7 i have 32 bit.', 'I generally feel nothing but antipathy toward Internet Explorer so when it freezes and displays that stupid little â\x80\x9cInternet Explorer has stopped workingâ\x80\x9d error it vexes me like nothing else. I find the â\x80\x9cWindows is checking for a solution to the problemâ\x80¦â\x80\x9d sub-message obnoxious and sardonic.', 'Well I have had my kindle fire for almost a year now. I have quite a bit of apps and some books. My fire freezes up probably once a day. But when I first received it in never froze up. I believe that my fire is doing it because of my memory or a particular app.', 'Soil will only freeze after some time of below freezing average temperatures. The presence of frost is not an indication of frozen soil, only that the soil might freeze some time later. Because the average temperatures around here have been in the mid thirtys my soil, even as saturated with moisture as it is, has not yet started to freeze and now with 3 inches of snow cover, and more coming, it may not at all.', 'You can help eggs keep fresh longer by storing eggs in the their original container in the refrigerator. Storing eggs in this fashion will help keep out moisture and other contaminants. Freezing is not recommended for eggs because after freezing and thawing the eggs will turn into a thick clumpy paste.o properly answer the question of how long do eggs last, how long are eggs good for, or the shelf life of eggs, a variety of factors must be examined such as the sell by date and how the eggs have been stored.']",I cannot answer from the given context.,,1.0,-0.0,0.0
discover meaning in english,"['â\x80¢ DISCOVER (verb) The verb DISCOVER has 8 senses: 1. discover or determine the existence, presence, or fact of. 2. make a discovery, make a new finding. 3. get to know or become aware of, usually accidentally. 4. make a discovery. 5. find unexpectedly.', 'discover meaning, definition, what is discover: to find someone or something, either by ...: Learn more.', 'â\x80\x94 The purpose of life is to discover your gift, and the meaning of life is in giving it away. In May 1995 the keynote speaker at a meeting in New Jersey designed to encourage young people to enter the teaching profession employed an instance of the dictum: â\x80\x9cKeep growing professionally,â\x80\x9d she emphasized.', 'Examination of Old English words along with their modern meanings can give you a glimpse of how languages develop through time. The first form of English as a language is termed Old English and came into being during the 5th century. Many common words and verbs can be found in Old English that hold the same meaning today.', 'Science finds one meaning in it in the. 18th Century, another in the 19th, a third in the 20th; each. artist finds unique meanings on other levels of abstraction; and. each man and woman finds different meanings at different. hours of the day, depending on the internal and external.']",I cannot answer from the given context.,,0.0,0.0,0.0
when did the hittites start,"['c. 1700 BCE. The Hittites invade the region of the Hatti and begin a systematic campaign against them. The great city of Hattusa is sacked and destroyed. 1650 BCE. Under the Hittite Warrior-King Hattusili, campaigns are carried to completion subjugating the Hatti. Hattusa is re-built as the Hittite capital.', ""This period of history, between the civilization's beginnings in c. 3000 BC to its conquest by the Romans in 31 BC, was almost a thousand years longer than the period between 31 BC and the present day."", 'The Old Kingdom and its royal power reached a zenith under the Fourth Dynasty (2613â\x80\x932494 BC), which began with Sneferu (2613â\x80\x932589 BC). Using more stones than any other pharaoh, he built three pyramids: a now collapsed pyramid in Meidum, the Bent Pyramid at Dahshur, and the Red Pyramid, at North Dahshur.', 'The earliest Danish runestones appeared in the 6th and 7th centuries, and there are about 50 runestones from the Migration Period in Scandinavia. Most runestones were erected during the period 950-1100 CE, and then they were mostly raised in Sweden and Denmark, and to a lesser degree in Norway.he tradition began in the 4th century and lasted into the 12th century, but most of the runestones date from the late Viking Age. Most runestones are located in Scandinavia, but there are also scattered runestones in locations that were visited by Norsemen during the Viking Age.', 'It began at the outset of the Civil War, when slaves sought refuge behind Union lines. It did not end until December 1865, with the ratification of the 13th Amendment, which irrevocably abolished slavery throughout the nation.']",I cannot answer from the given context.,,0.0,-0.0,0.0
who is deputy director andrew mccabe,"['Andrew McCabe. since February 1, 2016. The Deputy Director of the Federal Bureau of Investigation (formerly known as the Associate Director) is a senior United States government position in the Federal Bureau of Investigation. The office is second in command to the Director of the Federal Bureau of Investigation.', ""Clint Eastwood (above with Susan Clark) played the Arizona lawman Deputy Sheriff Walt Coogan who is despatched to New York in COOGAN'S BLUFF, the first of his collaborations with director Donald Siegel. It has a fish out of water kinda thing, said Eastwood."", ""Vincent Walker Vince Foster Jr. (January 15, 1945 â\x80\x93 July 20, 1993) was a Deputy White House Counsel during the first half-year of President Bill Clinton's administration."", 'Incumbent Deputy General Manager. RESPONSIBILITIES: The Procurement Officer is responsible for the timely procurement and delivery of high quality, low-cost pharmaceutical products and the proper processing of assigned customer orders.', 'Press Release | Budget Briefing | Transcripts: Under Secretary McCord and Lt. Gen. Anthony R. Ierardi. Click on document text or for PDF document. Click on for Excel document.']","Andrew McCabe is the Deputy Director of the Federal Bureau of Investigation, a senior United States government position that is second in command to the Director of the Federal Bureau of Investigation.",,1.0,0.7397244425819514,0.0
why is it important to have a good job description for any position,"['Why You Need Job Descriptions. Writing job descriptions is an important step in planning your staffing programs. They form the foundation for many important processes such as job postings, recruitment, selection, setting expectations, compensation, training and performance management.', 'One reason you can state that you are looking for a new job is more challenging assignments. Start by saying something positive about your present job. You must know about the new position to make such a comment, so always obtain a full copy of the job description before your interview.', 'Why HR is Important to Managers: 1 Top management are often too busy with the inner workings of the company to think of the regulations or tends surrounding their workers. 2 Recruitment and hiring processes have a huge impact on how a business functions. 3 Not only is HR responsible for hiring, but HR specialists and associates also need to hire right.', '2. Highlight your accomplishments. Update your resumeâ\x80\x99s job description section with a bulleted list of your strongest accomplishments for your current employer. As youâ\x80\x99re updating your accomplishments, keep in mind the position youâ\x80\x99re applying for, and tie in accomplishments that would be important in the new position.', ""Before you go on a job interview, it's important to find out as much as you can about the company. That way you'll be prepared both to answer interview questions and to ask the interviewer questions. You will also be able to find out whether the company and the company culture are a good fit for you.""]","A good job description is important because it forms the foundation for many important processes such as job postings, recruitment, selection, setting expectations, compensation, training, and performance management.",,1.0,0.9355676038584956,0.0
are spasms harmful,"['Report Abuse. 1 Muscle spasms are not dangerous. 2 no, just the nervous system sends a shock wave of energy to a particular part of your body. 3 quick go to a clinic or hospital and get a check up.', 'In some cases eye twitching is more than a temporary nuisance. Some people have spasms that occur frequently throughout the day. Symptoms can recur for days, weeks, or even months. That can cause a lot of emotional distress. It can interfere with quality of life.', 'When your muscles contract, become stiff, or spasm involuntarily, itâ\x80\x99s called spasticity. Spasticity can make it difficult to walk, move, or talk. It can be uncomfortable and painful at times. Spasticity occurs when the nerve impulses that control muscle movement are interrupted or damaged. A variety of conditions can cause this, including:', 'Carpal spasms: The hand spasms may be due to deficiencies in calcium, magnesium, sodium, potassium. Some of these deficiencies can occur with losses from diarrhea, excessive sweating, etc. If symptoms persist, your physician will order the appropriate tests and treatment. ...Read more.', 'Tendon spasm: Involuntary muscle contractions that occur in the tendinous areas of the body. See detailed information below for a list of 8 causes of Tendon spasm, Symptom Checker, including diseases and drug side effect causes.']",I cannot answer from the given context.,,0.0,0.0,0.0
what is the county north randall oh,"['North Randall, Ohio. Homefacts City Report. North Randall is located in Cuyahoga County, OH. The population is 953. There are 1 public schools in North Randall with an average Homefacts rating of C-. The total crime rate for North Randall is moderate, and there are 1 registered sex offenders residing in the city.', ""North Park is a 3,075-acre (12 km 2) county park in Allegheny County, Pennsylvania, United States. It is the largest in the county's 12,000 acre (49 kmÂ²) network of nine distinct parks. Completed in 1931, North Park is sited 15 miles (24 km) northeast of downtown Pittsburgh in Hampton, McCandless, and Pine Townships."", 'A strong and vibrant community located centrally in the heart of Cuyahoga County. North Royalton is the perfect place to live, work and play. Generations of families, businesses and workers have been proud to call North Royalton home and we think you will too.', ""Comparable nearby homes include 618 Lincoln Dr, 38221 87th St, and 512 Short St. The closest school is Randall Consolidated School. Nearby restaurants include Salvatore's Trattoria, Mad Dan's Restaurant and El Sinaloense. This address can also be written as 313Z COUNTY ROAD F, TWIN LAKES, Wisconsin 53181."", 'Welcome to the City of North Royalton! A strong and vibrant community located centrally in the heart of Cuyahoga County.']",Cuyahoga County.,,1.0,0.3311167464120898,0.0
who wrote jude the obscure,"[""Preview â\x80\x94 Jude the Obscure by Thomas Hardy. Jude the Obscure. In 1895 Hardy's final novel, the great tale of Jude The Obscure, sent shockwaves of indignation rolling across Victorian England. Hardy had dared to write frankly about sexuality and to indict the institutions of marriage, education, and religion. But he had, in fact, created a deeply moral work."", ""David Foster Wallace. David Foster Wallace (February 21, 1962 â\x80\x93 September 12, 2008) was an American novelist, short story writer, and essayist, as well as a professor of English and creative writing. Wallace's 1996 novel Infinite Jest was cited by Time magazine as one of the 100 best English-language novels from 1923 to 2005."", 'Franklin W. Dixon. Franklin W. Dixon is the pen name used by a variety of different authors (Leslie McFarlane, a Canadian author, being the first) who wrote The Hardy Boys novels for the Stratemeyer Syndicate (now owned by Simon & Schuster). This pseudonym was also used for the Ted Scott Flying Stories series.', 'The most successful song with an Irish angle of the decade was published by the New York firm Witmark, copyright 1912; the credits were shared by George Graff Junior and Chauncey Olcott who wrote the words, and Ernest R. Ball, who composed the music.', ""These stories were popularized for the mainstream audience in the late 19th century by Joel Chandler Harris (1845â\x80\x931908), who wrote down and published many such stories that had been passed down by oral tradition. Harris also attributed the birth name Riley to Br'er Rabbit. Harris heard these tales in Georgia.""]",Thomas Hardy wrote Jude the Obscure.,,1.0,0.9527449772196025,0.0
what is the difference between thrombosis and embolism?,"['(It stays in ...An embolism is the sudden blockage of a blood vessel by an ... So the difference between the two would be a thrombosis is a blood clot which ...A venous thrombus is a blood clot (thrombus) that forms within a vein. Thrombosis is a term for a blood clot occurring inside a blood vessel.', 'But clots in deep veins (deep vein thrombosis) require immediate medical care. These clots are dangerous because they can break loose, travel through the bloodstream to the lungs, and block blood flow in the lungs (pulmonary embolism). Pulmonary embolism is often life-threatening.', 'A stroke results from one of two events, a clot or hemorrhage. Strokes Resulting From Blood Clots (Ischemic Strokes). The most common type of stroke, resulting in 70% to 80% of all cases, is caused by a blood clot or other particles blocking blood flow to the brain. This type of stroke is divided into two categories: Cerebral Thrombosis, and Cerebral Embolism. is the most common type of stroke.', 'HIT predisposes to thrombosis, the abnormal formation of blood clots inside a blood vessel, and when thrombosis is identified the condition is called heparin-induced thrombocytopenia and thrombosis (HITT).', ""Don't know what to do about it. Typically a blood clot that is formed in the lower extremities (also known as a deep vein thrombosis, or DVT) presents with enlargement/swelling of only one leg. It is much more common to have a DVT affecting one leg rather than both at the same time, though it is not impossible.""]","Thrombosis is a blood clot occurring inside a blood vessel, while an embolism is the sudden blockage of a blood vessel by an embolus, which can be a blood clot that has traveled from another location.",,0.6666666666666666,1.0,0.0
sagging meaning,"['Sagging definition, to sink or bend downward by weight or pressure, especially in the middle: The roof sags. See more.', 'what causes sagging eye lids. The most common reason for sagging eyelids is aging. In reality, the eyelids themselves do not actually sag, but rather, there is a decrease in the volume behind the eyelids. Combined with increase loosening of the skin tissues it creates an excess of skin. This excess of skin causes the eyes to look sagging and tired. If enough skin overhangs the eyelids, the vision may even become obstructed. There times that the eyelids are sagging in a young individual due to genetic factors.', 'Also known as mastopexy and breast lift surgery. A breast lift addresses sagging and uneven breasts, decreased breast volume and drooping nipples and stretched areolas (the darker area surrounding the nipples), recreating a youthful shape and lift to your breasts. breast lift, also known as mastopexy, addresses sagging and uneven breasts, decreased breast volume and drooping nipples and stretched areolas (the darker area surrounding the nipples), recreating a youthful shape and lift to your breasts.', 'When signs of fine lines and sagging start to show up on your skin, you should be vigilant about taking steps to control the damage. There are a lot of options when it comes to tightening the skin around the eyes, which can be conveniently classified into two categories: surgical and non-surgical.', 'Droopy eyelids can also be caused by trauma, surgery, or by damage to the muscles that raise the eyelids or to the nerves that control these muscles. Tumors, neurological disorders, systemic diseases, and certain drugs have also been known to cause ptosis. Depending on the cause, ptosis may be classified as: Neurogenic ptosis: Refers to the condition in which the nerves attached to the muscle are affected; Myogenic ptosis: Refers to sagging of the lid due to a problem with the muscle that raises the eyelid; Aponeurotic ptosis: Refers to the stretching and weakening of the tendon responsible for raising the eyelid']","To sink or bend downward by weight or pressure, especially in the middle.",,1.0,0.8482374158520093,0.9999999999
sales tax meaning,"[""Definition of 'sales tax'. sales tax. The sales tax on things that you buy is the amount of money that you pay to the national government, or, in the United States, to the local or state government. COBUILD Advanced English Dictionary. Copyright Â© HarperCollins Publishers"", 'A sales tax is a tax imposed by state and local governments on transactions that occur within their jurisdictions. The taxing authority determines which transactions are subject to tax and the flat rate at which the tax is calculated.', 'Sales Tax is paid to the State, usually at the Department of Motor Vehicles, when the vehicle is first purchased. Personal property tax is paid to Jackson County by December 31 of every year on every vehicle you owned on January 1.', ""DEFINITION of 'Tax Deed'. A legal document that grants ownership of a property to a government body when the property owner does not pay the taxes due on the property. A tax deed gives the government the authority to sell the property to collect the delinquent taxes and transfer the property to the purchaser. Such sales are called tax deed sales and are usually held as auctions where the minimum bid is the amount of back taxes and fees owed."", 'Use tax is generally imposed on the purchaser of tangible personal property that is used, consumed, or stored in this state. Sales of vehicles, vessels, and aircraft by licensed dealers are usually subject to sales tax, for which sales tax reimbursement is collected at the time of purchase. Use tax applies to the cost of vehicles, vessels, and aircraft purchased from non-dealers (for example, private parties) or from outside California for use in this state. Use tax also applies to most leases of tangible personal property. Private party sales or brokered transactions are normally subject to use tax. If the first use of the property occurs in California, use tax may apply even if the purchaser is not a resident of the state.']","The sales tax on things that you buy is the amount of money that you pay to the national government, or, in the United States, to the local or state government.",,0.5,0.9333087146179243,0.0
where on the map is macedonia located number,"['Macedonia is a landlocked country surrounded on the north by Serbia, on the south by Greece, on the west by Albania, and on the east by Bulgaria. The terrain of Macedonia is rather hilly, with deep basins and valleys. Macedonia has three large lakes, Lake Prespa, Lake Doiran, and Lake Ohrid.acedonia is a land-locked nation located in southeastern Europe. The current border runs along mountain chains that separate the republic from Bulgaria, Greece, Albania, and Kosovo and Serbia. Macedonia is slightly larger than the state of Vermont with a total area of 9,781 square miles (25,333 square kilometers).', ""Where is Hungary located on the world map? The given Hungary location map shows that Hungary is located in the Central Europe and it is a landlocked country.s it is shown on the Hungary map that Hungary is a landlocked country hence it has a continental climate with hot summers and mildly cold snowy winters. Interestingly, Hungary is one of the most popular tourist's destinations on the world map. Millions of tourists across the world visit Hungary every year."", 'UTC +1. Croatia (Croatian: Hrvatska) is a country situated in Southeast Europe. It is to the east side of the Adriatic Sea, to the east of Italy. It is also bordered by Slovenia to the northwest, Hungary to the north, Bosnia and Herzegovina to the southeast, Serbia in the east, and Montenegro to the south.', 'Where is Basel located on this blind map? Just click on the map right at the position where you think Basel is located. The map can be zoomed and shifted - as you are used to do with Google Maps - to ensure you can find Basel. You can drag and drop the red marker or just click anywhere else to change the location of Basel.', 'The given Singapore location map shows that Singapore is located in the South-east Asia. Singapore map also shows that it is a very small island country located nearby the southern tip of (off coast) of Malay Peninsula. Singapore is separated by the Malaysia by the Strait of Johor in the north and Strait of Singapore separates it from Indonesia in the south. The capital city of Singapore is Singapore. The small island nation is the world s fourth leading financial center. The country is in fact cosmopolitan world city.']",I cannot answer from the given context.,,0.0,0.0,0.0
what vitamin is lacking in elderly women,"['Depression in Elderly Women Linked to Vitamin B-12 Deficiency. May 11, 2000 -- Researchers have found a link between depression and deficiencies of vitamin B-12, which is thought to be essential to proper functioning of our brains and nervous systems. In a study of 700 elderly women, those with vitamin B-12 deficiencies were twice as likely as others to be severely depressed. Our most important finding was that vitamin B-12 deficiency and depression are correlated. This is the first proof of this association, says researcher Brenda W.J.H. Penninx, PhD.', ""Vitamin K's Delicate Balancing Act. April 2006. Advances in health, nutrition, and the biology of aging are enabling growing numbers of adults to achieve extended life spans.1 Some of the most surprising research findings of recent years revolve around vitamin K.2,3."", 'The results of this deficiency are catastrophic. Studies have now shown that vitamin D deficiency is associated with increased risk of a long list of diseases that span all systems in the body. In fact, low levels of vitamin D increase the risk of non-Alzheimerâ\x80\x99s dementia almost 20 times!', ""Vitamin C helps the body maintain healthy tissues and a strong immune system, and it aids in the absorption of iron. Vitamin C is also considered a powerful ally if you're trying to kick a cold. The recommended daily allowance for adult women is 75 milligrams and for adult men it's 90 milligrams.itamin C helps the body maintain healthy tissues and a strong immune system, and it aids in the absorption of iron. Vitamin C is also considered a powerful ally if you're trying to kick a cold. The recommended daily allowance for adult women is 75 milligrams and for adult men it's 90 milligrams."", 'This is Dr. Ozâ\x80\x99s list of critical vitamins that every woman should be taking. And if you know your ABCâ\x80\x99s, this list should be easy to remember! Helpful Hint: When purchasing your vitamins, check for bottles labeled 100% daily allowance on label.A Multivitamin. Multivitamins fulfill your nutritional needs for the day.o keep your brain, heart and eyes healthy, take Omega 3â\x80\x99s every day. For women, the daily dose of Omega 3s is 1000 mg; for men, the dosage is 600 mg.']",Vitamin B-12 is lacking in elderly women.,,0.0,0.9499351684485354,0.3333333333
scar meaning in swahili,"[""Sarabi, the Queen of these Lands, is Simba's mother, Nala's mother-in-law, of Kopa, Kiara and Kion paternal grandmother and Mufasa's mate. Her name means mirage in Swahili. She was appalled when her brother-in-law Scar, having seized the throne, let the hyenas take over the Pride Lands."", ""I was interested to find out what the Lion King names mean, I did after looking through books and the internet, I also found out some other cool facts. Simba means lion. Nala means gift. Sarabi mean mirage. Kopa (Simab's son in a book series) means heart. Rafiki means friend. Pumbaa means stunned or slow wittied. Shenzi means savage. Banzai means skulk or lurk. Kovu means scar. Zira means hate (Originaly she was going to be called Bianca!) Nuka means stink. Vitani was originally going to be called Shetani which means devil. All other names are real Swahili names. Rafiki's song 'Asante sana, squash banana, we we nuga, mi mi apana' means 'thank you very much, squash banana, your a baboon and i'm not'"", ""Scar is the main antagonist of Disney's 1994 animated feature film, The Lion King. He was the second son of Ahadi and Uruâ\x80\x94who were, at one time, King and Queen of the Pride Landsâ\x80\x94the younger brother of Mufasa and the uncle of Simba. He is a primary member of the Disney Villains franchise."", 'Today, the Swahili tribe reside in most of the coastal towns in Kenya and Tanzania, including Mombasa and Malindi, and on the Indian Ocean islands of Lamu, Pemba and Zanzibar.oday, the Swahili tribe reside in most of the coastal towns in Kenya and Tanzania, including Mombasa and Malindi, and on the Indian Ocean islands of Lamu, Pemba and Zanzibar.', 'Adhesions are scar tissues that form internally. Scar tissue is a dense fibrous connective tissue that forms over and/or around a healed wound or cut, and is the bodyâ\x80\x99s way of repairing damaged tissues or of protecting surrounding tissues from foreign bodies. Internal adhesions form from virtually all surgical procedures.']",I cannot answer from the given context.,,0.0,0.0,0.0
scriptural definition of idol,"['Idol definition, an image or other material object representing a deity to which religious worship is addressed. See more.', 'astro m (plural astri) ( 1 astronomy) celestial body, star. ( 2 figuratively) A person exceptionally talented or famous in a specific field; star.', ""A eunuch (/Ë\x88juË\x90nÉ\x99k/ ; Ancient Greek: Îµá½\x90Î½Î¿á¿¦Ï\x87Î¿Ï\x82) is a man who (by the common definition of the term) may have been castrated, typically early enough in his life for this change to have major hormonal consequences. Unidentified eunuch of the Ethiopian court (1st century CE), described in The Acts of the Apostles (chapter 8). 2 Philip the Evangelist, one of the original seven deacons, is directed by the Holy Spirit to catch up to the eunuch's chariot and hears him reading from the Book of Isaiah (chapter 53)."", 'Lar. n. pl. LarÂ·es (larâ\x80²lÃ¢r, Ä\x93zâ\x80²-) Laer LÃ¤r. Roman mythology a tutelary deity or spirit of An ancient. roman householdlaer). lÃ¤r. n. PlÂ·lar (esâ\x80²lar, lÃ¢râ\x80²-) Ä\x93z Laer. LÃ¤r roman mythology a tutelary deity or spirit Of an. [Ancient. roman household latin', 'Definition of ALLEGORICAL. 1. : of, relating to, or having the characteristics of allegory. 2. : having hidden spiritual meaning that transcends the literal sense of a sacred text.']",An idol is defined as an image or other material object representing a deity to which religious worship is addressed.,,1.0,0.8780415140085566,0.0
who is maryam mirzakhani,"['Maryam Mirzakhani. Maryam Mirzakhani (Persian: Ù Ø±Û\x8cÙ Ù Û\x8cØ±Ø²Ø§Ø®Ø§Ù\x86Û\x8câ\x80\x8eâ\x80\x8e), born on May 3, 1977, is an Iranian-American mathematician and a professor of mathematics at Stanford University. Her research topics include TeichmÃ¼ller theory, hyperbolic geometry, ergodic theory, and symplectic geometry.', 'Mary T. Barra. Mary Barra is Chairman and Chief Executive Officer of General Motors Company. Barra was elected Chairman of the GM Board of Directors on January 4, 2016, and has served as CEO of GM since January 15, 2014.', 'Janet Ann Napolitano (/nÉ\x99pÉ\x92láµ»Ë\x88tÃ¦noÊ\x8a/; born November 29, 1957) is an American politician, lawyer, and university administrator who served as the 21st Governor of Arizona from 2003 to 2009 and United States Secretary of Homeland Security from 2009 to 2013, under President Barack Obama.', ""Top definition. Ahlam. A really amazing girl. She is intelligent, sincere, talented, outgoing and charismatic. A really lucky person. She is a crazy flirt who can't help herself. But she is unique. She is beautiful, from inside and from outside."", 'Professional Statement. Debora Zivari is a generous and dedicated Dentist in Forest Hills, NY. She earned her dental degree from New York Universityâ\x80\x99s School of Dentistry and has been in practice for over 20 years. Dr. Zivari practices general dentistry and performs everything from regular teeth cleaning to root canals, implants, crowns, and gum surgery. She provides treatments for TMJ, broken teeth, and various dental emergencies.']","Maryam Mirzakhani is an Iranian-American mathematician and a professor of mathematics at Stanford University. Her research topics include Teichmüller theory, hyperbolic geometry, ergodic theory, and symplectic geometry. She was born on May 3, 1977.",,1.0,0.7586515827607613,0.0
blisovi dangerous side effects,"['Blisovi Fe 1.5/30 (28) oral Side Effects Nausea, vomiting, headache, bloating, breast tenderness, swelling of the ankles/feet (fluid retention), or weight change may occur. Vaginal bleeding between periods (spotting) or missed/irregular periods may occur, especially during the first few months of use.', 'Common valacyclovir side effects may include: 1 nausea, stomach pain; 2 headache; 3 rash; or. 4 tired feeling.', 'Other common side effects may include: 1 tingly feeling, weakness, lack of coordination; 2 dry mouth, nausea, vomiting, constipation, diarrhea; 3 blurred vision, ringing in your ears; 4 breast swelling (in men or women); or. 5 decreased sex drive, impotence, or difficulty having an orgasm.', 'Most Common Side Effects of Cefdinir: 1 Diarrhea. 2 Vaginal yeast infections. 3 Nausea. 4 Headache, dizziness. 5 Stomach pain. 6 Vaginitis. 7 Gas. 8 Mild itching or skin rash.', 'A very serious allergic reaction to this drug is rare. However, get medical help right away if you notice any symptoms of a serious allergic reaction, including: rash, itching /swelling (especially of the face/ tongue /throat), severe dizziness, trouble breathing. This is not a complete list of possible side effects.f any of these effects persist or worsen, tell your doctor or pharmacist promptly. Remember that your doctor has prescribed this medication because he or she has judged that the benefit to you is greater than the risk of side effects.']",I cannot answer from the given context.,,0.0,-0.0,0.699999999965
what month is the balloon festival in new mexico,"[""Hot Air Balloon Rides in Albuquerque during the Largest Balloon Festival in the World. We offer hot air balloon flights during the time of the big Balloon Festival in Albuquerque (October 5th - 17th, 2017). As with all hot air balloon companies in Albuquerque other than the Festival's contracted balloon ride concessionaire, we are not participants in the event."", 'October 8, 2015 â\x80¢ 16 Comments. Ballon Fiesta Visitors Guide to Albuquerque Strip Clubs. If you are visiting Albuquerque for the Balloon Fiesta you can have fun in several strip clubs. While Albuquerque is not a destination strip club city, I think the clubs are above average for the US and well worth visiting.', ""The New Mexico skies are painted as hundreds of balloons lift off from Albuquerque's Balloon Fiesta Park. Nothing rivals the power of Mass Ascension on crisp early mornings as these graceful giants leave the ground to take their place in the cerulean desert sky."", 'Central Region. Set in the heart of the state, Albuquerque is New Mexicoâ\x80\x99s biggest city, and gateway to this striking region along the RÃ\xado Grande. Here youâ\x80\x99ll find abundant Native culture, a lively entertainment scene, filmmaking hotspots, dining, shopping, and the worldâ\x80\x99s largest balloon fiesta. Featured Video NM True TV: Central NM.', ""But at the same time, several high-profile UFO researchers discounted the possibility that the incident had anything to do with aliens. 2013 marked the 66th anniversary of the UFO crash in Roswell, New Mexico, July 1947. Today's animated google doodle celebrated the Roswell Incident in the form of a video game.""]",The balloon festival in New Mexico is in October.,,1.0,0.913985297111562,0.0
> what is powershell,"['Ksh, Perl, C#, CL, DCL, SQL, Tcl, Tk, Chef, Puppet. PowerShell (including Windows PowerShell and PowerShell Core) is a task automation and configuration management framework from Microsoft, consisting of a command-line shell and associated scripting language built on the .NET Framework and .NET Core.', 'PowerShell ISE - Computer Definition. ( 1 PowerShell Integrated Scripting Environment) The Windows integrated development environment (IDE) for executing PowerShell commands and creating PowerShell applications. See PowerShell.', 'Microsoft Windows PowerShell 4.0. Microsoft Windows PowerShell 4.0 is the version of the PowerShell scripting language found in Windows Server 2012 R2. Microsoft Windows PowerShell Direct. Microsoft Windows PowerShell Direct is a feature of Windows Server 2016 and Windows 10 that allows a user to manage a VM without ... Remoting (PowerShell Remoting)', 'and. HKEY_LOCAL_MACHINE\\SOFTWARE\\Microsoft\\PowerShell\\3\\PowerShellEngine\\PowerShellVersion. To determine the version of PowerShell that is installed from a .ps1 script, you can use the following one-liner, as detailed on PowerShell.com in Which PowerShell Version Am I Running.KEY_LOCAL_MACHINE\\SOFTWARE\\Microsoft\\PowerShell\\3\\PowerShellEngine\\PowerShellVersion. To determine the version of PowerShell that is installed from a .ps1 script, you can use the following one-liner, as detailed on PowerShell.com in Which PowerShell Version Am I Running.', 'Rambling. When I first started using PowerShell, I preferred sending data to Excel, where I could comfortably filter, sort, and work with data. One of my first functions was a modification of Export-XLSX found on the Internet.That same code sits in a few places in production today; looking at old code is scary.hen I first started using PowerShell, I preferred sending data to Excel, where I could comfortably filter, sort, and work with data. One of my first functions was a modification of Export-XLSX found on the Internet.']","PowerShell is a task automation and configuration management framework from Microsoft, consisting of a command-line shell and associated scripting language built on the .NET Framework and .NET Core.",,1.0,0.9799993710738774,0.9999999999
what states are reciprocal with massachusetts,"['The following group of eleven states offers complete reciprocity with Massachusetts: CT, RI, WV, NE, IA, TN, MI, CO, GA, PA, and NM. In addition, there are four states with specific conditions for real estate license reciprocity: OK, NY, NH and ME.', 'Alabama | Alaska | Arizona | Arkansas | California | Colorado | Connecticut | Delaware | District of Columbia | Florida | Georgia | Idaho | Illinois | Indiana | Iowa | Kansas | Kentucky | Louisiana | Maine | Maryland | Massachusetts | Michigan | Minnesota | Mississippi | Missouri | Montana | Nebraska | Nevada | New Hampshire | New Jersey | New ...', 'Massachusetts Marijuana Laws. Marijuana possession, sale, and manufacture are regulated by both state and federal law. In Massachusetts, marijuana is classified as a class D substance, and until recently was completely illegal. (Mass.', 'Texas is one of just 16 states that still has a sales tax holiday for back to school items. Massachusetts recently dropped it because the state couldnâ\x80\x99t afford to lose $25 million at a time when the budget is $750 million in the red. Texas is actually doubling down on â\x80\x9ctax-freeâ\x80\x9d weekends. Over the past few years, the state has added three additional â\x80\x9csales tax holidaysâ\x80\x9d for various items. This past spring was the first time the state offered certain emergency preparation supplies tax-free.', 'To date, 15 state legislatures have enacted laws increasing the minimum wage in 2016: Alaska; Arkansas; California; Connecticut; District of Columbia; Hawaii; Maryland; Massachusetts; Michigan; Minnesota; Nebraska; New York;8 Rhode Island;9 Vermont; and West Virginia.']","The states that offer complete reciprocity with Massachusetts are CT, RI, WV, NE, IA, TN, MI, CO, GA, PA, and NM. Additionally, there are four states with specific conditions for real estate license reciprocity: OK, NY, NH, and ME.",,0.6666666666666666,0.713721781658271,0.0
what is the real color of saturn,"['Saturn is described as having a yellowish-brown color. This is due to the presence of trace amounts of ammonia, hydrocarbons, water vapor and phosphine in its atmosphere.', 'Saturn Sky car review. The Saturn Sky is one of the most exciting new vehicles to come down the pike, not because of its blazing speed (itâ\x80\x99s not all that fast), its excellent cornering and road feel, or its technology; but because it provides the looks of the first-generation Dodge Viper in a cute, sporty, small package.', 'Saturn in a medium telecope (180x power) [2]. Saturn in a large, quality telescope (360x power) [3]. This is how the planets look during moderate seeing. An experienced observer with a quality, properly collimated and cooled optics might be able to use higher powers and resolve more surface details.', 'Credit: NASA/JPL/Space Science Institute. Saturnâ\x80\x99s moon Titan seems to have little in common with Earth. At just 93 Kelvin, the giant moon is beyond ice cold, and its atmosphere is dominated by methane rather than nitrogen and oxygen. But in July, radar on NASA-ESAâ\x80\x99s Cassini-Huygens mission found a landscape with a striking resemblance to Earth.', 'The period of Sade-sati starts when Saturn enters the zodiac sign immediately before the zodiac sign of Moon at the time of the birth of the individual. That is, if the Moon sign (Ayamsha) at the time of birth of the native was Taurus, then the Sadesati will begin when Saturn enters sign Aries.']",Saturn is described as having a yellowish-brown color.,,1.0,0.8909460392288037,0.0
how to change ip address on netgear router,"['To change the WAN IP (external IP) address of the router, you have 2 options : - Go into the parent router (for exemple : the box) to set a static IP address for your router. So your router will always receive the same IP address. - Go into the Netgear router to set the IP address to use. The possibility that we will use.', 'Forward Ports. Now that you have a static IP assigned to your computer or other network device, log in to your routerâ\x80\x99s interface and open a port. 1. Open a Web browser, type your Default Gateway number into the address bar, and press Enter.2.Enter your username and password to access your routerâ\x80\x99s interface.The default username and password should be listed in your routerâ\x80\x99s documentation, on a sticker on the side of your router, or on the Port Forward website.. Open a Web browser, type your Default Gateway number into the address bar, and press Enter. 2. Enter your username and password to access your routerâ\x80\x99s interface. The default username and password should be listed in your routerâ\x80\x99s documentation, on a sticker on the side of your router, or on the Port Forward website.', 'Re: How To Change IP Address. If you are with a cable ISP then in the router Basic Settings page you should have a set of options relating to the MAC address. If you change from the â\x80\x98Defaultâ\x80\x99 to â\x80\x98Use Computer MACâ\x80\x99 then a new MAC address will be seen by the modem.', ""Finding the IP Address. Make sure your computer is connected to your Wi-Fi network. In Windows 8.1, click Network in the bottom-left menu of File Explorer and then right-click your Wi-Fi router and select Properties. Click the Network Device tab in the Properties window to see the router's IP address. The IP address is at the bottom of the router's Properties window."", ""Finding the IP address for your Router. Your router IP is determined by the brand of router you use. For example Linksys routers use 192.168.1.1, while D-Link routers usually use 192.168.0.1.The documentation that comes with your router will provide your router IP address, however if you can't find your manual you can find the IP address using ipconfig.Type cmd in the search or run box from your Windows Start Menu.or example Linksys routers use 192.168.1.1, while D-Link routers usually use 192.168.0.1. The documentation that comes with your router will provide your router IP address, however if you can't find your manual you can find the IP address using ipconfig. Type cmd in the search or run box from your Windows Start Menu.""]","To change the IP address on a Netgear router, you can go into the Netgear router settings and set the IP address to use.",,0.5,0.9709602965425866,0.0
cooperative building definition,"['Rating Newest Oldest. Best Answer: A co-op apartment or a housing cooperative is a unit in generally a large building that is leased exclusively to the person who purchases it. Buying a co-op apartment is different than buying a house.', 'Cooperative education (or co-operative education) is a structured method of combining classroom-based education with practical work experience. A cooperative education experience, commonly known as a co-op, provides academic credit for structured job experience. Cooperative education is taking on new importance in helping young people to make the school-to-work transition, service learning, and experiential learning initiatives.', 'Cooperative Extensionâ\x80\x99s mission are: 1 Sustaining agriculture and forestry. 2 Protecting the environment. 3 Maintaining viable communities. 4 Developing responsible youth. 5 Developing strong, healthy and safe families.', 'Define building: a usually roofed and walled structure built for permanent use (as for a dwelling) â\x80\x94 building in a sentence a usually roofed and walled structure built for permanent use (as for a dwelling); the art or business of assembling materials into a structureâ\x80¦ See the full definition', 'Share this Article. Real-estate lawyers in New York tread carefully when a client asks about buying in a land-leased/ground-leased building, where the cooperative (and in rare instances, the condominium) owns the building, but not the land on which it sits. Instead, the co-op typically has a long-term lease on the propertyâ\x80\x94very long term, as in up to 99 years.']",I cannot answer from the given context.,,0.0,0.0,0.0
department of labor sedentary definition,"['Exertional levels as outlined in the Standards of U.S. Department of Labor as defined in the Dictionary of. Occupational Titles (DOT) â\x80¢ SEDENTARY: work involves exerting up to 10 pounds of force occasionally or a. negligible amount of force frequently to lift, carry, push, pull, or otherwise move. objects, including the human body.', 'The Bureau of Labor Statistics (BLS) is a unit of the United States Department of Labor. It is the principal fact-finding agency for the U.S. government in the broad field of labor economics and statistics and serves as a principal agency of the U.S. Federal Statistical System.82), June 13, 1888. It was incorporated, as the Bureau of Labor, into the Department of Commerce and Labor by the Department of Commerce Act (32 Stat. 827), February 14, 1903. Finally, it was transferred to the Department of Labor in 1913 where it resides today.', 'manÂ·uÂ·al. adj. 1. a. Of or relating to the hands: manual skill. b. Done by, used by, or operated with the hands. c. Employing human rather than mechanical energy: manual labor.. Prescribed movements in the handling of a weapon, especially a rifle: the manual of arms. 5. A maneuver in certain board sports, such as skateboarding, in which all of the board except one end is lifted off the ground, especially when the tip of the board is kept from making contact with the ground.', 'The Employment Development Department (EDD) is one of the largest state departments with employees at hundreds of service locations throughout the state. For more than 70 years, we have connected millions of job seekers and employers in an effort to build the economy of the Golden State.', 'Word forms: labor camps regional note: in BRIT, use labour camp countable noun A labor camp is a kind of prison, where the prisoners are forced to do hard, physical work, usually outdoors.']","Sedentary work involves exerting up to 10 pounds of force occasionally or a negligible amount of force frequently to lift, carry, push, pull, or otherwise move objects, including the human body.",,1.0,0.5687742134396719,0.9999999999
difference between mozzarella and cheddar,"['Even though mozzarella is white in color, many a time it does change its color to yellow as well. This is probably because of the animalâ\x80\x99s diet that shows the effect. Whereas, cheddar is white and slightly yellow in color. At the same time, mozzarella is not very hard in texture, whereas, cheddarâ\x80\x99s texture is very hard. Whereas, the texture of mozzarella is semi-soft. In the preparation of both the types of cheese, milk is used. Milk being the common component, yet different types of milk is used. Cheddar is made up of cowâ\x80\x99s milk and mozzarella is made up of buffaloâ\x80\x99s milk. This is the most essential and prominent difference among these two cheese. Mozzarella has a longer shelf life; it can be preserved and stored in the refrigerator for the span of a month or so.', 'The Difference Between Mozzarella and Cheddar Cheese. Mozzarella and Cheddar are the two types of cheeses which shows prominent differences among them when it comes to its method of preparation and their nutrient content. Mozzarella is said to be originated from Italy, where theCheddar cheeseis known to have originated from a small village known as cheddar in Somerset situated in England.', ""First, it is one of the four cheeses to supposedly have been created in the United States. It is said to be a descendent of the semi-soft Italian cheese that fed Caesar's armies.. A booklet from the Kraft Food Co. dated 1954 calls Monterey jack cheese a mild buffet and sandwich cheese made something like cheddar.."", 'The best known processed cheese in the United States is marketed as American cheese by Kraft Foods, Borden, and other companies. It is orange, yellow, or off-white; and mild, with a medium consistency, and melts easily. It is typically made from a blend of cheeses, most often Colby and Cheddar. Another type of processed cheese created in the United States is Provel pasteurized processed pizza cheese, which uses Cheddar, Swiss, and provolone cheeses as flavorants.', ""lillie One gallon of milk will yield about 1 pound of cheese. ($2.39 for the milk, so 1 pound of fresh mozzarella was less than $2.50). Homemade Mozzarella Cheese is one of the easiest cheeses to make, it only takes 30 minutes and the taste can't be beat! be neat to try this.""]","Mozzarella is made from buffalo's milk and has a semi-soft texture, while cheddar is made from cow's milk and has a very hard texture. Mozzarella is typically white but can turn yellow due to the animal's diet, whereas cheddar is white and slightly yellow. Additionally, mozzarella has a longer shelf life and can be stored in the refrigerator for about a month, while cheddar does not have this specified shelf life. Mozzarella originated from Italy, while cheddar originated from a village in Somerset, England.",,0.9166666666666666,0.9538024658356626,0.0
calories in a flour wrap,"['Calories in Wraps. The favorite choice for the term Wraps is 1 7-8 Flour Tortilla which has about 140 calories. Calorie and nutritional information for a variety of types and serving sizes of Wraps is shown below. Popular Types of Wraps.', 'Calories In turkey lunch meat wrap Calories: 335, Fat: 20g, Carbs: 9g, Protein: 32g, Fiber: 1g. Calories In Turkey Lunch meat wrap Calories: 151, Fat: 0g, Carbs: 2g, Protein: 0g, Fiber: 1g. Calories Burned For Sky Diving. Calories Burned For Sledding.', ""There are 280 calories in 1 wrap of Dunkin' Donuts Turkey Sausage Wake-Up Wrap. You'd need to walk 73 minutes to burn 280 calories. Visit CalorieKing to see calorie count and nutrient data for all portion sizes."", 'Spinach Wraps. Health Food Imposter. It looks green and good for you, but spinach powder is a scant ingredient. These wraps are typically made from refined white flour, and the green hue primarily comes from food colorings (Blue No. 1 and Yellow No. 5.).', 'Honey and maple syrup are the most similar in calorie content. Pure maple syrup contains 52 calories per tablespoon. A 1-tablespoon serving of honey contains 64 calories.The numbers are similar in small amounts -- extrapolate that to 1 cup for baking, however, and pure maple syrup contains 819 calories in comparison to honeyâ\x80\x99s 1,031 calories.oney and maple syrup are the most similar in calorie content. Pure maple syrup contains 52 calories per tablespoon. A 1-tablespoon serving of honey contains 64 calories.']",The favorite choice for the term Wraps is 1 7-8 Flour Tortilla which has about 140 calories.,,1.0,0.3878428022215916,0.0
how big are hedgehog litters,"['Most baby hedgehogs are born in June and July, with an average litter size of four or five young, of which two or three are usually weaned successfully. The mother is liable to desert or even eat the young if she is disturbed. Young hedgehogs will leave the nest when they are around three to four weeks old to go on foraging trips with their mother. After around ten days of foraging with their mother the young will wander off on their own.', 'The average hedgehog has about 5,000 to 6,500 quills that are strong on the outer surface but filled with air pockets on the inside. When the creature is rolled into a ball, the quills on the back protect the tucked head, feet, and belly, which are not quilled.edgehogs have a relatively long lifespan for their size. Larger species of hedgehogs live 4â\x80\x937 years in the wild (some have been recorded up to 16 years), and smaller species live 2â\x80\x934 years (4â\x80\x937 in captivity), compared to a mouse at 2 years and a large rat at 3â\x80\x935 years.', 'Housing Hedgehogs. Hedgehogs need a safe and secure home that they can not climb out of or squeeze through the bars. The home should provide adequate ventilation/circulation, but not be drafty.And it should be large enough to provide needed exercise.A minimum of 16â\x80\x9d x 24â\x80\x9d is recommended.lso make sure that they can not climb on any other cage accessories such as the hiding place or an exercise wheel if it were to get jammed or tipped over, thus, enabling the hedgehog to climb out. Aquariums: Many people prefer aquariums because of the nice look and ease of viewing their pet.', ""The average litter size is two to three kittens, and they are born after a gestation period of 50 to 60 days. The bobcat kitten's fur is spotted when they are born and as they get older the spots fade into light black streaks. The kittens eyes do not open until about nine days old. The young are weaned in about two months."", 'For historicaldetails, please click on: a BriefHistory of the Breed. The Coton stands between about 9.5 and 13-inches (24 to 33 cm) tallat the withers (shoulders). (Note: a taller variety of Coton isknown, but has yet to be described with a standard, see The Coton de Tulear News, Vol.9, No. 3, Fall, 1997. To learn more about these magnificentTallCotons, please click here.).']","The average litter size of hedgehogs is four or five young, with two or three usually weaned successfully.",,1.0,0.8545100045029604,0.0
strategery definition,"['uk â\x80\x8b /Ë\x8ciË\x90vÉ\x99Ë\x88luË\x90Ê\x83É\x99n/ us â\x80\x8b. â\x80º a gradual process of change and development: the evolution of sth The evolution of modern management began in the last decades of the nineteenth century. evolution from sth to/into sth As CEO he has overseen the companyâ\x80\x99s evolution from a small agency into a top-rated global firm.', ""A creative strategist is somebody with answers. Na, not answers you might expect. Answers, though, that are I wouldn't say they're correct, because that's a little presumptuous."", ""stooge. A stooge is a person who will try and take every dollar you have, and then save those dollars for any cause that doesnt involve giving it to friends, or family. These stooges are often in 'stooge denial'. You can spot a stooge, at events where free food is served."", 'A straddle is any set of offsetting positions on personal property. One example, is a put and call option on the same number of shares of a particular security, with the same exercise price and expiration date.', 'Strategy-Definition and Features. The word strategy is derived from the Greek word strat gos; stratus (meaning army) and ago (meaning leading/moving). Strategy is an action that managers take to attain one or more of the organizations goals. Strategy can also be defined as A general direction set for the company and its various components to achieve a desired state in the future. Strategy results from the detailed strategic planning process. A strategy is all about integrating organizational activities and utilizing and allocating the scarce resources within the organizational environment so as to meet the present objectives.']",I cannot answer from the given context.,,0.0,0.0,0.0
hopalong cassidy's horse's name,"[""Hopalong Cassidy's horse was named Topper. The horse was discovered on a ranch in 1937 and named Topper by the wife of the actor who played Hopalong Cassidy on film and television. The horse was named after the Topper book series by Thorne Smith. Continue Reading."", 'Cassidy is a given name derived from an Irish surname and ultimately from the Gaelic given name Caiside, meaning clever or curly-haired..The name Caiside comes from the Gaelic word element cas, according to Behindthename.com. Cassidy was the 244th most popular name for girls born in the United States in 2009.he name Caiside comes from the Gaelic word element cas, according to Behindthename.com. Cassidy was the 244th most popular name for girls born in the United States in 2009.', ""Making the world better, one answer at a time. The name of The Phantoms horse is 'Hero' and his dog is called 'Devil'.aking the world better, one answer at a time. The name of The Phantoms horse is 'Hero' and his dog is called 'Devil'."", '1 John Horse (ca. 1812â\x80\x931882) - African-American military adviser to the chief Osceola and a leader of Black Seminole units fighting against United States (US) troops during the Seminole Wars in Florida. 2 He was a Seminole slave of Spanish, Seminole, and African American descent.', 'The Gyspy Horse known in America as the Gypsy Vanner or the Gypsy Cob was developed by the Gypsies or Romany folk of England and Ireland. They are also called Irish Cobs, Tinker Horses, and Romany Horse. For nearly 100 years the Gypsies have bred and used these colorful horses to pull their ornate caravans and carts.t is on the critical list of the American Livestock Breeds Conservancy and is considered at risk by the Rare Breeds Survival Trust in Great Britain, its native country. Currently there is one registry in America that registers the Shire, the American Shire Horse Association.']",Topper,,1.0,0.09311774514804844,0.0
