user_input,retrieved_contexts,response,reference,ragas_faithfulness,ragas_answer_relevancy,ragas_context_relevancy
botulinum definition,"['medical Definition of botulinum toxin : a very powerful neurotoxin that causes botulism and is produced by the botulinum bacterium (Clostridium botulinum); also: botulinum toxin type a Note: Botulinum toxin acts primarily on the parasympathetic nervous system.', 'botulinum and E.', 'There are five main kinds of botulism: 1  Foodborne botulism can happen by eating foods that have been contaminated with botulinum toxin. 2  Wound botulism can happen if the spores of the bacteria get into a wound and make a toxin. 3  Infant botulism can happen if the spores of the bacteria get into an infantâ\x80\x99s intestines.', 'Also, botulinum toxin does not pass into breast milk.', 'Definition of ichor.']",Botulinum toxin is a very powerful neurotoxin that causes botulism and is produced by the botulinum bacterium (Clostridium botulinum); it acts primarily on the parasympathetic nervous system.,,1.0,0.6895200203525457,0.0
central city definition,"['Definition of central city. : a city that constitutes the densely populated center of a metropolitan area.', 'Central Jersey. Central Jersey is the central region of the U.S. state of New Jersey. The designation of central New Jersey with a distinct toponym is a colloquial one rather than an administrative one, with no official definition and even a contentious taxonomic existence.', 'Central Time Zone in the United States. 1  The Central Time Zone, includes that part of the United States that is west of the boundary line between the eastern and central standard time zones (view) and east of the boundary line between the central and mountain standard time zones described (view). Five states are in both the eastern and central time zones.', 'Central Time, or CT, is actually a blanket term used to describe the areas that observe either the Central Standard Time or Central Daylight Time. Central Standard Time is six hours behind the Coordinated Universal Time standard, written as an offset of UTC - 6:00.', 'Central Region.']",A central city is defined as a city that constitutes the densely populated center of a metropolitan area.,,1.0,0.9110079422043438,0.0
hotels in thornton co,"['Econo Lodge Thornton -Denver North, a Thornton hotel near Downtown Denver. 1  For everything you need while on the road, book with our Econo LodgeÂ® Thornton-Denver North hotel in Thornton, CO near Downtown Denver to explore Colorado with ease. Visit these popular attractions near this pet-friendly discount hotel in Thornton during your stay in Colorado: Denver Botanic Gardens.', 'Thornton Hotels. Candlewood Suites Denver North - Thornton. Welcome to the Candlewood Suites Thornton serving Northglenn, Westminster, Brighton, Commerce City, Broomfield, and Thornton.', ""Hampton Inn Denver-North/Thornton. From Business: Property Location With a stay at Hampton Inn Denver Thornton in Thornton, you'll be close to Boondocks Food and Fun and Thorncreek Golf Course."", 'Hotels in Jackson.', 'Comfort Suites Norwich - Book your stay at Hotels in Norwich CT and Norwich CT Hotels and Foxwoods Casino Area Hotels, Mohegan Sun area hotels. Get information on Norwich CT Hotels, Foxwoods Casino Area Hotels, Mohegan Sun area hotels and Hotels in Norwich CT from www.comfortsuitesnorwich.com.']","The context mentions the following hotels in Thornton, CO: Econo Lodge Thornton - Denver North, Candlewood Suites Denver North - Thornton, and Hampton Inn Denver-North/Thornton.",,1.0,0.8911411947017431,0.3333333333
how bicycle tire tubes are sized,"['a UCI rule stating the length and the width of the bicycle tubes cannot exceed the ratio of 3:1.', 'Inspect the sidewall of the bicycle tire that needs a new tube.', 'Do not attempt to inflate the tire using a standard hand pump. Mounting and inflating tubeless bicycle tires requires a rapid burst of air pressure.', 'They are usually sized to fit multiple sizes of tubing, so sizing is not that important.', 'The tire size will be printed there in raised numbers along with the recommended tire pressure and possibly other information.']","They are usually sized to fit multiple sizes of tubing, so sizing is not that important.",,1.0,0.0,0.0
"synonyms for the word, decline","['See Synonyms at refuse 1.', 'decline | definition: grow worse | synonyms: retrogress, slip, tumble, deprive, fall away, drop away, degenerate, fail, suffer, come down, sicken, worsen, deteriorate, lose, impoverish, inflame, turn down, drop off, drop, turn, retrograde, regress, devolve, change state| antonyms: better, enrich, recuperate, progress, advisable', 'But medications might slow that decline and help with symptoms, such as behavior changes.', 'Thesaurus Antonyms Related Words Synonyms Legend: Switch to new thesaurus .', ""Failing Economy and High Inflation Unemployment working class The 'Mob' and the cost of the Gladiatorial Games Decline in Ethics and Values Slave Labor Natural Disasters Christianity Barbarian Invasion Major Causes For The Empire to Decline One of the main causes for the fall of the Roman Empire were problems between the Senate and the Emperor.""]","retrogress, slip, tumble, deprive, fall away, drop away, degenerate, fail, suffer, come down, sicken, worsen, deteriorate, lose, impoverish, inflame, turn down, drop off, drop, turn, retrograde, regress, devolve, change state",,1.0,0.9678318937954188,0.49999999995
causes for uti in women,"['UTI vs.', 'A UTI is an infection anywhere in the urinary tract.', 'in many cases gbs colonization of the urinary tract in women probably occurs by an ascending route from the vagina where gbs can persist asymptomatically gbs is cultured from approximately 2 % of all uti cases de mouy et al 2007 munoz et al 1992 persson et al 1988', 'Two microorganisms account for the majority of cases of uncomplicated UTI and pyelonephritis. Approximately 80% of acute uncomplicated UTIs are caused by E.', 'Healing Nutrition for UTI and Bladder Infections.']",I cannot answer from the given context.,,0.0,-0.0,0.0
how long does respite last,"[""At assisted living communities, temporary care respite stays are usually less than one month long, and can cost between $75 to $200 per day, according to 2012 Genworth.com data. It's important to keep in mind that the cost of respite care varies with the type of agency and services the person needs."", ""One important function of respite care is that it allows you to take a break from being a caregiver so that you can manage the other important responsibilities in your life. The Alzheimer's Association said that people often use respite care to give them time to run errands during the week."", 'Duration of a Miscarriage. How long does a miscarriage last? Miscarriages can last from one day to about 3 weeks in duration.', 'How Long it Lasts.', 'For how long it lasts I have seen 1 week, 2 weeks, and several weeks.']",I cannot answer from the given context.,,0.0,0.0,0.0
task definition,"['Be sure task has current folder set or use full path.', 'The definition of sisyphean is a task that is endless and cannot ever be completed. An example of a Sisyphean task is a task that will never be done no matter how long you work at it. Sisyphean', 'Nursesâ\x80\x99 responsibilities for tasks delegated to them by a medical provider include direction and competence to perform the task with consultation and supervision of the medical provider. The law goes on to define the responsibilities involved in the process of delegation of a nursing task to someone less skilled. Delegation of a nursing task involves assessment of the knowledge and skill level of those supervised, providing direction, assistance, observation and', 'â\x80¢ Time to complete a task (which could be measured to fractions of seconds).', 'Hold down Ctrl and click the two tasks you want to link (in the Task Name column).']",I cannot answer from the given context.,,0.0,0.0,0.0
technology working group definition,"['2.0 Promoter Group technical working groups.', ""Convene a working group comprised of representatives of compliance, affected business lines, IT, and internal audit to understand the Beneficial Ownership Rule's impact on operations and business prospects."", 'Working in a team oriented environment can be tough, especially when each person in the group wants to implement their best ideas, show their worth to the group and have a strong impact on the project and company as a whole.', 'Technology can be most broadly defined as the entities, both material and immaterial, created by the application of mental and physical effort in order to achieve some value. In this usage, technology refers to tools and machines that may be used to solve real-world problems.', 'This definition appears very rarely and is found in the following Acronym Finder categories: Information technology (IT) and computers.']",I cannot answer from the given context.,,0.0,0.0,0.0
temperature in clearwater florida per month,"['Clearwater Beach: Annual Weather Averages. January is the hottest month in Clearwater Beach with an average temperature of 59 Â°F (15 Â°C) and the coldest is January at 59 Â°F (15 Â°C). Average Temperature: Clearwater Beach Loading weather data.', 'Days per month in Clearwater of at least 70, 80 or 90 Â°F.', 'The warmest month of the year is July with an average maximum temperature of 91.00 degrees Fahrenheit, while the coldest month of the year is January with an average minimum temperature of 47.10 degrees Fahrenheit.', ""Clearwater Beach, located on Central Florida's West Coast and home to the nightly Pier 60 Sunset Celebration, has an overall average high temperature of 83Â° and an average low of 63Â°."", 'The warmest month of the year is July with an average maximum temperature of 89.30 degrees Fahrenheit, while the coldest month of the year is January with an average minimum temperature of 31.40 degrees Fahrenheit.']",I cannot answer from the given context.,,0.0,-0.0,0.0
the cast of emoji movie,"['The Emoji Movie is a 2017 American 3D computer-animated comedy film directed by Tony Leondis, and written by Leondis, Eric Siegel and Mike White, based on the trend of emojis.', ""The film centers on Gene, a multi-expressional emoji who lives in a teenager's phone, and who sets out on a journey to become a ..."", 'Dwayne Johnson and Zac Efron will star in the big screen revival, and the cast of C.J.', 'Read the The Lords of Flatbush plot and find out who is in the cast and crew at Movies.com.', ""Here's a recipe for disaster: a low-budget movie with a cast that's never acted before, a first-time director, and a star who refuses to do publicity.""]",I cannot answer from the given context.,,0.0,0.0,0.0
the economics is or are,"['Economics is the study of: A.', 'Economics is a social science, and, unlike the physical sciences, cannot engage in controlled experimentation to demonstrate how variables are connected.', 'The Principles of Economics Frank A.', 'Business economics is the study of the financial issues and challenges faced by corporations operating in a specified marketplace or economy. Business economics deals with issues such as business organization, management, expansion and strategy.', ""1  Natural resource economics focuses on the supply, demand, and allocation of the Earth's natural resources. 2  Every man-made product in an economy is composed of natural resources to some degree. 3  Natural resources can be classified as potential, actual, reserve, or stock resources based on their stage of development.""]",I cannot answer from the given context.,,0.0,0.0,0.0
britne oldford worth,"['Britne Oldford Net Worth is $100,000 Britne Oldford Biography 19 Synopsis: Twenty-three yrs .', 'old Britne Oldford is certainly a Canadian film and television actress, whoâ\x80\x99s best known on her behalf attractive function as Eddie Campbell on the American remarks of Skins.', 'Her estimated net worth is $100 million, according to reports on Celebrity Net Worth and The Richest, and she was already pulling in $40,000 for motivational speaking tours when she was known as Bruce.', 'Sam Waterston. Sam Waterston Net Worth is $35 Million. Samuel Atkinson Sam Waterston is an American actor and occasional producer and director, with a net worth of $35 million. Sam Waterston has earned his net worth from many movie and TV roles such as Award-win. Samuel Atkinson Sam Waters...', 'This is currently worth around US$13.']","Britne Oldford's net worth is $100,000.",,0.0,0.8713915281453181,0.0
does flomax cause liver damage,"['Food and Drug Administration (FDA) warned about the risk of liver damage in 2009 and again in 2012.', 'Long-term effects on the body from products that contain acetaminophen can lead to severe liver damage and liver failure.', 'Strattera can cause liver injury in some patients.', 'White phosphorus can also cause severe liver damage on ingestion.', '1 exposure to poisons â\x80\x93 can damage the liver because one of the liverâ\x80\x99s main roles is to remove toxins from the blood. Prolonged exposure to environmental toxins such as arsenic can damage the liver and lead to cirrhosis.']",I cannot answer from the given context.,,1.0,-0.0,0.0
united home life insurance phone number,"['United Home Life Insurance Company(UHL) 225 S.', 'Best: A- (Excellent) BBB: A-About: United Home Life Insurance Company was formed in 1948.', '210-531-USAA (or 210-531-8722) Phone Menu Tips for Auto and Property Insurance Claims(Opens Pop-up Layer) 800-531-USAA (or 800-531-8722) Phone Menu Tips for Auto and Property Insurance Claims(Opens Pop-up Layer)', ""This People's United Bank phone number is ranked #3 out of 6 because 774 People's United Bank customers tried our tools and information and gave us feedback after they called. The reason customers call 800-525-9248 is to reach the People's United Bank Customer Service department for problems like Setup an account, Question, Complaint."", 'Asurion Verizon Customer Service Phone Number Phone Number of Asurion Verizon is +1 615-837-3000. Asurion LLC is a leading provider of insurance services based in the United States.']",I cannot answer from the given context.,,1.0,-0.0,0.0
us estate tax for canadians,"['The US estate tax affects Canadians who are dual US citizens and even Canadians who own US situs property, which includes both real property and US-based securities (whether registered or not).', 'As a reminder, US estate tax, which Trump calls the death tax, is a federal estate tax that applies at a rate of 40% on individual estates over $5.49million or $10.98million for married couples.', 'Be sure to include federal Form 706, United States Estate Tax Return. You must complete and include Form 706 even if the estate is not required to file a federal estate tax return.', 'File Form ET-706, New York State Estate Tax Return.', 'The House voted to repeal the estate tax last week.']","The US estate tax affects Canadians who are dual US citizens and even Canadians who own US situs property, which includes both real property and US-based securities (whether registered or not).",,1.0,0.8748472211270529,0.49999999995
cadillac meaning,"['Cadillac definition: The definition of a Cadillac is a car brand produced by General Motors, or something that is the highest quality of its kind.', '(noun) An example of a Cadillac is the most expensive and well made designer bag on the market....', 'SERVING Raleigh & Durham CUSTOMERS - Hendrick Buick GMC Cadillac IN Cary. Welcome to our Buick and GMC vehicle showroom - Hendrick Buick GMC Cadillac - at the Cary Auto Mall.', 'Certified Pre-Owned: No Transmission: 6-Speed Manual Color: Radiant Silver Metallic Description: Used 2016 Cadillac ATS-V Sedan for sale - $46,977, 8,760 miles with Navigation System, Leather Seats.', 'It was $4100 brand new and I think a brand new Cadillac was $6500 back then.']","The definition of a Cadillac is a car brand produced by General Motors, or something that is the highest quality of its kind.",,1.0,0.8438018020246679,0.0
calculation of geometric mean,"['How to calculate Geometric Mean. The Geometric mean of a set of data can be derived from the formula Geometric Mean Calculation Example For example, to find the geometric mean of 9, 27 and 66; The first step is to multiplying the given numbers 9 x 27 x 66 will yield the result 16038. By taking cube root of the result 16038 gives the resulting Geometric Mean 25.2184.', 'Geometric mean.', 'Sum of the Terms of a Geometric Sequence (Geometric Series) To find the sum of the first n terms of a geometric sequence use the formula, S n = a 1 ( 1 â\x88\x92 r n ) 1 â\x88\x92 r , r â\x89\xa0 1 , where n is the number of terms, a 1 is the first term and r is the common ratio .', 'The calculation of the.', 'Example 2: Find the first five terms and the common ratio of the geometric sequence . Since a geometric sequence is a sequence, you find the terms exactly the same way that you do a sequence.']","The geometric mean can be calculated by multiplying the given numbers and then taking the root based on the number of values. For example, to find the geometric mean of 9, 27, and 66, you multiply them to get 16038, and then take the cube root of 16038 to get the geometric mean of approximately 25.2184.",,0.8,0.929538993653123,0.0
weather in avon in,"['The lowest monthly average temperature in Avon for February is 30 degrees. The most monthly precipitation in Avon occurs in June with 5.1 inches.', 'The air quality index in Avon is 18% worse than the national average. The pollution index in Avon is 53% better than the national average.', 'Avon is used chiefly in the English language and its origin is Celtic.', 'In its lower reaches from Bath to the Severn Estuary at Avonmouth near Bristol the river is navigable and known as the Avon Navigation. The Avon is the 19th longest river in the UK at 75 miles (121 km) although there are just 19 miles (31 km) as the crow flies between the source and its mouth in the Severn Estuary.he river Avon had been navigable from Bristol to Bath during the early years of the 13th century but construction of mills on the river forced its closure. The floodplain of the Avon, on which the city centre of Bath is built, has an altitude of about 59 ft (18 m) above sea level.', 'Weather is unpredictable, you could have beautiful weather or overcast and rainy weather in September.']",I cannot answer from the given context.,,0.0,-0.0,0.0
what are bound fields connected to,"['ï\x82· Bound Controls are connected to a data source (like a combo box that lets you choose the customer.', 'If you count these two fields as separate and add them to the other 3 traditional force fields -- the Gravitational, Strong, and Weak fields -- then, nature might be described as having a total of 5 fundamental fields in Physics.', '1  Clamp ends are fittings which allow hoses or tubes to be clamped over the part. 2  Plain ends are fittings with surfaces which allow pipes or tubes to be connected by adhesive, solder, welding, or other permanent means.', 'That means one need to fill in the fields with the information at them.', 'for an order.) In Design View, they display the name of the bound field; in Form or Layout View, they.']",Bound Controls are connected to a data source.,,1.0,0.5678500593156579,0.0
what are cuban links,"['The Cuban link, also called a concave curb link, is a variation of the traditional cable chain, which is the most common type of jewelry chain.', 'On TAG Heuer watches, the links are connected by little metal bars, and one end of each metal bar is larger than the other end.', ""MIAMI-Alan Gross remains in a Cuban prison, five years after Cuban authorities arrested him in Havana for distributing communications equipment to members of the island's small Jewish community."", 'General Machado was the oldest brother of Colonel Lorenzo Machado-Morales of the Cuban Mambi army of Las Villas Province under General Calixto Garcia. General Machado was one of the youngest Cuban generals of the 1895 to 1898 Cuban War of Independence.', 'In 1898 the US government decided to intervene on the side of the Cuban rebels in their struggle against Spanish rule.']","The Cuban link, also called a concave curb link, is a variation of the traditional cable chain, which is the most common type of jewelry chain.",,1.0,0.8513100289235899,0.0
calories in soy oil,"['The 126 calories in one serving of soy oil are equivalent to the calories burned while: Running (6 mph) for 10 minutes; Stationary rowing for 22 minutes; Chopping wood for 16 minutes; Sleeping for 1 hour and 51 minutes (Calculations are based on a 150-lb person.)', 'No matter what type of fat you consume, every gram contains 9 calories. To convert fat calories into grams of fat, just divide the calories by nine. For example, a tablespoon of olive oil has 119 calories, all of which come from fat.', '20 calories of Olive Oil Cooking Spray - 1 sec.', '20 calories of Olive Oil Cooking Spray - 1 sec.', 'Yet despite the powerful health benefits of whole soy foods, myths and misinformation regarding the â\x80\x98dangersâ\x80\x99 of soy consumption are being widely circulated and presented as fact.']",The calories in soy oil are 126 calories per serving.,,1.0,0.9111867744118468,0.0
what are investigators and special agents responsible for ?,"['We have criminal investigatorsâ\x80\x94aka special agentsâ\x80\x94who are responsible for investigating violations of the laws that govern Social Securityâ\x80\x99s programs.', 'In fact, dozens of Federal agencies have their own law enforcement authority, and special agents who use that authority every day.', 'Currently, about 230 special agents work in 66 offices across the United States.', 'Salaries for special agents also are based on where jobs are located.', 'High Salary Range Factors. The pay at the higher end of the salary range for BAU special agents can be much higher. For example, a BAU supervisory special agent with a pay grade of GS 14, Step 7 can earn $101,637. The demand for BAU special agents is good.']",Investigators and special agents are responsible for investigating violations of the laws that govern Social Security’s programs.,,1.0,0.7348223292879608,0.0
what are mesas,"['T and B cells are as you describe small cells with what looks like they have a large nucleus they are like this as it is what they need to do what they need to.', 'Mesa is a city in Maricopa County, in the U.S.', 'What is attrition? 3 What are signs of attrition?', ""Mesa has a larger top than the sides, whereas a Butte's sides are higher than the top area."", 'There are a number of misconceptions about a pet microchip, so letâ\x80\x99s take a closer look at what the chip is and what it isnâ\x80\x99t. What pet microchipping isnâ\x80\x99t What pet microchipping is A microchip does not broadcast a signal and has no internal power source.Microchips are the size of a grain of rice with very small electrical components. Microchips do not act as a GPS system, allowing you to track down your petâ\x80\x99s exact location.here are a number of misconceptions about a pet microchip, so letâ\x80\x99s take a closer look at what the chip is and what it isnâ\x80\x99t. What pet microchipping isnâ\x80\x99t What pet microchipping is A microchip does not broadcast a signal and has no internal power source.']",I cannot answer from the given context.,,0.0,0.0,0.0
what are the five basic chart forms,"[""To get a good idea of what you can add to or change in your chart, under Chart Tools, click the Design, Layout, and Format tabs, and then explore the groups and options that are provided on each tab. Tip If you don't see the Chart Tools, make sure that you click anywhere inside the chart to activate it.elect the type of chart that you want and then click OK. When you rest the mouse pointer over any chart type, a ScreenTip displays its name. Tip For more information about chart types, see Available chart types."", '1  Chart Image. 2  Chart Data.', 'About the Stock Charts Page. The default chart is 1 year Open/High/Low/Close (OHLC) chart for an individual stock.', 'Chart and Diagram Slides for PowerPoint - Beautifully designed chart and diagram s for PowerPoint with visually stunning graphics and animation effects. Our new CrystalGraphics Chart and Diagram Slides for PowerPoint is a collection of over 1000 impressively designed data-driven chart and editable diagram s guaranteed to impress any audience.', 'Basic form The basic formis the one that you find in the dictionary.']",I cannot answer from the given context.,,0.0,0.0,0.0
what are the salaries of big bang actors,"['If The Big Bang Theory actors are working roughly 40 hours a week, that would translate to $25,000 an hour. Even if you give the actors the benefit of the doubt and say they work 60 hours a week (12 hours a day), that still comes out to more than $16,000 an hour.', 'â\x80\x9cThe Big Bang Theoryâ\x80\x9d spinoff is making movement, setting its core cast, including the young star who will play the childhood version of Sheldon has been cast, Variety has learned.', '1  The Big Bang Theory has experienced continuous success ever since the CBS sitcom premiered back in 2007.', 'These high salaries are chocking the Big Three.', 'TV Guide Magazine recently released a full list of salaries for more than 150 TV stars. Among the highest paid names are Michael Strahan, co-host of â\x80\x98Live with Kelly & Michael!â\x80\x99 and Aisha Tyler, of â\x80\x98The Talk.â\x80\x99.V Guide Magazine recently released a full list of salaries for more than 150 TV stars. Among the highest paid names are Michael Strahan, co-host of â\x80\x98Live with Kelly & Michael!â\x80\x99 and Aisha Tyler, of â\x80\x98The Talk.â\x80\x99.']","The salaries of The Big Bang Theory actors translate to $25,000 an hour if they work roughly 40 hours a week, and more than $16,000 an hour if they work 60 hours a week.",,1.0,0.8359717476261568,0.0
what caused the greco roman war,"['There were several problems created through the Roman policy of â\x80\x9cBread and Circuses.â\x80\x9d As Romeâ\x80\x99s political system evolved, Romeâ\x80\x99s armiesâ\x80\x99 expanded the Roman power across Italy.', 'The eastern part of the Roman Empire was not affected by the invasions which cause the western part to fall and continued to exist for nearly 1,000 years.Historians have coined the term Byzantine Empire to indicate the eastern part of the Roman Empire after the fall of the western part of the Roman Empire.he term Byzantine is derived from Byzantium, the Greek city which was redeveloped, turned into the imperial capital of the eastern part of the Roman Empire and renamed Constantinople by the emperor Constantine the Great in 330.', 'Though the Battle of Cynocephalae in 197 BCE is often cited as the birth of the Roman Empire, the equally famous Battle...', 'Roman Empire Timeline. Timeline Description: The Roman Empire was one of the greatest civilizations in history. It began in Rome in 753 BC.', 'What effects do you think the new technology (weapons) had on the way World War 1 was fought?']",I cannot answer from the given context.,,1.0,0.0,0.0
"what county is millville, pa in","['Millville, Pennsylvania. Millville is a borough in Columbia County, Pennsylvania, United States.', 'User submitted facts and corrections: 1  Whitehall (Whitehall Township), PA is in Lehigh County and not near Pittsburgh.', 'Welcome to the Blair County Convention Centerâ\x80¦. Strategically located along Interstate 99 between the PA Turnpike and Interstate 80, the Blair County Convention Center, located in Altoona, PA, is the regions premier conference, meeting and special events facility.', 'Welcome to the Official Website for Carbon County, PA The Carbon County Commissioners have provided funding and approval for this site as a public service to the residents of Carbon County as well as a gateway for the rest of the world to learn more about Carbon County.', 'one dead in crash on pa turnpike near carlisle cumberland county pa pennsylvania state police are on the scene of a fatal crash on the turnpike it happened just after 9 pm the eastbound lanes between carlisle and blue mountain at milepost 222 in north middleton township county 911 confirms one person was killed when a car crashed into the rear of a camper filed in news topics crash north middleton township pa state police pa turnpike']","Millville, Pennsylvania is in Columbia County.",,1.0,0.9510985074474317,0.0
what do goblins represent in literature,"['Many of the Broken Axe Goblins felt they should run from the larger Orcs or submit to their rule.', 'Zhok and his Orcs had recently conquered the Night Goblins that lived in and under Thunder Mountain.', 'Hobbit gimli is chosen to represent the race Of dwarves in The fellowship of The.', 'Although many have tried to define what literature is or what makes something literary, no one has successfully defined literature in such a way that it accounts for the complexities of language and the wide variety of written texts.', 'A goblin is a legendary evil or mischievous creature; a grotesquely evil or evil-like phantom.']",I cannot answer from the given context.,,0.0,0.0,0.0
what do you mean by parsing,"['Parsing means to recognize information in text and build an in memory representation. Very simple examples of parsing are: * recognizing that the integer value represented by the string â\x80\x9c123â\x80\x9d is the number 123 * recognizing the date represented in...', 'What Do We Mean By â\x80\x9cEvilâ\x80\x9d?', 'What do you mean available for human use?', 'A generic but well defined syntax enables a community of independent parsers and syntax highlighters to conform to a single specification.', 'BG: What do you mean by reciprocity between reading and oral language? AH: By reciprocity I mean that as skills in some aspect of oral language increase, they help development in reading, and as a person improves his reading skills, that improvement seems to enhance further improvement in the spoken language.']",Parsing means to recognize information in text and build an in memory representation.,,1.0,0.9158395233069377,0.0
what does a common cold remedies do,"[""Although it's not a very serious virus, the common cold can make you feel miserable."", 'Not only does catching a cold worsen your ability to breathe and be active, but the cold virus increases your chance of getting a more serious respiratory tract infection.', 'How to Heal a Cold Sore Quickly. Synopsis: A number of home remedies to get rid of cold sores fast using household herbs.', 'How quickly you bounce back is typically defined by you and your collective lifestyle habits -- and this does not mean popping over-the-counter cough and cold remedies or fever reducers.', 'There are other hazards, of course, like frostbite, but a cold specifically does not come from the cold weather.']",I cannot answer from the given context.,,0.0,-0.0,0.0
what does a t with a dot over it mean on a prescription,"['Symbol given to nurse by doctors on prescriptions for patient. The medication prescription the doctor gave to my nurse to give to me on leaving the hospital has a sign, like a T with a dot over it.', 'richka, the symbol T with a dot over it would mean one pill. A symbol for 2 pills would have 2 vertical lines crossed at the top with a horizonal line (like a double TT) and have 2 dots on top, 3 pills would be TTT with 3 dots on top.', 'What does â\x80\x9cnon-drowsyâ\x80\x9d mean on a medicine bottle?', '51% - What does the yellow bar, small green circle, and small green dot mean at match.com?', 'What does the letter â\x80\x9cTâ\x80\x9d mean in my Medicare number?']",A T with a dot over it would mean one pill.,,1.0,0.7945942662321969,0.0
cause of computer overheating,"['HP Desktop PCs - Computer Overheating Prevention. Heat buildup can cause problems for any computer. Generally, when temperatures inside the computer case rise above 35 degrees Celsius (95 degrees Fahrenheit), the risk of damaging important internal components increases greatly. The most common cause of a computer getting too hot is the accumulation of dust inside the computer.', 'safety warning notice warning to reduce the possibility of heat related injuries or of overheating the computer do not place the computer directly on your lap or obstruct the computer air vents use the computer only on a hard flat surface', 'Staring at a flat screen for hours can cause eyestrain, headaches, dry eyes, burning, and blurred vision, known as computer vision syndrome (CVS).', '1-16 of 185 results for liquid cooled computer cases.', 'Liquid nitrogen cooling is, generally, only used for processor benchmarking, due to the fact that continuous usage may cause permanent damage to one or more parts of the computer and, if handled in a careless way, can even harm the user.']",The most common cause of a computer getting too hot is the accumulation of dust inside the computer.,,1.0,0.793426225768821,0.0
aol email helpline number,"['There is no hesitation or even a single hint of doubt that AOL helpline has been one of the finest free email support providers, with services which care about you and are simply awesome, but still there are chances that you might counter a range of problems with AOL mail and in that case you can Contact AOL Email Customer Support or their AOL helpline Phone Number (+1) 800-721-0104.', 'Require help, call our AOL Customer Support Team at (+1) 844-502-0074. To resolve your all technical issues with AOL account, contact our AOL help phone number to get instant resolution. Our experienced team of AOL mail support experts at our AOL customer care can handle all types of AOL mail problems.', ""If you're having trouble with your AOL Desktop Software, or if you receive an error message while using the Desktop Software, the solutions below can help you fix the problem. After trying a solution, please see if the problem with your AOL Desktop Software is fixed."", '5 thoughts on â\x80\x9cEPF New Customer Care Number, 24Ã\x977 Toll Free Helpline & Support Email Idâ\x80\x9d.', 'So, we offer necessary third party Yahoo email technical support, you just have to call our Yahoo Customer Service Number (866-688-6581). we assure you to give you complete,quick & professional assistance to remove all the problems & issue with your yahoo account. Its a toll free Yahoo Contact number.']",The AOL email helpline number is (+1) 800-721-0104.,,1.0,0.9323116401269603,0.0
cause of the bipolar disorder,"['Theories of the Cause(s) of Bipolar Disorder. Has anyone found the true cause of bipolar disorder?', 'Can bipolar disorder be caused by a shortage of lithium in the brain or dog bites in childhood?', 'Bipolar disorder (previously known as manic-depression) is actually a collection of mood disorders characterized by cyclic mood changes. The diagnosis of bipolar I disorder must include at least one manic episode, often referred to as a â\x80\x9chighâ\x80\x9d or â\x80\x9celevatedâ\x80\x9d mood.', 'Bipolar disorder, also known as manic-depressive illness, is a brain disorder that causes unusual shifts in mood, energy, activity levels, and the ability to carry out day-to-day tasks. There are four basic types of bipolar disorder; all of them involve clear changes in mood, energy, and activity levels.', 'Treatment of bipolar disorder with medications tends to relieve already existing symptoms of mania or depression and prevent symptoms from returning. Talk therapy (psychotherapy) is an important part of helping people with bipolar disorder achieve the highest level of functioning possible.']",I cannot answer from the given context.,,0.0,0.0,0.0
what does executive privilege mean,"['Constitution.That fact has led some scholars (Berger 1974; Prakash, 1999) to suggest that executive privilege does not exist and that the congressional power of inquiry is absolute.here are generally four areas that an executive branch claim of privilege is based: 1) presidential communications privilege; 2) deliberative process privilege; 3) national security, foreign relations or military affairs, and 4) an ongoing law enforcement investigation.', 'government, executive privilege is a power claimed by the president and other members of the executive branch to resist certain subpoenas and interventions by the legislative and judicial branches.', 'Executive privilege is the constitutional principle that permits the president and high-level executive branch officers to withhold information from Congress, the courts, and ultimately the public.', 'Hereâ\x80\x99s a little background on the exercise of executive privilege and what this move potentially means for the continuing investigationâ\x80¦ In the U.S.', 'President Obamaâ\x80\x99s decision Wednesday to assert executive privilege to shield his attorney general and the Justice Department from congressional investigators reignited a long-running Washington debate over the limits of White House power in which Obama has argued both sides.']","Executive privilege is the constitutional principle that permits the president and high-level executive branch officers to withhold information from Congress, the courts, and ultimately the public.",,1.0,0.9681603540806963,0.0
what does fc barcelona stand for,"['The Barcelona Card offers free entry to museums, free travel on public transport and more than 70 discounts in Barcelonaâ\x80\x99s foremost visitor attractions! The Barcelona Card puts Barcelona at your fingertips!', ""Getting to Barcelona Airport and how to get from Barcelona's biggest airport to and from the Barcelona city centre. Barcelona airport is called El Prat."", 'â\x80\x9cFCâ\x80\x9d is usually a suffix for English clubs, and it stands for Football Club, such as Liverpool Football Club, Chelsea Football Club and Burnley Football Club. In Spanish, â\x80\x9cFCâ\x80\x9d is a prefix which stands for Futbol Club, such as Futbol Club Barcelona and Futbol Club Cartagena.', 'Sporting Ennistymon FC is the local soccer club.', 'What does Coca-Cola stand for?']",I cannot answer from the given context.,,0.0,0.0,0.0
what does hair tint do,"['Hair tint is a type of hair dye that changes the hair color permanently. If you want to change the color of your permanently then you should do hair tinting. It is a hair dye available in many forms. The tint can be a shampoo based hair color or a veggie dye.', 'First of all, coloring your hair has zero to do with it.', 'It could cause your hair to turn orange green or some other funky color based on what substances your hair is exposed to while the cuticle is open.', 'What color will my hair be after the Splat has been in for 6 weeks?', '2  Tint with food coloring if desired.']",Hair tint is a type of hair dye that changes the hair color permanently.,,1.0,0.8994972549480663,0.0
what does hispanic mean?,"['The term Hispanic broadly refers to the people, nations, and cultures that have a historical link to Spain. It commonly applies to countries once owned by the Spanish Empire in the Americas and Asia, particularly the countries of Hispanic America and the Philippines. It could be argued that the term should apply to all Spanish-speaking cultures or countries, as the historical roots of the word specifically pertain to the Iberian region.', 'Chicano English A variety of English spoken by many people of Hispanic descent in the Southwestern United States and California.', 'Presently, in the United States, there is a large Hispanic population as well as a rising population of Chinese and other cultural groups who do not predominantly speak English as a first language.', 'solved What does (OEM/Tray) mean? What does OEM mean? What does OEM software mean? OEM vs Retail?', 'What does this text message mean? What does this text message mean? What does this text message mean?']","The term Hispanic broadly refers to the people, nations, and cultures that have a historical link to Spain. It commonly applies to countries once owned by the Spanish Empire in the Americas and Asia, particularly the countries of Hispanic America and the Philippines.",,1.0,0.915161162009611,0.0
what does i mean to wear your heart on your sleeve,"[""'Wearing your heart on your sleeves' means instead of keeping a secret heart (loving one or others without communication) the person shows and communicates verballâ\x80¦y to those around them how much they love and respect others thus, 'wearing your heart on your sleeve.'."", 'Nighttime sleeves If you find that daytime compression isnâ\x80\x99t enough to control your symptoms, you may need to wear a compression sleeve at night, too.', 'What Does Name Truce Mean You like to control everyone within your influence, to shape things to your own liking.', 'Every heart is yours for stealing.', 'Your Heart is Not on the Left Side of Your Chest.']","""Wearing your heart on your sleeves"" means to show and communicate verbally to those around you how much you love and respect others, instead of keeping those feelings a secret.",,1.0,0.9014929737214162,0.9999999999
what does lsa stand for in oil and gas,"['Leed Fabrication Services, Inc. A leading innovator and provider of oil and gas production equipment and field services in the United States, Leed Fabrication Services, Inc.', 'What does HFA stand for?', 'Oil & Gas Terminal Operations. With over 25 years experience operating at major petro-chemical sites, Briggs has gained invaluable knowledge of the industry.Our complete, cost optimal solution can assist oil and gas terminal operators in achieving competitive advantage.Our approach is to review customer oil and gas terminal operations and then design packages to suit the clientâ\x80\x99s own individual requirements.We work with clients to develop systems, processes and workforces which results in an effective and well managed operation.il & Gas Terminal Operations.', 'Exploration and Production are deemed to fall within the upstream sector of the oil and gas industry.', 'Top 10 Biggest Oil and Gas Companies in the World.']",I cannot answer from the given context.,,0.0,0.0,0.0
what does mpid stand for military,"['What does MPID mean in Police? This page is about the meanings of the acronym/abbreviation/shorthand MPID in the Governmental field in general and in the Police terminology in particular.', 'MilSim is simply an abbreviation for â\x80\x9cMilitary Simulationâ\x80\x9d and is usually conducted by civilians for entertainment and competition purposes which simulate military scenarios, reenactment of military operations and tactics.', 'The Health.mil website is the organizational web presence for the Military Health System. The Health.mil website is the organizational web presence for the Military Health System.', 'The Navy Marine Corps Intranet (NMCI) project, undertaken by Electronic Data Communications (EDC) is the biggest government undertaking of its kind.', 'What does FS stand for on the periodic table?']",I cannot answer from the given context.,,1.0,0.0,0.0
what does qhs stand for,"['What does OQE stand for? OQE stands for Outgoing Quality Evaluation.', 're: What does HHS stand for (Posted by heypaul on 4/16/10 at 3:13 pm to Longbaugh).', 're: What does HHS stand for (Posted by heypaul on 4/16/10 at 3:13 pm to Longbaugh).', 'What does HFA stand for?', 'An example of such might include Benadryl 50mg qhs prn insomnia.(qhs is another Latin abbreviation, which stands for quaque hora somni, or at the hour of sleep or bedtime.) Fortunately for patients, pharmacists are also familiar with these shorthand notations.']",I cannot answer from the given context.,,0.0,0.0,0.0
what does the letters tnt stand for?,"['what do the letters in TNT dynamite stand for? The KGB Agent answer: The letters TNT stand for Trinitrotoluene.', 'What do those letters stand for?', 'What does Coca-Cola stand for?', 'What does FS stand for on the periodic table?', 'was confirmed as the new name for the remainder of TNT N.V.']",The letters TNT stand for Trinitrotoluene.,,1.0,0.9983314179573494,0.0
what does the state bird mean in louisiana,"[""The state bird of Louisiana is unique among the world's seven species of pelicans."", 'Official State Bird of Colorado. The migratory lark bunting (Calamospiza melancorys Stejneger) was designated the state bird of Colorado in 1931. The male lark bunting performs a spectacular courtship flight while warbling and trilling a distinctive mating song.A breeding male is jet black with white wings but in winter changes to a gray brown color more like the smaller female bird.fficial State Bird of Colorado. The migratory lark bunting (Calamospiza melancorys Stejneger) was designated the state bird of Colorado in 1931. The male lark bunting performs a spectacular courtship flight while warbling and trilling a distinctive mating song.', 'The Jefferson Parish, Louisiana sales tax is 8.75% , consisting of 4.00% Louisiana state sales tax and 4.75% Jefferson Parish local sales taxes.The local sales tax consists of a 4.75% county sales tax.', 'In these years, the land that became Louisiana went from a European colony to a federal territory and finally to the eighteenth state in the union.', 'Home > Creative Arts Games > Coloring Pages > USA > California > State Bird - Quail.']",I cannot answer from the given context.,,0.0,0.0,0.0
what happens when electrons are passed down the electron transport chain?,"['The final acceptor of electrons in the electron transport chain is molecular oxygen. Electron transport chains are used for extracting energy via redox reactions from sunlight in photosynthesis or, such as in the case of the oxidation of sugars, cellular respiration.lectron transport chains are redox reactions that transfer electrons from an electron donor to an electron acceptor.', 'Electrons move from chlorophyll A molecules to another primary electron acceptor. The electrons lost from photosystem I are replaced by electrons that have passed through the electron transport chain from photosystem II. When electrons start losing their energy from photosystem II they move onto Photosystem I.', 'The final acceptor of electrons in the electron transport chain is molecular oxygen. Electron transport chains are used for extracting energy via redox reactions from sunlight in photosynthesis or, such as in the case of the oxidation of sugars, cellular respiration.n the mitochondrial electron transport chain electrons move from an electron donor (NADH or QH 2) to a terminal electron acceptor (O 2) via a series of redox reactions.', 'B) the thermodynamically favorable flow of electrons from NADH to the mitochondrial electron transport carriers. C) the final transfer of electrons to oxygen.', 'electron transport chain !']",I cannot answer from the given context.,,0.0,0.0,0.0
what iowa law determines inheritance exceptions?,"['In Iowa and in other states the relationship between the individual beneficiary and the decedent determines whether the tax will be owed. That relationship also affects the rate of tax in Iowa.', 'According to the Iowa Department of Insurance.', 'Iowa is the newest member of that groupâ\x80\x94as of 2014, Iowa has completely phased out its state tax on Social Security benefits.', 'In contrast, the inheritance tax is based on the value of property that each beneficiary receives from the person who died.', 'If your inheritance is deemed to be property of the bankruptcy estate, the trustee can take it unless you can exempt its full value.']",I cannot answer from the given context.,,0.0,0.0,0.0
what is a enemy combatant,"['Q: What is an enemy combatant?', '[Ë\x8cpiË\x90É\x99Ê\x8aË\x88dÊ\x8cbÉ\x99ljuË\x90] n abbr (= prisoner of war) â\x86\x92 prisonnier m de guerre POW camp POW camp n â\x86\x92 camp m de prisonniers de guerre.OW-a person who surrenders to (or is taken by) the enemy in time of war.', 'POW-a person who surrenders to (or is taken by) the enemy in time of war.', 'â\x80\x95 Sun Tzu, â\x80\x9c 2 The supreme art of war is to subdue the enemy without fighting.â\x80\x9d. â\x80\x95 Sun Tzu, â\x80\x9c 3 If you know the enemy and know yourself, you need not fear the result of a hundred battles.', 'Satan is the enemy of all righteousness, and thus those who are his servants also oppose righteousness. Elsewhere in Scripture, there are other descriptions of Satan which support Paulâ\x80\x99s statement in Acts 13:10. Satan is called â\x80\x9cthe evil oneâ\x80\x9d by both Paul (2 Thessalonians 3:3) and John (1 John 2:13).']",I cannot answer from the given context.,,1.0,0.0,0.0
what is a guaranteed general fund investment,"[""What is 'Guaranteed Investment Fund (GIF)' Guaranteed investment income is a type of investment product offered by insurance companies that allows its client to invest in an equity, bond and/or index fund while providing a promise of a predefined minimum value of the fund (usually, the initial investment amount) will be available at the fund's maturity or when the client dies."", 'The Fund invests all of its assets in the Class 1 shares of the Asset Allocation Fund a series of American Funds Insurance Series, a registered open-end investment company.', 'This notice includes important information about the funding status of the National Electrical Benefit Fund (the plan or NEBF) and general information about the benefit payments guaranteed by the Pension Benefit Guaranty Corporation (PBGC), a federal insurance agency.', 'A mutual fund is a type of professionally managed investment fund that pools money from many investors to purchase securities.here are three types of U.S. mutual fundsâ\x80\x94 open-end funds, unit investment trusts, and closed-end funds. The most common type, open-end funds, must be willing to buy back shares from investors every business day.', 'Guaranteed Cash Value.']",I cannot answer from the given context.,,0.0,0.0,0.0
what is a home plan for parole,"['The Authority considers the release to parole of offenders who have sentences of more than three years with a non-parole period, sets the conditions of release and makes determinations on parole, Intensive Correction, Periodic Detention or Home Detention orders.', 'He is eligible for parole in October 2017.', 'Home Plan Approval.', 'If your state has confinement laws, know what they are and plan for them.', 'For example the median expected annual pay for a typical Parole Officer in the United States is $53,140, so 50% of the people who perform the job of Parole Officer in the United States are expected to make less than $53,140. Source: HR Reported data as of October 2015.1  Salary.2  Salary + Bonus.3  Benefits.or example the median expected annual pay for a typical Parole Officer in the United States is $53,140, so 50% of the people who perform the job of Parole Officer in the United States are expected to make less than $53,140.']",I cannot answer from the given context.,,0.0,0.0,0.0
what is a position paper in research,"['A research paper requires students to locate information about a topic (that is, to conduct research), take a stand on that topic, and provide support (or evidence) for that position in an organized report. (See tips and guidelines below.) Also called a term paper, research project, or research report. (2) The term research paper may also refer to a scholarly article that contains the results of original research or an evaluation of research conducted by others.', 'Writing a Position Paper A position paper (also called a point of view paper) is an essay that presents the authorâ\x80\x99s opinion about an issue. Like a debate, a position paper presents one side of an arguable opinion about an issue.', 'This paper is provided only to give you an idea of what a research paper might look like.', 'This paper should be used only as an example of a research paper write-up.', '2  A good research paper will make the importance of your topic apparent, so you do not need to write an elaborate defense of your topic in the conclusion.']","A position paper (also called a point of view paper) is an essay that presents the author’s opinion about an issue. Like a debate, a position paper presents one side of an arguable opinion about an issue.",,0.75,0.8243804470831798,0.0
what is a studio room in assisted living,"['The assisted living industry is a segment of the senior housing industry and assisted living services can be delivered in stand-alone facilities or as part of multi-level senior living community.', 'A typical assisted living facility resident would usually be a senior citizen who does not need the level of care offered by a nursing home but prefers more companionship and needs some assistance in day-to-day living.', 'The lanai room is an extension of the interior living space in many Hawaiian homes. It is often considered the Hawaiian version of the veranda, which is an outdoor living space with open size. A lanai is often furnished with seating, tables and other furniture so that residents can enjoy the views outdoors.', 'However an LVN fits in very well at a nursing home or an assisted living facility.', 'Q: My mother is 93, and after 100 days in a nursing home following hip surgery, she moved into an assisted living facility.']",I cannot answer from the given context.,,0.0,0.0,0.0
colors in code,"['Colors are derived from the spectrum of light and is the visual perceptual property corresponding in humans, in the form of red, green, blue, yellow among others. The science of colors often referred to as chromatics, chromatography, colorimetry, or simply color science.', 'Colors Symbolism in Africa. Deep blues and reds are the most popular colors for intricate designs in South Africa, with outlines created in black and white.', 'Colors range from subdued earth tones to vibrant colors designed to enhance your homeâ\x80\x99s curb appeal.', 'This Internal CSS will only Change Hyperlink Underline Colors on the page where the code is inserted.', 'The chosen colors will, if used right and consistently, help enhance your message.']",I cannot answer from the given context.,,0.0,0.0,0.0
what is an covenant,"['Covenant. The word covenant,  infrequently heard in conversation, is quite commonly used in legal, social (marriage), and religious and theological contexts. The Idea of Covenant. The term covenant is of Latin origin (con venire), meaning a coming together.', '3 Various The latter was soon turned out, and thereupon brought an action upon the covenant against the executor of the lessor.', 'Use of the wordssuccessors and assigns in such cases is needed to make a covenant run with the land and toensure that it is enforceable against subsequent owners.', ""In addition, when a person swear's by God on an issue, what they are saying may be completely outside of what God's will is for a given situation."", 'The Message of the Covenant.']","A covenant is a term that refers to a coming together, commonly used in legal, social (marriage), and religious and theological contexts.",,1.0,0.8818137613894711,0.0
what is clockspring,"[""How to Repair the Air Bag Clockspring The air bag clockspring or coil is part of your car's steering wheel."", 'The good news is that this clock can be constantly reset.', 'What is the Kannada word for host? What is the Kazakh word for host? What is the Khmer word for host? What is the Korean word for host? What is the Kurdish word for host? What is the Kyrgyz word for host? What is the Lao word for host? What is the Latin word for host? What is the Latvian word for host? What is the Lithuanian word for host?', ""Synchronize your PC's time with an atomic clock server.More Features: Easy to use, install and configure the software in 2-10 minutes.un programs, close programs, open files and open URL at any specified time."", 'What Is Love (Howard Jones song) For other uses, see What Is Love (disambiguation). What Is Love?']",I cannot answer from the given context.,,0.0,0.0,0.0
what is collier investments inc,"['Find 1 listings related to Collier Investments Inc in Shreveport on YP.com. See reviews, photos, directions, phone numbers and more for Collier Investments Inc locations in Shreveport, LA.', 'Collier Row is an area in north east London in the London Borough of Havering.', ""The company's principal investments include forest products, financial markets, telecommunications, entertainment, plastics, and minerals development."", 'The county seat and largest city in Collier County is Naples. Collier County is 2,305 square miles in area. Collier County is located in southern Florida and has a population of 328,134. The county seat and largest city in Collier County is Naples. Collier County is 2,305 square miles in area. Collier County is located in southern Florida and has a population of 328,134.', 'The Agnew Company is a privately held investment management firm which manages a broadly diversified portfolio of family-owned investments ranging from the stability of natural resources, commercial real estate and long-term operating businesses to the higher risk/return profiles of private equity and venture capital.']",I cannot answer from the given context.,,0.0,-0.0,0.0
what is county mean,"['The definition of county refers to an administrative division in a state or country. An example of county used as an adjective is in the phrase county court, which means a court of that particular geographic area. A county is defined as an administrative division of a state or country.', 'An example of a county is Suffolk County on Long Island in New York.', 'Welcome to the official Placer County website. Placer County is special with its breath-taking scenery, rich history, and year-round recreation. This website will help you locate various county services and amenities and youâ\x80\x99ll see why more than 360,000 people call Placer County â\x80\x9cHome.â\x80\x9d.', 'In addition to these state courts, the Texas Constitution provides for a county court in each county, presided over by the county judge. The county judge also serves as head of the county commissioners court, the governing body of the county. To aid the constitutional county court with its judicial', 'The county is named for Col.']",The definition of county refers to an administrative division in a state or country.,,1.0,0.8935605405237599,0.0
what is diflorasone diacetate cream used for,"['What Is Diflorasone Diacetate Used For? Diflorasone diacetate is a prescription skin medication used to treat inflammation and itching due to a wide variety of different conditions.', ""Directions: 1  Silver Sulfadiazine Cream 1% is a prescription antibacterial medication that is used topically on burns to prevent and treat bacterial and yeast infections. 2  Before treating your pet with Silver Sulfadiazine Cream 1%, wash your hands and then clean the affected area of your pet's skin as directed by your veterinarian."", 'Usually used to kill scabies and lice, it comes in liquid (shampoo) and cream form.', 'What is Penetrex. Penetrex is a cream made specifically to ease inflammation. Penetrex has a well researched blend of ingredients that work to ease swelling and soothe the pain of muscles, joints, ligaments, nerves and tendons.enetrex was specifically designed to ease your muscle and joint pain and inflammation.', 'Itâ\x80\x99s a cream that you apply every 2 waking hours for four days.']",Diflorasone diacetate is used to treat inflammation and itching due to a wide variety of different conditions.,,1.0,0.8647982075954793,0.0
what is does un stands for,"[""This week it's one of our most common questions: what does URL stand for, and what does it mean? Well, URL stands for Uniform Resource Locator. Quite a mouthful, really, for what it is: a web address."", '189 meanings of UN acronym and UN abbreviation. Get the definition of UN by All Acronyms dictionary. Top Definition: United Nations', 'How is Audience Deficiency Unit (advertising) abbreviated? ADU stands for Audience Deficiency Unit (advertising). ADU is defined as Audience Deficiency Unit (advertising) rarely.', 'Stands For GI is short for Government Issue.', 'The U.N.']",United Nations,,1.0,0.39334499472627843,0.0
what is full recourse guaranty,"[""What is 'Full Recourse Debt' A full recourse debt is a guarantee that no matter what happens, the borrower will repay the debt. Typically with a full recourse loan no occurrence, such as loss of job or sickness, can get the borrower out of the debt obligation."", 'But most state guaranty funds limit payouts to $100,000.', 'Basic Loan Guaranty is the most popular SBA loan.', ""Recourse or Nonrecourse Varies from State to State Whether a mortgage loan is recourse or nonrecourse varies from state to state, depending on the state's laws."", 'recourse, resort, refuge (noun) act of turning to for assistance have recourse to the courts; an appeal to his uncle was his last resort recourse, refuge, resort (noun) something or someone turned to for assistance or security his only recourse was the police; took refuge in lying']",I cannot answer from the given context.,,0.0,0.0,0.0
what is grievances,"['Learn more on our Grievances page.', ""Here you can express your grievances with the YouTube-based video game channel: Game Grumps; its shows/episodes; its members; the games they play, the games they don't play; the gameplay, the lack of gameplay; the successes, the failures; the wins, the losses; the good, the bad, the ugly; and much, much more!"", 'What is sovereignty?', 'Grievance (labour) A grievance is a formal complaint that is raised by an employee towards an employer in the workplace. There are many reasons as to why a grievance can be raised, and also many ways to go about dealing with such a scenario.', 'What is the Kannada word for host? What is the Kazakh word for host? What is the Khmer word for host? What is the Korean word for host? What is the Kurdish word for host? What is the Kyrgyz word for host? What is the Lao word for host? What is the Latin word for host? What is the Latvian word for host? What is the Lithuanian word for host?']","A grievance is a formal complaint that is raised by an employee towards an employer in the workplace. There are many reasons as to why a grievance can be raised, and also many ways to go about dealing with such a scenario.",,1.0,0.5596117678334216,0.0
what is guarantee bond,"['Bid Bond Definition: A guarantee that the bid you submit for a project (usually public construction jobs) is accurate and will post a performance bond. If your bid is inaccurate, you win the project but back out of the job or cannot post a performance bond, a claim can be made against your bid bond which youâ\x80\x99re responsible to pay.', 'Examples of Secured Bonds. An example of a secured bond is a mortgage bond. This type of bond is backed by real estate and may include other corporate assets. This type of bond is considered a high-grade investment with very low risk of default.', 'Ensure that the bond is eligible to be redeemed.', ""What is 'Guaranteed Investment Fund (GIF)' Guaranteed investment income is a type of investment product offered by insurance companies that allows its client to invest in an equity, bond and/or index fund while providing a promise of a predefined minimum value of the fund (usually, the initial investment amount) will be available at the fund's maturity or when the client dies."", 'So You Want To Bond Someone Out Of Jail? General Bail (Bond) Information . What is bail? Bail or bond (in this case, bail and bond mean the same thing) is an amount of money in cash, property, or surety bond for the purpose of making sure that a person attends all required court appearances.']",I cannot answer from the given context.,,0.0,0.0,0.0
what is ibm chat,"[""IBM Connections Chat is the official app for presence, instant messaging, audio and video chat, and telephony for IBM's award-winning Connections platform. IBM Connections Chat delivers new and exciting capabilities that give you access to your people networks from the comfort of your iPhone, iPad, or iPod Touch."", 'IBM SilverPop.', 'Chat & Messages.', 'Its name comes from the IBM Personal System/2 series of personal computers, with which it was introduced in 1987.', ""Erlang, the language that powers Facebook's chat server, uses the same model.""]","IBM Connections Chat is the official app for presence, instant messaging, audio and video chat, and telephony for IBM's award-winning Connections platform. It provides access to people networks from iPhone, iPad, or iPod Touch.",,1.0,0.8382652411619745,0.0
cost alternative to restasis,"[""From the owner's perspective, it is equally important to estimate the corresponding operation and maintenance cost of each alternative for a proposed facility in order to analyze the life cycle costs."", 'The alternative to concrete leveling is concrete replacement.', 'OpenOffice â\x80\x93 Free alternative to PowerPoint. While a full version of PowerPoint could cost you over Â£300, there is a very good open source alternative.', 'The approach allows one to update the cost.', 'Cruise ship refurbishment tends to be the best value-for-money strategy and a highly successful policy for major cruise line companies in a time of world-wide economic uncertainty.']",I cannot answer from the given context.,,0.0,0.0,0.0
what is lmis,"['What is LMIS The national Labour Market Information System (LMIS) is a job matching facility as well as a database of qualitative and quantitative information.', 'What is IHSA?', 'What is the Kannada word for host? What is the Kazakh word for host? What is the Khmer word for host? What is the Korean word for host? What is the Kurdish word for host? What is the Kyrgyz word for host? What is the Lao word for host? What is the Latin word for host? What is the Latvian word for host? What is the Lithuanian word for host?', '(Redirected from IMIS) The Institute for the Management of Information Systems (IMIS), previously called the Institute of Data Processing Management (IDPM), is the leading international association promoting excellence in the field of Information Systems Management through professional association and education.', 'What Is Love (Howard Jones song) For other uses, see What Is Love (disambiguation). What Is Love?']",The national Labour Market Information System (LMIS) is a job matching facility as well as a database of qualitative and quantitative information.,,1.0,0.510449894311357,0.0
cost for child cineplex,"['[Costco] Costco Cineplex Child Movie Package $9.99, Great escape 2 adult tickets $25.99.', 'If you would like to invite more than 10 children, the cost for each additional child is $3.99 plus tax.', '3  Complete child proofing services cost approximately $300 to $1,500.hild Proofing Service Prices.', ""1 The State Subsidized Monthly Payment for This Child Care is $200. Example 4 - No Family Fee: The provider's charge for child care is $200 for the report month."", 'How much does it cost to adopt a child from foster care?']",I cannot answer from the given context.,,0.0,-0.0,0.0
what is medical aki,"['what is Correct Coding Initiative (CCI) and Commercial Edits in Medical billing. Correct Coding Initiative (CCI) CMS developed the National Correct Coding Initiative (CCI) to promote national correct coding methodologies and to eliminate improper coding.', 'What is the Medical Device Single Audit Program? The Medical Device Single Audit Program (MDSAP) is a program that allows the conduct of a single regulatory audit of a medical device manufacturerâ\x80\x99s quality management system that satisfies the requirements of multiple regulatory', 'A skilled artist who creates medical related pictures, a Medical Illustrator is a role that is deeply birthed in a love for art and a keen mind for science and biology.', 'What Does A Medical Illustrator Do?', '1  K40 is not a billable ICD-10-CM diagnosis code and cannot be used to indicate a medical diagnosis.']",I cannot answer from the given context.,,0.0,0.0,0.0
what is nabumetone used to treat,"['Nabumetone is a nonsteroidal anti-inflammatory drug (NSAID) used to treat mild to moderate pain and help relieve symptoms of arthritis (osteoarthritis and rheumatoid arthritis), such as inflammation, swelling, stiffness, and joint pain.', '+Also used to treat schizophrenia in adults and children 13+. +Also used to treat bipolar disorder (manic depression) in adults and children 10+.', 'It is used to treat asthma, exercise-induced bronchospasm, and chronic obstructive pulmonary disease (COPD). It may also be used to treat high blood potassium levels.', 'It is also used as a mood stabilizer to treat bipolar disorder.', 'Sodium iodide is used to treat or prevent iodine deficiency caused by poor nutrition or poor absorption by the body. Sodium iodide may also be used to treat a thyroid disorder. Sodium iodide may also be used for purposes not listed in this medication guide.']","Nabumetone is used to treat mild to moderate pain and help relieve symptoms of arthritis (osteoarthritis and rheumatoid arthritis), such as inflammation, swelling, stiffness, and joint pain.",,1.0,0.906024154209831,0.0
cost of attendance eastern illinois university,"['Eastern Illinois University has roughly 8,000 students.', 'Tuition for Lewis University is $27,830 for the 2014/2015 academic year. This is 10% more expensive than the national average private non-profit four year college tuition of $25,229.The cost is $5,873 and 27% more expensive than the average Illinois tuition of $21,957 for 4 year colleges.Tuition ranks 61st in Illinois amongst 4 year colleges for affordability and is the 25th most expensive 4 year college in the state.Price does not vary by residence.uition for Lewis University is $27,830 for the 2014/2015 academic year. This is 10% more expensive than the national average private non-profit four year college tuition of $25,229.', 'The cost is the same for all students regardless of Illinois residence status as there is no in-state discount.', '2017-2018 Cost of Attendance for Ph.D.', '2017-2018 Cost of Attendance for Ph.D.']",I cannot answer from the given context.,,1.0,-0.0,0.0
what is nyu ranked,"[""NYU ranked 7th among the World's top 100 universities for producing millionaires, as compiled by Times Higher Education World University Rankings. NYU ranked 5th globally among universities with the highest number of alumni worth $30 million or more, as compiled by ABC News. CNBC ranked NYU 4th globally among universities with the most billionaire graduates."", 'About NYU. Excellence and opportunity abound at the prestigious New York University (NYU) in New York City. NYU is the sought-after destination for undergraduate and graduate students working in and seeking to study an array of disciplines.', 'It is not ranked within the top 1000.', 'It also ranked 14th among 24 ranked elementary schools in the New Hanover County Schools District.', ""University of Michigan Hospitals and Health Centers in Ann Arbor, MI is nationally ranked in 15 adult specialties and 10 pediatric specialties. Nationally Ranked in 15 Specialties & 10 Children's Specialties""]","NYU is ranked 7th among the World's top 100 universities for producing millionaires, 5th globally among universities with the highest number of alumni worth $30 million or more, and 4th globally among universities with the most billionaire graduates.",,1.0,0.7283076541709411,0.0
what is on the outside of dna,"['The sugar-phosphate backbone is on the outside and the four different bases are on the inside of the DNA molecule.', 'After the primer is in place on a single, unwound polynucleotide strand, DNA polymerase wraps itself around that strand, and it attaches new nucleotides to the exposed nitrogenous bases. In this way, the polymerase assembles a new DNA strand on top of the existing one (Figure 3).', ""sequences of nitrogenous bases in the cell's DNA What feature of DNA replication makes it semi-conservative?"", 'The DNA is then labeled on one strand.', 'DNA is found in both plant and animal cells because without the DNA to control what the cell will look and act like there is no cell.']",The sugar-phosphate backbone is on the outside of the DNA molecule.,,1.0,0.5561776262626802,0.0
what is pimple,"[""Its like a pimple but it isn't."", 'Acne is a complex issueâ\x80\x94thereâ\x80\x99s no single cause of breakouts, and what triggers a pimple in one person might be benign to another.', 'If the pus doesnâ\x80\x99t come out easily, the pimple isnâ\x80\x99t ready to be popped.', 'Boils can often resemble a pimple but boils are dome-shaped, red and tender to touch and look like raised bumps.', 'Basil had died due to a small, little pimple on his thigh that had developed into a deadly sore.']",I cannot answer from the given context.,,0.0,0.0,0.0
what is ring around the rosie,"['The nursery rhyme Ring around the Rosie came about during the time of the Black Death. Here are what the lyrics mean: Ring around the rosie is a reference to the black sores that would appear on your body as part of the plague.', 'Your rosie is around the center of the back of your hand.', 'The wax ring fits around the exit hole in the bottom of the fixture and rests on the flange, which sits atop the drainpipe.', 'It is described in an earlier story, The Hobbit (1937), as a magic ring of invisibility.', 'The One Ring is an artefact that appears as the central plot element in J.']",Ring around the rosie is a reference to the black sores that would appear on your body as part of the plague.,,1.0,0.907679312734687,0.0
har-co credit union routing number,"['HAR-CO Credit Union Website Home Page HAR-CO Credit Union Online Banking Website Credit Union Mobile Application Click here Routing Number: 255076892.', 'HAR-CO Credit Union of Bel Air, Maryland has been serving its members for more than 59 years, currently from 3 locations.', ""Credit Union Of Leavenworth County's routing number (the leftmost number on the bottom of a check) is 301179041."", 'BEST REWARD CREDIT UNION - You have the WRONG ABA Routing Number for us.', 'There are several Magnolia Federal Credit Union routing numbers reported in our bank database. Please call (601) 977-8300 to verify routing number for your bank wire transfer, reorder Magnolia Federal Credit Union checks or setting up direct deposit.']",The routing number for HAR-CO Credit Union is 255076892.,,1.0,0.9367361940111628,0.0
what is sealaska corporation,"['A Native-owned corporation with more than 16,500 shareholders, Sealaska Corporation is the largest private landholder in southeast Alaska.', ""Alcoa Corporation (from aluminum company of America) is an American industrial corporation. It is the world's sixth largest producer of aluminum, with corporate headquarters in Pittsburgh, Pennsylvania. Alcoa conducts operations in 10 countries."", 'The Acme Corporation is a fictional corporation that features prominently in the Road Runner/Wile E.', 'What is a SEAL?', 'The government bailout of that corporation is going to cost the taxpayers a hundred billion dollars.']","Sealaska Corporation is a Native-owned corporation with more than 16,500 shareholders and is the largest private landholder in southeast Alaska.",,1.0,0.9394154352445141,0.0
what is the current ratio for restaurants industry,"['1 Most midrange hotels and restaurants and all top-end hotels and restaurants add 21% to the bill for tax and service (known as â\x80\x98plus plusâ\x80\x99).', 'Current Ratio = $32,000/$28,000 = 1.14 This means that there is $1.14 of current assets for every $1.00 of current liabilities and is a rough measure of your ability to pay your outstanding bills.', ""The current ratio helps investors and creditors understand the liquidity of a company and how easily that company will be able to pay off its current liabilities. This ratio expresses a firm's current debt in terms of current assets.he current ratio is calculated by dividing current assets by current liabilities."", ""At the minimum, you'll have to consider what the tourism industry in a given area is like."", 'The historical cumulative Gold-to-Silver production ratio is 1:10.7; the price ratio of Silver-to-Gold is currently around 1:50.']",I cannot answer from the given context.,,0.0,0.0,0.0
what is the educational system of sweden,"['The educational system in Sweden is based on a nine-year primary school, or Grundskola, with mandatory attendance. Following this comes an elective three-year secondary school, or Gymnasieskola, which is divided in two instances where you either prepare for higher education or receive vocational education.', ""Sweden has a much milder climate than most other regions of the world that lie as far north. Sweden's climate is influenced by the Gulf Stream, a warm ocean stream that flows off Norway's west coast.Sweden's many lakes and the gulfs of Bothnia give Sweden generally a relatively mild climate.July temperatures in Sweden average 13 to 17Â°C. February is usually Sweden's coldest month, with temperatures from - 22 to -3Â°C.weden's many lakes and the gulfs of Bothnia give Sweden generally a relatively mild climate. July temperatures in Sweden average 13 to 17Â°C. February is usually Sweden's coldest month, with temperatures from - 22 to -3Â°C."", 'Today, Sweden is a constitutional monarchy and a parliamentary democracy, with the Monarch as the head of state.', 'South Sweden School of Aeronautics AB.', 'Sweden is a unitary state, currently divided into 21 counties and 290 municipalities.weden has been a member of the European Union since 1 January 1995, but declined Eurozone membership following a referendum.']","The educational system in Sweden is based on a nine-year primary school, or Grundskola, with mandatory attendance. Following this comes an elective three-year secondary school, or Gymnasieskola, which is divided into two instances where you either prepare for higher education or receive vocational education.",,1.0,0.8497917521746393,0.0
what is the effect of third person omniscient,"['Third person omniscient is a point of view where the narrator knows all the thoughts, actions, and feelings of all characters.', 'The author may move from character to character to show how each one contributes to the plot. An author may use third person omniscient so the audience can experience the story through several different characters.', 'Third person limited gives your readers access to a characterâ\x80\x99s inner thoughts and emotions the way first person narration does, but unlike first person, where the narrator and protagonist are one entity, a limited third person viewpoint puts a critical sliver of distance between protagonist and narrator.', 'Its effect can be felt by each and every person to at least some degree, whether he is an engineer, doctor, lawyer, govt.', 'A third-person narrative has the camera outside the action â\x80\x94 maybe hovering over one character, maybe pulling back all the way to the corner.']","The effect of third person omniscient is that the audience can experience the story through several different characters, as the narrator knows all the thoughts, actions, and feelings of all characters.",,1.0,0.8462503195260634,0.0
what is the goal for the child with a cognitive impairment?,"['The goal for children with cognitive impairment is the promotion of optimum social, physical, cognitive, and adaptive development as individuals within a family and community.', ""Cognitive development -- the brain's development -- often is associated with intellectual capacities, but also includes memory and sensory development.Though many parents are interested in the way genetics affects their infants, environment strongly affects a child's cognitive development.utrition, in many cases, seems to strongly affect a child's cognitive development -- even before she is born."", 'Our Arizona Developmentally Disabled (DD) Program addresses the specific needs of children and adults with conditions such as autism, cerebral palsy or other cognitive disabilities.', 'Introduction to Goal Setting. Goal setting is a formal process for personal planning. By setting goals on a routine basis, you decide what you want to achieve, and then you systematically move towards the achievement of those goals. Goals provide you with a focus for your life.', 'The fact is, taking care of someone who suffers from cognitive problems -- rather than physical ones -- requires different expectations and a special set of caregiving skills.']","The goal for children with cognitive impairment is the promotion of optimum social, physical, cognitive, and adaptive development as individuals within a family and community.",,1.0,0.9655966657066548,0.0
what is the greatest source of bank income?,"['One frequently overlooked source is the bank or financial institution providing the project financing.', ""An estate's bank accounts are often its primary source of liquid cash, which the executor may use to pay the estate's debts, according to the Gloucester County, New Jersey Probate Court."", 'What is Harbor bank of maryland routing number? Harbor bank of maryland routing number is a nine digit number used to identify bank transfers.', 'A: The largest source of income for banks are the deposits they receive from account holders. These deposits from the general public are proportioned into securities, such as checking, savings and money market accounts. Banks are lending institutions, and their revenue derives from the interest they make from lending money.', 'Banking and financial institutions.']",The greatest source of bank income is the deposits they receive from account holders.,,1.0,0.9907546218932181,0.0
creta car price in pune,"['Creta Price in Pune. Hyundai Creta price in Pune starts at â\x82¹ 10.37 Lakhs and goes upto â\x82¹ 16.85 Lakhs. Petrol Creta price in Pune starts at â\x82¹ 10.37 Lakhs. Diesel Creta price in Pune starts at â\x82¹ 11.48 Lakhs.', 'New Honda car prices fall within a starting range of $15,650 to $35,705. Honda models vary from the compact five-door Fit starting at $15,650 to the S2000 sports car which carries a starting price tag of $35,705.', 'If you are planning to purchase Honda Activa in Gujarat and want to have complete details of Ex-showroom price and On Road price associated with its three major models i.e.', 'sales to start in January, In Europe, the sports car will cost 226,800 euros, or $309,000 at current exchange rate.', 'While the sale was easily a record price for any car ever sold at auction, some experts had predicted the classic car would go for more than $50 million.']",Hyundai Creta price in Pune starts at ₹10.37 Lakhs and goes up to ₹16.85 Lakhs. Petrol Creta price in Pune starts at ₹10.37 Lakhs. Diesel Creta price in Pune starts at ₹11.48 Lakhs.,,1.0,0.8512087451124257,0.9999999999
what is the legal definition of deposit,"['Definition of deposit for Students. 1  1 : the state of being deposited money on deposit. 2  2 : money that is deposited.', 'Definition of deposit. 1  1 : the state of being deposited. 2  2 : something placed for safekeeping: such asa : money deposited in a bank making a deposit or a withdrawal a deposit of $3,000b : money given as a pledge or down payment put down a deposit on a new house. 3  3 : a place of deposit : depository.', 'Legal Definition of investment.', ""A deposit initiator is the first bottler, distributor, dealer or agent to collect the deposit on a beverage container sold in New York State.You're a deposit initiator if you:1  Bottle beverages in beverage containers with an established deposit. 2  Distribute beverages in beverage containers with an established deposit and you did not purchase the containers from a registered deposit initiator.ou're a deposit initiator if you: 1  Bottle beverages in beverage containers with an established deposit. 2  Distribute beverages in beverage containers with an established deposit and you did not purchase the containers from a registered deposit initiator."", 'deposit is a payment that is held by the landlord and.']",I cannot answer from the given context.,,0.0,0.0,0.0
what is the main source of energy for most process at earth's surace,"['The ultimate source of energy (for most ecosystems) is the sun. The ultimate fate of energy in ecosystems is for it to be lost as heat.', 'The primary source of energy for hydrothermal vent communities is.', 'ATP is the main source of energy for most processes in the cell, and large quantities must be made for a cell to function. Most cells use simple sugars, such as glucose, as their primary energy source.', 'Coal is the largest source of energy for the generation of electricity worldwide, as well as one of the largest worldwide anthropogenic sources of carbon dioxide releases.', 'The sunlight is converted to energy  by plants through the process of photosynthesis.']",I cannot answer from the given context.,,0.0,0.0,0.0
what is the max dose for allopurinol,"['Dosage for Gout To help avoid a flare-up of gout attacks (which can occur when starting allopurinol), it is recommended to start at a low dosage for treating gout: allopurinol 100 mg once daily.', 'Allopurinol is used to treat gout and certain types of kidney stones.', 'Edema due to CHF: 10â\x80\x9320mg once daily oral or IV, if needed titrate upwards by doubling dose until desired response; max 200mg daily. Edema due to renal disease: 20mg once daily oral or IV, if needed titrate upwards by doubling dose until desired response; max 200mg daily.', 'For adrenogenital syndrome, the usual dose is 0.1 mg to 0.2 mg daily.', 'If you have any questions about what dose to take, ask your pharmacist for advice.']",I cannot answer from the given context.,,0.0,0.0,0.0
what is the meaning of chicken rice?,"['Hainanese chicken rice is a common dish in Thailand where it is called khao man kai (Thai: à¸\x82à¹\x89à¸²à¸§à¸¡à¸±à¸\x99à¹\x84à¸\x81à¹\x88), literally meaning chicken-oil rice. The chickens used in Thailand for this dish can be free range chickens of local breeds, resulting in a leaner and tastier dish, but increasingly meat chickens from large scale poultry farms are being used.', 'The meat of the chicken, is also called chicken.. Chicken is a type of poultry. Because of its relatively low cost among meats, chicken is one of the most used meats in the world. Nearly all parts of the bird can be used for food, and the meat is cooked in many different ways around the world. Popular chicken dishes include fried chicken, chicken soup, marinated chicken wings, tandoori chicken, butter chicken, and chicken rice.', 'This can give you all the taste of baked chicken and rice but lets you cook the chicken on the skillet instead of baking.', 'can be abbreviated as Fally. Q: A: What is the meaning of Fally abbreviation? The meaning of Fally abbreviation is Falador.. Q: A: What is Fally abbreviation? One of the definitions of Fally is Falador.. Q: A: What does Fally mean? Fally as abbreviation means Falador..', 'VAMP definition / VAMP means? The Definition of VAMP is given above so check it out related information. What is the meaning of VAMP? The meaning of the VAMP is also explained earlier. Till now you might have got some idea about the acronym, abbreviation or meaning of VAMP. What does VAMP mean?']",I cannot answer from the given context.,,0.0,0.0,0.0
what is the most common treatment for balanitis?,"['A common treatment is phenazopyridine (Pyridium), which is available over the counter.', 'The treatment depends on the cause of the balanitis. 1  The following are often given: 2  An anti-yeast cream or a course of anti-yeast tablets is a common treatment if the balanitis is caused by candida.', 'In most common cases, treatment of synovitis consist of taking anti-inflammatory medicine like ibuprofen or aspirin.', 'CPAP is the most common treatment for sleep apnea.', 'Prognosis and treatment is the same as for the most common type of ovarian cancer, which is epithelial ovarian cancer.']",I cannot answer from the given context.,,0.0,0.0,0.0
what is the new trend for kitchen cabinets,"['Modern style kitchen trends are incorporating brightly colored painted cupboards into the design as a unique focal point. One popular kitchen color ideas painting cabinets is red with white or black countertops. With this type of paint schemes for kitchens it is best to keep the rest of the space simple.', 'Get the most out of your kitchen cabinets with accessories that help maximize storage and reduce clutter on countertops.', 'lot of people are using kitchen height cabinets now (which normally have so many more functions than a vanity).', 'Traditionally, painting cabinets for a high-traffic area such as a kitchen required using oil-based paints.', 'Kitchen decorating ideas that include green paint for walls, green kitchen cabinets or wall tiles design look natural, fresh and attractive.']","The new trend for kitchen cabinets is incorporating brightly colored painted cupboards, with red being a popular choice, often paired with white or black countertops.",,1.0,0.9637037946496793,0.0
what is the priceline customer service number?,"['Priceline Customer Service Phone Number. 800-259-2091 is the customer service phone number of the Priceline. customer service number enables the customers of the Priceline company to convey their complaints or suggestions.', 'US customer service (toll call): 1-913-397-8200. US customer service (toll free): 1-800-800-1020. Canadian customer service: 1-866-429-9296.', 'Customer Service Number: 1-855-538 4323.', 'Common problems addressed by the customer care unit that answers calls to 877-444-4773 include Make a Booking, Complaint, Refund, Missing Items, Cancel or Change Booking and other customer service issues.', 'I recently decided to cancel my service and called the customer service line.']",800-259-2091,,1.0,0.5970916052659089,0.0
what is the purpose of a conceptual model for advanced practice nursing,"['The conceptual and theoretical nursing models help to provide knowledge to improve practice, guide research and curriculum and identify the goals of nursing practice. Nursing knowledge is the inclusive total of the philosophies, theories, research, and practice wisdom of the discipline.As a professional discipline this knowledge is important for guiding practice.(Smith & Liehr, 2008).', 'MSN â\x80\x93 Registered nurses with an interest in becoming an advanced practice nurse, nurse educator, nurse anesthetist or nurse manager, must earn a Masterâ\x80\x99s of Science in Nursing through an accredited graduate degree program.', 'The impact of evidence-based practice (EBP) has echoed across nursing practice, education, and science.', 'According to the Texas Board of Nursingâ\x80\x99s website, Texas has 3 distinct areas of Nursing Practice: Licensed Vocational Nurse (LVN), Registered Nurse (RN), and Advanced Practice Registered Nurse (APRN). Additional Texas Nursing Resources: Texas Board of Nursing. Texas Nursing Continuing Education.', 'Masterâ\x80\x99s Degree in Nursing (MSN), which helps you to become an Advanced Practice Nurse, nurse educator or nurse administrator.']",I cannot answer from the given context.,,0.0,0.0,0.0
current time in oakland ca,"['Current Local Time: California is in the Pacific Time Zone: The Current Time in California is: Thursday 1/18/2018 1:06 PM PST California is in the Pacific Time Zone', 'Current Local Time: Oakland, California is in the Pacific Time Zone: The Current Time in Oakland, California is: Thursday 2/15/2018 12:24 PM PST Oakland, California is in the Pacific Time Zone', 'The current time in Pacific Standard Time is 01:15 PM on 10/04/2015.', 'The Current Time in most of Ontario is: Thursday 2/15/2018 2:45 AM EST Most of Ontario is in the Eastern Time Zone: The Current Time in areas of Ontario, west of 90Â° west longitude is: Thursday 2/15/2018 1:45 AM CST These places in Ontario are in the Central Time Zone', 'Current Local Time: EST time zone.']",I cannot answer from the given context.,,0.0,0.0,0.0
history of nike huarache,"['Nike Air Huarache History [ratings] The Nike Air Huaracheâ\x80\x99s look is very simple, and the only Nike branding is shown with lettering at the heel. In 1992, Nike released special versions of the Nike Air Huarache in select color ways with nubuck uppers.', 'Model: Nike Running â\x80\x93 Nike Air Huarache Purpose: Running Original Release: 1991 Updates: Nike Running News The Nike Air Huarache is a running shoe that boasted innovative technologies, including the â\x80\x9cHuarache Fit.â\x80\x9d It was first released in 1991 and was inspired by old Native American sandals called Huarache.', 'The company takes its name from Nike, the Greek goddess of victory. Nike markets its products under its own brand, as well as Nike Golf, Nike Pro, Nike+, Air Jordan, Nike Blazers, Air Force 1, Nike Dunk, Air Max, Foamposite, Nike Skateboarding, and subsidiaries including Brand Jordan, Hurley International and Converse.', 'Nike Cofounder And Chairman Phil Knight Officially Retires From The Board Nike cofounder Phil Knight announced Thursday that he has officially stepped down from his role as chairman of Nikeâ\x80\x99s board, completing the transition he first announced a year ago. As expected, Nike President and CEO Mark Parker will take on the role of chairman, while Knight, 78, will serve as Chairman Emeritus.', 'His goal: to make the perfect (and absolutely comfortable) high-heel, with the help from Nike CEO Mark Parker.']","The Nike Air Huarache was first released in 1991 and was inspired by old Native American sandals called Huarache. It features a simple look with minimal branding, and in 1992, special versions with nubuck uppers were released in select color ways. The shoe boasted innovative technologies, including the ""Huarache Fit.""",,1.0,0.8546709229323234,0.0
what is the temperature of water at freezing point,"['Pure water has a freezing point of 32oF, 0oC at sea level under normal pressure. Impurities in the water (such as sea salt), pressure and altitude will raise or lower the freezing point.', 'What is the freezing point of water?', 'The resulting solution or solid-solid mixture has a lower freezing point than the pure solvent or solid. This phenomenon is what causes sea water, (a mixture of salt in water) to remain liquid at temperatures below 0 Â°C (32 Â°F), the freezing point of pure water.', 'Alcoholic beverages have a freezing point between the freezing point of water (0Â°C; 32Â°F) and that of pure ethanol (-114Â°C; -173Â°F).', '-Both freezing point and melting point are the same for a pure substance. The melting and freezing point is the temperature in between the point at which molecules of a substance either gain KE and move apart, or lose KE and gain more molecular bonds.']",The temperature of water at freezing point is 32°F (0°C).,,1.0,0.9503613658532495,0.0
what is the third law,"['The Third Law of Thermodynamics is concerned with the limiting behavior of systems as the temperature approaches absolute zero.', 'What does the phrase interpreting the law mean?', 'Rule by law is means that no one is immune to the law set by the  government.', 'The root of the enacted law is the moral law; the root of the moral law is the design of the created order; and the root of the created order is the Creator.â\x80¦ These sound like biblical truths, and they are.', 'Sometimes also referred to as the law of variable proportions, this law is really a generalization economists make about the nature of technology when it is possible to combine the same factors of production in a number of different proportions to make the same product.']",The Third Law of Thermodynamics is concerned with the limiting behavior of systems as the temperature approaches absolute zero.,,1.0,0.701419647860625,0.0
what is the weather in allentown?,"[""I've never been during that time of year, so I was wondering what the weather is typically like."", 'What is the weather like at Page AZ and Lake Powell?', 'Re: What is the weather like in October?', 'Want to know what the weather is now?', 'Guide to Allentown weather in December. The average maximum daytime temperature in Allentown in December is a cold 4Â°C (39Â°F).']",The average maximum daytime temperature in Allentown in December is a cold 4°C (39°F).,,1.0,0.7999446020786579,0.19999999998
what is the weather in powell wy,"['The highest monthly average temperature in Powell for July is 72 degrees. The lowest monthly average temperature in Powell for December is 24 degrees. The most monthly precipitation in Powell occurs in May with 1.6 inches.', 'The air quality index in Powell is 51% better than the national average. The pollution index in Powell is 95% better than the national average.', 'What is the weather like at Page AZ and Lake Powell?', 'Want to know what the weather is now?', 'Weather is unpredictable, you could have beautiful weather or overcast and rainy weather in September.']",I cannot answer from the given context.,,0.0,-0.0,0.0
what is the wwa,"['What is the Western Hemisphere Travel Initiative (WHTI)?', 'What is the Kannada word for host? What is the Kazakh word for host? What is the Khmer word for host? What is the Korean word for host? What is the Kurdish word for host? What is the Kyrgyz word for host? What is the Lao word for host? What is the Latin word for host? What is the Latvian word for host? What is the Lithuanian word for host?', 'W.', 'Vital signs are, to the EMT, what sharp shooting is to the sniper; what the fast ball is to the closing pitcher; what swordsmanship is to Zorro.', 'W.']",I cannot answer from the given context.,,0.0,0.0,0.0
home range of american bison,"['American bison range. Historically, the American bison had the widest natural range of any North American herbivore, extending all the way from northern Mexico to Alaska, with central Alberta being the dividing line between the plains bison to the south and the wood bison to the north .', 'The American bison and the European bison (wisent) are the largest terrestrial animals in North America and Europe.', 'Of the four extinct species, three were North American: Bison antiquus, B.', 'In North America the dominant grazing animals are bison and pronghorn.', 'Bison are good swimmers and can cross rivers over half a mile (800 meters) wide.']",I cannot answer from the given context.,,0.0,-0.0,0.0
what is usta,"['The 2015 US Open was the 135th edition of the tournament and it was held at the USTA Billie Jean King National Tennis Center in Flushing Meadowsâ\x80\x93Corona Park of Queens in New York City, New York, United States.', 'The United States Tennis Association (USTA) is the  national governing body for tennis in the United States.', 'What Is Aba Bank.', 'What is the Kannada word for host? What is the Kazakh word for host? What is the Khmer word for host? What is the Korean word for host? What is the Kurdish word for host? What is the Kyrgyz word for host? What is the Lao word for host? What is the Latin word for host? What is the Latvian word for host? What is the Lithuanian word for host?', 'themâ\x80\x9d.']",The United States Tennis Association (USTA) is the national governing body for tennis in the United States.,,1.0,0.1807139353230123,0.0
what kind of doctor specializes in rehabilitation,"['During this time, the doctor should guide the patient through the rehabilitation process.', 'doctor who specializes in the field of the.', 'What Kind of Doctor Do I Need?', 'PM&R physicians are medical doctors who have completed training in the specialty of Physical Medicine and Rehabilitation (PM&R), and may be subspecialty certified in Brain Injury Medicine, Hospice and Palliative Medicine, Neuromuscular Medicine, Pain Medicine, Pediatric Rehabilitation Medicine, Spinal Cord Injury Medicine, and/or Sports Medicine.', 'Rehabilitation of such patients requires a multidisciplinary.']",PM&R physicians specialize in rehabilitation.,,1.0,0.4387328108073254,0.0
what kind of exam in aca,"['The core information about the ACA exam is as follows: About the ACA Exam The ACA or the Associate Chartered Accountant Program is a premier course designed by the Institute of Chartered Accountants in England and Wales (ICAEW).', 'Every question on the exam is associated with one of the knowledge or skill statements that can be found in the Exam Content Outline.', 'A CT angiography (CTA) scan is a special kind of CT exam that focuses particularly on the blood vessels, using a contrast material to make them show up clearly in the images.', 'Exam Procedures (January - June 2014) You can register for the exam at the test center, on the day of the exam. Refer to the schedule below to find the most convenient location, date and time for you to take any upcoming exam. Exam schedules are updated in January and July of each year.', ""The certification exam is similar in content to the CCI's examination, but consists of 200 questions rather than 150. Of those questions, 175 are scored and the remaining 25 are test questions under consideration for future exams.""]",I cannot answer from the given context.,,0.0,0.0,0.0
what method of penetrant removal is solvent removable,"['Penetrant Removal Method Penetrants are also classified by the method of removing the excess penetrant. â\x80¢Solvent Removable penetrants are removed by wiping with a cloth dampened with solvent.', 'polystyrene with suitable solvents. A good solvent for the recycling. of extruded polystyrene should have high dissolution ability and.', 'Electrolysis is a hair removal method using a thin needle attached to an electrology machine. Learn more about electrolysis from an experienced hair and body care specialist in this free video on hair removal. Part of the Video Series: Electrolysis Hair Removal.', 'and proprietary solvent blends.', ""It could also be because you're initially evaporating off the last bit of solvent like ether or dichloromethane.""]",Solvent removable penetrants are removed by wiping with a cloth dampened with solvent.,,1.0,0.913120565194529,0.9999999999
what nationality is dr. nowzaradan,"['Nowzaradan is from Iran and was born on October 11, 1944.', 'Nowzaradanâ\x80\x99s nationality is Iranian, he has been working in the United States for more than four decades.', 'Dr. R Sangal Dr. Sangal.', 'is the oldest son of Dr.', 'Her father is a famous liver and kidney transplant surgeon, Dr.']",Dr. Nowzaradan's nationality is Iranian.,,1.0,0.9394348413838589,0.0
ari fleet repair phone number,"['ARI Fleet Customer Service Phone Number Phone Number of ARI Fleet is 856 7781500. ARI Fleet is a largest privately held vehicle fleet management services company which provides the services in United States, Mexico, Canada, United Kingdom, Europe and Hong Kong.', 'Phone Number 410-838-9090.', 'Asurion Verizon Customer Service Phone Number Phone Number of Asurion Verizon is +1 615-837-3000. Asurion LLC is a leading provider of insurance services based in the United States.', 'Audible Customer Support Service Phone Number The customer support phone number of Audible is 1-888-283-5051 (Click phone number to call).', 'The customer support phone number of Zeiss is +49 7364 20-0 (Click phone number to call). data-ad-slot=7829909793> Zeiss Optics Customer Service Phone Number Zeiss Customer Service Phone Number Phone Number of Zeiss is +49 7364 20-0.']",I cannot answer from the given context.,,0.5,-0.0,0.0
what part of the integumentary system does scc,"['Integumentary System. The integumentary system is an organ system consisting of the skin, hair, nails, and exocrine glands.', 'A diagnosis of SCC is supported by the presence of unequivocal cytoplasmic keratinization, squamous pearls, and desmosomes.', 'Major layers of the  epidermis and dermis, functions, structures of the integumentary system and their functions, and homeostatic responses to integumentary imbalances.', 'Functions of the Integumentary System The Epidermis (thin outer layer of skin) The Dermis (thick inner layer of skin) Connective tissue and Membranes Roots, suffixes, and prefixes Cancer Focus Related Abbreviations and Acronyms Further Resources Functions of the Integumentary System', 'Schlerenchyma cells.']",I cannot answer from the given context.,,0.0,0.0,0.0
what percentage of people in the world speak english,"[""The estimated number of people in the world that speak English  fluently is about 30 percent of the population. If the world's  population is about 7,264,712,400 people. Thiâ\x80¦s would mean that  roughly 2,179,413,720 people in the world currently speak English  fluently."", 'There are about 500 million people who speak English on this planet, and itâ\x80\x99s not even the most common language in the world (Mandarin tops the charts at over a billion).', ""What percent of people speak English in Germany? Well over 90 percent because in Germany it is very widely looked down upon if you don't become fluent in English as a second language in Germany."", ""It's true that there are more and more people learning and speaking English these days. In fact, English is, according to some measures, the most widely spoken language in the world, the de facto lingua franca. Approximately 1.5 billion people around the world speak English, whether as their native tongue or as a foreign language, and this number is still growing."", 'I would say a good majority of the people speak English very well.']",I cannot answer from the given context.,,0.0,0.0,0.9999999999
what processes are needed to form igneous rock,"[""Igneous rock is formed through the cooling and solidification of magma or lava. Molten rock is called magma. When it is forced to the Earth's surface it is also called lava. Lava cools quickly on the surface to form igneous rocks with small crystals."", 'Volcanic processes form extrusive igneous rocks. Extrusive rocks cool quickly on or very near the surface of the earth.', 'In essence, igneous rocks are formed through the cooling and solidification of magma (or lava). As hot, molten rock rises to the surface, it undergoes changes in temperature and pressure that cause it to cool, solidify, and crystallize.', ""Igneous rocks are formed from melted rock that has cooled and solidified. When rocks are buried deep within the Earth, they melt because of the high pressure and temperature; the molten rock (called magma) can then flow upward or even be erupted from a volcano onto the Earth's surface."", 'Intrusive igneous rocks are formed from magma that cools and solidifies within the crust of a planet, surrounded by pre-existing rock (called country rock); the magma cools slowly and, as a result, these rocks are coarse grained. The mineral grains in such rocks can generally be identified with the naked eye.ntrusive igneous rocks are formed from magma that cools and solidifies within the crust of a planet, surrounded by pre-existing rock (called country rock); the magma cools slowly and, as a result, these rocks are coarse grained. The mineral grains in such rocks can generally be identified with the naked eye.']","Igneous rock is formed through the cooling and solidification of magma or lava. The processes involved include the rising of hot, molten rock to the surface, where it undergoes changes in temperature and pressure that cause it to cool, solidify, and crystallize. Additionally, volcanic processes contribute to the formation of extrusive igneous rocks, while intrusive igneous rocks form from magma that cools and solidifies within the Earth's crust.",,1.0,0.842682211666672,0.0
what school subject are needed to become a registered nurse,"['At minimum, a nurse practitioner must earn a Masterâ\x80\x99s of Science degree in nursing before beginning work in the NP role. This degree and a nurse practitioner credential, are only available to those students who have already completed the requirements to work as a registered nurse (RN).', 'I want to become a registered nurse in a state that requires a bachelorâ\x80\x99s degree OR I am a practicing LPN or RN who would like to advance my education and career. I would like to become an advanced practice nurse, such as a nurse practitioner, clinical nurse specialist, nurse midwife or nurse anesthetist.', ""If you decide you want to become a registered nurse (RN) in the future, you'll need to earn either an associate's (LPN-to-RN) or bachelor's degree (LP-to-BSN), but your LPN training will count as credit toward your degree."", 'A neonatal nurse must be a registered nurse (RN) with a four-year bachelor of science in nursing degree (BSN). You must be certified in Neonatal Resuscitation and/or Neonatal Intensive Care Nursing. You may also be required to complete a minimum number of years of clinical experience in a hospital setting.To become a neonatal nurse practitioner (NNP), you will also need a Master of Science in Nursing (MSN) degree.Many nursing schools offer this degree through a two-year Advanced Practice Neonatal Nursing (APNN) program. neonatal nurse must be a registered nurse (RN) with a four-year bachelor of science in nursing degree (BSN). You must be certified in Neonatal Resuscitation and/or Neonatal Intensive Care Nursing. You may also be required to complete a minimum number of years of clinical experience in a hospital setting.', 'There are many different pathways of education if you wish to become a registered nurse.']",I cannot answer from the given context.,,0.0,0.0,0.0
what temperature damages tomato plants,"['Temperature: Tomato plants drop their flowers under extreme temperature regimes, such as high daytime temperatures (above 85Â°F), high nighttime temperatures (above 70Â°F), or low nighttime temperatures (below 55Â°F) (Table 1). Optimal growing conditions for tomatoes are daytime temperatures between 70Â°F and 85Â°F.', 'Tomato plants are also susceptible to chilling injury at temperatures between 0 and 5Â° C. Chilling can cause stunted growth, wilting, surface pitting or necrosis of foliage, and increased susceptibility to disease. Low soil temperatures also stunt plant growth and prevent root development.', 'Marijuana grown indoors functions better at moderate temperatures between 70 and 75*F (21-23*C) during the light period and a drop of no more than 15*F (9*C) to 60*F (15*C) during the dark period.CO2-enriched plants will produce more at a marginally higher temperature of just under 80*F (27*C).If the temperature drops below 60*F (15*C) during the dark period, plants will grow more slowly and yields will not be as abundant.O2-enriched plants will produce more at a marginally higher temperature of just under 80*F (27*C). If the temperature drops below 60*F (15*C) during the dark period, plants will grow more slowly and yields will not be as abundant.', '2  Protect the young plants with a cold frame or thick mulch through the winter, then remove the protection when soil temperature in your area reaches 40Âº.', 'These cold climate tomatoes are tomato varieties that are better suited to colder growing climates. Many of these tomato varieties originate from the cooler growing areas in Russia and other northern growing areas.']","Tomato plants drop their flowers under extreme temperature regimes, such as high daytime temperatures above 85°F, high nighttime temperatures above 70°F, or low nighttime temperatures below 55°F. Additionally, they are susceptible to chilling injury at temperatures between 0 and 5°C.",,1.0,0.8274921601605806,0.0
what town in kansas is home to boot hill,"['Although many towns use the name Boot Hill, the first graveyard named Boot Hill was at Hays, Kansas, 5 years before the founding of Dodge City, Kansas.', 'Retreat at Walnut Creek Apartments in Kansas City, MO! The Retreat at Walnut Creek Apartments in Kansas City is sure to become your favorite apartment home ever!', 'For other uses, see Kansas City (disambiguation). Kansas City is the largest city in Missouri and the sixth largest city in the Midwest.', 'Rock Hill is the largest city near Fort Mill. Here is a map of the Rock Hill area.', 'Overland Park, Kansas Divorce Lawyers in Johnson County. If you are going through a divorce in Johnson County, Kansas in Overland Park, Kansas, it is a top priority to have an educated and experienced attorney by your side.']","Hays, Kansas.",,1.0,0.23110629663425666,0.9999999999
what tv shows did mark ruffalo star in,"['Mark Alan Ruffalo (/Ë\x88rÊ\x8cfÉ\x99loÊ\x8a/, born November 22, 1967)[1] is an American actor, filmmaker, and social activist.', 'On this day in 2014, actor and comedian Robin Williams, who rose to prominence in the late 1970s in the hit TV sitcom â\x80\x9cMork & Mindyâ\x80\x9d then went on to star in dozens of films, including â\x80\x9cDead Poets Societyâ\x80\x9d (1989), â\x80\x9cMrs.', ""Interestingly, Joel McCrea would later star in the 1959 TV western Wichita Town--though not, of course, as Wyatt Earp (Hugh O'Brien was busy with that character on another network!) ~ Hal Erickson, Rovi"", 'Mark is a 30 year veteran of television and journalism. His career spans major editorial roles at CNN, Bloomberg, Current TV and CNBC.', 'Mark Jordon (born 25 January 1965 in Oldham, Lancashire) is an actor from England best known for playing PC Phil Bellamy in the British TV Series Heartbeat, which he left in 2007.Read Less.']",I cannot answer from the given context.,,1.0,-0.0,0.0
what type of government does a small group of people rule,"['A form of government which consists of rule by an elite group who rule in their own interests, especially the accumulation of wealth and privilege.', ""What is a Dictator? A dictatorship is a form of government characterized by the absolute rule of one person or a very small group of people who hold all political power. While a dictatorship is a form of government in some nations, just as monarchy or representative democracy is the form of government in others, dictatorships are seen by non-dictatorships as dangerous and cruel because of the way they tend to treat their citizens. Dictators and Control. You won't find a dictator who calls himself a dictator."", ""After a period of time, this 'becomes' one of the other type of government (unless there is another coup or uprising)."", 'A framework for the constitution proposed by a group of small states.', 'Furthermore, especially in American English, the concepts of the state and the government may be used synonymously to refer to the person or group of people exercising authority over a politically organized territory. Finally, government is also sometimes used in English as a synonym for governance.ule by the rich; a system of governance composed of the wealthy class.']",A dictatorship is a form of government characterized by the absolute rule of one person or a very small group of people who hold all political power.,,1.0,0.43754294438320795,0.0
how can you tell the difference between a wart and a mole on your face,"['The difference between a mole and a wart is that moles are not contagious, but warts are.', 'A wart is a small growth with a rough texture that can appear anywhere on the body.', 'The furuncle looks like a red, raised bump on your skin, but can later rupture and weep fluid. Furuncles are most commonly found on the face and neck. You might also develop a boil on your thigh or buttocks.ymptoms of a Furuncle. A furuncle may begin as a benign-looking bump on your skin, similar to a pimple.', ""Of course, getting a mole removed is a little more complicated than the first two options -- and it's more expensive. There isn't a set cost for mole removal because all moles are different and prices vary by doctor, but plan to spend between $100 and $500 [source: Hacker ].ypically, cosmetic removal of moles isn't covered by insurance, but the removal of a potentially cancerous mole is covered. However, insurance policies differ, so it's best to check with your provider to determine whether the cost of mole removal is covered [source: Hacker ]."", 'When I found my first bulls eye I knew...lymeliterate.hubpages.com. Ringworm vs Lyme Disease-How to tell the difference between the Bulls Eye Rashes. It is often hard to tell the difference between Lyme Disease or Ringworm when a mystery Bulls Eye rash suddenly appears.']","You can tell the difference between a wart and a mole on your face by noting that moles are not contagious, while warts are.",,0.6666666666666666,0.9697638136438839,0.0
what was elvis presley's wife's name,"['Priscilla Presley Elvis Aaron Presley only had one wife, and her name is  Priscilla Presley.', 'June 26, 1979, Vernon elvis Presley was one of six siblings.', ""Priscilla married Elvis then had Lisa Marie in 1968 when she was 22 years old. Lisa Marie also had children in her earlier 20s-giving birth to Riley when she was 21 and Ben when she was 24.Priscilla (left), holds the hand of one of her twin granddaughters and is followed by her daughter, Lisa Marie (right).The Presley family returned to Memphis to celebrate Elvis' 80th with hundreds of fans.'My gosh, I'm in total shock.riscilla married Elvis then had Lisa Marie in 1968 when she was 22 years old. Lisa Marie also had children in her earlier 20s-giving birth to Riley when she was 21 and Ben when she was 24."", ""Ann Margret talks about Elvis during an interview aired on Feb 11, 1994.It's incredible to see that after so many years (30 actyally) of their romance, Ann never betrayed Elvis memory and preferred to keep some memories and very personal details for herself only.She truly respected Elvis-and still does!nn Margret talks about Elvis during an interview aired on Feb 11, 1994."", '1 album was Elvis Presley (first week at No. 1: May 5, 1956) and his most recent was ELVIS: 30 #1 Hits (last week at No.']",Priscilla Presley,,1.0,0.7825542418708068,0.0
what was the strawberry kids cereal,"[""Strawberry Shortcake Cereal. Strawberry Shortcake cereal is a crispy, strawberry pink breakfast cereal released in 1983 by General Mills. Just like Strawberry Shortcake dolls, Strawberry Shortcake Cereal smells like strawberries! The cereal is actually quite delicious and the strawberry taste is fantastic. This is really one of those great kids cereals that brings a smile to your face when you eat breakfast. In the commercials, Strawberry Shortcake says It's berry delicious!. The cereal is pink / strawberry colored and round in shape."", 'strawberry gallbladder. strawberry skull.', 'Strawberry Bread - Ingredients.', 'You can grow strawberries from seeds, or you can opt to transplant or purchase strawberry plants for your garden. (If this reference page seems daunting, you can start here first: How to Grow Strawberries in 10 Easy Steps.) It is more difficult if you start with strawberry seeds instead of existing strawberry plants.', 'The facts on strawberry nutrition are impressive.']","The strawberry kids cereal was Strawberry Shortcake Cereal, released in 1983 by General Mills.",,1.0,0.8351077701256364,0.0
what's the iq scale,"[""IQ stands for intelligence quotient. A person's IQ score is computed by dividing a person's mental age by their chronological age and multiplying by 100. So if a 7 year old takes an IQ test and scores the mental age of a 7 year old; 7/7=1 times 100= an IQ of 100.Thus an average IQ would be 100.If a 10 year old scored the mental age of a 5 year old; 5/10= .5 times 100= an IQ of 50 (not so hot).f a five year old took his test, and had the mental age of a three year old, then the school would work harder with him to raise his intelligence."", 'Definitely one of the most, if not the most accurate IQ test on the net. Our original IQ test is the most scientifically valid IQ test available on the web today.', ""There is no such thing as an IQ test you do in 13 minutes other than the Wonderlic, which isn't a real IQ test either."", 'A very high IQ indicates that the brain has been utilized appropriately. IQ can be improved and a person who initially could not score well in an IQ test can do better next time after following certain brain exercises.', 'Score to Percentile Rank Conversion. Percentile Rank to Estimated IQ Conversion. Bell Curve of Approximate IQ Scores.']",I cannot answer from the given context.,,0.0,0.0,0.9999999999
when is the warm weather in thailand,"['What is the weather like in Thailand? Thailand can best be described as tropical and humid for the majority of the country during most of the year. The area of Thailand north of Bangkok has a climate determined by three seasons whilst the southern peninsular region of Thailand has only two. In northern Thailand the seasons are clearly defined.', ""April in Thailand is typically hot and sweaty, but this year's scorching weather has set a record for the longest heat wave in at least 65 years."", 'Weather in Pattaya in September 2017. Expect 31Â°C daytime maximum temperatures in the shade with on average 5 hours of sunshine per day in Pattaya in September. Check more long-term weather averages for Pattaya in September before you book your next holiday to Thailand in 2017.', 'The sea will still be quite chilly but is starting to warm up nicely if the weather is warm.', ""March-May While the weather isn't as warm as what you'll find in the summer, spring has fewer crowds, which translates to cheaper airfare and lower hotel rates.""]",I cannot answer from the given context.,,0.0,-0.0,0.0
when must a trademark be renewed,"['However, the trademark may still be renewed under the 6-month grace period until December 1, 2016 (6 months past June 1, 2016). 10 Year Renewal: Following the 5 / 6 year renewal a trademark must also be renewed on or about every 10th anniversary of its registration. The registration is renewed by filing a Â§8 Declaration of Continued Use as well as a Â§9 Application for Renewal.', 'Each certification must be renewed on a five-year cycle; the mechanic will lose master mechanic status if even one certification lapses.', 'Your PE license must be renewed every 2 years.', 'It lasts for one year, and can be renewed in one-year increments, with no limit on renewals.', 'All memberships must be renewed annually.']","A trademark must be renewed on or about every 10th anniversary of its registration, following a 5 / 6 year renewal.",,0.5,0.9065799617263576,0.0
when was iheartradio founded,"['iHeartRadio was launched in October 2008 in New York, United States.', 'It was founded in 1886 by James S.', 'iHeartRadio allows its users to listen to more than 1,500 live radio stations from coast-to-coast, including pop, country, urban, rock, talk, and college.', 'was founded in 1972 and is based in Oklahoma City, Oklahoma.', 'It was founded in the year 514 of our era by the priest LAKIN CHAN who was also called Itzamna.']",iHeartRadio was launched in October 2008.,,1.0,0.86149679362898,0.0
when was putnam county established,"['Putnam County was first established on 2 February 1842 when the Twenty-fourth General Assembly enacted a measure creating Putnam County from portions of Jackson, Overton, Fentress, and White Counties.', 'Fairfield County was established by an act of the Connecticut General Court in Hartford along with Hartford County, New Haven County, and New London County; which were the first four Connecticut counties, on May 10, 1666.airfield County was established by an act of the Connecticut General Court in Hartford along with Hartford County, New Haven County, and New London County; which were the first four Connecticut counties, on May 10, 1666.', 'The County was established in 1854, one of the first counties in the state.', 'The county was established in 1879 when Idaho was a territory and named after U.S.', 'Once you get into Putnam and Orange County, itâ\x80\x99s up for debate.']",Putnam County was established on 2 February 1842.,,1.0,0.9506387068544345,0.0
where are the most deserts,"['Deserts Desert regions A desert is a climate region that av erages less than 35 centimeters of rainfall per year. Most deserts are found between the latitudes of 30Â° N and 30Â° S. Because of the lack of cloud cover, deserts', 'Most deserts lie between 15Â° and 35Â° north and south of the equator.', 'Some deserts are both dry and cold, creating particularly challenging conditions for plants. These desert environments often receive most of their precipitation in the form of winter snow. The Gobi Desert in Mongolia is an example of a cold desert.', 'Deserts are areas where the rainfall is too low to sustain any vegetation at all, or only very scanty scrub. The rainfall in desert areas is less than 25 mm or 10 inches per year, and some years may experience no rainfall at all.esert climates. Deserts are areas where the rainfall is too low to sustain any vegetation at all, or only very scanty scrub. The rainfall in desert areas is less than 25 mm or 10 inches per year, and some years may experience no rainfall at all.', 'All over the world many deserts lie in these regions.']",Most deserts lie between 15° and 35° north and south of the equator.,,1.0,0.7921493248681016,0.0
where did the ottomans deport the armenians,"['On this day in 1915, in the latest of a disturbing series of Turkish aggressions against Armenians during World War I, Mehmed Talat, the Ottoman minister of the interior, announces that all Armenians living near the battlefield zones in eastern Anatolia (under Ottoman rule) will be deported to Syria and Mosul.', 'At this time, Tbilisi had roughly the same number of Armenians as Georgians, with Russians being the third largest ethnic group.', 'On the basis of a marriage contract, the Habsburgs claimed the Hungarian throne. After conquering the Ottomans in 1686 and 1712, the Habsburgs ruled all of Hungary.', 'For example there was a rise of Hungarian Jewish immigration as the Jews tried to escape persecution in Hungary during World War II.Another reason for the general population was because of all the turmoil throughout the empire.ome of us like it where we are:) However historically many did it for different reasons. For example there was a rise of Hungarian Jewish immigration as the Jews tried to escape persecution in Hungary during World War II.', 'Where did the family branches go?']",The Ottomans deported the Armenians to Syria and Mosul.,,1.0,0.891277264934384,0.0
where does microtubule formation occur,"[""The length of microtubules in the cell varies between 200 nanometers and 25 micrometers, depending upon the task of a particular microtubule and the state of the cell's life cycle."", 'In addition, microtubules are the major components of cilia and flagella, and participate in the formation of spindle fibers during cell division (mitosis).', 'Nodules can occur singly or in groups.', ""This is where all the special stuff happens in meiosis. It's actually further divided into 5 different stages, which does not occur in prophase II or the mitotic prophase (meiosis II is very similar mechanistically and conceptually to mitosis). Among the various special characteristics of Prophase I you have:"", 'The microtubules, also called spindle fibers, form from an area of the cell called the centrosome.During interphase, the cell has one centrosome but just before prophase, the centrosome duplicates, producing a second centrosome. During prophase, microtubules radiate from each centrosome.he microtubules, also called spindle fibers, form from an area of the cell called the centrosome.']",Microtubule formation occurs from an area of the cell called the centrosome.,,1.0,0.8898994346532417,0.0
where does wegmans organic chicken come from,"['The barn at Wegmans Organic Farm in Canandaigua PHOTO/Edible Buffalo. In our current issue we profiled the good work going on at the Wegmans Organic Farm in Canandaigua. Recently the folks at Wegmans invited the media to come check out the latest achievements at the farm.', 'Wegmans Food Markets, Inc.', 'We sell products that come from: Dexter Cattle, Large Black and Red Wattle hogs, Buckeye and other Heritage chicken eggs, Bronze Breasted Turkeys, Heritage lambs, goats, and other Heritage animals.', 'Recently, the term organic has come to imply products used in organic farming. Under this definition, an organic herbicide is one that can be used in a farming enterprise that has been classified as organic. Commercially sold organic herbicides are expensive and may not be affordable for commercial farming.', 'Chicken may be removed from the bones, and used in soup.']",I cannot answer from the given context.,,0.5,0.0,0.0
where is diethanolamine found,"['Diethanolamine found in shampoos may inhibit brain development. An ingredient found in many shampoos and other personal care products appears to interfere with normal brain development in baby mice when applied to the skin of pregnant mice, University of North Carolina at Chapel Hill researchers have discovered.', 'Itâ\x80\x99s not found in food, but is created from another amino acid, tryptophan. Trytophan is found in high-protein animal foods like meat, poultry, seafood, dairy and eggs.', 'They are also found at the axon endings of motor neurons, where they stimulate the muscle fibers.', 'Where Is Xanthan Gum Found?', 'However, it is most commonly found in the stomach or intestines.']",Diethanolamine is found in shampoos and other personal care products.,,1.0,0.8352057760692903,0.9999999999
where is jones beach,"['Jones Beach State Park. Jones Beach State Park (colloquially, Jones Beach) is a state park of the U.S.', 'It is in southern Nassau County, in the hamlet of Wantagh, on Jones Beach Island, a barrier island linked to Long Island by the Meadowbrook State Parkway, Wantagh State Parkway, and Ocean Parkway.', '1  Muir Beach Muir Beach (the beach) is part of Golden Gate National Recreation Area and located in the small town of Muir Beach, California. 2  Stinson Beach Stinson Beach (the beach) is a large public beach within Golden Gate National Recreation Area located in the town of Stinson Beach, California.', 'All of the beaches in and near the Downtown Long Beach area are inside the breakwater of the Ports of Long Beach and Los Angeles. The best beach in Long Beach is the Belmont Shore at the extreme, south end of Long Beach.', 'Lido Public Beach Sarasota. Lido Public Beach, Sarasota. Out of the three public beach facilities on Lido Key, Lido Public Beach is the full-service beach with the most amenities.']","Jones Beach is in southern Nassau County, in the hamlet of Wantagh, on Jones Beach Island, a barrier island linked to Long Island.",,1.0,0.9294278241389035,0.0
where is montella italy,"['Montella is an Italian town and comune (municipality) in the province of Avellino, Campania, with a population of 8,013.', 'Venice (/Ë\x88vÉ\x9bnÉªs/ VEN-iss; Italian: Venezia, [veË\x88nÉ\x9bttsja]; Venetian: Venesia, [veË\x88nÉ\x9bsja]) is a city in northeastern Italy and the capital of the Veneto region.', 'Italy Chronicles Photos/Flickr.', 'He was born in Italy but was educated in North Africa where his father held a diplomatic post.', 'Rome is in the Lazio region of central Italy on the Tiber river (Italian: Tevere).']","Montella is in the province of Avellino, Campania, Italy.",,1.0,0.8608935722856202,0.9999999999
where is the corral club located in reliant stadium,"['There are several corral club bars located all over the Houston Livestock Show and Rodeo grounds.', 'NRG Stadium (Formerly Reliant Stadium) Seat Numbers The seat numbers at Reliant Stadium (NRG Stadium) are consistent throughout the entire stadium.', 'AT&T Stadium. Not to be confused with AT&T Park in San Francisco; AT&T Center in San Antonio; AT&T Field in Chattanooga, TN; Jones AT&T Stadium in Lubbock, TX; or AT&T Field at War Memorial Stadium in Little Rock, AR. AT&T Stadium, formerly Cowboys Stadium, is a retractable roof stadium in Arlington, Texas, United States.', 'Corral in The Streets of Tombstone Theater.', 'Huntington Park (Columbus, Ohio) Huntington Park is baseball stadium located in Columbus, Ohio, United States.']",I cannot answer from the given context.,,1.0,-0.0,0.0
where is tiny town,"['Tiny Town is an amazing little playcentre just for children located in Guelph from toddler to kindergarten age to learn, grow, and most importantly play! Tiny Town is an amazing little playcentre just for children located in Guelph from toddler to kindergarten age to learn, grow, and most importantly play!', 'Located forty miles south of Interstate 80 and 85 miles west of Laramie, the tiny town is home to 450 people.', 'Town Without Pity (song) Town Without Pity is a song written by composer Dimitri Tiomkin and lyricist Ned Washington.', 'Maybe this really is the biggest little town ever!', 'A town is not as big as a city.']",Tiny Town is located in Guelph.,,1.0,0.9281933411484253,0.0
which memory is also called primary memory,"['The following terms related to memory of a computer or Primary memory: 1. Random Access Memory (RAM): The primary storage is called as Random Access Memory (RAM) because it is possible to randomly select and use any location of the memory, directly store and retrieve data.', 'SRAM Performance improves because RAM stored in memory modules (DIMMs) on the motherboard is dynamic RAM or DRAM and memory in a memory cache is static RAM or SRAM.', 'Another sub-cortical systems (inside the cerebral cortex) which is essential to memory function is the basal ganglia system, particularly the striatum (or neostriatum) which is important in the formation and retrieval of procedural memory.', 'Therefore, additional memory clock speed provided more benefit than additional memory quantity.', 'The real memory speed is the most important information.']",Random Access Memory (RAM) is also called primary memory.,,1.0,0.6694378913253797,0.0
which muscle type is involved in the function of the digestive tract and blood vessels?,"['**Which muscle type is involved in the function of the digestive tract and blood vessels? Smooth smooth muscle functions in many systems of the body, including the digestive tract and blood vessels. **How does cardiac muscle differ from the other types of muscle?', 'This is the only voluntary muscle contraction in the digestive process.', 'whose main function is to pump blood around the body.', 'Which one of the following is the function of the ureter?', 'To digest food, your digestive tract needs some help from nearby organs, including the liver, gallbladder, and pancreas, that produce or store enzymes and other substances that help break down food.ancreas.']","Smooth muscle functions in many systems of the body, including the digestive tract and blood vessels.",,1.0,0.6524592181313138,0.0
who is jeconiah,"[""Jeconiah, also known as Coniah and as Jehoiachin, was a king of Judah who was dethroned by the King of Babylon in the 6th century BC and was taken into captivity. He was the son and successor of King Jehoiakim. Most of what is known about Jeconiah is found in the Hebrew Bible. Records of Jeconiah's existence have been found in Iraq, such as the Jehoiachin's Rations Tablets."", 'Who Is Yahshua?', 'So Who Is He?', 'someone who is ineffective or irresponsible The definition of feckless is  someone who is ineffective or irresponsible. A person who cannot be trusted to take on responsibility is an example of someone who would be described as feckless.', 'King Jereboam.']","Jeconiah, also known as Coniah and as Jehoiachin, was a king of Judah who was dethroned by the King of Babylon in the 6th century BC and was taken into captivity. He was the son and successor of King Jehoiakim. Most of what is known about Jeconiah is found in the Hebrew Bible. Records of Jeconiah's existence have been found in Iraq, such as the Jehoiachin's Rations Tablets.",,1.0,0.8798846588613808,0.0
how early can easy home pregnancy test detect,"['The best time to test for pregnancy at home is after you miss your period.', 'In a 28-day cycle, with ovulation occurring at day 14, hCG can be detected in urine or serum in minute quantities around day 23, or five days before your period is due. Some home pregnancy test kits promise 99 percent accuracy at detecting hCG levels from the day of your expected period.', ""Find out how soon a home pregnancy test (using pee) or a blood test (ordered by a doctor) can determine if you're pregnant."", '1  For most home pregnancy tests, you either hold a test strip in your urine stream or you collect your urine in a cup and dip your test strip into the cup.', 'if i had sex the same day i ovulated how long do i wait ro take a pregnancy test Guest My husband and I trying to get pregnant, and we had sex 8 days after my period so now Iâ\x80\x99m feeling dizzy every times and I lose some weight, I took 2 pregnancy test 3 days before my miss period they are negative and my breasts are very sore and tender do you guys can help me cause Iâ\x80\x99m very stressful']",I cannot answer from the given context.,,0.0,-0.0,0.0
who is the poet of the charge of the light brigade,"['The Charge of the Light Brigade is an 1854 narrative poem by Alfred, Lord Tennyson about the Charge of the Light Brigade at the Battle of Balaclava during the Crimean War.', 'He was the Poet Laureate of the United Kingdom at the time.', 'The job of the poet is to bring the reader/listener into the position of the poet; make them the creator of the action.', 'The poemâ\x80\x99s origins are unknown, but it was partly inspired by Grayâ\x80\x99s thoughts following the death of the poet Richard West in 1742.', 'Ozymandias: about the poem. Ozymandias is one of the most anthologized poems written by the English poet Percy Bysshe Shelley.']","The poet of the Charge of the Light Brigade is Alfred, Lord Tennyson.",,1.0,0.9469735717774949,0.0
how far away from a fire hydrant parking,"['How Close Can you Park to a Fire Hydrant? Quick answer: Most city fire hydrant parking laws state that you must be parked at least 15 feet away from a fire hydrant (about a full standard sedan car length).', 'Fire Hydrant Parking Tricks in LA.', 'A: The ticket for parking too close to a hydrant runs $100.', 'The cost of fire hydrant fun.', 'I saw a fire hydrant the other day where the curb in front of it wasnâ\x80\x99t marked with the customary red â\x80\x9cNo Parkingâ\x80\x9d paint.']",Most city fire hydrant parking laws state that you must be parked at least 15 feet away from a fire hydrant.,,1.0,0.8118278498362944,0.9999999999
who owns charlotte hilton university place hotel,"['See Full Restaurant List Make a Reservation at Edgewater Bar & Grille - Hilton Charlotte University Place', 'The Hilton Charlotte University Place is owned by UPH Lakeside, LP, and managed by GF Management, LLC, one of the nationâ\x80\x99s leading hospitality management companies based in Center City Philadelphia, PA.', '1  Welcome to Extended Stay America - Charlotte - University Place.', ""It is owned by the city of Charlotte and operated by its main tenant, the NBA's Charlotte Hornets."", 'Welcome to the University Hotel! The University Hotel is located in the heart of Huntsville and on the beautiful and historic campus of Sam Houston State University. Enjoy the convenience and comfort of accommodations right on campus for visits with family members and Sam Houston State athletic events as well as conferences, meetings, seminars or special events.']","The Hilton Charlotte University Place is owned by UPH Lakeside, LP.",,1.0,0.8794761382663491,0.0
who was the commanding general in north africa,"['THE II CORPS MOVES TO THE NORTH When General Anderson, commanding the First Army, issued his operational orders for the final phase of the Tunisian campaign, the II Corps was completing an action in southern Tunisia.', 'He was born in Italy but was educated in North Africa where his father held a diplomatic post.', 'In World War II, the North African campaign was a roughly  three-year struggle between Axis and Allied forces for control of  the North African portion of the Mediterranean â\x80¦Basin.', 'Becker will become the 46th commanding general in Fort Jackson history.', 'In 1865, as commanding general, Ulysses S.']",I cannot answer from the given context.,,0.0,0.0,0.0
definition of prefect,"[""Prefect is a magisterial title of varying definition. A prefect's office, department, or area of control is called a prefecture, but in various post-Roman empire cases there is a prefect without a prefecture or vice versa."", '1 In France the prefet (prÃ©fet) prefect is a top ranking public servant who belongs to the-so Called corps.', 'Definition of catholic.', 'Definition of maxim.', 'Define prefect: any of various high officials or magistrates of differing functions and ranks in ancient Rome; a chief officer or chief magistrate any of various high officials or magistrates of differing functions and ranks in ancient Rome; a chief officer or chief magistrateâ\x80¦']",any of various high officials or magistrates of differing functions and ranks in ancient Rome; a chief officer or chief magistrate.,,1.0,0.3292363411053424,0.0
definition of private nuisance,"[""Nuisance may be designated as public or private. A  public nuisance is an unreasonable interference with a right common to the general public..... [A] private nuisance is a nontrespassory invasion of another's interest in the private use and enjoyment of land. Unlike a public nuisance, a private nuisance threatens only one or few persons. In order for a private nuisance to be actionable, the invasion must be either (a) intentional and unreasonable or (b) unintentional but caused by negligent, reckless, or abnormally dangerous conduct."", 'Private motor carrier of passengers (nonbusiness) means private motor carrier involved in the interstate transportation of passengers that does not otherwise meet the definition of a private motor carrier of passengers (business).', 'Every organization that qualifies for tax exemption as an organization described in section 501(c)(3) is a private foundation unless it falls into one of the categories specifically excluded from the definition of that term (referred to in section 509(a)).', 'There are a number of foul odors that result from these nuisance bugs.', 'Definition of conspiracy of silence.']","A private nuisance is a nontrespassory invasion of another's interest in the private use and enjoyment of land. Unlike a public nuisance, a private nuisance threatens only one or few persons. In order for a private nuisance to be actionable, the invasion must be either (a) intentional and unreasonable or (b) unintentional but caused by negligent, reckless, or abnormally dangerous conduct.",,1.0,0.8929540966295774,0.0
why are jury trials important to court cases like those of felina early v. suzy snoozer,"['Why are jury trials important to court cases like those of Felina Early v.', 'Jury trials protect the right of the government to require suspect citizens to prove their innocence in a court of law. They help to make the trial process go faster because jury members can split up the evidence to examine.', 'In doingso, the California Supreme Court found that the right to a jury trial under the California Constitution trumps the ability of evensophisticated parties to knowingly waive the right to a jury trial.', 'trial: A court process in which the issues of fact and law are heard and decided according to legal procedures so a judicial officer or jury can make a decision in the case. Can be either (1) a bench trialâ\x80\x94a trial that is heard and decided by a judge, or (2) a jury trialâ\x80\x94a trial that is heard and decided by a jury.', 'Appeals of trial court cases are made first to the lower courts of appeals.']",I cannot answer from the given context.,,0.0,0.0,0.0
why are teen crashes a problem,"['Teen crashes are a problem because it is one of the leading causes of death in young adults aged 16-20. Teen car accidents not only affect the driver but also every other driver that can be involved in the accident. Teen crashes are a problem because it is one of the leading causes of death in young adults aged 16-20.', 'Crashes caused by drivers under the influence of alcohol accounted for 18% of the total economic loss from automobile wrecks and cost the nation $49 billion. These crashes were responsible for $199 billion â\x80\x93 or 23% -- of the overall societal harm.', 'Most human fatalities in animal-related crashes are caused by drivers hitting objects rather than the animal.', 'According to suicide.org, a teen takes his or her own life every 100 minutes.', 'Side impact car crashes most often occur at intersections when drivers run red lights or stop signs, and have a significantly higher chance of causing bodily damage when the struck car is broadsided by a larger car with a higher bumper.']",Teen crashes are a problem because it is one of the leading causes of death in young adults aged 16-20.,,1.0,0.9614902178814311,0.0
greenhorns meaning,"['Greenhorns synonyms, Greenhorns pronunciation, Greenhorns translation, English dictionary definition of Greenhorns.', 'Define Greenhorns.', 'Tags: contribution meaning in telugu, contribution ka matalab telugu me, telugu meaning of contribution, contribution meaning dictionary. contribution in telugu. Translation and meaning of contribution in English telugu dictionary.', 'Common english terms translated into the Ojiwa language include: â\x80\x9cAaniiâ\x80\x9d, meaning â\x80\x9cHelloâ\x80\x9d, â\x80\x9cMigwetchâ\x80\x9d, meaning â\x80\x9cThank-Youâ\x80\x9d, â\x80\x9cGi zah ginâ\x80\x9d, meaning â\x80\x9c Ilove youâ\x80\x9d, and â\x80\x9cGigawabamin Nagutchâ\x80\x9d, meaning â\x80\x9cSee you laterâ\x80\x9d.', 'Wiktionary(0.00 / 0 votes)Rate this definition: 1  green party(Noun) a political party whose principal concern is the protection of the environment. 2  Green Party(ProperNoun) The particular green party of a country or region.']",I cannot answer from the given context.,,0.0,0.0,0.0
actress who plays alice on the magicians,"[""Alice was first seen in August of 1976 but was based on the 1975 film, Alice Doesn't Live Here Anymore starring Ellen Burstyn and centering around Alice Hyatt. The television series had Linda Lavin starring as Alice."", 'Polly Bergen, American actress Polly Jean (PJ) Harvey, singer Polly Draper, American actress best known for her role as Ellyn in thirtysomething Polly Toynbee, English journalist Polly Holliday, American actress best known for her role as Flo in the TV series Alice The beautiful Polly Klaas Polly Walker-British actress.', 'Alice Noble, exalted.', 'Alice Huyler Ramsey: Early Years.', 'Beth Chapman is the marital name of Beth Smith who was born as Alice Elizabeth Smith in the year 1969 October 29 at Denver, Colorado, United States.']",I cannot answer from the given context.,,0.0,-0.0,0.0
how many times the normal radiation,"['the 1000 most exposed residents receive an average external effective radiation dose of 6 msv per year 0 6 rem yr six times the icrp recommended limit for exposure to the public from artificial sources', 'The overall effect of the standard is to require that TV receivers must not emit x-radiation above the 0.5 mR/hr level when tested under adverse operating conditions. Test conditions do not represent normal use and ensure that when used under normal conditions, TV sets do not pose a radiation hazard.', 'The personal ionising radiation dosimeter is of fundamental importance in the disciplines of radiation dosimetry and radiation health physics and is primarily used to estimate the radiation dose deposited in an individual wearing the device.', 'Exposure from x-rays or gamma rays is measured in units of roentgens. For example: 1  Total body exposure of 100 roentgens/rad (or 1 Gy) causes radiation sickness. 2  Total body exposure of 400 roentgens/rad (or 4 Gy) causes radiation sickness and death in half the individuals.', 'Definition of Radiotherapy. Radiotherapy: The treatment of disease with ionizing radiation. Also called radiation therapy. In radiotherapy, high-energy rays are often used to damage cancer cells and stop them from growing and dividing. A specialist in the radiation treatment of cancer is called a radiation oncologist. Like surgery, radiation therapy is a local treatment; it affects cancer cells only in the treated area.']",I cannot answer from the given context.,,0.0,0.0,0.0
how old is dalton rapattoni,"[""Singer Dalton Rapattoni born on 02 02 1996 in . Until now, Dalton Rapattoni's age is 21 year old and have Aquarius constellation. Count down 341 days will come next birthday of Dalton Rapattoni !"", 'I want to know how old MC is in 2527?', 'How Old is Master Chief?', 'Charles Latibeaudiere is 48 years old and was born on 09/12/1969.', 'Tom Pelphrey is a 35 year old American Actor.']",Dalton Rapattoni is 21 years old.,,1.0,0.9227009735894125,0.9999999999
how many steps a day healthy,"['I averaged just over 21,000 steps and 9.55 miles each day while in Orlando.', 'Everyone is saying 10,000 steps a day. But for me that would take 4,000 steps per hour, thus 8,000 steps in two hours, and 10,000 steps would actually take me 2 1/2 hours.', '1 Researchers found that women who were in the normal weight range at the start of the study needed the equivalent of an hour a day of physical activity to stay at a steady weight.(43)  If you are exercising mainly to lose weight, 30 minutes or so a day may be effective in conjunction with a healthy diet.', 'According to experts, healthy people of normal weight need 60 minutes of physical activity each day to maintain weight and avoid excess gain.', 'One pound of fat equals 3,500 calories.The average American takes 2,300 to 3,000 steps per day.This is a dismal rate compared to the Amish people, who take an average of 19,000 steps per day.bout 10,000 steps is the equivalent of exercising strenuously for 30 minutes, or walking five miles per day.']","According to experts, healthy people of normal weight need 60 minutes of physical activity each day to maintain weight and avoid excess gain. The average American takes 2,300 to 3,000 steps per day, while the Amish people take an average of 19,000 steps per day. Therefore, a healthy amount of steps can vary, but aiming for around 10,000 steps is often recommended.",,0.6,0.8442751888135124,0.0
cast of monk,"['Recently, Monk star Tony Shalhoub spoke with the AV Club about his experience on the USA Network series.', 'In the interview, Shalhoub said Monk was originally set at ABC: That was at a time, when we first started that, when there were some big changes going on at USA.', 'Cast and charactersEdit.', 'Cast and characters.', 'Cast and characters Main.']",I cannot answer from the given context.,,0.0,0.0,0.0
excel what is a pivot table,"['List the Pivot Table Formulas in Excel 2010 and Excel 2013. 1  Select any cell in the pivot table. 2  On the Ribbon, under the PivotTable Tools tab, click the Options tab (Analyze tab in Excel 2013).', 'A pivot table is a great reporting tool that sorts and sums independent of the original data layout in the spreadsheet.', 'Many Excel users are not familiar with, or are intimidated by Pivot Tables, one of the most powerful features in Excel. This page describes elementary Pivot Tables.', '1  In a pivot table, the data is grouped and then arranged by the row and column fields. 2  The data can then be filtered by a Filter Report field.3  Add a field to your pivot table to provide another method by which the data is organized..', ""Insert a Pivot Table | Drag fields | Sort | Filter | Change Summary Calculation | Two-dimensional Pivot Table. Pivot tables are one of Excel's most powerful features. A pivot table allows you to extract the significance from a large, detailed data set.""]","A pivot table is a great reporting tool that sorts and sums independent of the original data layout in the spreadsheet. It allows you to extract significance from a large, detailed data set by grouping and arranging data by row and column fields, and it can be filtered by a Filter Report field.",,1.0,0.891438637752866,0.0
calculate the mass in grams of 2.74 l of co gas measured at 33°c and 945 mmhg,"['Best Answer: p = 945/760=1.24 atm T = 33 + 273 =306 K moles CO = pV/RT = 1.24 x 2.74 / 0.08206 x 306=0.135 mass CO = 0.135 mol x 28.01 g/mol=3.78 g.', 'Best Answer: p = 945/760=1.24 atm T = 33 + 273 =306 K moles CO = pV/RT = 1.24 x 2.74 / 0.08206 x 306=0.135 mass CO = 0.135 mol x 28.01 g/mol=3.78 g.Source(s): Dr.A Â· 5 years ago.', 'The Ideal Gas Law can be re-arranged to calculate the molar mass of unknown gases.', '(a) Write a balanced equation for the complete combustion of propane gas, which yields CO2(g) and H2O(l).(b) Calculate the volume of air at 30ï\x82°C and 1.00 atmosphere that is needed to burn completely 10.0 grams of propane.Assume that air is 21.0 percent O2 by volume.alculate the heat of formation, ï\x81\x84Hfï\x82°, of propane given that ï\x81\x84Hfï\x82° of H2O(l) = -285.3 kJ/mol and ï\x81\x84Hfï\x82° of CO2(g) = -393.5 kJ/mol. (d) Assuming that all of the heat evolved in burning 60.0 grams of propane is transferred to 8000 grams of water (specific heat = 4.18 J/g.', 'Finding molar mass starts with units of grams per mole (g/mol).']",The mass of 2.74 L of CO gas measured at 33°C and 945 mmHg is 3.78 g.,,1.0,0.876635470335831,0.9999999999
accordian definition,"['Medical Definition of AXIAL.', 'Definition [edit].', 'Add your definition here.', 'Definition of emollient.', 'Definition of man. Definition of Man, also known as the Definition of Human, originated from a summary essay of Kenneth Burke (1897â\x80\x931993) which he included in his 1966 work, Language as Symbolic Action.']",I cannot answer from the given context.,,0.0,0.0,0.0
at what temperature should cooling fans start,"['I am pretty sure that is the correct temperature that the fan should go on - between 215-220 As you start to drive temp should go no lower than 195 as thats where the thermostat should close to keep temp at that temperature.', 'Helpful Information The engine cooling fan is designed to move air through the radiator when the vehicle is at slower speeds or stopped. This air flow removes heat from the coolant created by the engine using the radiator as a conductor. An engine cooling fan is temperature controlled to only run when needed.', 'The temperature of the cooling water is.', 'When the air temperature is close to or warmer than normal body temperature, cooling of the body becomes more difficult.', '1 SpeedFan-Another good program capable of monitoring the temperature of your CPU, system, and HDD as well as displaying the fan RPM readings of each of the fans in your computer. 2  Temperature Monitor (Apple) - Great free utility for Apple computer users to test their temperature on newer Apple computers.']",I cannot answer from the given context.,,0.0,-0.0,0.0
how many taxes do you pay when you withdraw from your ira,"['Unless you qualify for an exception, youâ\x80\x99ll have to pay an additional 10% tax on the amount you withdraw from your SIMPLE IRA. This additional tax increases to 25% if you make the withdrawal within 2 years from when you first participated in the SIMPLE IRA plan. You donâ\x80\x99t have to pay the additional 10% or 25% tax if: Youâ\x80\x99re age 59Â½ or older when you withdraw the money; Your withdrawal is not more than:', '1 You will still have to include any IRA withdrawal in your adjusted gross income. 2  If you inherit an IRA from a spouse, and you choose to treat it as your own IRA, then any IRA early withdrawal you receive will be subject to the 10% penalty tax. If you inherit an IRA from a non-spouse, even if the IRA owner was under age 59 1/2, you will not have to pay the penalty tax on amounts withdrawn. 2  You will still have to include any IRA withdrawal in your adjusted gross income.', 'All traditional IRA and 401(k) withdrawals require that you pay taxes at ordinary income rates.', 'If you moved money from a tax-deferred IRA to a Roth IRA, you must pay income taxes on the amount converted.', ""You can't borrow from your Roth IRA once the tax year is over, but you can withdraw funds up to the amount of your contributions without any type of penalty.""]",I cannot answer from the given context.,,0.0,-0.0,0.3333333333
how much does amazon get for ebooks,"['you want to ensure maximum usability for your book (since standard eBooks are readable on most eReaders, tablets, smart-phones, and computers).', 'How to use the Amazon Prime Rewards Visa Signature card: Sign up for an Amazon Prime membership to apply for the card. Use this card for all your Amazon purchases to earn the 5 percent bonus rate and take advantage of the purchase protections.', 'About Amazon Prime Fresh. Amazon Prime Fresh members get the benefits of both Amazon Prime and AmazonFresh for an annual membership fee of $299. Prime Fresh membership is available in select cities. The benefits of a Prime Fresh membership include:1  Free delivery on orders over $50 including fresh groceries, everyday essentials, and more on AmazonFresh.com.o manage your Prime Fresh membership settings go to Manage Your Prime Membership. For additional questions, please see AmazonFresh.com or contact Amazon Fresh customer service.', '1  Difference Between Amazon and Amazon Marketplace.', 'Amazon also handles all the billing, and some services are actually cheaper if you sign up through Amazon than if you pay for a standalone service.']",I cannot answer from the given context.,,0.0,-0.0,0.0
how to pay back irs taxes,"['I now owe the IRS money and am being penalized for taxes not being calculated correctly.', 'Put IRS scam in the complaint. Report email tax scams to the IRS at phishing@irs.gov. The real contact number for the IRS â\x80\x93 the information you can call to ask about your taxes -- is 1-800-829-1040.', 'Here are five truths about how many years the IRS to collect back taxes from you: 1.There is an IRS statute of limitations on collecting taxes. The IRS is limited to 10 years to collect back taxes, after that, they are barred by law from continuing collection activities against you.2.ere are five truths about how many years the IRS to collect back taxes from you: 1. There is an IRS statute of limitations on collecting taxes. The IRS is limited to 10 years to collect back taxes, after that, they are barred by law from continuing collection activities against you.', 'Penalties and interest are charged on installment agreements so it is important to pay back taxes as quickly as possible.', 'if you short sold in 2006 you were at the forefront of short sales since it is a rather new concept in any event if your debt was forgiven the irs is charging that as income to you normally the statute of limitations on assessment of irs taxes is three years from the date you filed this would mean 2006 is closed by statute for amending or adjusting your tax however tax mistakes are not set in stone even though closed by statute the best way to get your case back in front of an irs agent is to file an offer in compromise stating that you have doubt as to liability for the tax']",I cannot answer from the given context.,,0.0,-0.0,0.0
how format numbers as social security format,"['The Social Security number is a nine-digit number in the format AAA-GG-SSSS.', 'Note: You can use the Format function to return one value for a zero-length string and another for a Null value, and you can similarly use the Format property to automatically format fields in table Datasheet view or controls on a form or report.', 'For example, to convert a US phone number like 415 555 2671 to E.164 format, you need to add the â\x80\x98+â\x80\x99 prefix and the country code (which is 1) in front of the number so it will look like +14155552671.wilio strongly encourages E.164 number formatting for all phone numbers both in the â\x80\x98toâ\x80\x99 and â\x80\x98fromâ\x80\x99 fields. This format is the internationally-standardized format for all phone numbers, and it includes all the relevant information to route calls and SMS messages globally.', '1 On the Format menu, click Selected Axis. 2  In the Format Axis dialog box, click the Number tab.', '2  Click Value Axis. 3  On the Format menu, click Selected Axis. 4  In the Format Axis dialog box, click the Number tab.']",I cannot answer from the given context.,,0.0,-0.0,0.0
average snowfall in chatsworth ga,"['Snowfall is 4 inches. The average US city gets 26 inches of snow per year.', 'Snowfall is 22 inches. The average US city gets 26 inches of snow per year.', 'Snowfall is 31 inches. The average US city gets 26 inches of snow per year.', 'Snowfall is 3 inches. The average US city gets 26 inches of snow per year.', 'Snowfall is 91 inches. The average US city gets 25 inches of snow per year.']",I cannot answer from the given context.,,0.0,-0.0,0.0
frappe definition,"['In the Boston area, a frappe (pronounced frap and spelled without the accent) is a thick milkshake with ice cream, derived from the French word frappÃ©.', 'Blend 3/4 cup milk, 3/4 cup cold water, the instant-coffee frappe mix, and sugar in a blender until combined, about 30 seconds.', 'Definition of RUBATO.', 'Define Fauve.', 'Definition of man. Definition of Man, also known as the Definition of Human, originated from a summary essay of Kenneth Burke (1897â\x80\x931993) which he included in his 1966 work, Language as Symbolic Action.']","A frappe is a thick milkshake with ice cream, derived from the French word frappé.",,1.0,0.9242462007993829,0.0
exacting definition,"['Definition of exacting.', 'Exact Definition Edit.', 'Definition [edit].', 'Definition of emollient.', 'We use only fresh, all-natural ingredients prepared to our exacting standards for breakfast, lunch and dinner menus.']",I cannot answer from the given context.,,0.0,0.0,0.0
audible phone number customer service,"['Audible Customer Support Service Phone Number The customer support phone number of Audible is 1-888-283-5051 (Click phone number to call).', '1  Phone Number: If you need to contact the customer service department, you can call 1-800-883-8895.', 'Priceline Customer Service Phone Number. 800-259-2091 is the customer service phone number of the Priceline. customer service number enables the customers of the Priceline company to convey their complaints or suggestions.', 'US customer service (toll call): 1-913-397-8200. US customer service (toll free): 1-800-800-1020. Canadian customer service: 1-866-429-9296.', 'ARI Fleet Customer Service Phone Number Phone Number of ARI Fleet is 856 7781500. ARI Fleet is a largest privately held vehicle fleet management services company which provides the services in United States, Mexico, Canada, United Kingdom, Europe and Hong Kong.']",The customer support phone number of Audible is 1-888-283-5051.,,1.0,0.8946236247802289,0.0
definition of an empath,"['Definition of emollient.', 'Definition of augury in US English - a sign of what will happen in the future; an omen Definition of augury in US English - a sign of what will happen in the future; an omen dictionary', 'Definitions for empath. Here are all the possible meanings and translations of the word empath. Wiktionary(4.00 / 2 votes)Rate this definition: empath(Noun) One who has the ability to sense emotions; someone who is empathic or practises empathy. empath(Noun) A person with extra-sensory empathic ability, capable of sensing the emotions of others around them in a way unexplained by conventional science and psychology.', 'The definition of porcine is like or looking like a pig. An example of someone porcine is a person covered in mud.of or like pigs or hogs.he definition of porcine is like or looking like a pig. An example of someone porcine is a person covered in mud. of or like pigs or hogs.', 'The definition of cease means to stop or discontinue. An example of cease is a fight between two people being put to an end.']","An empath is one who has the ability to sense emotions; someone who is empathic or practices empathy. Additionally, it can refer to a person with extra-sensory empathic ability, capable of sensing the emotions of others around them in a way unexplained by conventional science and psychology.",,1.0,0.9563211322668482,0.0
how much does it cost to rewire electricity in a home?,"['does anybody have an idea about how much it would cost to straighten the front end of a cj?', 'How Much Does It Cost To Buy & Install Hardwood Floors?', ""People in Hawaii pay the most for electricity, about 33 cents per kWh.A Hawaiian household whose electricity use was around the national average would have a monthly electric bill over $300.The high cost of crude oil used to generate the state's electricity is driving the price, EIA energy economist Tyler Hodge told me. Idaho had the lowest price, at about 8 cents per kWh.So the typical US household would pay about $73 for electricity each month in Idaho. Hawaiian household whose electricity use was around the national average would have a monthly electric bill over $300."", 'How much does it cost?', 'How Much does it Cost?']",I cannot answer from the given context.,,1.0,-0.0,0.0
can inheritance monies be taken by the trustee in bankruptcy,"['If your inheritance is deemed to be property of the bankruptcy estate, the trustee can take it unless you can exempt its full value.', 'In fact, many types of property you acquire during your Chapter 13 case (which can last from three to five years) is considered property of the bankruptcy estate. This means that if you receive an inheritance during Chapter 13 bankruptcy, it will usually be part of your bankruptcy estate.', 'The trustee would be bound by those terms. The role of trustee may last for several months or several decades. So, unlike an executor, a trustee may be serving in his role for a long, long time.', 'The property is held by a Trustee in the name of the trust and managed by the Trustee for the benefit of a Beneficiary. You (the Grantor) can be the Trustee and Beneficiary of your own Living Trust, and retain management control over your own property.he beneficiary is the person or persons for whom the trust is for. After the death of the grantor, the trustee will divide the trust property among the beneficiaries in accordance with the terms of the trust.', 'The trustee you name must follow the instructions in your trust and report to you. You can even replace your trustee if you change your mind.']","Yes, if your inheritance is deemed to be property of the bankruptcy estate, the trustee can take it unless you can exempt its full value.",,1.0,0.9054903191042901,0.9999999999
cost of slate,"['1 A 1,700-2,100 square foot roof might cost $17,000-$84,000, depending on the location, the quality of the slate and the complexity of the installation process.2  Synthetic slate roof shingles are made from recycled rubber and plastic molded to resemble natural roof slates.late is one of the most durable roofing materials available.', 'Slate Roof Cost. Typical costs: Installing a natural slate roof starts around $9-$10 or more a square foot for a basic roof up to $30-$40 or more a square foot, depending on the type of slate used, the installation pattern (some methods use more slate per square foot), the design of the roof, the height of the building, the slope and other factors.', 'Since all slate roofing material is still hand split today, the thickness for each slate varies according to the eye of the splitter. Most producers offer slate in several ranges of thickness: 1  1/ 4â\x80\x9d â\x80\x93 3/8â\x80\x9d about 900 to 1,200 pounds per square.', 'Slate is chosen over its artificial counterparts because of its outstanding chemical and physical properties.', 'Slate is highly resistant to fire, stains and acid spills.']","The cost of installing a natural slate roof starts around $9-$10 or more a square foot for a basic roof, up to $30-$40 or more a square foot, depending on various factors such as the type of slate used and the installation pattern.",,1.0,0.6744165916580919,0.0
how much does a green anaconda weigh,"['As for a Green anaconda(the big breed of Anaconda) they Range from 120-150 pounds on adverage and can get up to 200-350 Being powerfed(Powerfed Feeding huge amounts of food â\x80¦to get snake bigger) No real proof or reports of a Anaconda Exeeding 350,As far as length they Usually get around 15 feet.', 'How to Care for Green Anole Lizards. A delightful small lizard, the green anole (Anolis carolinensis) makes a popular choice for an easy care reptile pet.', 'Even the average komodo dragon is going to weigh 150 pounds, or about as much as the average human.', 'So how much does Phil Lester weigh in 2015?', 'How much does waste â\x80\x9cweighâ\x80\x9d in a truck or a landfill? The garbage that most people put in their trashcans is compacted in trash trucks with other garbage and then further compacted in a landfill. At the curbside, a cubic yard of trash will weigh between 100 and 200 pounds. Once it is compacted in a truck, it can weigh 350 to 400 pounds per cubic yard.']",A green anaconda typically weighs between 120-150 pounds on average and can get up to 200-350 pounds when powerfed.,,1.0,0.8789567264519514,0.0
cost of getting a tattoo,"['The typical cost of tattoos can start anywhere from Â£40 to Â£100 for the tattoo artistâ\x80\x99s rate per hour.', 'What is the average income of a Tattoo Artist? The salary database website payscale.com, which collects wage information from employers throughout the United States, estimates that Tattoo Artists earn between $15,106 and $49,626 annually.', 'A tattoo is a form of body modification that is loved by more and more people.', 'Looking at a Tattoo Apprenticeship.', 'Typical Price For A Tattoo. The price for tattoos are basically not cheap unless of course you opt for the temporary tattoo option.']",The typical cost of tattoos can start anywhere from £40 to £100 for the tattoo artist’s rate per hour.,,1.0,0.9277349275435639,0.0
array definition computer,"['A string and an array of characters is different in Java because the language definition forces the user to use different syntax to gain access to the information stored inside a string and inside an array of characters.', 'Moreover, insert increments the size of the array (using setn).', 'Arrays. Definition: An array is a collection of variables of the same type that are referenced by a.', ""You can't convert an integer array into an object array."", 'Computer Design and Engineering â\x80\x94 Design new computer circuits, microchips, and other electronic components. Computer Architecture â\x80\x94 Design new computer instruction sets and combine electronic or optical components to provide powerful but cost-effective computing.']",An array is a collection of variables of the same type that are referenced by a.,,0.6666666666666666,0.8322627273989488,0.0
cost of cbs all access on roku,"['CBS All Access launches on Roku with live streaming and VOD. CBS All Access streaming service is now available for Roku for $5.99 a month. Roku owners can download the app via the Roku Channel Store and sign up here.', 'As a CBS All Access subscriber, you can: - Enjoy exclusive CBS All Access Originals, like The Good Fight, the new show from the creators of The Good Wife â\x80\x93 with more subscriber-only Originals on the way!', 'Roku Channel Developer: Hulu. The Hulu Plus Channel is available on the Roku Channel Store for free and offer a one week free trial to new users. The pricing of $7.99 per month is detailed on the main screen of the Hulu Plus Roku Channel. From the Roku Channel Store: Hulu Plus offers unlimited instant streaming of current hit shows, classic series and acclaimed movies.', 'Roku takes on Google with new Chromecast-like feature.', ""In 1962, the NFL followed the American Football League 's (AFL) suit with its own revenue sharing plan after CBS agreed to telecast all regular season games for an annual fee of US$ 4.65 million. CBS also acquired the rights to the championship games for 1964 and 1965 for $1.8 million per game, on April 17, 1964.n December 29, 1965, CBS acquired the rights to the NFL regular season games in 1966 and 1967, with an option to extend the contract through 1968, for $18.8 million per year (in sharp contrast to the $14.1 million per year it paid for the rights in 1964).""]",The cost of CBS All Access on Roku is $5.99 a month.,,1.0,0.8736976492478891,0.0
hamp modification,"['Home Affordable Modification Program (HAMP) The largest program within MHA is the Home Affordable Modification Program (HAMP).', 'The process for determining proper treatment for a contract modification includes three steps: 1  Determine whether a change to a contract qualifies as a contract modification. 2  Determine whether the modification should be treated as a separate, standalone contract or as a modification of the original contract.', 'HAMPâ\x80\x99s goal is to offer homeowners who are at risk of foreclosure reduced monthly mortgage payments that are affordable and sustainable over the long-term.', 'The statistical significance of an interaction term crossing an exposure predictor with a potential modifier establishes the modification of the measure of association and provides evidence for a modification of a sociologic or biologic effect.', '4Cook the ham gravy stirring constantly until well blended, thick and 1  smooth. 5Serve ham gravy along with your favorite biscuits or potatoes.']",I cannot answer from the given context.,,0.0,0.0,0.0
how to not bloat after every meal,"['Eating fiberlicious foods at every meal and for snacks fills you up to prevent cravings and hunger pangs so you eat fewer daily calories, which helps you drop pounds.', 'Every meal and snack choice you make throughout the day will impact your nutrition.', 'Reduce meal size or try grazing throughout the day.', ""Often a BM right after a meal isn't the food you just ate, it is from a previous meal.Large, heavy, fatty, greasy meals, or if you wait way to long to eat will trigger a bigger move it along signal than small light frequent meals do.Sometimes the reaction to a large or fatty meal can happen during the meal so it can be that fast, or it may take up to an hour or so.Now as for how long can it take to get out the other end?"", 'There is no doubt that a sit-down meal is the best approach to healthy weight loss. But in this fast-paced world of ours, even with the best intentions, there are times when sitting down for a meal is simply impossible.']",I cannot answer from the given context.,,0.0,-0.0,0.0
foods to eat when diarrhea,"['Bananas are good for soothing your stomach with so you should eat a banana. Bananas help counteract the acid that is usually associated with an upset stomach and helps with diarrhea problems as well. Crackers are also good for you to eat when you are suffering from an upset stomach.', 'Diarrhea can be caused by a variety of bacteria, viruses and parasites. Children can also have diarrhea without having an infection, such as when diarrhea is caused by food allergies or as a result of taking medications (such as antibiotics).', 'Most diarrhea is due to self-limited, mild infections of the colon or small intestine.', 'If diarrhea lasts longer, contact your doctor.', ""Occasionally, foods you eat may upset the baby. Be aware of your baby's reaction when you eat spicy foods, gas-producing vegetables (onions, Brussels sprouts, cabbage, broccoli), garlic, and beans. If your baby seems to be sensitive to a food item, discuss it with your pediatrician.""]",Bananas and crackers are good foods to eat when you are suffering from diarrhea.,,1.0,0.9472864388285186,0.0
detox bath ingredients epsom salt,"['Salt Detox Bath Instructions.', '1  1 cup of Dead Sea salts or Epsom salts.', '3  Exfoliate your skin by massaging a handful or two of Epsom salts over wet skin.', 'Dissolve Salt, epsom salt, and baking soda in boiling water in a quart size jar and set aside.', 'You need to drink alot of fluid, excercise to a light sweat and soak in a tub of hot epsom salt water to get it out.']",1 cup of Dead Sea salts or Epsom salts.,,1.0,0.5091601275056378,0.19999999998
how long should i wait to handle my ball python after feeding,"['How long do i have to wait to handle my ball python after it eats?', ""Best Answer: It really depends on the snake. There is always a chance with handling after feeding, that the snake could get a little stressed and regurgitate the food in order to be able to move faster. My ball python seems to be fine after 24hours after feeding, but some snakes need more.Just don't put her through anything stressful after feeding.enerally 48 hours is adequate, but if your python has had an exceptionally large meal and still has a visible lump in it's belly after 48 hours, it may be prudent to wait a bit longer."", 'How long do you wait to swim after you shock your pool?', '1 after getting your ears pierced how long do i have to wait until i can wear cheap earrings. 2  will my second earlobe piercing close up after 4 weeks. 3  after getting ears pierced do you have to wait 6 weeks before changing earrings. 4  what happens if you change your earrings too early. how long after you get your ears pierced can you wear dangly earrings. 2  after getting your ears pierced how long do i have to wait until i can wear cheap earrings. 3  will my second earlobe piercing close up after 4 weeks.', ""Best Answer: I recommend waiting at least 48 hours before handling your snake. If they've had a large meal I wait 72 hours.Sexing a snake at the size yours is, can be accomplished by probing.""]","You should wait at least 48 hours before handling your ball python after feeding, and if it has had a large meal, it may be prudent to wait 72 hours.",,1.0,0.9846148199998813,0.19999999998
how long has steven gerrard been with liverpool for,"['Steven Gerrard has been with Liverpool for  11 years and he has as of October 19th, 2009 played 341 games and scored 74 goals.', ""Steven Seagal's decision to become a Russian citizen is already paying off for the actor, who has scored his biggest role in years with a telephone commercial airing in his new country."", ""It's a term for people from Liverpool and also a stew."", '8  Liverpool expands their stadium capacity.', 'Liverpool bits are a type of curb bit commonly used for horses in harness.']",Steven Gerrard has been with Liverpool for 11 years.,,1.0,0.8566254795507661,0.0
how long is a dogs heat cycle,"['Hi Winnie, Female Dogs go into heat at any time between 6-12 months usually. The average heat cycle for a dog is approximately 3 weeks but for some dogs it is longer and for others it is shorter.', 'Yorkshire terriers are in heat for 2 to 3 weeks, although individual dogs may vary.', 'What stood out for me was that a female cat can go onto heat 2 times in one month cycle and that it can last 3 - 10 days.', 'They can die sooner if they are in the heat without water so it s hard to say how long they can survive without it. You can t just say a dog can survive 2 or 3 days or even 12 hours without considering the climate they are subjected to.', 'Cycle 1 is 70 hours in a 7-day period, and cycle 2 is 120 hours in a 14-day period.']","The average heat cycle for a dog is approximately 3 weeks, but it can vary for some dogs.",,1.0,0.0,0.9999999999
difference between a spruce and a fir tree,"[""One of the best and easiest ways to tell the difference between a true spruce and fir tree is to look at the tree's cones. When mature, the cones on a fir tree stand straight up (point towards the sky) while the mature cones on a spruce grow down towards the ground from the bottom side of the branch. The way that I remember which grows up and which grows down is that I remember the s in spruce means that the cones spray the ground."", 'The leaves of conifers are of course their needles. On true pine trees, the needles are arranged and attached to the branches in clusters of two (red pine group), three (yellow pine group), or five (white pine group) needles per cluster. Spruce and fir trees have their needles attached individually to the branches. To tell spruce and fir trees apart, it helps to know that spruce needles are sharply pointed, square and easy to roll between your fingers. Fir needles, on the other hand, are softer, flat and cannot be rolled between your fingers. Spruce needles are attached to small, stalk-like woody projections. When needles are shed, these projections remain. As a result, the branches of spruce trees feel rough.', 'The Siberian fir tree is a tall, light in color, conifer tree native to Russia and Canada.', 'Stands of balsam fir are often found in association with black spruce, white spruce and aspen.', 'They are all called conifers because they all bear cones. We should name the cones for the parent trees â\x80\x93 spruce cones, balsam fir cones and so on.']","The difference between a spruce and a fir tree can be identified by looking at their cones and needles. Mature cones on a fir tree stand straight up towards the sky, while mature cones on a spruce tree grow down towards the ground. Additionally, spruce needles are sharply pointed, square, and easy to roll between your fingers, whereas fir needles are softer, flat, and cannot be rolled between your fingers.",,1.0,0.8903619550729346,0.0
how many units for frown lines,"['The average amount of Botox used for the Frown lines is around 20-24 Botox units for a female and about 20 to 30 units for male patients as their facial muscles are often larger, thicker and stronger.', 'When Botox is injected, it is priced two different ways: By the vial or unit ($12 per unit, $15 per vial) By the area, such as the area between the eyes, where frown lines are often treated with Botox ($450 â\x80\x94 $800 for an area)', 'Depending on the size and strength of these muscles our physicians will determine how many units are needed.', 'Too many lines there in that face.', 'The lines show up as a v-shape on the back, an s-shape on the front, and weird wavy lines all over your head.']",The average amount of Botox used for the Frown lines is around 20-24 units for a female and about 20 to 30 units for male patients.,,1.0,0.5431312496290382,0.0
determining marginal cost from total cost equation,"['Marginal cost is the increase or decrease in total production cost if output is increased by one more unit. The formula to obtain the marginal cost is change in costs/change in quantity. If the price you charge per unit is greater than the marginal cost of producing one more unit, then you should produce that unit.', 'Add a column next to Total Cost labeled Marginal Cost..', 'The minimum efficient scale can be computed by equating average cost (AC) with marginal cost (MC).', 'That is, Total mixed cost = Total fixed cost + (Unit variable cost Ã\x97 Number of units).uestion: The account analysisA method of cost analysis that requires a review of accounts by an experienced employee or group of employees to determine whether the costs in each account are fixed or variable.', 'In the following month, ABC produces 5,000 units at a variable cost of $25,000 and the same fixed cost of $30,000. The cost per unit is: ($30,000 Fixed costs + $25,000 variable costs) / 5,000 units = $11/unit.hus, the cost per unit is not constant. For example, ABC Company has total variable costs of $50,000 and total fixed costs of $30,000 in May, which it incurred while producing 10,000 widgets. The cost per unit is:']","The marginal cost can be determined from the total cost equation by using the formula: change in costs/change in quantity. This means that if you know the total costs associated with different levels of output, you can calculate the marginal cost by finding the change in total costs when output is increased by one more unit.",,1.0,0.9428686609089062,0.0
how close is a meter to a yard?,"['For other length unit conversions, please go to Length Conversion. Imperial length unit yard to metric meters conversion factor is 1.0936133. To find out how many yards in meters, multiply by this conversion factor or instead, use the converter below. 1 Meter = 1.0936133 Yards. Meter is a metric system base length unit and defined as the length of the path travelled by light in vacuum during a time interval of 1/299,792,458 of a second.', '1inch=2.5cm 1m=100cm 1m=100/2.5=40inches A meter is 40 inches 1feet=12inches 1inch=1/12 feet 1m=40inches=40/12=3.33 feet a meter is 3.33 feet.', '1 50 Meter in Kilometer = 0.05 m. 2  100 Meter in Kilometer = 0.1 m. 3  250 Meter in Kilometer = 0.25 m. 4  500 Meter in Kilometer = 0.5 m. 5  1,000 Meter in Kilometer = 1.', '1 cubic meter is equal to 61023.7438368 cubic inches, or 0.000810713182109 acre foot.', 'N.B.: 1 foot = 1/3 yard = 0,3048 m 1 yard = 0.9144 m 1 mile = 1760 yards = 1609.344 m.']",A meter is approximately 1.0936133 yards.,,1.0,0.8583884456257526,0.0
definition quint,"['A quintuple combination pumper or quint is a fire service apparatus that serves the dual purpose of an engine and a ladder truck. The name quint is derived from the Latin prefix quinque-, meaning five, and refers to the five functions that a quint provides: pump, water tank, fire hose, aerial device, and ground ladders.', 'Definition [edit].', ""A modern definition of quality derives from Juran's fitness for intended use.. This definition basically says that quality is meeting or exceeding customer expectations.. Deming states that the customer's definition of quality is the only one that matters."", 'Definition of GEORGETTE.', 'Definition of CRETIN.']","A quintuple combination pumper or quint is a fire service apparatus that serves the dual purpose of an engine and a ladder truck. The name quint is derived from the Latin prefix quinque-, meaning five, and refers to the five functions that a quint provides: pump, water tank, fire hose, aerial device, and ground ladders.",,1.0,0.41304833283263814,0.0
how long does it take to cook dry beans,"['While beans are soaking they are also double to tripling in their size. You can cook beans without soaking, but it takes longer, and some people think the beans taste better when soaked. Soak most beans in three times their volume of cold water for six hours before cooking. Dried beans are often soaked too long.', 'Bush beans take 50 to 55 days to mature for harvesting, and pole beans take 50 to 60 days to mature, depending on the variety, according to About.com. Pole beans often take slightly longer to mature because the tall vines need a little more time to grow.', 'Add the green beans to the boiling water and cook for 3 minutes. Using a slotted spoon or tongs, strain and transfer beans to the ice water.', 'For a faster soak, put the beans and water in a saucepan and bring them to a boil. Allow them to boil for about 2 to 3 minutes. Remove the saucepan from the heat, cover it with a lid and let the beans soak for at least 1 hour.', 'For about one cup, add three cups of salted water and it should take approximately fort-five minutes to cook to completion.']",It takes approximately forty-five minutes to cook dry beans to completion.,,1.0,0.9406305008511877,0.0
how many units of blood in the body,"['Depending on the size and strength of these muscles our physicians will determine how many units are needed.', 'For children with chronic renal failure, the starting dose for anemia is 50 units (IU) per kilogram body weight, given 3 times a week. For adults with chronic renal failure, the starting dose for anemia is 50 to 100 units per kilogram of body weight, injected three times a week. For anemia in adults with HIV, the usual starting dose is 100 units per kilogram body weight, injected 3 times a week.', 'In 2013-14, an estimated 204,000 units of red blood cells were issued for AUGIB, costing Â£123.31 per unit.', 'A unit of blood (500 ml) is less than a pint, and the average adult body contains 10 to 12 pints of blood.', 'blood - the fluid (red in vertebrates) that is pumped through the body by the heart and contains plasma, blood cells, and platelets; blood carries oxygen and nutrients to the tissues and carries away waste products; the ancients believed that blood was the seat of the emotions']",I cannot answer from the given context.,,0.0,0.0,0.0
cast of rock dog,"['Rock Dog - Coming 2016 Huayi Brothers & Mandoo Pictures present, a comedy directed by Academy AwardÂ® Nominated Writer-Director of SURFâ\x80\x99S UP and Co-Director of TOY STORY 2, Ash Brannon.', ""The second dog was Beauregard, who belonged to the show's technical director, Joe Hostettler. The third dog was Beauregard Jr."", 'The supporting cast includes Billie Burke and Eugene Pallette.', 'Full cast + crew.', 'Read the The Lords of Flatbush plot and find out who is in the cast and crew at Movies.com.']",I cannot answer from the given context.,,0.0,0.0,0.0
how much the social security pay,"['Anything you earn over this threshold is Social Security taxâ\x80\x93free. What Is the Social Security Tax For? Unlike income taxes, which are paid into the general fund of the United States and can be used for any purpose, Social Security taxes are paid into special trust funds that can only be used to pay for current and future Social Security retirement benefits, as well as disability benefits and benefits for widows and widowers.', 'Usually, the employer and the employee pay the same amount for Social Security tax, but there have been exceptions.', 'How Social Security Benefits Are Calculated.', ""Employer and employee each pay 5.3 percent of wages for Social Security's Old-Age and Survivors Insurance and 0.9 percent for Disability Insurance. Thus, the total paid for Disability Insurance is 1.8 percent of taxable wages. Trends in Social Security Disability Benefits and Workers' Compensation"", 'In the United States, Social Security is the commonly used term for the federal Old-Age, Survivors, and Disability Insurance program. The original Social Security Act was signed into law by President Franklin Roosevelt in 1935, and the current version of the Act, as amended, encompasses several social welfare and social insurance programs. Social Security is funded primarily through payroll taxes called Federal Insurance Contributions Act tax or Self Employed Contributions Act Tax.']",I cannot answer from the given context.,,0.0,-0.0,0.0
deferred action literal definition,"['Deferred action is a more formal way of exercising prosecutorial discretion that is available to USCIS, ICE and CBP.', 'The criminal action relates to a Deferred Prosecution Agreement ( the â\x80\x9c Agreement â\x80\x9d ) that General Motors Company ( â\x80\x9c GMâ\x80\x9d ) has entered into with the United States Attorney â\x80\x99s Office for the Southern District of New York , in connection with GM â\x80\x99s failure to disclose , from the spring of 2012 through February 2014 , to its U.S.', 'A deferred sentence (not be to confused with a deferred prosecution) means that a judge has put aside the sentence for a period of time (1-2 years on average depending on the underlying offense) and at the end of the period as long as the defendant has complied with sentence requirements the charge will be dismissed.', 'Itâ\x80\x99s the same application that you (or your legal service provider) filed along with your Form I-821D when initially requesting deferred action.', 'action notation.']",I cannot answer from the given context.,,0.0,0.0,0.0
what county is hardin ky in,"['Hardin County was established in 1792 from land given by Nelson County. Hardin was the 15th Kentucky county in order of formation.', 'William Hardin who founded Hardinsburg.', 'The Lewis County Industrial Park, near the Ohio River east of Vanceburg, has 118 acres, and is 30 minutes from I-64. The Tollesboro Industrial Park has 57 acres and sits on the AA Highway just west of KY 57.', '12, 1809, in Hardin County, Kentucky.', 'The county seat and largest city in Collier County is Naples. Collier County is 2,305 square miles in area. Collier County is located in southern Florida and has a population of 328,134. The county seat and largest city in Collier County is Naples. Collier County is 2,305 square miles in area. Collier County is located in southern Florida and has a population of 328,134.']",I cannot answer from the given context.,,0.0,-0.0,0.249999999975
how many calories per gram are in fats,"['Compare that to 4 calories per gram of carb, or 9 calories per gram of fat.', 'Each gram of fat contains 9 calories. Compare this to protein or carbohydrates, which each contain 4 calories per gram, and you can see why a diet high in fat can lead to weight gain.', '_____ provide the body with 4 calories per gram and helps the body with growth and development.', 'No matter what type of fat you consume, every gram contains 9 calories. To convert fat calories into grams of fat, just divide the calories by nine. For example, a tablespoon of olive oil has 119 calories, all of which come from fat.', 'How many calories are in 1 serving?']",9 calories per gram are in fats.,,1.0,0.9364164996667869,0.249999999975
phone number for los charros in east moline illinois,"['A: The phone number for Los Charros is (309) 755-1111.', 'Q: How big is Los Charros in East Moline, IL?', 'The main phone number for U.s.', 'Phone Number 410-838-9090.', '8429) or 605-229-8429.']",The phone number for Los Charros is (309) 755-1111.,,1.0,0.7896311989744585,0.0
can lease renewal date be changed by landlord,"['Your landlord is not required to offer you a renewal lease if you live in an unregulated / market-rate apartment. You may only renew your lease if your landlord agrees to do so. If you want to remain, you can approach your landlord well before the expiration of your lease and ask to sign a new lease. Your landlord may: 1  offer you a renewal lease under the same terms, conditions, and rent levels;  offer you a renewal lease, but change any of the terms and conditions, and/or the amount of rent;', 'A lease obligates both you and your landlord for a set period of time, usually a year. Under a typical lease, a landlord canâ\x80\x99t raise the rent or change other terms, until the lease runs out (unless the lease itself provides for a change, such as a rent increase mid-lease).', 'Regardless, the renewal right is an important clause in any lease and it can provide unique advantages to a tenant in certain situations, whether it is exercised or not.', 'But if your landlord is understanding, appeal to his or her emotions in order to get out of your lease early. Speak with your landlord the moment you realize that you have to break your lease.', 'For lease or rental agreement violations, the landlord must give the tenant 15 days to move out (for lease terms of one year or less) or 30 days (for leases of one year or more).']",I cannot answer from the given context.,,0.0,0.0,0.0
what are strengths in writing,"['That sent me back for a peek at my list of Five Writing Strengths, to see if I would change or add anythingâ\x80\x94to see if I can still draw from these strengths to continually improve and move toward mastery. Five Writing Strengths: 1.', 'However, strengths far outweigh weaknesses in most cases.', 'Writing and Learning We are all familiar with student writing problems, problems due topoor composing skills, insufficient knowledge, immature thinking,and lack of interest-to name a few.hey all play a role in how students view writing; they playthis role subtly when they make writing assignments and more ob-viously when they evaluate those assignments. How teachers assignand respond to transactional writing has a lot to do with whether ornot students value it and how well they learn to produce it.', 'A strength in writing is a good vocabulary.', 'A strength in writing is a good vocabulary.']",A strength in writing is a good vocabulary.,,1.0,0.8544088924567897,0.0
what are dartrix evolutions,"['Dartrix is a Grass/Flying type PokÃ©mon introduced in Generation 7.', 'Dartrix is extremely sensitive to other presences in the area and can detect opponents behind it and throw feathers to strike them without even seeing them.', 'T and B cells are as you describe small cells with what looks like they have a large nucleus they are like this as it is what they need to do what they need to.', 'The modern genetic definition of biological evolution is A.', 'What is attrition? 3 What are signs of attrition?']",I cannot answer from the given context.,,0.0,-0.0,0.0
minecraft how to make a powered rail,"['Add Items to make Powered Rails.', 'To make powered rails, place 6 gold ingots, 1 stick, and 1 redstone (also called redstone dust) in the 3x3 crafting grid. When making powered rails, it is important that the gold ingots, the stick, and the redstone are placed in the exact pattern as the image below.', 'Linear Rail Slide Track Roller Systems. Linear Rail Slide Track Roller Systems. Linear and Telescopic Slides range of linear rail products with roller bearings and linear track products are setting new standards due to their innovative design and technical concepts.', 'This provides the rail spacing between the rail and stair treads and helps to stabilize the setup.', 'A hydraulic or other powered mechanism extends or retracts the tubes to increase or decrease the total length of the boom.']","To make powered rails, place 6 gold ingots, 1 stick, and 1 redstone (also called redstone dust) in the 3x3 crafting grid. It is important that the gold ingots, the stick, and the redstone are placed in the exact pattern as specified.",,1.0,0.7726617990846871,0.0
what county is warminster in,"['2  Libraries located in Warminster (Pennsylvania) 3  Libraries located in Bucks county (Pennsylvania) 4  View map of libraries in Bucks County.', 'Welcome to Warminster Township! Situated in the southern portion of Bucks County, less than four miles from Philadelphiaâ\x80\x99s city limits, Warminster is a convenient, friendly suburb with moderately-priced homes.', 'Plus, Warminster is fully served by SEPTA, making it a great place for Center City commuters!', 'Hot Springs County, Wyoming. Hot Springs County is a county located in the U.S.', 'Washington County is a county in the U.S.']",Warminster is in Bucks County.,,1.0,0.6923579756263881,0.49999999995
negative pressure definition,"['Positive pressure means more air pressure from the intake fans than the exhaust fans. Negative pressure means more air pressure from the exhaust fans than the intake fans.', 'NPUAP Pressure Injury Stages. The National Pressure Ulcer Advisory Panel redefined the definition of a pressure injuries during the NPUAP 2016 Staging Consensus Conference that was held April 8-9, 2016 in Rosemont (Chicago), IL.', 'Now, we can use the same signs to compare positive and negative numbers. Positive numbers will always be greater than negative numbers.', 'Rule: The sum of two negative integers is a negative integer.', ""Positive and Negative Coterminal Angles. While a positive angle is the measure of the rotation of its terminal side from positive x axis in anti clockwise direction, a negative angle is the measure of the rotation of the terminal side in the clockwise direction.xample: If Î¸ = 45Âº, then Î¸' = 45 - 360 = -315 is a negative Coterminal Angle of 45Âº. More negative Coterminal angles can be found by subtracting multiples of 360 from Î¸.""]",Negative pressure means more air pressure from the exhaust fans than the intake fans.,,1.0,0.6807616556136423,0.0
vvi airport code,"['Find every airport code in the world.', 'Lakeland Airport in Minocqua and Woodruff, Wisconsin (IATA airport code ARV)', ""Vietnam Airlines (airline code VN), was founded in 1956 and is the national carrier of Vietnam, with hubs at Hanoi's Noi Bai airport and Ho Chi Minh City's Son ...Find Reviews & Seatplans by Aircraft:ietnam Airlines (airline code VN), was founded in 1956 and is the national carrier of Vietnam, with hubs at Hanoi's Noi Bai airport and Ho Chi Minh City's Son 1  ..."", 'IATA airport code SEA; ICAO airport code KSEA; Seattle Tacoma International Airport (SEA)', 'Travelerâ\x80\x99s Guide to Viru Viru International Airport. Viru Viru International Airport (VVI) is a major airport in Bolivia considered the gateway for international flights. Situated in Santa Cruz de la Sierra in Bolivia, Viru Viru International Airport acts as the main hub for AeroSur and Boliviana de Aviacion.']",VVI,,1.0,0.5614758597314818,0.0
types of metal plating,"['It is also a popular plating metal for electronics components such as printed-circuit boards. High-plating efficiency and low material cost make copper one of the less expensive metals to plate with. There are three types of copper plating processesâ\x80\x94alkaline, mildly alkaline and acid.', 'um plating lines.', 'In printing, type metal (sometimes called hot metal) refers to the metal alloys used in traditional typefounding and hot metal typesetting.', 'Rhodium Plating. Rhodium is a type of platinum that provides tarnish resistance, scratch-resistance and a shiny, white lustrous appearance. Rhodium plating is also common in jewelry production, especially in situations where white gold requires plating. Silver, platinum and copper are also popular base metals for rhodium plating.', 'Brass is a metal that consists of both copper and zinc. Bronze is a metal that consists of copper and tin. Bronze is the most popular metal for cast metal sculptures or bronze sculptures.']","The types of metal plating mentioned in the context are copper plating processes, which include alkaline, mildly alkaline, and acid plating. Additionally, rhodium plating is mentioned as a common process in jewelry production.",,1.0,0.9334803498207974,0.0
can a landlord charge more for a another person,"['If you are under rent control, this is an illegal rent increase under Section 6.13 of the Rent Board Rules and Regulations. A landlord cannot charge more rent for an additional roommate. You can file at the Rent Board for an illegal rent increase.', 'There also may be a charge for running a credit check and an application fee, which can cost anywhere from $30 to more than $100 for each person on the lease.', ""The fee cannot be more than 4% of one month's rent. For example, if your rent is $800 per month, the late charge cannot be more than $32.To charge a late fee, your landlord must tell you about it in writing when you agree to rent from him.ights of Tenants in Maine #639 Page 5 unpaid rent or damages."", 'For example, if you put down a $500 security deposit and caused carpet damage that led to $600 in replacement costs, the landlord can send you a bill for the remaining $100.', 'A lease obligates both you and your landlord for a set period of time, usually a year. Under a typical lease, a landlord canâ\x80\x99t raise the rent or change other terms, until the lease runs out (unless the lease itself provides for a change, such as a rent increase mid-lease).']","No, a landlord cannot charge more rent for an additional roommate if you are under rent control.",,1.0,0.8386852827208844,0.9999999999
mean and median definition,"['Median is the middle point in a set of numbers. Average, also called mean, is when the complete data set is added and then divided by the total number of data points; mean is different from median.', 'The median is the middle point of a number set, in which half the numbers are above the median and half are below. In our set above, the median is 30.', 'Median income is the amount which divides the income distribution into two equal groups, half having income above that amount, and half having income below that amount. Mean income (average) is the amount obtained by dividing the total aggregate income of a group by the number of units in that group.ousehold income as an economic measure can be represented as a median, a mean, a distribution, and other ways.', '16 What is the median number of home runs, approximately?Is the mean greater or less than the median?', 'Even more disconcerting is the fact that the mean 401(k) is much higher than the median 401(k) -- thanks to high earning/saving outliers. If we are looking at median 401(k) balances, the number clocks in at $26,405.']","Median is the middle point in a set of numbers, where half the numbers are above it and half are below. Average, or mean, is calculated by adding all the data points together and dividing by the total number of data points; mean is different from median.",,0.8333333333333334,0.8266109450964239,0.8333333332916666
implantation bleeding how far along,"['Implantation bleeding. Some women have a small amount of vaginal bleeding called implantation bleeding, around 11 or 12 days after conception, close to the time you might notice a missed period. The bleeding may be caused by the fertilized egg burrowing into the blood-rich lining of the uterus.f you search for implantation bleeding you will come across sites that doubt if it ever occurs, but the fact is that some women, about 1%-2%, has a bleeding about four weeks after the last menstrual period with a pregnancy duration four weeks longer than expected.', 'Implantation bleeding is fairly common with pregnancy. Twenty to thirty percent of women will have spotting during early pregnancy. If you have some light spotting before your period would normally start this is not something to worry about and may be a sign of pregnancy.', 'The first week of pregnancy symptoms should prompt you to go in for a home pregnancy test or a blood test to confirm the pregnancy as these symptoms could also be due to menstruation or health problems.s long as you do not get back pain, cramping or increased bleeding, implantation bleeding can do no harm. The first week of pregnancy symptoms include feeling tired, getting irritated, tenderness of breasts, either craving or aversion to food, heightening of the sensitivity to smell, light-headedness or feeling dizzy.', 'Implantation of the blastocyst usually happens between 7 and 10 days after ovulation, or 21 to 25 days after the first day of your *last menstrual cycle* (LMP).', 'Find out when implantation will happen based on your last menstrual period or ovulation date with our implantation calculator.']","Implantation bleeding typically occurs around 11 or 12 days after conception, which is about four weeks after the last menstrual period.",,1.0,0.7385717512067561,0.7499999999625
the definition of sustainability is,"['Achieving sustainability will enable the Earth to continue supporting human life. In ecology, sustainability (from sustain and ability) is the property of biological systems to remain diverse and productive indefinitely. Long-lived and healthy wetlands and forests are examples of sustainable biological systems. In more general terms, sustainability is the endurance of systems and processes.', 'The Future of Energy and Sustainability Management.', 'Few businesses or organizations can truly call themselves 100% sustainable. Many, however, are well on their way to sustainability as a result of incorporating the following ideals into their business operations.', 'This award recognizes leading businesses for their ongoing focus on sustainability efforts.', 'Ecova makes businesses and utilities more successful through global energy and sustainability management.']",the property of biological systems to remain diverse and productive indefinitely.,,1.0,0.7645034899610293,0.0
what is hand dancing,"['Hand dancing, also known as D.C. hand dancing or D.C.', 'Hula Dancing, Fire Dancing and More.', 'Bon Odori. Bon Odori (Japanese: ç\x9b\x86è¸\x8aã\x82\x8a), meaning simply Bon dance, is a style of dancing performed during Obon.', 'Hand dancing.', ""Grinding, also known as juking, freak dancing or freaking (in the Caribbean, wining) is a type of close partner dance where two or more dancers rub or bump their bodies against each other, this is generally with a female dancer rubbing her buttocks against a male dancer's crotch area.""]",I cannot answer from the given context.,,0.0,0.0,0.0
is china a reserve currency,"['China is on its way to becoming a reserve currency not because of weakness in the US dollar but precisely because the US dollar is going to get stronger and become less readily available.', 'The Chinese Yuan Renminbi is the currency of China. Our currency rankings show that the most popular China Yuan Renminbi exchange rate is the USD to CNY rate. The currency code for Yuan Renminbi is CNY, and the currency symbol is Â¥.', 'Yet, while a weaker dollar is seen helping American exporters to compete abroad, it may undermine the greenbackâ\x80\x99s status as the worldâ\x80\x99s top reserve currency and fan concerns about a protectionist trade agenda espoused by U.S.', 'Just as many countries have dollars and cents, and the UK has pounds and pence, China has a smaller unit of currency than the yuan.', 'CNY - Chinese Yuan Renminbi. Our currency rankings show that the most popular China Yuan Renminbi exchange rate is the USD to CNY rate.']",I cannot answer from the given context.,,0.0,0.0,0.0
is aep regulated,"['Therefore, they are regulated by the Food and Drug Administration (FDA).', ""AEP's regulated business investment strategy supports dividend growth consistent with earnings and within the targeted 60 to 70 percent payout ratio. In October, the company increased its dividend by 5.4 percent on a quarterly basis from 56 cents per share to 59 cents per share."", 'Stroke volume is regulated both extrinsically and intrinsically.', 'This regulation governs the.', 'International use of the radio spectrum is regulated by the International Telecommunication Union (ITU).']",I cannot answer from the given context.,,0.0,0.0,0.0
translation definition geometry,"['A translation moves every point of a figure or a space by the same amount in a given direction. A reflection against an axis followed by a reflection against a second axis parallel to the first one results in a total motion which is a translation. In Euclidean geometry, a translation is a function that moves every point a constant distance in a specified direction. (Also in Euclidean geometry a transformation is a one to one correspondence between two sets of points or a mapping from one plane to another.', 'Thus, aâ\x80\x93ne geometry is.', 'A Geometry Shader (GS) is a Shader program written in GLSL that governs the processing of Primitives. Geometry shaders reside between the Vertex Shaders (or the optional Tessellation stage) and the fixed-function Vertex Post-Processing stage.A geometry shader is optional and does not have to be used.Geometry shader invocations take a single Primitive as input and may output zero or more primitives.eometry shaders reside between the Vertex Shaders (or the optional Tessellation stage) and the fixed-function Vertex Post-Processing stage. A geometry shader is optional and does not have to be used. Geometry shader invocations take a single Primitive as input and may output zero or more primitives.', 'n the translation of data gathered by clinical and radiographic examination into an organized, classified definition of the conditions present.', '(Education) a passage set for translation into a foreign language.']",A translation in geometry is a function that moves every point a constant distance in a specified direction.,,1.0,0.9259036817549452,0.0
what county is lewisburg,"['Lewisburg is a borough in Union County, Pennsylvania, United States, 30 miles (48 km) south by southeast of Williamsport and 60 miles (97 km) north of Harrisburg.', 'The County Seat is located in Benton (prior county seats was Shawneetownâ\x80\x93Kaskaskia Road, at Moses Garrettâ\x80\x99s tavern from 1818â\x80\x931821 , Frankfort from 1821â\x80\x931841) also, the county government website is www.franklincountyil.org/ .', 'Washington County is a county in the U.S.', 'Madison County is a county located in the U.S.', 'Hansford County is a county located in the U.S.']","Lewisburg is in Union County, Pennsylvania.",,1.0,0.6893755008426415,0.9999999999
how many humans have tigers killed?,"[""But for the ba by Asian Elephants tigers are the main predators. Asian Elephants don't have many predators because they are so big compared to other animals but to other breeds of elephants they are quite small."", 'There are approximately 85 or fewer people killed and injured by tigers each year.', 'Tiger vs Lion Life span. Lion: In the wild, lions live for approximately 12â\x80\x9318 years, while in captivity they can live over 24 years. Tiger: The life span of tigers in the wild is thought to be about 10 - 12 years. Tigers in zoos live up to 25 years or more, but not by much.', 'As recently as the 1980s-1990s, tigers were considered widespread in the region, though little studied (Dinerstein et al.', ""The diet of tigers like humans depends on the age and physical condition of the tiger. Tigers are strictly carnivorous and only eat high quality meat in large quantity. The di â\x80¦ et of captive tigers are based on what a tiger eats in the wild and this diet usually consists of deer, wild pigs, wild boar, antelope etc. Of course the diet of a wild tiger is determined by the area in which the tiger is occupying. Tigers show preferance for certain prey, usually specias that are equivalent to their own body weight. It depends on the sub species of tiger, the Siberian tiger's usual diet is wild boar, roe,sika, musk, and red deer..""]",There are approximately 85 or fewer people killed and injured by tigers each year.,,1.0,0.8562776609202243,0.0
"what county is corinth, maine in","['Located in PENOBSCOT County, Maine; Corinth, ME is also known as: EAST CORINTH, ME', 'Corinth, ME Other Information.', 'It is part of the Portlandâ\x80\x93South Portlandâ\x80\x93Biddeford, Maine metropolitan statistical area.', 'Forest County is a county in the U.S.', 'Madison County is a county located in the U.S.']","Corinth, Maine is in PENOBSCOT County.",,1.0,0.9777673076480345,0.0
how many kids does jack osbourne have,"['Jack Osbourne wants to teach you about multiple sclerosis. Jack Osbourne found out he had multiple sclerosis just three weeks after having his daughter.', 'Producer/director Jack Osbourne learned in 2012 that he had multiple sclerosis, and soon after, the TV personality decided to turn his diagnosis into an informational campaign for other MS patients and their families.', 'I think [you should] have as many kids as you can handle!.', ""The youngest child of Ozzy Osbourne is all grown up, and he's a man on a mission."", 'Osbourne talked to CBS News about his campaign.']",I cannot answer from the given context.,,1.0,0.0,0.0
how many lieutenant colonels in us army,"['Colonels make up about 13% of the active duty Army officers (3% of total Army soldiers).', 'How many Colonels and Lieutenant Colonels are there in the US Army? There are thousands of US Army Colonels and Lt. Colonels.', 'There are nearly 50 Major Generals in the Army (3-star), which are close to .5% of officers, or .0007% of the Army. Full Colonels make up about 5% of the active duty Army officers (1% of total Army soldiers).', 'A Lieutenant Colonel may also serve as an Executive Officer or Staff Officer in a variety of high-level units or command posts. It will generally take an officer 16 to 22 years to rise to the rank of Lieutenant Colonel. As a result, many career officers who are eligible to retire after 20 years of active service retire with the rank of Lieutenant Colonel.', 'As of September 18, 1862, when lieutenant generals were authorized, the Confederate Army had four grades of general officers; they were (in order of increasing rank) brigadier general, major general, lieutenant general, and general.']",I cannot answer from the given context.,,0.0,-0.0,0.0
how many medical schools in south korea,"['Currently, there are 41 medical schools in South Korea. Medical programs in South Korea used to be direct-entry programs such as in the UK, taking six years to complete.', 'A Medical school in the United States is a four-year graduate institution with the purpose of educating physicians in the field of medicine. Such schools provide a major part of the medical education in the United States. Graduates receive either a Doctor of Medicine (M.D.) or a Doctor of Osteopathic Medicine (D.O.) degree. Admissions to medical school in the United States is generally considered competitive.', 'The top ten countries (and their scores) are: 1  South Korea (1.30).', 'The Medical University of South Carolina (MUSC) Foundation was chartered in 1966 as a charitable, educational foundation to support the education, research, patient care and other programs at the Medical University.', '2  Short track skater has trained in South Korea and Netherlands.']",There are 41 medical schools in South Korea.,,1.0,0.9277252620973137,0.0
what are examples of isokinetic movement,"['In isokinetic exercise, the maximum force of which the muscle is capable throughout the range of motion may be applied.', 'Examples of the hunge joint in the body are the interphalangeal joints of the phalanges in the foot and hand, and the ulnohumeral articulation at the elbow.', 'Some examples of these types of involuntary movements include: 1  Grimacing.', '1 Movement to the side of the head and neck.', 'This movement occurs in many different ways, over millions of years.']",I cannot answer from the given context.,,0.0,0.0,0.0
what is hominid,"['What is the Kannada word for host? What is the Kazakh word for host? What is the Khmer word for host? What is the Korean word for host? What is the Kurdish word for host? What is the Kyrgyz word for host? What is the Lao word for host? What is the Latin word for host? What is the Latvian word for host? What is the Lithuanian word for host?', 'Hypernyms (hominid is a kind of...): primate (any placental mammal of the order Primates; has good eyesight and flexible hands and feet) Hyponyms (each of the following is a kind of hominid): homo; human; human being; man (any living or extinct member of the family Hominidae characterized by superior intelligence, articulate speech, and erect carriage)', 'What Is Love (Howard Jones song) For other uses, see What Is Love (disambiguation). What Is Love?', 'Homo erectus sensu lato (s.l.) is a key species in the hominin fossil record for the study of human evolution, being one of the first species discovered and perhaps the most documented, but also because of its long temporal range and having dispersed out of Africa earlier than any other human species.', 'What is telehealth? What is telehealth?']","A hominid is any living or extinct member of the family Hominidae characterized by superior intelligence, articulate speech, and erect carriage.",,0.8,0.9249411018763057,0.0
what is an open access university,"['The goal is simple â\x80\x93 to become the premier open access university in the United States.', 'click hereYou have 3 open access pages.', 'Except for the Open Education Faculty (Turkish: AcÄ±koeÄ\x9fretim AÃ§Ä±kÃ¶Ä\x9fretim) fakueltesi FakÃ¼ltesi At, anadolu university entrance is regulated by a, NATIONAL, examination oesys Ã¶sys after which high school graduates are assigned to university according.', 'Except for the Open Education Faculty (Turkish: AcÄ±koeÄ\x9fretim AÃ§Ä±kÃ¶Ä\x9fretim) fakueltesi FakÃ¼ltesi At, anadolu university entrance is regulated by a, NATIONAL, examination oesys Ã¶sys after which high school graduates are assigned to university according.', 'The Open University is a public distance learning and research university, and one of the biggest universities in the UK for undergraduate education.']",I cannot answer from the given context.,,0.0,-0.0,0.0
what are forests sinks for?,"[""The world's forests and oceans are natural regulators of carbon dioxide content in the atmosphere -- which is a greenhouse gas. While forests are regarded as sinks, meaning they absord carbon dioxide, it is hard to rely on forests to soak up increasing pollution, while forests are increasingly being cut down!"", 'forests', 'They prefer slow-moving rivers, lakes, swamps and flooded forests during the rainy season.', 'The new forests are made out of kelp plants that harbor a huge range of plants and animals.', 'The new forests are made out of kelp plants that harbor a huge range of plants and animals.']",Forests are sinks for carbon dioxide.,,1.0,0.5781826022805965,0.9999999999
chemistry amu definition,"['Atomic Mass Unit or AMU Definition. An atomic mass unit or amu is one twelfth of the mass of an unbound atom of carbon-12. It is a unit of mass used to express atomic masses and molecular masses.', 'To find the percentage of this compound that is water, divide the total amu provided by water by the total amu of the compound.', '1 Chemistry Unit Activity', 'Chemistry Expert.', 'That branch of chemistry which deals with the isolation, identification, structure elucidation, and study of the chemical characteristics of chemical...']",An atomic mass unit or amu is one twelfth of the mass of an unbound atom of carbon-12. It is a unit of mass used to express atomic masses and molecular masses.,,1.0,0.4072239819509434,0.0
how many ounces in dunkin donuts iced coffee medium,"[""Dunkin Donut's Iced Coffees are as follows: 16 ounces in a small iced coffee 20 oz in a medium iced coffee 24 ounces in a large iced coffee."", ""A cup of Starbucks coffee is packed with more than twice as much caffeine as a cup of McDonald's, according to a breakdown of caffeine content from major brands.n New York, for example, the cost of a 12-ounce brewed coffee is $1.85 at Starbucks, $1.29 at Dunkin' Donuts and $1 at McDonald's."", ""Freshly Brewed Unsweetened Iced Tea (Dunkin' Donuts) Per 1 serving - Calories: 0kcal | Fat: 0.00g | Carbs: 1.00g | Protein: 0.00g Nutrition Facts - Similar Freshly Brewed Plain Iced Tea (Large) (Dunkin' Donuts) Per 1 serving - Calories: 10kcal | Fat: 0.00g | Carbs: 2.00g | Protein: 0.00g Nutrition Facts - Similar Raspberry Flavored Sweetened Iced Tea (Dunkin' Donuts)"", ""This Bag Makes Up To 40 Cups (6 Fl Oz) Of That Great Dunkin' Donuts Taste."", ""No you wouldn't charge less for a iced coffee with no syrup - but in the past we always did charge less for a tea with just milk (a misto).""]",20 oz in a medium iced coffee.,,1.0,0.6813178076840251,0.0
what is connective tissue extracellular matrix composed of,"['The extracellular spaces (space outside of cells) in connective tissue are referred to as the extracellular matrix. Connective tissue, therefore, is made up of cells and extracellular matrix. The extracellular matrix is composed of glycosaminoglycans and proteoglycans. It is variations in the composition of the extracellular matrix that determine properties of the connective tissue. Connective tissue is made up of: Fibrous components (collagen and elastin)', ""In patients with connective tissue disease, it is common for collagen and elastin to become injured by inflammation. Many connective tissue diseases feature abnormal immune system activity with inflammation in tissues as a result of an immune system that is directed against one's own body tissues (autoimmunity).Diseases in which inflammation or weakness of collagen tends to occur are also referred to as collagen diseases.March 2013). A connective tissue disease is any disease that has the connective tissues of the body as a target of pathology. Connective tissue is any type of biological tissue with an extensive extracellular matrix that supports, binds together, and protects organs."", 'Specialized connective tissue includes: 1  Dense regular connective tissue (found in tendons and ligaments) 2  Cartilage (a type of supporting connective tissue that consists of chondrocyte cells, collagen fibers, and elastic fibers; semi-solid or flexible matrix; includes hyaline cartilage, fibrocartilage, and elastic cartilage)', 'A type of loose connective tissue, areolar tissue forms delicate, thin membranes throughout the body. The cells of this tissue, mainly fibroblasts, are located some distance apart and are separate by a gel-like extracellular matrix containing many collagenous and elastic fibers that fibroblasts secrete.', 'Cartilage is a type of supporting connective tissue. Cartilage is a dense connective tissue, consisting of the chondrocyte cells. Cartilage connective tissue includes hyaline cartilage, fibrocartilage and elastic cartilage. The fibers in the cartilage connective tissue include collagen and elastic fibers.emapoetic or lymphatic connective tissue is another type of fluid connective tissue.']",The extracellular matrix is composed of glycosaminoglycans and proteoglycans.,,1.0,0.7443704481092982,0.0
population of glendale az,"['Glendale Arizona Population Charts According to the most recent demographics data available from the Census Bureau released in December of 2017, Figure 1 Glendale shows it has 239,943 population which is the 2nd most of all the places in the area.', 'Home > Doctors > Arizona (AZ) > Family Practice Physicians > Glendale > Dr.', 'The population of the Riviera Maya is around 150,000. The estimated population of Mexico is 108,700,891, and the population of Quintana Roo, the state in which the Riviera Maya is located, is approximately 880,000.', 'Census Bureau, the city had an estimated population of 475,378 in 2015, making it the 36th largest city by population in the United States.', ""Census, the Los Angeles Metropolitan Statistical Area had a population of nearly 13 million residents. Meanwhile, the larger metropolitan region's population at the 2010 census was estimated to be over 17.8 million residents, and a 2015 estimate reported a population of about 18.7 million.""]","The population of Glendale, Arizona is 239,943 according to the most recent demographics data available from the Census Bureau released in December of 2017.",,1.0,0.854584948353693,0.0
siamese cats types of breeds,"['There are two types of Siamese: traditional and show. The Show Siamese is very angular, elegant and slender breed. The Traditional Siamese is more round and chunky. Personality: Siamese cats are very active, talkative and curious cats.', 'Purchasing from a reputable breeder can be costly, but it provides you the option of selecting exactly the breed of cat you want. The most in-demand breeds will cost significantly more, with some of the rarest cats exceeding $5,000 or more in cost.', 'The Siamese is a medium-sized, light-colored cat with stunning sapphire eyes.', 'splendens, commonly known as the Siamese fighting fish.', ""However, not all cat breeds are the same, so there are exceptions to the age of full growth. For instance, Maine coon cats often do not attain their full growth until they're between 3 and 5 years old. Social and mental maturity in cats typically is reached in the range of 18 months to 4 years.""]",There are two types of Siamese: traditional and show.,,1.0,0.8971356590234132,0.0
how many pounds of fat can you lose in a week,"['Well, itâ\x80\x99s certainly possible to lose more than two pounds per week, but itâ\x80\x99s critically important to understand that thereâ\x80\x99s a world of difference between rapid weight loss and permanent fat loss.', ""And, since there is about 3500 calories in 1 pound of fat, doing this will result in 1 pound of fat being lost per week. And, since the ideal weight loss rate is 1-2 pounds per week, this would put you right within range.Add some exercise in as well, and it will bring you closer to the higher end of that range.hat that means is, for every 3500 extra calories that you consume that your body doesn't burn, you will GAIN 1 pound of fat. At the same time, it also means that for every 3500 extra calories that your body does burn, you will LOSE 1 pound of fat."", 'This means if you play twice a week for two hours each time, you will lose 1 additional pound every 3 weeks, or 17 pounds in a year.', 'A weight loss of 1 to 2 pounds a week is the typical recommendation.', 'Also, if you lose a lot of weight very quickly, you may not lose as much fat as you would with a more modest rate of weight loss.']",You can lose 1 to 2 pounds of fat in a week.,,1.0,0.9188705372859717,0.0
what is bmc neuroscience,"['BMC Neuroscience is an open access journal publishing original peer-reviewed research articles in all aspects of the nervous system, including molecular, cellular, developmental and animal model studies, as well as cognitive and behavioral research, and computational modeling.', '5  Neuroscience Cognition.', 'Cognitive neuroscience is a branch of both psychology and neuroscience, overlapping with disciplines such as physiological psychology, cognitive psychology, and neuropsychology.', 'In 2002, BMC (Turkey) , a Turkish commercial vehicle builder, originally set up by the British Motor Corporation to build their designs under licence in the 1950s, began exporting its vehicles to Britain. This allowed the return of the BMC brand to British roads for the first time in over 40 years.n late 1966, BMC changed its name to BMH because it had taken over major UK motor industry supplier Pressed Steel with 27,000 employees in 1965 and, a year later, merged with Jaguar Cars with 7,000 staff.', 'Academy of Neurology Board of Directors in July 2007.']","BMC Neuroscience is an open access journal publishing original peer-reviewed research articles in all aspects of the nervous system, including molecular, cellular, developmental and animal model studies, as well as cognitive and behavioral research, and computational modeling.",,1.0,0.8397935732093558,0.0
does staphylococcus aureus have a capsule,"['aureus isolates from humans, most staphylococcal isolates from bovines with mastitis in Argentina are capsule negative.', 'Staphylococcal infections are a group of infections caused by the bacterium Staphylococcus. You may have heard them referred to as staph infections. Staph bacteria can cause a wide range of infections, from relatively minor skin infections such as boils, to more serious infections of the blood, lungs and heart. 1  There are many types of Staphylococci, but most infections are caused by a group called Staphylococcus aureus. This group of bacteria includes meticillin-resistant Staphylococcus aureus (MRSA), which is resistant to certain antibiotics that are commonly used for staph infections, such as flucloxacillin.', 'aureus virulence in the murine mastitis model. The ordinate represents the log number of CFU of Reynolds (CP â\x88\x92), Reynolds (CP5), and Reynolds (CP8) recovered from the mammary glands at different times after intramammary inoculation with 10 5 (A), 5 Ã\x97 10 5 (B), or 10 6 (C) CFU/gland.taphylococcus aureus capsular polysaccharides (CP) have been shown to enhance staphylococcal virulence in numerous animal models of infection.', 'Staphylococcus epiderminis.', 'The bacteria causing these infections are a type of Staphylococcus bacteria.']",I cannot answer from the given context.,,0.0,0.0,0.0
is a claim alleging tcpa violation a d&o claim?,"['It is probably worth noting that the question of D&O insurance coverage for TCPA claims is largely restricted to private company policyholders. In a TCPA action, the claimants typically name as defendants only the corporate entity that allegedly violated the statute.', 'Entity coverage under public company D&O insurance policies is limited to claims for violations of the securities laws.', 'The effect of an R&D tax claim is to reduce taxable profits or increase taxable losses. The claim can reduce profits, reduce profits and create a loss, or increase pre-tax losses.', ""The Claims Database contains only those lost time workers' compensation records for which a DWC-1, First Report of Injury or Illness, and/or a DWC-13, Claim Cost Report, was reported to/recorded by the Division."", 'Claim Definition. A statement essentially arguable but used as a primary point to support or prove an argument is called a claim. If somebody gives an argument to support his position, it is called making a claim.']",I cannot answer from the given context.,,0.0,0.0,0.0
what does exempt or non-exempt employee mean,"['What Does Exempt Mean, Anyway?', 'An example follows: Example: A non-exempt employee is paid a salary of $500 per week, and works 50 hours in a given week.', 'An exempt employee has virtually no rights at all under the FLSA overtime rules. About all an exempt employee is entitled to under the FLSA is to receive the full amount of the base salary in any work period during which s/he performs any work (less any permissible deductions).', 'Some jobs are classified as exempt by definition. For example, outside sales employees are exempt (inside sales employeesare nonexempt). For most employees, however, whether they are exempt or nonexempt depends on (a) how much they are paid, (b) how they are paid, and (c) what kind of work they do.', 'What is an exempt employee? Exempt positions are excluded from minimum wage, overtime regulations, and other rights and protections afforded nonexempt workers. Employers must pay a salary rather than an hourly wage for a position for it to be exempt. Typically, only executive, supervisory, professional or outside sales positions are exempt positions.']","An exempt employee is one who is excluded from minimum wage, overtime regulations, and other rights and protections afforded to nonexempt workers. Exempt positions typically require a salary rather than an hourly wage and usually include executive, supervisory, professional, or outside sales roles. In contrast, a non-exempt employee is entitled to minimum wage and overtime pay under the Fair Labor Standards Act (FLSA) and is subject to its regulations.",,1.0,0.9401181426809221,0.0
what is a np grade,"['A grade of NP will be assigned for coursework equivalent to a C- or below, and no unit or degree credit will be awarded. Some universities will not accept courses taken on the P/NP grading option, so please check with your home university before making your selection.', 'RN (Registered Nurses) vs NP (Nurse Practitioners). It is true that both RN and NP are two nursing roles that show some differences between them. RN stands for Registered Nurses whereas NP stands for Nurse Practitioners.hey have to necessarily work in the health care organizations and they are not entitled to prescribe medications. In Brief: - RN stands for Registered Nurses whereas NP stands for Nurse Practitioners. - RNs are health care professionals with 2 to 4 year degree in Bachelor of Science in nursing or nursing science.', 'NP may contain a number of word.', 'At minimum, a nurse practitioner must earn a Masterâ\x80\x99s of Science degree in nursing before beginning work in the NP role. This degree and a nurse practitioner credential, are only available to those students who have already completed the requirements to work as a registered nurse (RN).', 'We chose NM 9.4 as a baseline grade for comparison.']","A grade of NP will be assigned for coursework equivalent to a C- or below, and no unit or degree credit will be awarded.",,1.0,0.4937686455663,0.0
how many years back to the clinton tax returns go,"['Democratic presidential hopeful Hillary Clinton released eight years worth of tax returns Friday, showing that she and her husband Bill Clinton earned $139 million since 2007.', 'How many years can the IRS go back on taxes. The IRS indicates in its IRS Audit FAQs as follows: [begin quoted text] Generally, the IRS can include returns filed within the last three years in an audit.', 'The IRS tries to audit tax returns as soon as possible after they are filed. Accordingly most audits will be of returns filed within the last two years.', 'Per the IRS (talked to them myself today), tax returns and related documents are destroyed after 7 years.', 'Here are five truths about how many years the IRS to collect back taxes from you: 1.There is an IRS statute of limitations on collecting taxes. The IRS is limited to 10 years to collect back taxes, after that, they are barred by law from continuing collection activities against you.2.ere are five truths about how many years the IRS to collect back taxes from you: 1. There is an IRS statute of limitations on collecting taxes. The IRS is limited to 10 years to collect back taxes, after that, they are barred by law from continuing collection activities against you.']",The Clinton tax returns go back eight years.,,1.0,0.8913626212490162,0.49999999995
what are broker services,"['Under this arrangement, the listing broker and the selling broker split the commission for each sale.', 'What is the process for enabling access to and integration with Mortgage Web Services? What is the technical structure of the Mortgage Web Services platform? What protocols are currently supported by the Mortgage Web Services platform?', 'The broker usually has salespeople working for her to provide the services, consisting mainly of finding buyers for the property.', 'former commercial broker here for a large national commercial real estate firm.', 'What services do they provide you?']",I cannot answer from the given context.,,0.0,0.0,0.0
limit number of executives on same flight,"['Opinions differ over what constitutes a safe number of executives on the same flight.', '40 percent of companies limit the number to three or four.', '13 percent limit the number to five or six. 8 percent limit the number to one or two, and an equal percentage say seven or eight is acceptable.', 'The most important political imperative is to limit the number of US casualties.', 'But in the post-9/11 world Congress decided that former chief executives may still be vulnerable and need protection.']","40 percent of companies limit the number to three or four, 13 percent limit the number to five or six, 8 percent limit the number to one or two, and an equal percentage say seven or eight is acceptable.",,1.0,0.5304283332411582,0.0
the role of the nurse in diabetic foot care,"['Diabetes Nurses play their educating role in the field of prevention of diabetic foot, foot care and preventing from.', 'In care dimension, nurses responsible for early detection of any changes in skin and foot sensation, foot.', 'CAFCN expects that certification for nursing foot care will take some time and until that process is complete CAFCN does not endorse a particular nursing foot care course as one that will lead to or guarantee certification.CAFCN has no influence over curriculum or learning outcomes of individual foot care courses.owever, developing the certification process for Canadian foot care nurses is a goal for CAFCN.', 'Indications - Post-Op Shoes are most commonly used to accommodate bandages after foot surgery. They also may be used in the management of broken toes, metatarsal fractures, foot and ankle sprains, and in the treatment of diabetic ulcers.', 'I practice now as a foot care nurse.']","The role of the nurse in diabetic foot care includes educating patients on the prevention of diabetic foot issues, providing foot care, and being responsible for the early detection of any changes in skin and foot sensation.",,0.6666666666666666,0.9431810775503969,0.9999999999
is cerebral palsy a birth injury,"['A cerebral palsy birth injury is caused by the general nature of the birthing process.', 'Although cerebral palsy develops due to a brain malformation or injury before, during, or shortly after birth, there is still a lot of mystery as to how, exactly, an infant develops it.', 'Cerebral Palsy. Cerebral palsyâ\x80\x94also known as CPâ\x80\x94is a condition caused by injury to the parts of the brain that control our ability to use our muscles and bodies. Cerebral means having to do with the brain. Palsy means weakness or problems with using the muscles.', 'Causes and Risk Factors of Cerebral Palsy. Cerebral palsy (CP) is caused by abnormal development of the brain or damage to the developing brain that affects a childâ\x80\x99s ability to control his or her muscles.', 'Vision Impairments A number of vision impairments are more common in people with cerebral palsy than in the general population.']","Yes, cerebral palsy can be considered a birth injury as it is caused by injury to the brain during the birthing process.",,1.0,0.9663596305347296,0.0
what is a ear infection,"['An ear infection occurs when a bacterial or viral infection affects the middle ear â\x80\x94 the sections of your ear just behind the eardrum. Ear infections can be painful because of inflammation and fluid build-up in the middle ear. Ear infections can be chronic or acute. Acute ear infections are painful but short in duration. Chronic ear infections either do not clear up, or they recur many times. Chronic ear infections can cause permanent damage to the middle and inner ear.', 'So, the question is what does an ear infection look like.', 'Ear infection is very common in children, although it can occur in people of any age.', ""2  Labyrinthitis, a viral infection of the inner ear that usually follows a cold or flu. 3  Meniere's disease, a common inner ear problem."", '3  Otitis media (ear infection or inflammation) is treated with observation, antibiotics, or ear tubes.']","An ear infection occurs when a bacterial or viral infection affects the middle ear, which is the section of the ear just behind the eardrum. It can be painful due to inflammation and fluid build-up in the middle ear and can be classified as either chronic or acute. Acute ear infections are painful but short in duration, while chronic ear infections may not clear up or can recur many times, potentially causing permanent damage to the middle and inner ear.",,1.0,0.8700215541407982,0.0
how thick is a 2x8 board,"['The Nominal size of a board is the way you talk about the size. When talking about a 1x6 board, 1 and 6 is the Nominal size. The actual size is 3/4 x 5-1/2.The nominal size of a 2x8 is 2 x 8, but the actual size is 1-1/2 x 7-1/2.To determine accurate coverage, the actual size of the board is used.The actual size is the actual coverage of the board.hen talking about a 1x6 board, 1 and 6 is the Nominal size. The actual size is 3/4 x 5-1/2.The nominal size of a 2x8 is 2 x 8, but the actual size is 1-1/2 x 7-1/2. To determine accurate coverage, the actual size of the board is used. The actual size is the actual coverage of the board.', 'VERSA-LAMÂ® is available in a 38mm width for use as a high grade rim board in timber frame applications.', 'The soffit boards used in this installation are 10mm thick and 5 metres in length, an expansion gap of 10mm is allowed for at each 5 metre joint.tep 5) Guttering.', 'Skirt Board  This is the bottom board of the building, The treated lumber skirt board ties the posts together at the bottom of the structure, and is also where you attach the rat guard.', 'Pork steaks and pork chops that are going to be grilled should be a minimum of Â¾ to 1 inch thick because the high heat will cook the meat quickly.']",I cannot answer from the given context.,,0.0,-0.0,0.0
average persons tapscan,"['TAPSCAN Web is used by over 19,000 radio sales professionals and facilitates half a million proposals to radio buyers per year.', '(NYSE: ARB) today announced that the Media Rating CouncilÂ® (MRC) has granted accreditation to TAPSCAN Web, the most widely used Web-based sales proposal and analysis software system for radio.', 'The average family consists of 3.13 persons in 2014, down from 3.7 in the sixties.', 'a number of persons living in a particular locality.', 'According to our estimations, daily change rates of Latvia population in 2018 will be the following: 52 live births average per day (2.17 in an hour) 76 deaths average per day (3.17 in an hour)-38 emigrants average per day (-1.58 in an hour) The population of Latvia will be declined by 62 persons daily in 2018.']",I cannot answer from the given context.,,0.0,0.0,0.0
justice definition,"['Access to Justice. Access to Justice is a core value of the Massachusetts Judicial Branch. Towards that end, in June, 2009 the Chief Justices of the Supreme Judicial Court and the Trial Court established the Access to Justice Initiative.', ': 1  fairness or justice in the way people are treated.', '1  The scales of justice relate to fairness in the judicial process.', 'Retributive justice in its execution or outcome: To follow the proposed course of action is to invite nemesis.', 'Everything belongs to God, so faith and justice are linked together.']",I cannot answer from the given context.,,0.0,0.0,0.0
what does the pythagorean theorem do,"['The Pythagorean Theorem can also be represented in terms of area. In any right triangle, the area of the square drawn from the hypotenuse is equal to the sum of the areas of the squares that are drawn from the two legs.', 'Pythagorean Numerology. The numerical value of boulangerie in Pythagorean Numerology is: 1', '2  Pythagorean Numerology. The numerical value of parentation in Pythagorean Numerology is: 7.', '2  Pythagorean Numerology. The numerical value of placater in Pythagorean Numerology is: 4.', 'Home Lord of the Flies Q & A What does Jack do with the pigs ... Lord of the Flies What does Jack do with the pigs head?']","The Pythagorean Theorem states that in any right triangle, the area of the square drawn from the hypotenuse is equal to the sum of the areas of the squares that are drawn from the two legs.",,1.0,0.8957312441729878,0.0
what is a interstim,"['What is InterStim? InterStim Therapy is a proven neuromodulation therapy that targets the communication problem between the brain and the nerves that control the bladder.', 'This definition explains what a cryptocurrency is and discusses various examples, such as Bitcoin. What is a cryptocurrency? This definition explains what a cryptocurrency is and discusses various examples, such as Bitcoin.', 'The translation Interbeing (French: Interetre) interÃªtre is a word coined By Thich Nhat hanh to represent The buddhist principles of, anatta, pratÄ«tyasamutpÄ\x81da and The madhyamaka understanding of.', 'There are a number of misconceptions about a pet microchip, so letâ\x80\x99s take a closer look at what the chip is and what it isnâ\x80\x99t. What pet microchipping isnâ\x80\x99t What pet microchipping is A microchip does not broadcast a signal and has no internal power source.Microchips are the size of a grain of rice with very small electrical components. Microchips do not act as a GPS system, allowing you to track down your petâ\x80\x99s exact location.here are a number of misconceptions about a pet microchip, so letâ\x80\x99s take a closer look at what the chip is and what it isnâ\x80\x99t. What pet microchipping isnâ\x80\x99t What pet microchipping is A microchip does not broadcast a signal and has no internal power source.', 'Interstitial fluid. Interstitial fluid (ISF) or tissue fluid is a solution that bathes and surrounds the tissue cells of multicellular animals. It is the main component of the extracellular fluid, which also includes plasma and transcellular fluid. The interstitial fluid is found in the interstices - the spaces between cells (also known as the tissue spaces).']",InterStim Therapy is a proven neuromodulation therapy that targets the communication problem between the brain and the nerves that control the bladder.,,1.0,0.6881193493310199,0.0
how do water waves form,"[""Most waves form when winds blowing across the water's surface transmit their energy to the water."", 'Tsunamis are giant waves caused by earthquakes or volcanic eruptions under the sea. Out in the depths of the ocean, tsunami waves do not dramatically increase in height. But as the waves travel inland, they build up to higher and higher heights as the depth of the ocean decreases.', 'Other examples of transverse waves include light waves and water waves.', 'Waves are created by energy passing through water, causing it to move in a circular motion. However, water does not actually travel in waves. Waves transmit energy, not water, across the ocean and if not obstructed by anything, they have the potential to travel across an entire ocean basin.', 'A swell, in the context of an ocean, sea or lake, is a series of mechanical waves that propagate along the interface between water and air and so they are often referred to as surface gravity waves.well waves often have a long wavelength but this varies due to the size, strength and duration of the weather system responsible for the swell and the size of the water body e.g.']",Water waves form when winds blowing across the water's surface transmit their energy to the water.,,1.0,0.980374832660439,0.0
what county is toledo oh in?,"['Toledo, Ohio. Toledo (/tÉ\x99Ë\x88liË\x90doÊ\x8a/) is a city in and the county seat of Lucas County, Ohio, United States. Toledo is in northwest Ohio, at the western end of Lake Erie bordering the state of Michigan.', 'Grandview Heights, OH County Government.', 'Saint Anthonys Mercy Hospital in Franklin County OH. Saint Anthonys Mercy Hospital - Cultural Feature (Hospital) in Franklin County. Saint Anthonys Mercy Hospital is a cultural feature (hospital) in Franklin County. The primary coordinates for Saint Anthonys Mercy Hospital places it within the OH 43206 ZIP Code delivery area.', 'It was assembled at the Toledo North Assembly Plant in Toledo, Ohio.', 'Zip Code 43537 Population. 43537 is located in the state of Ohio in the Toledo metro area. Zip code 43537 is primarily located in Lucas County. The official postal service name used for 43537 is MAUMEE, Ohio.']","Toledo, Ohio is in Lucas County.",,1.0,0.9186969244974351,0.9999999999
is a physician assistant a bachelors program,"[""Physician Assistant Bachelor's Degree Program Overviews. Physician assistant programs teach students how to diagnose and treat basic medical conditions, interact with patients,and work within the guidelines of the code of ethics for physicians."", 'Physician Assistant Schools There are 146 accredited physician assistant schools in the country. As a professor or instructor of physician assistant classes at one of these schools, you play a fundamental role in shaping the future of this growing field.', 'in answer to this question, What do you major in to become a Physician Assistant?, I can tell you that you might get some help from http://asknursingonline.com As you described; I am planning on getting my bachelors degree, then applying to P.A. school to become a Physician Assistant.', 'Physician Assistant Programs in Illinois: A List of PA Schools There are only six accredited physician assistant programs in Illinois five of which are in Chicago and one in Carbondale.', 'The Accredita on Review Commission on Educa on for the Physician Assistant (ARCâ\x80\x90PA) expects that the number of PA educa onal']",I cannot answer from the given context.,,0.0,-0.0,0.0
how long for weed to get out of your system urine test,"[""The length of time depends on the individual's metabolism, the half-life of the THC consumed, and how much is consumed. The half-life of THC varies greatly from plant to plant, so that in itself can be anywhere from 1 to 10 days. A best guess for an average would be 3 to 30 days for it to completely leave a person's system and out of a urine screen."", '6  The most effective way to get THC out of your system is to not have any THC (smoking, eating, vaporizing) anywhere from three days to 100 days.', '2  The most effective way to get THC out of your system is to not have any THC (smoking, eating, vaporizing) anywhere from three days to 100 days.', 'Approximate times, Cannabis (marijuana) can be detected through testing: Single Use: Blood Test: 2-3 days Saliva Test: 12-24 hours Urine Test: 2-3 days Hair Test: Up to 90 days, depending on how long your hair sample they use has been growing.', 'Re: How long does aspartamane take to get out of your system?']",The average time for THC to completely leave a person's system and be out of a urine screen is approximately 3 to 30 days.,,0.5,0.6621515199364555,0.3333333333
turpentine slang meaning,"['Freebase(0.00 / 0 votes)Rate this definition: Turpentine. Turpentine is a fluid obtained by the distillation of resin obtained from live trees, mainly pines.', 'Link to this slang definition.', 'Link to this slang definition.', 'Link to this slang definition.', 'Link to this slang definition.']",I cannot answer from the given context.,,0.0,0.0,0.0
what does assessment center means,"['Assessment centre. (Redirected from Assessment center) An asessment centre is a process where candidates are assessed to determine their suitability for specific types of employment, especially management or military command.', 'Assessment centre.', 'What is CLASS? The Classroom Assessment Scoring System Â© (CLASS) is a research-based observation tool used to help teachers and schools improve the effectiveness of classroom interactions.', 'Assessment portion of the note.', 'does not want you to do the assessment etc..']","An assessment centre is a process where candidates are assessed to determine their suitability for specific types of employment, especially management or military command.",,1.0,0.9121762695462255,0.0
usaa home insurance phone number,"['210-531-USAA (or 210-531-8722) Phone Menu Tips for Auto and Property Insurance Claims(Opens Pop-up Layer) 800-531-USAA (or 800-531-8722) Phone Menu Tips for Auto and Property Insurance Claims(Opens Pop-up Layer)', 'To receive an auto or home insurance quote from USAAA, you should have a copy of your current auto policy or house. If necessary, you can compare home insurance or your existing policy with the USAAA house or auto assurance quote, and our quotes.', 'Asurion Verizon Customer Service Phone Number Phone Number of Asurion Verizon is +1 615-837-3000. Asurion LLC is a leading provider of insurance services based in the United States.', 'The main phone number for U.s.', 'Progressive Claims Florida Customer Service Phone Number Phone Number of Progressive Claims Florida is +1 (305) 591-4740.']",I cannot answer from the given context.,,0.0,-0.0,0.0
weather climate change,"[""Climate change is when the average long-term weather patterns of a region are altered for an extended period of time, typically decades or longer. Examples include shifts in wind patterns, the average temperature or the amount of precipitation.These changes can affect one region, many regions or the whole planet. Climate changes are caused by changes in the total amount of energy that is kept within the Earth's atmosphere.This change in energy is then spread out around the globe mainly by ocean currents as well as wind and weather patterns to affect the climates of different regions.xamples include shifts in wind patterns, the average temperature or the amount of precipitation. These changes can affect one region, many regions or the whole planet. Climate changes are caused by changes in the total amount of energy that is kept within the Earth's atmosphere."", 'Climate change is a long-term shift in the statistics.', ""climate change patterns from 10,000 BP to the present The Earth's climate has changed throughout history."", 'For example, it could show up as a change in climate normals.', 'For more information, see the weather forecast and our average climate infomation (in graphs) below.']",I cannot answer from the given context.,,0.0,0.0,0.9999999999
what is inductance,"['Inductance is a property of an electric circuit by which a changing magnetic field creates an electromotive force, or voltage, in that circuit or in a nearby circuit. Inductance is also defined as the property of an electric circuit that opposes any change in current.', 'Low inductance versions 1  available.', 'Magnetism, phenomenon associated with magnetic fields, which arise from the motion of electric charges.', 'What is the Kannada word for host? What is the Kazakh word for host? What is the Khmer word for host? What is the Korean word for host? What is the Kurdish word for host? What is the Kyrgyz word for host? What is the Lao word for host? What is the Latin word for host? What is the Latvian word for host? What is the Lithuanian word for host?', 'Therefore, the inductive reactance-to-neutral at 6-Hz in ohms per 100 feet (XL) is equal to 0.0373 times 1.50, or 0.0560.']","Inductance is a property of an electric circuit by which a changing magnetic field creates an electromotive force, or voltage, in that circuit or in a nearby circuit. Inductance is also defined as the property of an electric circuit that opposes any change in current.",,1.0,0.8494532093915405,0.0
how much does open heart surgery cost,"['Open Heart Surgery: $324,000 Open heart surgery is often an urgent procedure that carries with it a lot of complications and follow-up appointments. Taking the surgery and its recovery period into consideration, the expenses for open heart surgery are very high.', 'Cataract Surgery Cost 2015 â\x80\x94 Without Insurance. In 2015, the average cost of cataract surgery with a standard IOL performed in the United States for someone without Medicare or private health insurance was $3,542 per eye.', 'How much does a tummy tuck cost in Northern Virginia? At our practice in Fairfax, the price of a tummy tuck ranges from $3675 for a mini tummy tuck, up to $6875 for a full tummy tuck. Refer to our full page of plastic surgery prices for more detailed tummy tuck cost information.', 'The average cost for a male-to-female surgery is about $17,000.', 'The time it takes for heart surgery varies with what procedures are being performed. It may be as short as 3 hours for a minimally invasive procedure or over 10 hours for heart transplant.']","Open heart surgery costs $324,000.",,0.0,0.8611933462363653,0.0
deepest voice ever,"[""Singer Tim Storms holds the record for the deepest voice of any human being. The man who holds the record for the world's lowest voice can hit notes so low that only animals as massive as elephants are able to hear them."", ""The deepest trench in the world, the Mariana Trench located near the Mariana Islands, is 1,580 miles long and averages just 43 miles wide. It is home to the Challenger Deep, which, at 10,911 meters (35,797 feet), is the deepest part of the ocean.ceanic trenches, such as the Puerto Rico trench, are long, narrow topographic depressions of the seabed. The deepest parts of the ocean floor, they define one of the most important natural boundaries on the Earth's solid surface: the one between two lithospheric plates."", 'The deepest known area of the ocean, at 11,034 m (36,192 ft) is the Mariana Trench, located in the western Pacific Ocean.', 'Krubera Cave is the deepest known cave on Earth.', 'Plunging down 40 meters (130 feet) into Italyâ\x80\x99s Y-40, the worldâ\x80\x99s deepest pool is an experience of a lifetime. Here you donâ\x80\x99t go diving for the marine life (the only species youâ\x80\x99ll see in this pool are Homo sapiens) you go diving for the sheer bragging rights of having reached the bottom of the deepest pool on the planet!']",Singer Tim Storms holds the record for the deepest voice of any human being.,,1.0,0.7831417973416185,0.0
what gland secrete epinephrine,"['Epinephrine Synthesis and Release. Epinephrine is synthesized from norepinephrine within the adrenal medulla, which are small glands associated with the kidneys.', 'Endocrine and exocrine glands secrete various products. These include hormones, enzymes, metabolites, and other molecules. In exocrine glands, products of these cells collect in the duct of the gland and flow toward the surface to which the duct is in contact.Since endocrine glands lack ducts, the product is released across the cell membrane into interstitial spaces around the cells. Diffusion of the product into capillaries follows.n exocrine glands, products of these cells collect in the duct of the gland and flow toward the surface to which the duct is in contact. Since endocrine glands lack ducts, the product is released across the cell membrane into interstitial spaces around the cells.', 'Unlike exocrine glands (which produce substances such as saliva, milk, stomach acid and digestive enzymes), endocrine glands do not secrete substances into ducts (tubes). Instead, endocrine glands secrete their hormones directly into the surrounding extra cellular space.', 'The inner part produces epinephrine (also called adrenaline).', 'The exocrine gland secretes into the ducts The endocrine gland secretes directly into the bloodstream Examples of exocrine glands include sweat, salivary, mammary,â\x80¦']",The adrenal gland secretes epinephrine.,,1.0,0.7160475781284986,0.0
does cream of chicken soup have gluten,"['Campbellâ\x80\x99s Cream of Chicken soup is not gluten-free. In fact, if you live in the US, there are no currently no Campbellâ\x80\x99s soups that are gluten-free.', 'When you want have it, you should reheat the soup properly.', '1  Our soup du jour is chicken noodle. 2  the vegetable/dessert du jour.', '1 In a slow cooker, mix cream of mushroom soup, dry onion soup mix and water. 2  Place pot roast in slow cooker and coat with soup mixture.', ""Nutrition summary: There are 220 calories in a 1 bowl serving of Applebee's Chicken Tortilla Soup (Bowl).""]","Campbell’s Cream of Chicken soup is not gluten-free. In fact, if you live in the US, there are currently no Campbell’s soups that are gluten-free.",,1.0,0.8450081750836514,0.0
can you catch a sinus infection,"['Can you get a sinus infection from someone else? Not usually: Most viral upper respiratory infections are contagious (common cold viruses, flu), and these viral infections may lead to sinusitis. However, typical bacterial rhinosinusitis is not contagious.', 'Sinus Infection Symptoms. Symptoms of a sinus infection or sinusitis can include.', 'A sinus infection, also known as sinusitis or rhinosinusitis, can occur when the sinus cavities become inflamed or irritated. This inflammation can inhibit the sinuses from draining, causing mucus to build up in the nasal passages.', '4 doctors agreed: 1  Yes: The typical bacteria in a sinus infection usually are sensitive to Bactrim (sulfamethoxazole and trimethoprim).', '2  Sinusitis, an infection of the sinus cavities, can cause heacaches and other uncomfortable symptoms.']",I cannot answer from the given context.,,0.0,0.0,0.0
how much fat is in broccoli,"['Total Fat 17.0 g. Saturated Fat 7.0 g. Polyunsaturated Fat 0.0 g. Monounsaturated Fat 0.0 g.', 'Use the Nutrition Facts label to find out how much fat is in the foods you eat. The Nutrition Facts label shows the amount of total fat, saturated fat and trans fat in one serving.', '1 One 12-ounce bag broccoli slaw.', 'Body fat percentage. The body fat percentage (BFP) of a human or other living being is the total mass of fat divided by total body mass; body fat includes essential body fat and storage body fat. Essential body fat is necessary to maintain life and reproductive functions.', 'Broccoli and broccoli sprouts contain a chemical called sulforaphane that kills helicobacter pylori, the bacteria responsible for peptic ulcers and most gastric cancers, according to researchers at the Johns Hopkins University School of Medicine.']",I cannot answer from the given context.,,0.0,-0.0,0.0
how much for bitcoin today,"['See the Bitcoin exchange rate i.e. the current value of one bitcoin.', 'One bitcoin is worth about $8.67, though the exchange rate fluctuates wildly every day.', ""What is 'Bitcoin'. Bitcoin is a digital currency created in 2009."", 'Bitcoin is a digital currency.', 'Gox Bitcoin Exchange.']","One bitcoin is worth about $8.67, though the exchange rate fluctuates wildly every day.",,1.0,0.0,0.0
what color backs the military,"['The Stripes = They are the same color as the colors that the military wore when they fought off British invaders in 1806 and 1807.', 'The Color World Flags ClipArt gallery offers 219 illustrations of color flags from various countries, organizations, and military divisions throughout the world. For continuous tone illustrations of world flags waving in the breeze, please see the Flags of the World section of ClipPix ETC.', 'The Color Morale.', 'Segregation in military service reflected the segregation in civilian life.', 'Grew up in a military family.']",I cannot answer from the given context.,,0.0,0.0,0.0
what is definition of fever,"['fever -- also known as a high fever or a high temperature -- is not by itself an illness.', 'Fever is a temperature above 37.2Â° C (98.9Â° F) in the morning or above 37.7Â° C (99.9Â° F) in the evening. Fever results from an imbalance between the elimination and the production of heat.', ""Sometimes the cause of a fever can't be identified. If you have a fever for more than three weeks and your doctor isn't able to find the cause after extensive evaluation, the diagnosis may be fever of unknown origin."", 'Yellow fever is a viral hemorrhagic disease spread between humans, as well as between certain other primates and humans, by the bite of yellow fever-infected mosquitoes.The virus is called simply Yellow fever virus and belongs to the virus family Flaviviridae.ellow Fever. Yellow fever is a viral hemorrhagic disease spread between humans, as well as between certain other primates and humans, by the bite of yellow fever-infected mosquitoes. The virus is called simply Yellow fever virus and belongs to the virus family Flaviviridae.', 'The presence of fever is useful in distinguishing infectious causes from other causes. Fever may be absent in patients with infectious monoarthritis but can be a presenting feature in acute attacks of gout or pseudogout.']",Fever is a temperature above 37.2° C (98.9° F) in the morning or above 37.7° C (99.9° F) in the evening.,,1.0,0.8580878728133285,0.49999999995
iceland average monthly temperatures,"['2  The range of average monthly temperatures is 27.5 C (49.5 F) which is a moderate range.3  The average diurnal temperature range/ variation is 10.6 C (19.1 F). The average diurnal temperature range/ variation is 10.6 C (19.1 F).', '1 There is a variation of average monthly temperatures of 6.45 C (11.6 F) which is a very low range. 2  The range/ variation of daily average temperatures is 5.5 C (9.9 F).', 'See the temperatures page for a monthly breakdown and the fixed scale graph. 2  Average monthly temperatures vary by 8 Â°C (14.4Â°F).', '2  There is a variation of average monthly temperatures of 22 C (39.6 F) which is a below moderate range.', 'Average monthly temperatures range from 57.3 Â°F (14.1 Â°C) in January to 72 Â°F (22 Â°C) in August, although late summer and early autumn are typically the hottest times of the year with temperatures occasionally reaching 90 Â°F (32 Â°C) or higher.']",I cannot answer from the given context.,,0.0,-0.0,0.0
how many oscars has peter jackson wolllnlll?l,"['New Zealand native Peter Jackson is best known as a director for his adaptation of J.R.R.', 'Without any formal training, Jackson has directed a number of successful films ranging across all genres.', 'Synopsis Born on October 31, 1961, in New Zeland, Peter Jackson started his prolific career as a child, creating short films with a 8-mm movie camera.', 'A STAR IS BORN â\x80\x94 JOEL JACKSON IN PETER ALLENâ\x80\x99S SHOES.', 'Cameron is one of the few filmmakers to win three Oscars in a single evening and Golden Globes for Best Motion Picture â\x80\x93 Drama and Best Director.']",I cannot answer from the given context.,,1.0,0.0,0.0
wedding venues in dallas,"['Okay, we admit calling something cheap is subjective, but these wedding venues are definitely some of the more affordable choices here in Los Angeles.', 'This is a great way to cut costs of the wedding by combining the wedding and honeymoon.', 'The Nuvo space located in Dallas, Texas is a chic modern venue for your wedding celebration.', 'asheville wedding venues and reception locations. vendors > united states > north carolina > asheville > wedding venues.', 'Demand that Dallas gets added to the next tour!']","The Nuvo space located in Dallas, Texas is a chic modern venue for your wedding celebration.",,1.0,0.7791616765093404,0.3333333333
function of spleen in human,"['Spleen, a small, purple colored organ placed in the upper left part of the abdomen, has several important functions in human body. Basically, spleen functions as a part of the immune system and as a filter and reservoir of blood. Find out more information on function of the spleen.', 'The spleen contains two main types of tissue-white pulp and red pulp.5. This leaflet gives a brief overview of the spleen and its functions. The spleen is an organ about the size of a clenched fist found on the left-hand side of your upper abdomen.', 'Spleen. The spleen is located in the upper left abdominal cavity, just beneath the diaphragm, and posterior to the stomach. It is similar to a lymph node in shape and structure but it is much larger.The spleen is the largest lymphatic organ in the body.he spleen is located in the upper left abdominal cavity, just beneath the diaphragm, and posterior to the stomach.', 'The main job of the spleen is to get rid of the bacteria ad the waste products that are circulating in the blood.', 'of, relating to, or in the spleen 2. having a disease or disorder of the spleen adj.']",The spleen functions as a part of the immune system and as a filter and reservoir of blood. It also gets rid of bacteria and waste products that are circulating in the blood.,,1.0,0.8845925602751185,0.0
average salary for firefighters in az,"['Average paramedic salary. The average salary of paramedic in the United States is $34,030 a year, based on BLS figures. Their average hourly wage is $16.36, while 50% of the group made around $11.74 to $19.44 per hour, or $24,420 to $40,440 per annum.verage paramedic salary. The average salary of paramedic in the United States is $34,030 a year, based on BLS figures.', ""The average salary for hotel workers jobs is $41,000. Average hotel workers salaries can vary greatly due to company, location, industry, experience and benefits.This salary was calculated using the average salary for all jobs with the term hotel workers anywhere in the job listing.his free salary calculator uses salary data from millions of job listings indexed by Simply Hired's job search engine. The hotel workers salary comparisons feature allows job seekers to get the information required to make important career decisions and negotiate salary ranges."", 'The average salary for rate of pay jobs jobs is $49,000. Average rate of pay jobs salaries can vary greatly due to company, location, industry, experience and benefits. This salary was calculated using the average salary for all jobs with the term rate of pay jobs anywhere in the job listing.', 'Average salaries for Phoenix Fire Department - Arizona Firefighter: $50,193. Phoenix Fire Department - Arizona salary trends based on salaries posted anonymously by Phoenix Fire Department - Arizona employees.', ""Bureau of Labor Statistics, the national average salary among policemen and sheriff's patrol officers was $55,620 per year, or $26.74 per hour, as of May 2010.9 cop salary averages were slightly less than the average for detectives and criminal investigators, who earned a median salary of $60,910 per year in 2008 according to the BLS.""]","The average salary for firefighters in Arizona, specifically for the Phoenix Fire Department, is $50,193.",,1.0,0.7762777826160144,0.0
how much is fireworks disney dessert,"['Wishes Fireworks Dessert Party is $49 for adults, $29 for children, tax inclusive.', 'Below is a list of the fireworks laws in each U.S.', 'July 4 2016 Fireworks Fireworks Mon Starting @ 9:30pm You can see the show along the Boardwalk and throughout the Marina.', 'Consumer Fireworks are legal under Federal law for consumer use, therefore we can legally ship fireworks anywhere in the United States.', ""Visit the Macy's Fourth of July Fireworks website to learn about the show.""]",I cannot answer from the given context.,,0.0,-0.0,0.0
how much is gas tax on gallon in florida,"['The national average for a gallon of gas was $2.15 Thursday, up four cents from the day before and 11 cents in a week. Gas prices had dropped for a record 123 days in a row to $2.03 a gallon on Jan.', '3  Gas tax: 30.72 cents per gallon of regular gasoline, 39.49 cents per gallon of diesel.', 'Floridaâ\x80\x99s gas tax is one of the highest in the country, totaling 36.59 cents per gallon.', 'But average residential customers in Florida use closer to 1,200 kilowatt-hours, so how much will they really pay?', 'If you were travelling in a vehicle that averaged 35 MPG and were paying $3.54 per gallon for your gas then the cost for a trip based upon an estimated distance of 45.6 drive miles from Destin to Panama City Beach * in gas would be in the region of $4.61 USD.']",Florida’s gas tax is 36.59 cents per gallon.,,1.0,0.7525954978457935,0.0
weather in williamsburg virginia,"['Williamsburg: Weather Forecast. The warmest day over the next 7 days in Williamsburg is forecast to be 25th March at 20Â°C (68Â°F) and the warmest night on 24th March at 9Â°C (48Â°F).', 'Notable locations in Williamsburg: Williamsburg Sport Complex (A), Sport Hill Country Club (B), Iowa County Ambulance Williamsburg (C), Williamsburg First Responders (D), Williamsburg Public Library (E), Williamsburg Police Department (F), Williamsburg Fire Department (G).', 'Williamsburg average rent grew immensely by 10.7%, from the average rent of $3,204 in September 2014 to $2,547 in September 2015.', 'In January, Major Washington returned to Williamsburg from his winter trip to deliver Gov.', 'Once named the Williamsburg of the West by Southern Living Magazine, St.']",I cannot answer from the given context.,,0.0,-0.0,0.0
what is a digital perm,"['An example of a digital perm | Source. Digital perming (also known as a digi-perm or hot perm) is a procedure of permanently curling hair using a combination of chemical restructuring and heat.', 'The Pocket Digital Scale. A digital scale is a weight measuring device that measures the weight of an object or a substance. Digital scales are internal strain gauge scales that need an electric power supply to operate. A strain gauge is a thin strip of electrically-charged, deformation-sensitive foil.he Pocket Digital Scale. A digital scale is a weight measuring device that measures the weight of an object or a substance. Digital scales are internal strain gauge scales that need an electric power supply to operate.', 'The Digital Signature Algorithm (DSA) is a Federal Information Processing Standard for digital signatures.', 'DVI redirects here. For other uses, see DVI (disambiguation). Digital Visual Interface (DVI) is a video display interface developed by the Digital Display Working Group (DDWG). The digital interface is used to connect a video source, such as a video display controller, to a display device, such as a computer monitor.', 'The first rule of after care when getting a perm is not to wash your hair for at least 24 hours.']",A digital perm (also known as a digi-perm or hot perm) is a procedure of permanently curling hair using a combination of chemical restructuring and heat.,,1.0,0.9645961709982042,0.9999999999
how much is property tax in tennessee,"['Northeast Tennesseeâ\x80\x99s Sullivan County has property tax rates somewhat below the state average. The countyâ\x80\x99s average effective property tax rate is 0.66%, while the state average is 0.74%.', 'The median property tax (also known as real estate tax) in Anderson County is $966.00 per year, based on a median home value of $116,400.00 and a median effective property tax rate of 0.83% of property value.', 'North Carolinaâ\x80\x99s property tax rates are nonetheless relatively low in comparison to other states. The average effective property tax rate in North Carolina is 0.84%, 20th lowest in the U.S. Below, we will review rates in North Carolinaâ\x80\x99s counties and go over some key property tax rules that homeowners in North Carolina should know.', 'To find out more about TN income tax, sales tax, W4 forms, 1040 forms, tax returns, current state tax rates and general Tennessee tax information, click here for the Department of Revenue. How Tennessee State income tax rates are structured.', 'The buyer pays to the mortgaging bank part of the real estate property tax at closing.A three-month prepayment of property tax is due on a New York City residence.uch property is taxed at 1 percent of the purchase price (the mansion tax).']",I cannot answer from the given context.,,0.0,-0.0,0.0
is term gpa and semester gpa the same thing,"[""The problem, in my eyes, is listing semester GPA as Current GPA because those are not the same thing. Current GPA simply means one's GPA at this moment; without further specification (e.g. Major GPA, Technical GPA, GPA last 60 credit hours, etc.) it would imply that it still refers to the overall/cumulative GPA."", 'The cumulative GPA is the grade point average of all grades a student has secured in a semester or term. However, an overall GPA may be defined as an average of all cumulative GPAâ\x80\x99s which a student has secured in all semesters and all the courses in an academic term.', 'There is not much difference between cumulative GPA and overall GPA.', 'Calculation of the Admission GPA is based on the following: 1  Cumulative GPA from highest degree or 12 or more graded units obtained as a graduate student. 2  Cumulative GPA from undergraduate degree (record must include at least 60 graded units.) 3  Calculated GPA from last 60 units or 2 years, full time equivalent.', 'GPA value is determined to the hundredths place (e.g., 3.495 = 3.49).']",I cannot answer from the given context.,,0.0,0.0,0.0
how much is sprint restocking fee,"['Additionally, a restocking fee of $45 for applicable devices may apply. If the product is returned in its original unopened packaging or has not been activated, no restocking fee will be applied.', 'If it sells, another $40 final value fee is added but the reserve fee is dropped.', 'Initiation Fee costs $49.99. Annual Fee is $407.99, which translates to $33.99/month.', 'The Jitterbug5 cell phone is only $99.00 and plans start as low as $14.99 per month. Order a Jitterbug Â® phone today and your total cost will be just $144.00! This price includes $99.00 for the Jitterbug5 cell phone, a one-time activation fee of $35, and a one-time $10 fee for shipping and handling.Plans.he Jitterbug5 cell phone is only $99.00 and plans start as low as $14.99 per month. Order a Jitterbug Â® phone today and your total cost will be just $144.00! This price includes $99.00 for the Jitterbug5 cell phone, a one-time activation fee of $35, and a one-time $10 fee for shipping and handling.', 'Passport Fee â\x80\x93 Routine & Expedited Passport Fees One of the most common questions we usually get is how much is a passport?']",I cannot answer from the given context.,,0.0,-0.0,0.9999999999
price of bath fitter for a tub,"[""What's a fair price for a full bath tub replacement in 2013?"", 'Bath liners, including those sold under the Bath Fitter brand name, consist of sheets of acrylic molded to fit over the tub, giving it a fresh new look.', 'These liners cost much less than a new bathtub, generally ringing in between $800 and $1,000, though wall panels and other extras can increase the price. While you may be able to get a tub liner for $1,000 or so, keep in mind that this covers the tub only.', ""I'd also be curious to know the difference in water usage & water heating cost, per additional inch depth of a tub (starting with some standard depth), if someone takes a long bath twice a week."", 'The new tub would just be a standard tub shower combo nothing real fancy, but not the cheapest one either.']","The price of a Bath Fitter tub liner generally ranges between $800 and $1,000.",,1.0,0.8109964854225337,0.0
what is docket management,"['Bridge Resource Management (BRM) or as it is also called Bridge Team Management (BTM), is the effective management and utilization of all resources, human and technical, available to the Bridge Team to ensure the safe completion of the vesselâ\x80\x99s voyage.', 'management is a core component.', 'In researching this topic, it is clear that a common understanding for the term management might be useful. For this purpose, management refers to issues of supervision, refereeing, facilitating, and even academic discipline.n researching this topic, it is clear that a common understanding for the term management might be useful. For this purpose, management refers to issues of supervision, refereeing, facilitating, and even academic discipline.', 'System Center Configuration Manager (SCCM), the stalwart management solution from Microsoft, is following that trend. One of the biggest changesâ\x80\x94at least within SCCMâ\x80\x94is the shift toward User Centric Management (UCM).', 'What is Vendor Managed Inventory? Vendor Managed Inventory (VMI) is a streamlined approach to inventory management and order fulfillment. VMI involves collaboration between suppliers and their customers (e.g., distributor, retailer, OEM, or product end user) which changes the traditional ordering process. The goal of VMI is to align business objectives and streamline supply chain operations for both suppliers and their customers.']",I cannot answer from the given context.,,1.0,0.0,0.0
how many weeks can a yolk sac be seen on ultrasound,"['Within this time period, a yolk sac can be seen inside the gestational sac.', 'At 5 weeks my doctor was already able to see a yolk sac in my uterus.', 'The first will be your dating ultrasound which is booked between 10 weeks and 13 weeks plus six days of your pregnancy.During your dating ultrasound, the sonographer will put gel on your belly and move a hand-held device, called a transducer, over your skin.', ""On that 5 weeks U/S they were already able to determine that the yolk sac(the baby) was in it's right place."", 'The first will be your dating ultrasound which is booked between 10 weeks and 13 weeks plus six days of your pregnancy.']",A yolk sac can be seen on ultrasound at 5 weeks.,,1.0,0.9124207615079305,0.499999999975
what is chlorine most commonly used for,"['Chlorine is one of the most widely used disinfectants.', 'What is the difference between non-chlorine and chlorine bleach?', 'Chlorine has been used for applications, such as the deactivation of pathogens in drinking water, swimming pool water and wastewater, for the disinfection of household areas and for textile bleaching, for more than two hundred years.', 'Liquefied gases, such as liquid nitrogen and liquid helium, are used in many cryogenic applications. Liquid nitrogen is the most commonly used element in cryogenics and is legally purchasable around the world. Liquid helium is also commonly used and allows for the lowest attainable temperatures to be reached.', 'Chlorine sanitizes the water in your pool and prevents algae growth. In commercial pools, chlorine levels must be checked every hour. For your personal pool check the levels weekly at a minimum.']","Chlorine is most commonly used for the deactivation of pathogens in drinking water, swimming pool water, and wastewater, as well as for the disinfection of household areas and for textile bleaching.",,1.0,0.8664982989597435,0.0
how much ltv to refinance,"['is eligible subject to the following five underwriting overlays: â\x80¢ Minimum FICO score 680 for LTV > 95%; 620 for LTVs â\x89¤ 95%.', 'Refinance Calculator.', 'Refinance Calculator.', 'Verify your mortgage eligibility (Feb 21st, 2018) High LTV loans for home buyers.', 'LTV and CLTV.']",I cannot answer from the given context.,,0.0,-0.0,0.9999999999
tobira stock price,"['We are reiterating a Buy rating on the common stock of Tobira Therapeutics with an updated price target (intrinsic value) of $34.88 using sum-of-the parts, enterprise DCF method.', 'The Illumina stock price history chart shows that the stock price reached a high of 240.02 on 20 Jul, 2015, and a low of 19.83 on 20 Jul, 2015 in last five years.', 'Tobira Therapeutics (NASDAQ: TBRA) announced the one-year results of a Phase 2 (CENTAUR) clinical trial in patients with non-alcoholic steato-hepatitis (NASH) on July 25.', ""On average, they anticipate Altra Industrial Motion's stock price to reach $48.50 in the next twelve months."", 'The General Motors stock price is below where it was last year at this time, with the stock price lower by 18.57%. The General Motors stock price 52-week high is $36.88.']",I cannot answer from the given context.,,0.0,0.0,0.9999999999
is paris in europe,"[""Europe (/Ë\x88jÊ\x8aÉ\x99rÉ\x99p/ or /Ë\x88jÉ\x9crÉ\x99p/) is a continent that comprises the westernmost part of Eurasia. Europe is bordered by the Arctic Ocean to the north, the Atlantic Ocean to the west, and the Mediterranean Sea to the south.s a continent, the economy of Europe is currently the largest on Earth and it is the richest region as measured by assets under management with over $32.7 trillion compared to North America's $27.1 trillion in 2008. In 2009 Europe remained the wealthiest region."", ""Paris Charles de Gaulle Airport (CDG) is one of the busiest passenger airports in Europe and is the larger of Paris' two airports... Charles de Gaulle Airport is 14 miles (23 kilometers) northeast of Paris and has extensive road and rail links to the capital city and beyond. Getting to Paris from Charles de Gaulle is easy with RATP buses, taxis and limousines all operating from Paris CDG."", 'Area of Paris city is 38.3 miÂ² (=99.2 kmÂ²) [6], in this year population density was 649.66 p/miÂ².', 'You travel across the English Channel in style, reaching Paris in the early evening.You can choose to travel earlier if you want time to explore Paris during the day.', 'The largest city in Europe is the Russian city of Moscow, or Moskva, with a population of 8,297,000 as of 2014.']","Yes, Paris is in Europe.",,1.0,0.9390956328939467,0.0
average salary of a team lead etrade,"['Average salaries for E*TRADE Financial Team Lead: $56,232. E*TRADE Financial salary trends based on salaries posted anonymously by E*TRADE Financial employees.', 'The team lead reports to a project manager (overseeing several teams).', 'The average salary for rate of pay jobs jobs is $49,000. Average rate of pay jobs salaries can vary greatly due to company, location, industry, experience and benefits. This salary was calculated using the average salary for all jobs with the term rate of pay jobs anywhere in the job listing.', 'Benchmark average salary is $40,795, median salary is $44,000 with a salary range from $28,371 to $46,800.Benchmark salaries are collected from government agencies and companies. Each salary is associated with a real job position.Benchmark salary statistics is not exclusive and is for reference only.enchmark average salary is $40,795, median salary is $44,000 with a salary range from $28,371 to $46,800.', 'According to PayScale, the average salary for a desktop support technician is $44,383 per year with a reported salary range of $29,470 to $58,988 per year. Desktop support technicians in Washington, DC report the highest average salary of $51,000 per year.']","The average salary of a team lead at E*TRADE is $56,232.",,1.0,0.6939728473520658,0.0
webmd symptoms of lupus,"['Lupus, an autoimmune disease, happens when the immune system attacks its tissues, causing inflammation, swelling, pain, and damage. Lupus symptoms include fatigue, joint pain, fever, and a lupus rash.', 'Lupus is a complex and challenging disease that can involve any organ system in the body. Some of the organ systems that can be affected by lupus or lupus medications are: Central Nervous system (brain and spinal cord) Ophthalmologic system (eyes) Oral system (mouth)', 'WebMD Symptom Checker.', 'WebMD Symptom Checker.', 'HealingWell.com Forum > Diseases & Conditions > Lupus > Muscle Weakness.']",I cannot answer from the given context.,,0.0,-0.0,0.0
how much money is made by donations,"['Our work is made possible through donations from people like you who care about other people.', 'What do we mean by contributions and in-kind support? Contributions are donations of money from individuals, businesses, and other organizations in the community.', 'Donations are tax deductible within the limits of the law.', 'Contributions of money can be made in cash, by check or credit card or through some automatic deduction.', 'Donations are tax-deductible and all donated funds directly support our bat conservation efforts.']",I cannot answer from the given context.,,0.0,0.0,0.0
what cause pain on your right side,"['Causes of pain in the right side of your stomach.', 'For example, the following potentially serious conditions may include lower right back pain as one of the symptoms: Appendicitis. This condition occurs when the appendix, located in the lower right hand side of the abdomen, becomes inflammation and/or ruptures. It may cause sharp, intense lower right back pain and/or pain on the lower right side of the abdomen.', 'Left side abdominal pain can be caused both by organs and structures on the left section of the abdomen as well as those located away from the abdomen. Females are more likely to suffer from pain on left side of abdomen simply because they have more organs in this area.. Kidney stones in the left side of the abdomen can cause the strongest pain ever felt.', 'According to WebMD, pain in the left arm or shoulder can indicate an injury, muscle strain, a degenerative disease, an instability in the joint, tendonitis, pinched nerves or a tumor. These causes occur equally on the left and right sides; left side pain does not indicate anything different from right side pain.', 'i been having pain on the right upper side and they cant find the problem.']",I cannot answer from the given context.,,0.0,-0.0,0.49999999995
what cell structure does archaebacteria have,"['Bacterial Cell Structure and Function.', 'The cell wall itself is a layered structure in Gram-negative bacteria.', 'Additionally, cocci and bacilli can be classified by the structure of their cell wall.', 'In this image DNA is blue, cell structure (microtubules) is green and DNA connection sites with the ...', 'Plant cells are easier to identify because they have a protective structure called a cell wall made of cellulose.']",I cannot answer from the given context.,,0.0,-0.0,0.0
how much power could i make on exercise bike,"[""You use 10% of your brain everyday, that means that the brain doesn't use much of the calorie the body burns if exercising.......so that would make it from 10-40 Calories a day depending on how much thought your brain makes.."", '2  Depends on the weight of the bike you are riding but I always thought that 20 lbs was the average in road bikes.', 'How Much Aerobic Exercise Should You Do? When considering the guidelines for aerobic exercise, keep the FITT principles in mind (Frequency, Intensity, Time and Type). Frequency: Number of aerobic exercise sessions per week Aim for a minimum of 3 days per week with no more than 2 days off between sessions.', 'The same as any exercise how many calories you burn cycling depends on three key factors: 1  Your weight, the more you weigh the more energy required to move cycle.', 'Reducing the weight of the bike + rider by 1 kg would increase speed by 0.01 m/s at 9 m/s on the flat (5 seconds in a 32 km/h (20 mph), 40-kilometre (25 mile) TT). The same reduction on a 7% grade would be worth 0.04 m/s (90 kg bike + rider) to 0.07 m/s (65 kg bike + rider).']",I cannot answer from the given context.,,0.0,-0.0,0.0
what is carbohydrates?,"['What is the Kannada word for host? What is the Kazakh word for host? What is the Khmer word for host? What is the Korean word for host? What is the Kurdish word for host? What is the Kyrgyz word for host? What is the Lao word for host? What is the Latin word for host? What is the Latvian word for host? What is the Lithuanian word for host?', 'Carbohydrates are one of the main types of nutrients.', 'What Is Love (Howard Jones song) For other uses, see What Is Love (disambiguation). What Is Love?', 'Carbohydrates are found in foods such as pasta, fruit, rice, vegetables and baked goods.', 'What is telehealth? What is telehealth?']",Carbohydrates are one of the main types of nutrients.,,1.0,0.6066698833557714,0.0
is phentermine a amphetamines;,"['Phentermine (Adipex-P, Suprenza) is an amphetamine-like prescription medication used to suppress appetite.', 'Phentermine is also available in a combination medication for weight loss (Qsymia).', 'Phentermine suppresses appetite so a person does not feel hungry all day long.', 'Long-term Phentermine Pharmacotherapy: An Investigation for Symptoms of Dependence, Cravings, or Withdrawal (PC-II) The safety and scientific validity of this study is the responsibility of the study sponsor and investigators.', ""For about a month now I have been having Anxiety attacks and Depression really bad.I fought out I shouldn't take Phentermine if I have Anxiety or Depression.'ve taken phentermine before, for several years and every time I stopped taking it, I gained the weight back, plus I inherited other issues like depression, intense hunger and depleted energy supplies.""]","Yes, phentermine is an amphetamine-like prescription medication.",,1.0,0.9386682680497332,0.0
what gas produces yellow lightning,"['Lightning is a bright flash of electricity produced by a thunderstorm. All thunderstorms produce lightning and are very dangerous. If you hear the sound of thunder, then you are in danger from lightning. Lightning kills and injures more people each year than hurricanes or tornadoes; between 75 to 100 people.t teaches them how thunderstorms are formed!', 'Lightning Experiment: Here is a great experiment that allows kids to make lightning in their mouth.', ""It's a great way for them to understand how lightning works. Lightning Experiment: Here is a great experiment that allows the kids to make lightning."", 'for example the yellow emission from sodium is much brighter than the red emission from the same amount of lithium impurities or contaminants affect the test results sodium in particular is present in most compounds and will color the flame sometimes a blue glass is used to filter out the yellow of sodiumthe test cannot differentiate between all elements several metals produce the same flame colorest the cleanliness of the loop by inserting it into a gas flame if a burst of color is produced the loop is not sufficiently clean the loop must be cleaned between tests the clean loop is dipped in either a powder or solution of an ionic metal salt', 'Lightning detectors show an average of about 20 million cloud-to-ground flashes per year across the United States.']",I cannot answer from the given context.,,0.0,-0.0,0.0
is hsa account taxable,"['HSA Tax Benefits. There are three key tax benefits to a Health Savings Account (HSA). Money goes into and comes out of an HSA tax-free (as long as funds are used to pay for qualified medical expenses). Contributions to HSAs are not subject to federal income taxes.*.', 'Best Answer: An HSA is a health savings account.', 'As Wells Fargo examined the HSA industry, the market is evolving where the.', 'I trade stocks and options in my HSA account.', 'The simplicity of these accounts, and the way our Canadian tax structure works, guarantees that setting up a Health Spending Account will be a big benefit to anyone that has a taxable income in excess of $40,000, and spends any of their â\x80\x98personalâ\x80\x99 dollars on health care.']",I cannot answer from the given context.,,0.0,0.0,0.0
how much time to submit hail claim,"['National Hail Statistics. According to a May 2016 National Insurance Crime Bureau report, Colorado had the second highest number of hail claims in the US from 2013-2015 (182,591), second only to Texas. Texas was the top state in hail loss claims from 2013 through 2015 with 394,572 hail claims. The top 10 states represented 66 percent of the total number of hail claims duing this timeframe. Personal Property Homeowners was the policy type most affected by hail loss claims from 2013 through 2015 - over 50 percent more often than the next most impacted policy type, Personal Automobile, in hail loss claims over that three-year span.', 'If its your first time claiming, it can take a little while-we were waiting about 6 weeks I think for our first claim to come through.', 'For claims denied under timely filing provisions, providers may follow the provider grievance resolution process, and submit proof of timely filing. BCBSAZ will accept the following documentation as proof of timely claim submission:', 'You should submit your claim for Child Care Benefit through the Family Assistance Office as soon as possible, so that you can be paid from the earliest possible date. If you have children in registered care, your claim must be lodged within the 12 months following the care being provided.ou should submit your claim for Child Care Benefit through the Family Assistance Office as soon as possible, so that you can be paid from the earliest possible date. If you have children in registered care, your claim must be lodged within the 12 months following the care being provided.', 'The average time for a denied claim to work its way through the cumbersome Department of Veterans Affairs appeals process shot up to more than 900 days last year, double the departmentâ\x80\x99s long-term target.']",I cannot answer from the given context.,,0.0,0.0,0.0
what are cellular biomarkers,"['These react with other molecules in the body and promote oxidative damage -- another name for cellular wear and tear.', 'Cellular waste products are formed as a by-product of cellular respiration, a series of processes and reactions that generate energy for the cell, in the form of ATP. Two examples of cellular respiration creating cellular waste products are aerobic respiration and anaerobic respiration.ellular waste products are formed as a by-product of cellular respiration, a series of processes and reactions that generate energy for the cell, in the form of ATP. Two examples of cellular respiration creating cellular waste products are aerobic respiration and anaerobic respiration.', 'Biomarker (cell) For other uses, see Biomarker (disambiguation). A biomarker, or biological marker, is defined as a cellular, biochemical or molecular alteration in cells, tissues or fluids that can be measured and evaluated to indicate normal biological processes, pathogenic processes, or pharmacological responses to a therapeutic intervention..', 'Photosynthesis and cellular respiration are complementary reactions. Cellular respiration is the process by which most cells make energy. The products of photosynthesis, oxygen and glucose, are the reactants of the cellular respiration reaction.', 'These tests also show whether your bone marrow is making normal amounts of blood cells.']","A biomarker, or biological marker, is defined as a cellular, biochemical or molecular alteration in cells, tissues or fluids that can be measured and evaluated to indicate normal biological processes, pathogenic processes, or pharmacological responses to a therapeutic intervention.",,1.0,0.7714185331920093,0.0
symptoms of liver distress,"['The presence of liver problems can be inferred by the appearance of some typical symptoms such as the production of very pale and greasy stools, jaundice is always a result of liver dysfunction, in addition physical discomfort or pain just below the tight rib cage also suggests liver problems or the presence of disorders.', 'By the time canine liver disease symptoms are more prominent, the disease has already set in, and the liver function has reduced. Some of the symptoms of dog liver disease are as follows: â\x98\x9b Gastrointestinal Symptoms. The first indication of liver disease in dogs is loss of appetite, that is, anorexia.The dog starts eating less than what it normally does. Along with loss of appetite, the dog shows signs of gastrointestinal upsets like diarrhea, vomiting, and even constipation at times.hus, these issues also may have to be addressed while treating dog liver disease. Dog liver disease symptoms generally begin with loss of appetite and weight loss.', 'Signs and symptoms of liver disease include: 1  Skin and eyes that appear yellowish (jaundice) 2  Abdominal pain and swelling.', 'Some common liver disease symptoms include the following, each of which are described briefly below: Jaundice.', 'Clinically, toxic hepatitis can resemble any form of acute or chronic liver disease, such as viral hepatitis or bile-duct obstruction. Symptoms such as nausea, vomiting, fever, jaundice as well as abnormal liver blood tests and liver biopsy findings are often identical to viral hepatitis.']","Symptoms of liver distress include very pale and greasy stools, jaundice, physical discomfort or pain just below the tight rib cage, loss of appetite, gastrointestinal upsets like diarrhea and vomiting, abdominal pain and swelling, and weight loss.",,1.0,0.9391338281325671,0.49999999995
what is carpuject,"['The carpuject is  a syringe device for the administration of injectable fluid medication.', 'What is the Kannada word for host? What is the Kazakh word for host? What is the Khmer word for host? What is the Korean word for host? What is the Kurdish word for host? What is the Kyrgyz word for host? What is the Lao word for host? What is the Latin word for host? What is the Latvian word for host? What is the Lithuanian word for host?', 'Carplugs, Home of the OBD2 Connector.', 'What Is Love (Howard Jones song) For other uses, see What Is Love (disambiguation). What Is Love?', 'Carpal tunnel syndrome is caused by a pinching of the median nerve. This nerve passes through a tunnel in the wrist called the carpal tunnel; several other tendons that control the flexion of your fingers are also located in this tunnel (flexor tendons).']",The carpuject is a syringe device for the administration of injectable fluid medication.,,1.0,0.8968238463306903,0.0
is shin splints an injury,"['1 Shin splints are a type of overuse injury to the legs.', 'Shin splints is the name often given to exercise-induced pain in the lower leg, specifically along the front of the leg between the knee and the ankle-the area known as the shin.The exact cause of shin splints is not certain but they tend to be as a result of overuse and typically occur in runners..', 'Shin splints is the name often given to exercise-induced pain in the lower leg, specifically along the front of the leg between the knee and the ankle-the area known as the shin. The exact cause of shin splints is not certain but they tend to be as a result of overuse and typically occur in runners.', 'While medial tibial stress syndrome is the most common form of shin splints, compartment syndrome and stress fractures are also common forms of shin splints. Females are 1.5 to 3.5 times more likely to progress to stress fractures from shin splints.', 'A sprain is an injury to a ligament, while a strain is an injury to muscle or tendon tissue.']","Yes, shin splints are a type of overuse injury to the legs.",,1.0,0.8664774729064769,0.0
what is crossfit?,"['About CrossFit. What is CrossFit? CrossFit is a fitness and conditioning system developed by Coach Greg Glassman through many years of watching, working with, and coaching all types of people â\x80\x93 from those considered â\x80\x9cnormal and averageâ\x80\x9d, to top athletes.', 'What is the Kannada word for host? What is the Kazakh word for host? What is the Khmer word for host? What is the Korean word for host? What is the Kurdish word for host? What is the Kyrgyz word for host? What is the Lao word for host? What is the Latin word for host? What is the Latvian word for host? What is the Lithuanian word for host?', ""I believe it's like weight training."", 'What Is Love (Howard Jones song) For other uses, see What Is Love (disambiguation). What Is Love?', 'Remember that CrossFit is the sport of fitness, and sports have rules and standards.']","CrossFit is a fitness and conditioning system developed by Coach Greg Glassman through many years of watching, working with, and coaching all types of people – from those considered “normal and average”, to top athletes.",,1.0,0.9742403623429983,0.9999999999
cast of the seal team,"['David Boreanaz as Master Chief Special Warfare Operator A Jason Hayes, leader of a Navy SEAL team (Bravo Team) dealing with the recent loss of one of their own. In the series pilot, Jason is referred to as a Senior Chief, but in Collapse, he calls himself an E-9 Master Chief.', 'An interview with US Navy Seal David Goggins. For a guy who says he does not enjoy the physical toll of running, United States Navy SEAL David Goggins sure does a good job of fooling those of us watching from the sidelines.', 'Full cast + crew.', 'Cast and characters.', 'The cast also included Bitty Schram, Jason Gray-Stanford, and Ted Levine.']",I cannot answer from the given context.,,0.0,0.0,0.0
what are overpacks used for in hazardous material,"['Labels are standard hazmat identifiers, designed to meet regulations. Hazard class labels and handling labels are placed on hazardous material packaging such as UN certified packaging, or overpacks. Shippers are responsible for choosing the correct labels for their shipments. Labeling a material incorrectly can result in costly shipping delays, fines, and injuries.', '(3) scrap metal and other metal objects, except objects that are classed as hazardous materials according to section 4 of this Regulation; (4) fabrics other than absorbent fabrics used during hazardous material recovery operations;', 'The National Fire Prevention Association (NFPA) standard â\x80\x9cNFPA 704: Standard System for the Identification of the Hazards of Materials for Emergency Responseâ\x80\x9d is a safety standard that defines how hazardous materials are identified for emergency responders.', 'hazardous waste (i.e., P-listed waste) or 55 gallons of hazardous waste.', 'Hazardous household materials.']",I cannot answer from the given context.,,0.0,0.0,0.0
what is drang und sturm?,"['Sturm und Drang is a proto-Romantic movement in German literature and music taking place from the late 1760s to the early 1780s, in which individual subjectivity and, in particular, extremes of emotion were given free expression in reaction to the perceived constraints of rationalism imposed by the Enlightenment and associated aesthetic movements.', 'What is a silpat?', 'Greifswald (German pronunciation: [Ë\x88É¡Ê\x81aÉªfsvalt]), officially the University and Hanseatic City of Greifswald (German: UniversitÃ¤ts- und Hansestadt Greifswald), is a city in northeastern Germany.', 'German name.', 'Die Spatha wurde auch schwerer und zunehmend als Hiebwaffe gebraucht.']",I cannot answer from the given context.,,1.0,0.0,0.9999999999
longest hair,"['The official world record for the longest hair is held by Xie Qiuping of China, whose hair was measured in 2004 at 4.2 meters (14 ft) long.', 'Longest Kiss.', 'Longest Span of No.', 'My Longest Yeah Boy Ever.', 'Longest game by innings.']","The official world record for the longest hair is held by Xie Qiuping of China, whose hair was measured in 2004 at 4.2 meters (14 ft) long.",,1.0,0.7740071415275973,0.0
interquartile math definition,"['The interquartile range is the difference between the upper quartile and lower quartile. In this example, the interquartile range is 11 - 4 = 7.', 'The Lower Quartile is denoted as Q 1 and the Upper Quartile is denoted as Q 3. The interquartile range is Q 3 - Q 1. Semi Interquartile range is the midpoint of the interquartile range. In other words, it is one-half of the difference between the third quartile and the first quartile.', 'The  interquartile range, abbreviated  IQR , is just the width of the box in the box-and-whisker plot.That is, IQR = Q 3 â\x80\x93 Q 1. The IQR can be used as a measure of how spread-out the values are.Statistics assumes that your values are clustered around some central value.ections: Quartiles, boxes, and whiskers, Five-number summary, Interquartile ranges and outliers. The  interquartile range, abbreviated  IQR , is just the width of the box in the box-and-whisker plot.', 'Definition: Interquartile range is the measure of dispersion which is the difference in the values of two quartiles.', 'Sections: Quartiles, boxes, and whiskers, Five-number summary, Interquartile ranges and outliers.']","The interquartile range is the difference between the upper quartile (Q3) and lower quartile (Q1), defined as IQR = Q3 - Q1. It is a measure of dispersion that indicates how spread-out the values are.",,1.0,0.6290825313961396,0.3333333333
what is a straddle,"['A straddle is any set of offsetting positions on personal property.', 'This definition explains what a cryptocurrency is and discusses various examples, such as Bitcoin. What is a cryptocurrency? This definition explains what a cryptocurrency is and discusses various examples, such as Bitcoin.', 'The stifle (knee) connects the femur (thigh. bone) and tibia (leg bone) with a patella. (kneecap) in front and fabella (a small. bean-shaped bone) behind. Cartilage (the. medial meniscus and lateral meniscus) cushions the bones, and ligaments hold.', 'There are a number of misconceptions about a pet microchip, so letâ\x80\x99s take a closer look at what the chip is and what it isnâ\x80\x99t. What pet microchipping isnâ\x80\x99t What pet microchipping is A microchip does not broadcast a signal and has no internal power source.Microchips are the size of a grain of rice with very small electrical components. Microchips do not act as a GPS system, allowing you to track down your petâ\x80\x99s exact location.here are a number of misconceptions about a pet microchip, so letâ\x80\x99s take a closer look at what the chip is and what it isnâ\x80\x99t. What pet microchipping isnâ\x80\x99t What pet microchipping is A microchip does not broadcast a signal and has no internal power source.', 'Striating is substantially more effective than stiffening or pencil ribs, and is recommended as a standard.']",A straddle is any set of offsetting positions on personal property.,,1.0,0.712219857232783,0.0
what is a pulley for,"['The pulley makes the task of lifting a load more convenient since it is easier to pull a rope down than it is to lift a weight up.', 'In a pulley system, one end of the rope is attached to the load and the other end is pulled in order to move or lift the load.', 'A single pulley has only one wheel.', 'An idler pulley is a specific part of a vehicleâ\x80\x99s belt system that helps regulate how the belts run from the crankshaft to generate movement in other parts and engine accessories. It is one of a set of pulleys that a belt rests on.', 'Pulley is board certified in Family Medicine and Sports Medicine.']",A pulley is for making the task of lifting a load more convenient by allowing one to pull a rope down to move or lift the load.,,1.0,0.9204052377125528,0.0
what is gabba,"['It is named after the suburb of Woolloongabba, in which it is located.etween 1993 and 2005, The Gabba was redeveloped in six stages at a cost of A$128,000,000.', 'The Brisbane Cricket Ground, commonly known as The Gabba, is a major sports stadium in Brisbane, the capital of Queensland.', 'What is the Kannada word for host? What is the Kazakh word for host? What is the Khmer word for host? What is the Korean word for host? What is the Kurdish word for host? What is the Kyrgyz word for host? What is the Lao word for host? What is the Latin word for host? What is the Latvian word for host? What is the Lithuanian word for host?', 'What Is Love (Howard Jones song) For other uses, see What Is Love (disambiguation). What Is Love?', 'Gab is an uncommon given name for men but a somewhat popular last name for all people (#118954 out of 150436, Top 79%).']","The Gabba is a major sports stadium in Brisbane, the capital of Queensland.",,1.0,0.9358499551969987,0.0
what is granicrete,"['Granicrete is very durable, and, unlike granite, remains impermeable to water, food bacteria, harsh chemicals and stains. Granite, on the other hand, stains with certain fruits, oils, and retains bacteria. Granicrete is also seamless and uses a USDA approved epoxy coating, unlike granite.', 'What is the Kannada word for host? What is the Kazakh word for host? What is the Khmer word for host? What is the Korean word for host? What is the Kurdish word for host? What is the Kyrgyz word for host? What is the Lao word for host? What is the Latin word for host? What is the Latvian word for host? What is the Lithuanian word for host?', 'The geologist examines these in the field and calls them granitoids pending laboratory tests.', 'What Is Love (Howard Jones song) For other uses, see What Is Love (disambiguation). What Is Love?', 'Granulomas are small, red, raised areas on or around the stoma.']","Granicrete is a very durable material that remains impermeable to water, food bacteria, harsh chemicals, and stains. It is seamless and uses a USDA approved epoxy coating, unlike granite, which can stain with certain fruits and oils and retains bacteria.",,1.0,0.613571148979912,0.0
what county is junction city ar in,"['Junction City is the southernmost city in Arkansas. Straddling the state line with Louisiana, Junction City has two city governments and exists in Union County, Arkansas; Union Parish, Louisiana; and Claiborne Parish, Louisiana. Junction City was created by the Arkansas Southern Railway Company, which was formed by the directors of the South Arkansas Lumber Company.', 'Lebanon Junction, Kentucky. Lebanon Junction is a home rule-class city in Bullitt County, Kentucky, in the United States.', 'Finney County - Garden City Ford County - Dodge City Franklin County - Ottawa Geary County - Junction City Gove County - Gove Graham County - Hill City Grant County - Ulysses Gray County - Cimarron Greeley County - Tribune Greenwood County - Eureka Hamilton County - Syracuse Harper County - Anthony Harvey County - Newton Haskell County - Sublette', ""Today, Apache Junction AZ is a convergence of a western frontier with a growing contemporary marketplace. With its hometown, rural feel next to wilderness territory and close proximity the amenities of the nation's fifth largest city of Phoenix, Apache Junction is truly a melding of both old west with modern living."", 'Albuquerque Las cruces is the largest city in Both Dona DoÃ±a ana county And Southern.']","Junction City is in Union County, Arkansas.",,1.0,0.8147076591801227,0.0
what is an acl,"['An access control list (ACL), with respect to a computer file system, is a list of permissions attached to an object.An ACL specifies which users or system processes are granted access to objects, as well as what operations are allowed on given objects.Each entry in a typical ACL specifies a subject and an operation.n the 1990s the ACL and RBAC models were extensively tested and used to administrate file permissions. A filesystem ACL is a data structure (usually a table) containing entries that specify individual user or group rights to specific system objects such as programs, processes, or files.', 'The anterior cruciate ligament (ACL) is one of a pair of cruciate ligaments (the other being the posterior cruciate ligament) in the human knee.They are also called cruciform ligaments as they are arranged in a crossed formation.ehabilitation is crucial to any ACL surgery. ACL surgery typically takes 6 to 9 months for complete recovery and return to sports or such activity. Revision ACL surgery will often take 9 months to more than a year.', 'ACL injuries are a common cause of disability to the knee.', ""A severe form of ACL injury caused by direct contact is called the unhappy triad, also known as the terrible triad, or O'Donaghue's triad.. The unhappy triad involves injury of the anterior cruciate ligament, the medial collateral ligament, and the medial meniscus."", 'A successful return to sports after ACL surgery is your number one goal. There are many variables that go into determining when you should try to return to sports after ACL surgery. The risks of returning to the playing field too early after ACL surgery include suffering a re-tear of your new ACL. A successful return to sports after ACL surgery requires a team approach.']","An ACL can refer to two different concepts based on the context provided: 

1. In computer file systems, an access control list (ACL) is a list of permissions attached to an object that specifies which users or system processes are granted access to objects and what operations are allowed on those objects.

2. In human anatomy, the anterior cruciate ligament (ACL) is one of a pair of cruciate ligaments in the knee, crucial for knee stability and movement. 

Please specify which ACL you are referring to for a more detailed answer.",,0.7142857142857143,0.0,0.0
what are the possible reasons the decline of the maya,"['There are many known reasons for the decline and disappearance of the Mayan Civilization during the Classic period, such as population growth and increased scale of kingdoms. The Yucatan began to get overpopulated during the Classic period and eventually there was no more room on the Yucatan Peninsula for more people.', ""Because Belize's original Maya peoples were decimated by disease and wars, or fled to Mexico and Guatemala, many of the country's Maya today are descended from other groups. The current Maya population consists mainly of three language groups."", ""Failing Economy and High Inflation Unemployment working class The 'Mob' and the cost of the Gladiatorial Games Decline in Ethics and Values Slave Labor Natural Disasters Christianity Barbarian Invasion Major Causes For The Empire to Decline One of the main causes for the fall of the Roman Empire were problems between the Senate and the Emperor."", 'The population of the Riviera Maya is around 150,000. The estimated population of Mexico is 108,700,891, and the population of Quintana Roo, the state in which the Riviera Maya is located, is approximately 880,000.', 'It was because of this cyclical view that the Maya did not believe there was anything wrong with human sacrifice.']","The possible reasons for the decline of the Maya include population growth, increased scale of kingdoms leading to overpopulation on the Yucatan Peninsula, and the decimation of the original Maya peoples in Belize due to disease and wars.",,1.0,0.9217536600527705,0.0
how much is a switch,"['An ignition switch can cost $12-$550 or more but averages about $50-$250, depending on the make and model of vehicle, if it is a single part or a combined unit (both ignition switch and lock cylinder), and whether the part is aftermarket (produced by a company other than the original vehicle manufacturer) or OEM (from the vehicle manufacturer).', 'I want a 3-way switch at the top of the stairs, and a 3-way switch at the bottom of the stairs.', 'single-pole switch (such as a standard light switch) as.', 'A network switch is a multiport network bridge that uses hardware addresses to process and forward data at the data link layer (layer 2) of the OSI model.', 'How much is it?']",I cannot answer from the given context.,,0.0,-0.0,0.9999999999
can Climbing Roses grow as bush roses?,"['Planting a climbing rose. Climbing roses will require some support, normally in the form of horizontal wires spaced 45cm (18 inches) apart up the wall or fence and positioned about 7cm away from the wall to allow air circulation. You can also grow climbing roses over a rose arch, which is very effective.Walls and other solid structures often cause the soil at their base to be dry so place your climbing rose 30-45cm (12-18 inches) away from the wall or fence at a 45 degree angle.rowing roses in containers. If you have heavy clay soil or just want to brighten up your patio you can successfully grow roses in containers. Containers need to be at least 30-45cm (12-18 inches) deep for bush roses; miniature roses can be grown in pots as small as 25cm (10 inches) deep.', 'Potted roses are the very same roses as bare root roses.', 'They are ideal for adding instant colour to the garden during the summer months, as well as making thoughtful gifts throughout the year.otted roses are the very same roses as bare root roses.', 'It grows as a ground vine, as a shrub, and as a climbing vine.', 'Good climbing plants for containers include climbing roses, clematis and sweet peas.']",I cannot answer from the given context.,,0.0,0.0,0.0
what does microsoft warranty cover for surface book?,"['What does the warranty cover, and how long are my Surface and accessories covered? Your Surface standard limited warranty has two parts: Limited hardware warranty: Includes service on hardware and covered accessories for one year from the date of purchase. Covered accessories include the Surface branded accessories.*.', 'The Microsoft Surface Pro 4 is a good-looking and premium-feeling tablet, and Microsoft has made a similarly attractive peripheral with the Microsoft Surface Keyboard.', 'The Surface Pro 3 is the third professional tablet from Microsoft that doubles as an Ultrabook.', 'Note*: The warranty does not include the glass face.', 'Dictionary entry overview: What does warranty mean? â\x80¢ WARRANTY (noun) The noun WARRANTY has 1 sense: 1. a written assurance that some product or service will be provided or will meet certain specifications Familiarity information: WARRANTY used as a noun is very rare.']",I cannot answer from the given context.,,0.0,0.0,0.0
what do potatoes grow from,"['Potatoes are either grown from tubber or from Seed known as TPS (True Potato Seed). Potato plant bear flowers and seed pod in which there is very small size seed which can be planted for germination of plants.', 'Best Answer: OH I do potatoes for potato pancakes in my Vitamix. They turn out grate (pun intended!) Put water in the vitamix, add a few chunk ed potatoes and with the blender on Variable pulse on and off using the lowest/slowest settings.', 'For all practical purposes, potatoes fall into two easy categories â\x80\x93 baking potatoes and boiling potatoes.', 'First, potatoes like deep, rich, loose, slightly acid soil and ours tends to be shallow, poor, highly alkaline, and sticky. Potatoes also give small yields if exposed to high temperatures or really wet conditions too early.', 'Juice from potatoes is a good treatment for burns, bruises, sprains, skin problems, ulcers, effects of narcotics, prostate cancer, uterine cancer, and the formation of cysts or tumors.']",Potatoes grow from tubber or from Seed known as TPS (True Potato Seed).,,1.0,0.8630554410614235,0.0
what does sbp mean,"['SBP Spouse Cost and Benefits. SPB Spouse Coverage.', 'The SBP is an insurance plan that will pay your surviving spouse a monthly payment (annuity) to help make up for the loss of your retirement income.', 'solved What does Activate Windows mean', 'What does â\x80\x9cnon-drowsyâ\x80\x9d mean on a medicine bottle?', 'The Survivor Benefit Plan (SBP) is a monthly benefit paid to the designated beneficiary of a retired servicemember who has passed away.']",SBP stands for Survivor Benefit Plan.,,1.0,0.9554779174852769,0.0
how many calories in a medium smoothie king smoothie,"['There are 280 calories in 1 serving of Burger King Strawberry Banana Smoothie (Medium).', 'Calories In Green Apple Ginger Turmeric Spinach Smoothie Calories: 466, Fat: 5g, Carbs: 106g, Protein: 11g, Fiber: 33g.', 'Soo, can I make a smoothie without ice?', 'How many calories are in 1 serving?', 'I have enjoying Tropical Smoothie Cafe for a few years.']",I cannot answer from the given context.,,1.0,-0.0,0.0
what is a note for mortgage,"[""In the United States, a mortgage note (also known as a real estate lien note, borrower's note) is a promissory note secured by a specified mortgage loan; it is a written promise to repay a specified sum of money plus interest at a specified rate and length of time to fulfill the promise."", 'When you take out a loan to purchase a home, you are required to sign two documents: a promissory note and a mortgage (or deed of trust).', 'Satisfaction of Mortgage Definition. A Satisfaction of Mortgage is a document signed by a lender (mortgagee) stating a mortgage is now â\x80\x9cpaid in fullâ\x80\x9d and evidences the mortgage is no longer a lien on the property. The Satisfaction of Mortgage document must be recorded with the County Recorder or Recorder of Deeds within a statutory time limit.', 'A satisfaction of mortgage is a very important document when you pay off a mortgage.', '3) A type of risk most often present in mortgage transactions. It expresses the potential for change in financial factors during the time lapse between the mortgage application and the purchase of the property.']",A mortgage note is a promissory note secured by a specified mortgage loan; it is a written promise to repay a specified sum of money plus interest at a specified rate and length of time to fulfill the promise.,,1.0,0.9474718743078995,0.0
what county is topsham me,"['The town is home to the annual Topsham Fair.', 'Topsham is a town in Sagadahoc County, Maine, United States.', 'Hansford County is a county located in the U.S.', '2 County Rd Tuftonboro, NH 03850. Property Overview - 2 County Rd, Tuftonboro, NH 03850 is a single family home built in 1880. According to the Tuftonboro public records, the property at 2 County Rd, Tuftonboro, NH 03850 has approximately 4,282 square feet, 4 beds and 4 baths.', 'Washington County is a county in the U.S.']","Topsham is in Sagadahoc County, Maine.",,1.0,0.8777972891786221,0.0
what is bargain hunt store,"['Bargain Hunt Overview. Bargain Hunt is a unique, growing discount retail chain headquartered in LaVergne, Tennessee. Bargain Hunt Stores are currently located in nine states: Tennessee, Alabama, Georgia, Mississippi, Kentucky, North Carolina, South Carolina, Indiana and Ohio.', '(Currently, we cannot display what products each store carries.).', 'STORE LOCATOR.', 'to study the entire spectrum of its existence in relation to retail strategy and store design. We have studied earlier how the retailing is consumer-centric.', '[ Store locator ].']","Bargain Hunt is a unique, growing discount retail chain headquartered in LaVergne, Tennessee, with stores located in nine states.",,1.0,0.8157154742140426,0.0
what is a photostat,"['(December 2014) (Learn how and when to remove this template message) The Photostat machine, or Photostat, was an early projection photocopier created in the decade of the 1900s by the Commercial Camera Company, which became the Photostat Corporation.', 'This definition explains what a cryptocurrency is and discusses various examples, such as Bitcoin. What is a cryptocurrency? This definition explains what a cryptocurrency is and discusses various examples, such as Bitcoin.', '3  Phototaxies.', 'There are a number of misconceptions about a pet microchip, so letâ\x80\x99s take a closer look at what the chip is and what it isnâ\x80\x99t. What pet microchipping isnâ\x80\x99t What pet microchipping is A microchip does not broadcast a signal and has no internal power source.Microchips are the size of a grain of rice with very small electrical components. Microchips do not act as a GPS system, allowing you to track down your petâ\x80\x99s exact location.here are a number of misconceptions about a pet microchip, so letâ\x80\x99s take a closer look at what the chip is and what it isnâ\x80\x99t. What pet microchipping isnâ\x80\x99t What pet microchipping is A microchip does not broadcast a signal and has no internal power source.', 'Phototaxis is called positive if the movement is in the direction of increasing light intensity and negative if the direction is opposite. Two types of positive phototaxis are observed in prokaryotes.']","The Photostat machine, or Photostat, was an early projection photocopier created in the decade of the 1900s by the Commercial Camera Company, which became the Photostat Corporation.",,1.0,0.8110139771462137,0.0
what is an antelopes baby called,"['A baby Antelope is called a Kid. A young antelope is called a calf. A baby Antelope is called a Kid.', 'There are no other names for a baby lamb because baby sheep are called lambs. A lamb is a young sheep that is less than 14-months-old, so newborn sheep are called lambs.', 'Many people think that a baby rabbits is called a bunny, but this is actually just an affectionate nickname for rabbits, and not the correct English name for rabbit babies.o, if you want to know what baby rabbits are called, it depends what century you are looking at. If you (or the rabbits) were living in the eleventh century, baby rabbits (coneys) were called rabbits, but today in the modern age, baby rabbits are called kits or kittens.', 'Short daywear dresses of a similar style are sometimes called babydoll dresses; the name is sometimes two words, baby doll, and sometimes hyphenated, baby-doll. Some styles are similar to what is worn by dolls in the form of infants, and by some infants; the gown is short enough that diapers are easily changed.he name was popularized by the 1956 movie Baby Doll starring Carroll Baker in the title role as a 19-year-old nymphet, which essentially marked the beginning of the enduring popularity of the style for adults.', 'Recent Examples of antelope from the Web.']",A baby Antelope is called a Kid.,,1.0,0.8849461362111066,0.0
what are the three different parts of a nucleotide,"['Nucleic acids are molecules that allow organisms to transfer genetic information from one generation to the next. There are two types of nucleic acids: deoxyribonucleic acid (better known as DNA) and ribonucleic acid (better known as RNA). Nucleic Acids: Nucleotides. Nucleic acids are composed of nucleotide monomers linked together. Nucleotides contain three parts: A Nitrogenous Base; A Five-Carbon Sugar', ""DNA and RNA are composed of nucleotides that are linked to one another in a chain by chemical bonds, called ester bonds, between the sugar base of one nucleotide and the phosphate group of the adjacent nucleotide.The sugar is the 3' end, and the phosphate is the 5' end of each nucleiotide.NA and RNA are composed of nucleotides that are linked to one another in a chain by chemical bonds, called ester bonds, between the sugar base of one nucleotide and the phosphate group of the adjacent nucleotide."", 'The sugar base of the nucleotides is what binds them together within single string of DNA but they also bond with their complimentary nucleotide in the opposite string.hese proteins are Thymine (T), Adenine (A), Guanine (G), Cytosine (C).', 'Nucleotides in a polynucleotide molecule are held together by a bond between the phosphate group of one nucleotide and the sugar of a second nucleotide, which is called a phosphodiester bond.', 'It is a nucleotide consisting of a.']","The three parts of a nucleotide are a Nitrogenous Base, a Five-Carbon Sugar, and a Phosphate group.",,0.25,0.9421207387093004,0.0
nsc definition of an accident,"['And what liabilities you face if an accident happens?', 'The police at the scene of the accident note that the.', 'If you have questions regarding the registration process, please contact NSC Customer Service at 800-621-7619 or customerservice@nsc.org This page is available exclusively as a resource to First Aid & CPR Instructor Members. Please register or login to the NSC website using your NSC Membership ID number.', 'If a car accident occurs while an individual is driving a vehicle in order to perform his or her work duties or to do something for his or her employer, there may be employer liability.f you have been involved in an accident in which employer liability might become an issue, consulting with a lawyer is recommended. Your attorney can explain to you what liability rules will apply in your case and how your legal rights can be best protected based on the situation that led to the accident.', 'Aircraft Accident Report.']",I cannot answer from the given context.,,0.0,0.0,0.0
what county is hinton wv located?,"['Loudoun County Loudoun County Virginia is the fast growing county that has seen many larger homes and diverse communities.', 'Tonganoxie- derives its name from a member of the Delaware tribe that once occupied land in what is now Leavenworth County and western Wyandotte County.', 'Summers County, West Virginia. Summers County is a county located in the U.S.', ""Bennett County Sheriff's Office - Martin, South Dakota. Welcome to the Bennett County Sheriff's Office. The Bennett County Sheriff's Office is located at 201 State Street in Martin, South Dakota. The Sheriff's Office is attached to the Bennett County Courthouse."", 'Its county seat is Hinton.']",I cannot answer from the given context.,,1.0,-0.0,0.0
how old is dr ruth westheimer,"[""When is Ruth Westheimer's birthday? Ruth Westheimer was born on the 04th of June 1928, which was a Monday. Ruth Westheimer will be turning 90 in only 170 days from today. How old is Ruth Westheimer? Ruth Westheimer is 89 years old."", ""What is Ruth Westheimer's zodiac sign? Ruth Westheimer's zodiac sign is Gemini. Where was Ruth Westheimer born?"", 'Ruth Adler Schnee (B.F.A.', 'Seretse died of cancer in 1980, aged only 59, but Ruth remained in Botswana, where she was an active supporter of womenâ\x80\x99s causes, and was president of the Botswana Red Cross.', 'She is 60 years old but still she is very active women in media.']",Ruth Westheimer is 89 years old.,,1.0,0.8387262426862844,0.9999999999
the stone age,"['The Stone Age was a broad prehistoric period during which stone was widely used to make implements with an edge, a point, or a percussion surface.', 'The Stone Age is also divided into three different periods. Paleolithic or Old Stone Age: from the first production of stone artefacts, about 2.5 million years ago, to the end of the last Ice Age, about 9,600 BCE. This is the longest Stone Age period.', 'By the end of the Paleolithic or Old Stone Age in 12,000 B.C., humans had.', 'The Age of Discovery. Beginning in the early 1400s is the period known as the Age of Discovery.', 'Welcome to the Stone Age, a time of extreme danger and limitless adventure, when giant mammoths and saber-toothed tigers ruled the Earth, and humanity was at the bottom of the food chain.']","The Stone Age was a broad prehistoric period during which stone was widely used to make implements with an edge, a point, or a percussion surface. It is divided into three different periods, with the Paleolithic or Old Stone Age being the longest, lasting from about 2.5 million years ago to the end of the last Ice Age, around 9,600 BCE. By the end of the Paleolithic, humans had experienced a time of extreme danger and adventure, coexisting with giant mammoths and saber-toothed tigers.",,1.0,0.8251844217349839,0.0
what is a special educational needs,"['Special educational needs (.', ""The minimum educational requirements for a special educator is a bachelor's degree in special education. Some schools may require master's degrees in special education."", ""What is the Individualized Education Program (IEP)? An Individualized Education Program (IEP) describes the educational program that has been designed to meet that child's unique needs. Each child who receives special education and related services must have an IEP. Each IEP must be designed for one student and must be a truly individualized document."", 'A blueprint or plan for a childâ\x80\x99s special education experience at school. A blueprint or plan for how a child will have access to learning at school. Provides individualized special education and related services to meet the unique needs of the child.', '1  Inclusion: Students with special needs should be full members of age appropriate inclusional classes to the extent they can be.']",I cannot answer from the given context.,,0.0,0.0,0.0
was mulan based on a true story,"['DISNEYâ\x80\x99S animated film Mulan, based on a true story from ancient China, was a modest motion picture success that took a fresh look at the place of women in an ancient paternal society.', 'One darker story is called é\x9a\x8bå\x94\x90æ¼\x94ä¹\x89(Legends from Sui and Tang.) In this story, Mulan is rewarded for bravery in battle despite being found out as a female.', 'The movie is based on a true story.', 'Mulan: Reflection Mulan Mulan seeks the courage to be her true self in the classic Disney song, Reflection.', ""Spielberg's next film, Schindler's List, was based on the true story of Oskar Schindler, a man who risked his life to save 1,100 Jews from the Holocaust. Schindler's List earned Spielberg his first Academy Award for Best Director (it also won Best Picture).""]","Yes, Mulan was based on a true story.",,1.0,0.9859400104761303,0.9999999999
lesion on rib causes,"['Costochondritis is caused by inflammation of the cartilage joining the rib to your breast plate, and usually causes pain in the breastbone.', '3  The lesion causes retraction of the liver capsule.', 'Rib swelling. Rib bruising.', '6  pain in the shoulder tip and rib cage.aparoscopy Information Sheet.', 'A rib fracture can be very painful because your ribs move when you breathe, cough, and move your upper body. The ribs in the middle of the chest are the ones that break most often. Rib fractures often occur with other chest and organ injuries.']",I cannot answer from the given context.,,0.0,-0.0,0.0
what do numbers in blood pressure reading mean,"['The two numbers that measure your blood pressure are written like a fraction: one number on top and one on the bottom -- for example, 128/82. The number on top is called the systolic pressure.. Systolic blood pressure measures the pressure inside your blood vessels at the moment your heart beats.lood Pressure Home. The two numbers that measure your blood pressure are written like a fraction: one number on top and one on the bottom -- for example, 128/82. The number on top is called the systolic pressure.. Systolic blood pressure measures the pressure inside your blood vessels at the moment your heart beats.', 'To read a blood pressure chart by age, locate your age range, then view the corresponding normal systolic and diastolic numbers, notes Disabled World. The chart offered by Disabled World features average blood pressure readings for 14 different age ranges. For adults between the ages of 25 and 29, a normal blood pressure reading is 120/80 millimeters of mercury. Average blood pressure increases with age.', 'Blood pressure is measured using two numbers. The first number, called systolic blood pressure, measures the pressure in your blood vessels when your heart beats. The second number, called diastolic blood pressure, measures the pressure in your blood vessels when your heart rests between beats.', 'The diastolic blood pressure number or the bottom number indicates the pressure in the arteries when the heart rests between beats. A normal diastolic blood pressure number is 80 or less. A diastolic blood pressure between 80 and 89 is normal but higher than ideal.A diastolic blood pressure number of 90 or higher, on repeated measurements, is considered to be hypertension or high blood pressure.he systolic blood pressure number is always said first, and then the diastolic blood pressure number is given. For example, your blood pressure may be read as â\x80\x9c120 over 80â\x80\x9d or written 120/80.', 'A normal reading would be any blood pressure below 120/80 mm Hg and above 90/60 mm Hg.']","The two numbers in a blood pressure reading represent systolic and diastolic pressures. The first number, called systolic pressure, measures the pressure inside your blood vessels at the moment your heart beats. The second number, called diastolic pressure, measures the pressure in your blood vessels when your heart rests between beats.",,1.0,0.8701612265361551,0.9999999999
userra definition,"[""USERRA Terms and Definitions. If you've read the fine print of USERRA, you probably don't understand all the terms used."", 'USERRA applies to voluntary as well as involuntary military service, in peacetime as well as wartime. However, like the VRR law, USERRA does not apply to state callups of the National Guard for disaster relief, riots, etc.', 'Definition of waver.', 'â\x80\x8bâ\x80\x8bThe Uniformed Services Employment and Reemployment Rights Act (USERRA) is a federal law, passed in 1994, that protects military service members and veterans from employment discrimination on the basis of their service, and allows them to regain their civilian jobs following a period of uniformed service.', 'Legal Definition of Realtor.']","The Uniformed Services Employment and Reemployment Rights Act (USERRA) is a federal law, passed in 1994, that protects military service members and veterans from employment discrimination on the basis of their service, and allows them to regain their civilian jobs following a period of uniformed service.",,1.0,0.39906714633709317,0.0
vanguard wellesley income,"['Vanguard WellesleyÂ® Income Fund seeks long-term growth of income, a high and sustainable level of current income, and moderate long-term capital appreciation by investing in high-quality bonds and stocks.', 'This document provides an important update to the list of Vanguard funds offered by your 403(b) plan, which was included in the Vanguard 403(b) fee disclosure information booklet we recently sent you.', ""Nearly six years ago, on January 15, 1992, at a speech for the Newcomen Society entitled Vanguard's First Century, I reflected on the role of indexing in the mutual fund field. At that time, the Vanguard Index Trust 500 Portfolio had risen to become the seventh largest of all U.S."", '1 If you buy and sell the same Vanguard ETF in a Vanguard Brokerage Account more than 25 times in a 12-month period, you may be r estricted from purchasing that Vanguard. ETF through your Vanguard Brokerage Account for 60 days. 2 Vanguard Brokerage ServicesÂ® charges a $20 annual account service fee.', 'Wellesley is located in Norfolk County, MA. The population is , making Wellesley the 9th largest city in Norfolk County. There are 9 public schools in Wellesley with an average Homefacts rating of A.']","Vanguard WellesleyÂ® Income Fund seeks long-term growth of income, a high and sustainable level of current income, and moderate long-term capital appreciation by investing in high-quality bonds and stocks.",,1.0,0.7935573950585408,0.0
what is a co-op college,"['Best Answer: A co-op apartment or a housing cooperative is a unit in generally a large building that is leased exclusively to the person who purchases it. Buying a co-op apartment is different than buying a house.', 'Upon completion of the co-op requirements, students have accumulated a full year of professional work experience.', 'Instead, the co-op typically has a long-term lease on the propertyâ\x80\x94very long term, as in up to 99 years.', 'At the time of this post the co-op area cannot be upgraded.', ""Columbia College is the oldest undergraduate college at Columbia University, situated on the university's main campus in Morningside Heights in the borough of Manhattan in New York City. It was founded in 1754 by the Church of England as King's College, receiving a Royal Charter from King George II of Great Britain.Columbia College is the oldest institution of higher learning in the state of New York and the fifth oldest in the United States.The college is distinctive for its comprehensive Core Curriculum. Columbia College is highly selective in its admissions.olumbia College is the oldest institution of higher learning in the state of New York and the fifth oldest in the United States.""]",I cannot answer from the given context.,,0.0,0.0,0.0
what is employee turnover definition,"[""According to PayScale's most recent survey, employee turnover rate among Fortune 500 companies is greatest in the IT industry."", 'BambooHR gives executives visibility into strategic indicators like employee turnover and retention.', 'turnover noun (EMPLOYEES).', 'As an adjective turnover is.', 'The turnover ratio indicates how many times a year the inventory is sold.']",I cannot answer from the given context.,,0.0,0.0,0.0
are there bad side effects of htp,"['Side Effects of 5 HT. Although 5 HTP has very few side effects on its own, the side effects of 5 HT can be ascribed to it since 5 HTP is directly converted to 5 HT. Most of the side effects of 5 HTP are gastrointestinal disturbances such as nausea, vomiting, diarrhea and stomach pain.', 'There are lots of side effects but most of are tolerable or can be managed.', 'There are many side effects even very horrible avoid it.', 'If there are side effects quit!', 'There are several possible side effects of Dianabol use.']","Yes, there are side effects of 5 HTP, which include gastrointestinal disturbances such as nausea, vomiting, diarrhea, and stomach pain.",,1.0,0.8532015464041981,0.0
phimosis medical definition,"['Medical Definition of phimosis.', 'Medical Definition of PHYCOLOGY.', 'Medical Definition of gentamicin.', 'home / medterms medical dictionary a-z list / protozoa definition Medical Definition of Protozoa Protozoa: A parasitic single-celled organism that can divide only within a host organism.', 'Definition Dysmetria can be defined as a medical condition in which the person cannot control the range of movement in using different muscle groups.']",I cannot answer from the given context.,,0.0,0.0,0.0
what is h wave therapy,"['What is InterStim? InterStim Therapy is a proven neuromodulation therapy that targets the communication problem between the brain and the nerves that control the bladder.', 'Calmare (also know as Scrambler) therapy is a noninvasive pain therapy device for the -.', 'What is EMDR Therapy? EMDR Therapy is a comprehensive therapy approach, useful for overcoming stressful experiences of all kinds â\x80\x94 even deeply embedded memories or traumas, which can be the basis of your depression, anxiety, relationship challenges, phobias, fears, or performance issues.', 'Electromagnetic therapy involves the use of energy to diagnose or treat disease. Electromagnetic energy includes electricity, microwaves, radio waves, and infrared rays, as well as electrically-generated magnetic fields.agnets and other unconventional treatments may also be a part of electromagnetic and energy field therapy (see Crystals, Magnetic Therapy, Polarity Therapy, Reiki, and Therapeutic Touch).', 'The U wave becomes taller in hypokalemia and inverted in heart disease.']",I cannot answer from the given context.,,0.0,-0.0,0.0
what do you call the components present in cytoplasm,"[""Cytoplasm can be divided into: Cytosol, organelles and cytoplasmic inclusions. Cytosol is a gelatinous material and most of the space in cytoplasm when an organelle is not present. Cytosol comprises of salt, water, cytoskeleton filaments and organic molecules.he cytoplasm holds different parts of the cell's organelles together."", '1 The cytoplasm provides a medium for the organelles to remain suspended. 2  The cytoskeleton of the cytoplasm provides shape to the cell and it also facilitates movement. 3  It also aids in the movement of the different cellular elements.asically cytoplasm is the substance that fills the cell.', 'In plant cells, the cytoplasm divides by the formation of a cell plate, whereas the cytoplasm divides by the inward pinching or furrowing in an animal cell. Division of cytoplasm is called cytokinesis.', 'The cytoplasm is the place where the cell expands and growth of the cell takes place. 2  The cytoplasm provides a medium for the organelles to remain suspended. 3  The cytoskeleton of the cytoplasm provides shape to the cell and it also facilitates movement.', 'Definition: The cytoplasm consists of all of the contents outside of the nucleus and enclosed within the cell membrane of a cell.This includes the cytosol and in euckaryotic cells, organelles such as mitochondria and ribosomes.efinition: The cytoplasm consists of all of the contents outside of the nucleus and enclosed within the cell membrane of a cell.']","The components present in cytoplasm are called cytosol, organelles, and cytoplasmic inclusions.",,0.0,0.9180186033513791,0.0
what is a paragraph example,"['definition paragraphs. A definition paragraph is a paragraph explaining a term or subject, so your audience comprehends the topic of the paragraph.', 'The decision about what to put into your paragraphs begins with the germination of a seed of ideas; this â\x80\x9cgermination processâ\x80\x9d is better known as brainstorming. There are many techniques for brainstorming; whichever one you choose, this stage of paragraph development cannot be skipped.', 'Each body paragraph should have 1) a topic sentence, 2) an analysis of some part of the text and 3) evidence from the text that supports your analysis and your thesis statement. A topic sentence tells the reader what the body paragraph will be about.', 'Each subsequent paragraph has a distinct supporting topic.', '1 The key principle to remember in a comparative paragraph or essay is that you must clarify precisely what you are comparing and keep that comparison alive throughout the essay.']",I cannot answer from the given context.,,0.0,0.0,0.0
voluntary muscle definition,"['Extrinsic muscles are voluntary muscles,external to the eye, that control the direction the eye moves in e.g looking left or right. Intrinsic muscles are within the eye, such as those that control the size of the pupil.Intrinsic muscle is not under voluntary control.xtrinsic muscles are voluntary muscles,external to the eye, that control the direction the eye moves in e.g looking left or right.', 'A muscle may act ordinarily either under the control of the will or without conscious control. Muscles that can be controlled at will are referred to as voluntary muscles. Those that are not under the control of the will (volition) are called involuntary muscles. Examples of involuntary muscles are the smooth muscles, which are muscles lacking striations when viewed under a microscope. This is why involuntary muscles are sometimes called non-striated or un-striped muscles.', 'This is the only voluntary muscle contraction in the digestive process.', 'Hypernyms (voluntary is a kind of...): solo (a musical composition for one voice or instrument (with or without accompaniment)) Hyponyms (each of the following is a kind of voluntary): postlude (a voluntary played at the end of a religious service) â\x80¢ VOLUNTARY (adjective)', 'Myasthenia gravis (MG) is an autoimmune neuromuscular disorder that affects voluntary muscles.']",Voluntary muscles are those that can be controlled at will.,,1.0,0.8956734160885814,0.0
what are hamitic peoples,"['The term Hamitic originally referred to the peoples believed to have been descended from the biblical Ham, one of the Sons of Noah. When Ham dishonors his father, Noah pronounces a curse on him, stating that the descendents of his son Canaan will be servants of servants.', ""Because Belize's original Maya peoples were decimated by disease and wars, or fled to Mexico and Guatemala, many of the country's Maya today are descended from other groups. The current Maya population consists mainly of three language groups."", 'In the course of time, the unity of the Uralic peoples has exercised a considerable impact on their cultural emancipation.', 'Among the ancient European peoples were the warlike Celts--muscular, light-haired wanderers who probably came from the distant steppes beyond the Caspian Sea.', 'Mohawk (Mohawk: Kanienâ\x80\x99keha:kehÃ¡, â\x80\x9cKa people of Theâ\x80\x9d) flint Are aboriginal peoples In North.']","The term Hamitic originally referred to the peoples believed to have been descended from the biblical Ham, one of the Sons of Noah.",,1.0,0.7497040092015655,0.0
what are indirect overhead costs,"['Understand that overhead costs are expenses that do not directly relate to your product. They are also known as indirect costs. Indirect costs are things like rent, administrative staff, repairs, machinery, and marketing costs that are essential to your business operations and must be paid regularly.', 'In this way, no unallocated overhead costs are created, and costs associated with.', 'Fixed Manufacturing Overhead Budget Variance. The difference between the actual amount of fixed manufacturing overhead and the estimated amount (the amount budgeted when setting the overhead rate prior to the start of the year) is known as the fixed manufacturing overhead budget variance.', 'indirect loss.', 'Variable costs are costs that change in proportion to the good or service that a business produces. Variable costs are also the sum of marginal costs over all units produced. They can also be considered normal costs.Fixed costs and variable costs make up the two components of total cost.Direct costs, however, are costs that can easily be associated with a particular cost object. However, not all variable costs are direct costs.hey can also be considered normal costs. Fixed costs and variable costs make up the two components of total cost. Direct costs, however, are costs that can easily be associated with a particular cost object. However, not all variable costs are direct costs.']","Indirect overhead costs are expenses that do not directly relate to your product, also known as indirect costs. They include things like rent, administrative staff, repairs, machinery, and marketing costs that are essential to business operations and must be paid regularly.",,1.0,0.9590243010217807,0.0
what are radio scanners,"['A reflected radio wave. Echoes of radio waves are the basis for radar.', 'Car code readers are scanners that are capable of reading and clearing codes but little else.', 'Car code readers are scanners that are capable of reading and clearing codes but little else.', 'radio frequency or rf is the mode of communication that is used by most radio devices from deep space communication networks to cell phonescb radios use rf transceivers some tv remote controls use rfcordless phones use rf a standard radio is the most obvious receiver of radio signals rf is used to send signals to remote control toys wireless routers use rf technologyadio frequency or rf is the mode of communication that is used by most radio devices from deep space communication networks to cell phones', 'Scanner (radio) A scanner (also referred to a police scanner, police scanner radio or radio scanner) is a radio receiver that can automatically tune, or scan, two or more discrete frequencies, stopping when it finds a signal on one of them and then continuing to scan other frequencies when the initial transmission ceases.']","A radio scanner is a radio receiver that can automatically tune, or scan, two or more discrete frequencies, stopping when it finds a signal on one of them and then continuing to scan other frequencies when the initial transmission ceases.",,1.0,0.9446040919706232,0.0
amount of ram in tablet,"['A bigger sized RAM means the tablet can run more apps at the same time. RAM improves the way the tablet performs, but the the way the operating system controls the RAM is also important. Tablets usually come with a minimum of 256MB of RAM, but some of the newer tablets boast 1GB of RAM. Some experts recommend that a tablet have a minimum of 512MB of RAM, but it also depends on how well the OS manages the RAM it has to work with. RAM is faster than internal storage, but it is more expensive too.', ""Q: How much RAM does the iPad2 have? I looked at the tech specs and other documentation I could find, however I don't see anything that states the amount of RAM the iPad2 will have."", 'It has 1 GB of RAM and 8GB of storage, and runs Android 4.2 Jelly Bean software.o if you plan to use Netflix youâ\x80\x99ll probably want to plug in a wireless mouse, keyboard, or other controller.', 'The Motorola 146818 chip was the first RTC and CMOS RAM chip to be used in early IBM computers; capable of storing a total of 64 bytes of data.', ""Read our recommendations for Choosing the Best Settings for World of Warcraft, discussed further below. Recommended RAM for World of Warcraft. According to WoW's official system requirements, the minimum amount of RAM for WoW: Legion is 2GB, while at least 4GB is recommended.""]","Tablets usually come with a minimum of 256MB of RAM, but some of the newer tablets boast 1GB of RAM. Some experts recommend that a tablet have a minimum of 512MB of RAM.",,1.0,0.8151986348409345,0.0
what does coterminal angle mean,"[""Positive and Negative Coterminal Angles. While a positive angle is the measure of the rotation of its terminal side from positive x axis in anti clockwise direction, a negative angle is the measure of the rotation of the terminal side in the clockwise direction.xample: If Î¸ = 45Âº, then Î¸' = 45 - 360 = -315 is a negative Coterminal Angle of 45Âº. More negative Coterminal angles can be found by subtracting multiples of 360 from Î¸."", 'Coterminal angles are two (or more) angles that have their initial and terminal sides in the same positions. However, the angle measures differ either because: One angle is measured clockwise and the other is measured counterclockwise.', 'If a given angle is negative, then a positive coterminal angle is got by adding 360 to it.', 'angle between two lines. The angle between two lines in a plane is defined to be. 0, if the lines are parallel; the smaller angle having as sides the half-lines starting from the intersection point of the lines and lying on those two lines, if the lines are not parallel.', 'Or you might be asked to find the pairs of alternate exterior angles. For example, you might be asked, is angle 6 an alternate exterior angle to angle 1 and they will give you a picture similar to this. This is the way you word things when you want to say two angles are a pair of alternate exterior angles.']","Coterminal angles are two (or more) angles that have their initial and terminal sides in the same positions, but their angle measures differ because one angle is measured clockwise and the other is measured counterclockwise.",,1.0,0.8701362323716634,0.0
dennis franz where does he live,"['Dennis Franz is 73 years old and was born on 10/28/1944.', 'Sometimes Dennis goes by various nicknames including Dennis Franz Schalachta, Dennis F Schlachta, Franz Schlachta Dennis, Franz S Dennis, Denn S Franz, Dennis Franz Schlachta, Dennis F Franz.', 'Louis, where he attended John Burroughs School.', 'He is a regular lifestyle correspondent on network television and at major live events, as well as an EMMY judge.', 'Currently, he lives in Hermosa Beach, CA; and previously lived in cornwall, NY.']","Currently, he lives in Hermosa Beach, CA.",,1.0,0.40745901730034856,0.0
weather in fort lauderdale today,"[""Check Fort Lauderdale weather averages before you book your next holiday in 2018/2019. Today's maximum temperature in Fort Lauderdale is expected to be 26Â°C, while the average maximum temperature in January is 24Â°C. More about Fort Lauderdale."", 'Climate data for fort lauderdale, Longitude: -80.2011, Latitude: 26.1019. Average weather Fort Lauderdale, FL - 33301 - 1981-2010 normals.', 'Tampa International to Fort Lauderdale International is 196 miles. The most popular airline flying from Tampa International to Fort Lauderdale International last month was Southwest Airlines. $93 was the cheapest roundtrip price from Tampa International to Fort Lauderdale International last month. There are 69 flights a week from Tampa International to Fort Lauderdale International.', 'Be prepared with the most accurate 10-day forecast for Fort Worth, TX with highs, lows, chance of precipitation from The Weather Channel and Weather.com Be prepared with the most accurate 10-day forecast for Fort Worth, TX with highs, lows, chance of precipitation from The Weather Channel and Weather.com Scan for updated forecast Connection restored!', 'The departures ranged from -1.1Ë\x9aF in Fort Myers to 1.5Ë\x9aF at Tallahassee.']",Today's maximum temperature in Fort Lauderdale is expected to be 26°C.,,1.0,0.7331449487514096,0.0
definition of rit,"['Definition of RUBATO.', 'Definition of man. Definition of Man, also known as the Definition of Human, originated from a summary essay of Kenneth Burke (1897â\x80\x931993) which he included in his 1966 work, Language as Symbolic Action.', 'The abbreviation rit.', 'This is the British English definition of king. View American English definition of king.', 'A REIT is a company that owns and typically operates income-producing real estate or related assets.']",I cannot answer from the given context.,,0.0,0.0,0.0
how to tag images twitter,"['Hereâ\x80\x99s how you do it: Open your Twitter app, and tap the quill icon on the top-right corner of the screen.', 'Check out the Twitter Glossary containing definitions for a ton of Twitter terms used on our website.', 'By linking your Twitter account to your mobile phone number, you can receive and write Tweets via text message.', 'Hi...I have figured out how to connect my personal Facebook page to my Twitter account, but I want to connect my group page on Facebook to Twitter.How do I do that? Thanks.i...I have figured out how to connect my personal Facebook page to my Twitter account, but I want to connect my group page on Facebook to Twitter.', 'Twitterer: Refers to a person who send tweets on the Twitter service.']",I cannot answer from the given context.,,1.0,-0.0,0.0
is blighted ovum the same as molar pregnancy,"['A blighted ovum is one type of miscarriage that often occurs before a woman even knows that she is pregnant.', 'When an ovum is ready to be released from the ovary, the ovary wall breaks open and the ovum goes into the fallopian tube.', ""If a woman becomes infected with toxoplasmosis for the first time during pregnancy or a few weeks before conceiving, there's a risk the infection could spread to her unborn baby. This is known as congenital toxoplasmosis."", 'Molar pregnancies, chemical pregnancies and embryo toxic factor (ETF) are some other reasons for miscarriage to occur, while a threatened miscarriage refers to the increased possibility that a woman may have a miscarriage.', 'When pregnancy is not achieved, the egg will die and get discarded.']",I cannot answer from the given context.,,0.0,0.0,0.0
is cholecystitis fatal,"['It is a potentially fatal form of acute cholecystitis that usually occurs in critically ill patients.', ""Gallbladder and bile duct. Cholecystitis (ko-luh-sis-TIE-tis) is inflammation of the gallbladder. Your gallbladder is a small, pear-shaped organ on the right side of your abdomen, beneath your liver.The gallbladder holds a digestive fluid that's released into your small intestine (bile).allbladder and bile duct. Cholecystitis (ko-luh-sis-TIE-tis) is inflammation of the gallbladder. Your gallbladder is a small, pear-shaped organ on the right side of your abdomen, beneath your liver."", 'Acute acalculous cholecystitis (AAC) is an acute inflammation of the gallbladder in absence of gallstones.', 'This type is frequently fatal (CDC, 2013).', 'Of the 17 fatal cases reviewed, 16 were due to hemorrhage and 1 to peritonitis, apparently secondary to intestinal perforation.']","Cholecystitis can be potentially fatal, especially in its acute form, particularly in critically ill patients.",,1.0,0.6669999749271733,0.0
other name for pigeon grass weed,"['OTHER NAMES: Bottle grass, green bristle grass, wild millet, pigeon grass.HABITAT: Grain fields, gardens, roadsides and waste places.DESCRIPTION: Annual, reproduction by seed.', 'Broadleaf plantain is a common broadleaf weed in lawns.', 'Most people are familiar with the large clumps of lush, grass-like foliage and creamy white feathery plumes of pampas grass (though pink varieties are available too).Pampas grass (Cortaderia) is an attractive ornamental grass that is popular in many landscapes.ampas grass enjoys areas with full sun but will tolerate partial shade.', 'Leaves are flat, without hairs, rough, pointed blade 2-10 inches long.THER NAMES: Bottle grass, green bristle grass, wild millet, pigeon grass.HABITAT: Grain fields, gardens, roadsides and waste places.', 'It is a cool-season perennial weed found practically in any habitat.']","Bottle grass, green bristle grass, wild millet.",,1.0,0.5240216335821661,0.0
is it okay to defrag a raid 5,"['Do not defragment RAID 0 or RAID 5 arrays.', 'If the RAID controller wrote data only to one drive then defragging would help.ny benefit you receive will be extremelty short-lived as a few writes later you will be extremely fragmented again. See, the problem is Windows sees RAID 0 as a single drive and defrags it that way.', 'There is no point since the RAID controller determines where the bytes are written to on the two (or more) physical drives.Any benefit you receive will be extremelty short-lived as a few writes later you will be extremely fragmented again.See, the problem is Windows sees RAID 0 as a single drive and defrags it that way.', 'With the release of Patch 5.4: Siege of Orgrimmar, four wings of an expansive new raid will begin to open. The Normal and Heroic raid difficulties, Raid Finder wings, and the new-to-5.4 Flexible mode wings will each be available starting from different dates. To access the new Raid Finder wings, youâ\x80\x99ll need a minimum average Item Level (ilvl) of 496 or higher.', 'If the RAID controller wrote data only to one drive then defragging would help.']",I cannot answer from the given context.,,0.0,0.0,0.9999999999
room and pillar definition,"['The scourging at the pillar is a mournful event that serves as a reminder of the horrors Jesus suffered for love of you. It may be useful to look at a picture of the scourging at the pillar.', 'Two Tone Living Room - Design photos, ideas and inspiration. Amazing gallery of interior design and decorating ideas of Two Tone Living Room in bedrooms, living rooms by elite interior designers.', ""If a building has columns, you can call the platform or base on which a column rests a plinth. The plinth typically lies between the column and the ground. In architecture, a plinth is one of the basic building elements. While it's most common for a plinth to support a pillar or column, it can also be used as a base or slab underneath a statue, a bust, or a decorative vase, and in engineering a plinth is the support for a dam."", 'The room is open plan, with a spacious living, dining and sleeping area.', 'A room or space used for assembly purposes that is.']",I cannot answer from the given context.,,0.0,0.0,0.0
Sony PS-LX300USB how to connect to pc,"['1 Power outlet: Use a USB power adapter and connect to a power outlet. 2  Computer: Make sure your computer is on and not in sleep mode, then connect to a USB 2.0 or 3.0 port.', 'To connect a drive from My Computer, click on Start, right-click My Computer, and then click Explore. Alternatively, to connect a drive from Windows Explorer, right-click on Start, and then click Explore.', 'Though gaming systems are typically connected to televisions, it is possible to connect a Sony PlayStation 3 (PS3) to a laptop monitor. Connecting a PS3 to a laptop monitor allows allows you to experience high-level video games in a portable setting and without the use of a large TV.nstructions.', ""Connect phone and computer. Connect the data cable to the phone socket and to your computer's USB port."", 'Connect the device to the computer using the USB cable.']",I cannot answer from the given context.,,0.0,-0.0,0.0
what is a skilled bed in a nursing home,"['Skilled nursing is a level of hospitalization care for patients who require certain services. Skilled nursing services (Swing Beds) are extremely beneficial when a patient is ready to leave the acute care level of a hospital stay, but is not yet well enough to return home. At HCHS, skilled nursing patients are cared for on the Acute Care floor of the hospital by our staff of health care professionals.', 'Skilled care is defined as care that requires a skilled professional in order to be safe and effective.', 'where a continuum of aging care needs - from independent living, assisted living, and skilled nursing care - can all be met within the community.[3] These various levels of shelter and care may be housed on ...', 'For purposes of this publication, the care setting for the Medication Aide is the skilled nursing center or assisted-living facility, and your clients are referred to as residents.', 'However an LVN fits in very well at a nursing home or an assisted living facility.']",I cannot answer from the given context.,,0.0,0.0,0.0
what does shortcut mean,"['Call our shortcut number Shortcut Number (Opens Pop-up Layer) to reach.', '11 Two new icons will be on your desktop: Shortcut for LinkStation and Buffalo NAS Navigator .Clicking Shortcut for LinkStation takes you directly to the folders on your LinkStation.', 'Behavior changes as the shortcut is used more than once.', 'The meaning of term keyboard shortcut can vary depending on software manufacturer.', 'In computing, a keyboard shortcut is a series of one or several keys, such as Ctrl+F to search a character string.']",I cannot answer from the given context.,,0.0,0.0,0.0
virginia corporate income tax due date,"['Virginia corporation tax returns are due by the 15 th day of the 4 th month after the end of the tax year. For calendar year filers, this date is April 15.If you cannot file on time, you can get a Virginia tax extension. tax extension gives you more time to file, but not more time to pay your Virginia tax. In order to obtain a Virginia extension, at least 90% of your Virginia tax liability must be paid by the original due date (April 15).', 'If you file tax according to the fiscal year, your return and payment are due on the 15th day of the fourth month after the end of the fiscal year. If the 15th falls on a Saturday, Sunday or holiday, the due date is the next business day.', 'For fiscal-year partnerships, the new due date will be the 15th day of the third month following the close of the fiscal year. The due date changed from March 15 (or the 15th day of the third month after the end of its tax year) to April 15 (or the 15th day of the fourth month after the end of its tax year).he due date changed from March 15 (or the 15th day of the third month after the end of its tax year) to April 15 (or the 15th day of the fourth month after the end of its tax year).', 'Tax Day by Tax Year - 2015 Tax Due Dates and Filing Deadlines for 2014 Tax Returns. Important: Though the April 15 deadline has past, you can still prepare and efile your 2014 tax return by October 15, 2015 (and pay as much taxes owed as you can).he 2015 Federal and State Tax Deadlines (for Tax Year 2014) are on the table below. Tax Day DateType of Income Tax ReturnFiling Deadline / Due Date Description April 15, 2015 2014 Federal Tax Return Tax Day for Tax Year 2014 - Filing deadline and due date for Federal Income Tax Returns.', 'April 15 is the deadline for most people to file their individual income tax returns and pay any tax owed.']","The Virginia corporation tax returns are due by the 15th day of the 4th month after the end of the tax year, which is April 15 for calendar year filers.",,1.0,0.8398213068864643,0.0
what does hortensia mean in english,"[""The name Hortensia is of English and Latin origin. The meaning of Hortensia is garden. Hortensia is generally used as a girl's name."", 'Does it mean something in Spanish?', 'Definition of Interpreter (computing) in the Financial Dictionary - by Free online English dictionary and encyclopedia. What is Interpreter (computing)? Meaning of Interpreter (computing) as a finance term. What does Interpreter (computing) mean in finance? Interpreter (computing) financial definition of Interpreter (computing) https://financial-dictionary.thefreedictionary.com/Interpreter+(computing)', 'It consists of 9 letters and 4 syllables and is pronounced Hor-ten-si-a.', 'What does the letter â\x80\x9cTâ\x80\x9d mean in my Medicare number?']",Hortensia means garden in English.,,1.0,0.9287053007012543,0.0
population of paris texas,"['Population of Paris, TX Last official estimated population of Paris city (Lamar County**, Texas state) was 24,895 (year 2014) [1].', 'Area of Paris city is 38.3 miÂ² (=99.2 kmÂ²) [6], in this year population density was 649.66 p/miÂ².', ""The area of Texas is 268,820 square miles (696,241 sq km) and the state's 2009 population was 24,782,302.lorida is a state in the southeastern United States that is bordered by Alabama and Georgia to the north and the Gulf of Mexico the the south and east."", 'Fort Worth Population 2017. Fort Worth is one of the largest cities in the United States in terms of sheer size with almost 350 square miles of land in three counties. Located in North Central Texas, Fort Worth is the 5th largest city in Texas and the 17th largest in the U.S.', 'Approx distance in miles from Paris to Toulouse is 364 miles or 585.68 KMS . This page was designed to give you a good indication of the distance from Paris to Toulouse. Distances from Paris to Toulouse are a rough measure only showing the shortest distance as the crow flies, using longitudinal and latitudinal points.']","The last official estimated population of Paris, TX was 24,895 (year 2014).",,1.0,0.809690097121274,0.0
what are the parts of a cell and how do they work,"['Animal cells and plant cells. Animal cells usually have an irregular shape, and plant cells usually have a regular shape. Cells are made up of different parts. It is easier to explain what these parts are by using diagrams like the ones below.Animal cells and plant cells both contain: cell membrane, cytoplasm, nucleus. Plant cells also contain these parts, not found in animal cells: chloroplasts, vacuole, cell wall. The table summarises the functions of these parts.nimal cells usually have an irregular shape, and plant cells usually have a regular shape. Cells are made up of different parts.', 'T and B cells are as you describe small cells with what looks like they have a large nucleus they are like this as it is what they need to do what they need to.', 'The cell membrane (or. ) surrounds all living cells. It controls how substances can move in and out of the cell and is responsible for many other properties of the cell as well. The membranes that surround the nucleus and other organelles are almost identical to the cell membrane. Cell Membrane (or Plasma Membrane). 2  This is a thin, flexible layer round the outside of all cells made of phospholipids and proteins. 3  It separates the contents of the cell from the outside environment, and controls the entry and exit of materials. 4  The membrane is examined in detail later.', 'Membrane Structure. A membrane separates a cell from its environment or subdivides a cell into specialized regions or compartments. The structure of a membrane is best understood in light of its component parts and in the context of the specialized functions performed by the cell or by its various, membrane-bound compartments.', 'The cytoplasm of a cell contains both the jelly-like substance inside a cell, called cytosol, and the sub-structures of the cell itself, called organelles.ytosol. Many of the listed organelles are contained within their own membranes, and suspended inside a fluid called cytosol, or intracellular fluid. Itâ\x80\x99s easy to confuse cytosol for cytoplasm, but they arenâ\x80\x99t the same thing. Cytosol is just one element in the cytoplasm.']","The parts of a cell include the cell membrane, cytoplasm, and nucleus, which are found in both animal and plant cells. Additionally, plant cells contain chloroplasts, vacuoles, and a cell wall, which are not found in animal cells. 

The cell membrane surrounds all living cells and controls how substances move in and out of the cell, separating the cell's contents from the outside environment. The cytoplasm consists of cytosol, the jelly-like substance, and organelles, which are the sub-structures of the cell. Cytosol is the fluid that suspends the organelles within the cytoplasm. The membranes surrounding the nucleus and other organelles are similar to the cell membrane and play a role in compartmentalizing the cell's functions.",,1.0,0.848982933390683,0.3333333333
is scout a girl,"['Scout is a girl.', 'Scout is a girl.', 'The name Scout is of French, American and English origin. The meaning of Scout is scout, explorer. Scout is used as both a boys and girls name. It consists of 5 letters and 1 syllable and is pronounced Scout.', 'It is more often used as a girl (female) name.', 'It is more often used as a girl (female) name.']","Yes, Scout is a girl.",,1.0,0.96441795441191,0.0
what are you supposed to wear to a wake,"['It is best to hedge toward formal wear if the dress code for a wake is not known.', 'If you go with a daring color choice for a suit, it can seem outdated or too loud. Picking the color of a suit you wear to a wedding is specific to the event you are attending. The color of your suit allows you to express your personality.', 'No one is saying you have to wear a pink sundress covered in roses.', 'Disney Cruise Line Dining Dress Code. Disney Cruise Line has a Cruise Casual dress code for evening dining. As part of the Cruise Casual policy, it is asked that you do not wear tank tops or swim wear to the dining rooms.Shorts and jeans are allowed. On the 3- and 4-night cruises you will have one night that is designated Optional Dress-up (Semi-Formal).s part of the Cruise Casual policy, it is asked that you do not wear tank tops or swim wear to the dining rooms.', 'What To Wear To A Luau Party. Along with the truly festive, floral and free flowing fashions that work at a luau party, you should also consider cute and messy beach hairstyles for summer along with your outfit.']",It is best to hedge toward formal wear if the dress code for a wake is not known.,,1.0,0.0,0.0
what are the marijuana laws in massachusetts,"['Massachusetts Marijuana Laws. Marijuana possession, sale, and manufacture are regulated by both state and federal law. In Massachusetts, marijuana is classified as a class D substance, and until recently was completely illegal.', 'In 2012, Massachusetts voters approved an initiative making marijuana legal for medical use.', 'But for business-owners in the cannabis industry, a years-long tax battle is far from over. Supporters of legal marijuana cited tax revenue as big factor in pushing through laws that have allowed medical marijuana sales in 23 states and recreational pot in four.', 'What Is Medical Marijuana? Medical marijuana is any part of the marijuana plant that you use to treat health problems.', 'At This School, Itâ\x80\x99s Marijuana in Every Class. At most colleges, marijuana is very much an extracurricular matter. But at Med Grow Cannabis College, marijuana is the curriculum: the history, the horticulture and the legal how-toâ\x80\x99s of Michiganâ\x80\x99s new medical marijuana program.']","In Massachusetts, marijuana possession, sale, and manufacture are regulated by both state and federal law. Marijuana is classified as a class D substance, and it was completely illegal until recently. In 2012, Massachusetts voters approved an initiative making marijuana legal for medical use.",,1.0,0.8132600654063117,0.0
banget meaning,"[""of shortening terima kasih), makasih banget, and trims banget. The words trims and banget (which means 'very' or 'extremely') are typical of the slang spoken around Jakarta, the Indonesian capital."", 'BARNA: Short form of Hungarian BarnabÃ¡s, meaning son of exhortation.. BARNABÃ¡S: Hungarian form of Greek Barnabas, meaning son of exhortation..', 'Derived from the Germanic elements hrod meaning fame and beraht meaning bright.', 'It is derived from the Germanic word brun meaning Shield or Armor.', 'It was at first a status surname for a peasant farmer or husbandman, the derivation being from either the Old Norse-Viking word bonde, or the Olde English and Anglo-Saxon word buan, both meaning to dwell, but an alternative is from bindan, meaning to bind.t was at first a status surname for a peasant farmer or husbandman, the derivation being from either the Old Norse-Viking word bonde, or the Olde English and Anglo-Saxon word buan, both meaning to dwell, but an alternative is from bindan, meaning to bind.']","""Banget"" means 'very' or 'extremely'.",,1.0,0.9023343201332404,0.0
is weak dollar good?,"['Essentially, a weak dollar means that a U.S. dollar can exchange for fewer amounts of foreign currency.', ""DEFINITION of 'Weak Dollar' A weak dollar is a situation where the U.S."", ""dollar weakness. The term weak dollar is used to describe a sustained period of time, as opposed to a 24 to 48-hour decline in the greenback. BREAKING DOWN 'Weak Dollar'"", 'China is on its way to becoming a reserve currency not because of weakness in the US dollar but precisely because the US dollar is going to get stronger and become less readily available.', 'US Dollar to Indian Rupee Exchange Rate: US Dollar to Indian Rupee Exchange Rate is at a current level of 64.42, unchanged from 64.42 the previous market day and down from 66.56 one year ago.']",I cannot answer from the given context.,,0.0,0.0,0.0
what kind of sword does Strider Hiryu use,"['The player controls the protagonist Strider Hiryu, whose main weapon is a tonfa-like plasma sword known as Cypher.', 'He wields a spinning sword and a rotating blade, both which are his preferred means of battle, though he has been known to use ranged weapons such as his laser eye-beams or a simple handheld gun.', 'Strider, released in Japan as Strider HiryÅ« (ã\x82¹ã\x83\x88ã\x83©ã\x82¤ã\x83\x80ã\x83¼é£\x9bç«\x9c) , is a 1989 side-scrolling platform game developed and released for the CP System arcade hardware by Capcom.', '1 n-count A rapier is a very thin sword with a long sharp point.', ""2  The sword symbolizes Lady Justice's authority to make decisions.""]",Strider Hiryu uses a tonfa-like plasma sword known as Cypher.,,1.0,0.8559658743033425,0.0
why do we push others away,"['Why We Do It.', 'Why do People behave this way..?', 'We expect others to act as we would, and the expect us to behave as they would.', ""And I am running back to you, Why do I go away when I know I am no good when I'm on my own."", 'Ex : 1) Shouting at your loved ones inspite of them doing nothing wrong 2) Feeling jealous of someone whom you really care about 3) Say or Do things intentionally to hurt others 4) Lie and hide things from your close ones Why do people behave like this & later regret about it?..Is there any kinda solution...']",I cannot answer from the given context.,,0.0,0.0,0.0
what is two factor authentication,"['Two-factor authentication is a security process in which the user provides two means of identification from separate categories of credentials; one is typically a physical token, such as a card, and the other is typically something memorized, such as a security code.', 'How Active Directory Authentication Works.', 'At Indiana University, you can integrate Central Authentication Service (CAS) or Shibboleth into your web application to provide single sign-on authentication for its users.', ""Factor analysis is a statistical method used to describe variability among observed, correlated variables in terms of a potentially lower number of unobserved variables called factors. For example, it is possible that variations in four observed variables mainly reflect the variations in two unobserved variables.actor loadings: The factor loadings, also called component loadings in PCA (not sure in Factor Analysis), are the correlation coefficients between the cases (rows) and factors (columns). Analogous to Pearson's r, the squared factor loading is the percent of variance in that indicator variable explained by the factor."", 'Because the authentication is only one way, the client is not required to provide a.']","Two-factor authentication is a security process in which the user provides two means of identification from separate categories of credentials; one is typically a physical token, such as a card, and the other is typically something memorized, such as a security code.",,1.0,0.9578017515344662,0.0
what is the purpose of a grand jury,"['The purpose of a grand jury, in theory, is to protect citizens against unfair and unwarranted prosecutions by the government.', 'Jury trials protect the right of the government to require suspect citizens to prove their innocence in a court of law. They help to make the trial process go faster because jury members can split up the evidence to examine.', 'Its purpose is to generally define the reasons behind â\x80¦ the Constitution, establish what justifies a government, and explain how its citizens have come to create one.', 'trial: A court process in which the issues of fact and law are heard and decided according to legal procedures so a judicial officer or jury can make a decision in the case. Can be either (1) a bench trialâ\x80\x94a trial that is heard and decided by a judge, or (2) a jury trialâ\x80\x94a trial that is heard and decided by a jury.', 'People have a right to have matters determined by a jury of their peers.']","The purpose of a grand jury, in theory, is to protect citizens against unfair and unwarranted prosecutions by the government.",,1.0,0.96678786894415,0.0
what is neutrophils definition,"['Neutrophils - Definition. Neutrophils are a common type of white blood cell. Neutrophils respond to infection and attack bacteria and other foreign invaders directly.', 'Nick Chaiyapin from http://www.onlinemedicinetips.com , had announced that people should not take high neutrophils count in blood lightly. If high neutrophils from blood test result become evident, it is a definitely a cause of concern, said Dr.', ""Do not take high neutrophils count in blood lightly. If high neutrophils from blood test result become evident, it is a definitely a cause of concern. Never ignore the doctor's recommendation to have a WBC count done."", 'Neutrophils are the most common white blood cell.', 'Neutrophils, which fight infections, come in two types: segmented neutrophils and bands.']",Neutrophils are a common type of white blood cell that respond to infection and attack bacteria and other foreign invaders directly.,,1.0,0.7748040515321811,0.0
anchor hocking phone number,"['For your convenience to contact Anchor Hocking We have provided all possible information of Anchor Hocking. You can contact Anchor Hocking on the given phone number 740-681-6478. To know the address location of Anchor Hocking it is also presented here Lancaster, Ohio, United States. Contact them by sending email to Anchor Hocking you will find an email address here .', 'Clarks Customer Support Service Phone Number The customer support phone number of Clarks is +44-8444-995544, Fax: +44-1458-447547 (Click phone number to call). The postal and official address, email address and phone number (helpline) of Clarks Service Center and Clarks customer service phone number is given below.', 'Phone Number 410-838-9090.', 'Harrahs Total Rewards Customer Support Service Phone Number The customer support phone number of Harrahs Total Rewards is 1-800-342-7724 (Click phone number to call). The postal and official address, email address and phone number (helpline) of Harrahs Total Rewards Service Center and Harrahs Total Rewards customer service phone number is given below. The helpline of Harrahs Total Rewards customer service phone number may or may not be toll free.', 'The customer support phone number of Ymca Andover Kansas is +1 316-733-9622 (Click phone number to call).']",740-681-6478,,1.0,0.4423009135812856,0.0
what is the voltage in israel,"['Verizon Cell Phone usage in Israel - Israel Forum. Verizon Cell Phone usage in Israel. I called customer service today at Verizon and asked if i could use my cell phone in Jerusalem , Tel Aviv and Eilat.', 'In electric power transmission engineering, high voltage is usually considered any voltage over approximately 35,000 volts.', 'The electric current in the US is 110 volts, and Israel (along with most of Europe) uses 220 volts. Naturally, if you plug an American 110-volt appliance into an Israeli socket, it will probably burn out.', 'while you should stay open to developments of the conflict travel in israel is still safe it s important to remember that the main tourist areas are away from gaza where this current conflict is taking place and where any travel in close proximity is prohibited', 'Two factors considered in classifying a voltage as high voltage are the possibility of causing a spark in air, and the danger of electric shock by contact or proximity.']",The voltage in Israel is 220 volts.,,1.0,0.9531317712981164,0.0
kamikaze definition,"['Kamikaze definition, (during World War II) a member of a special corps in the Japanese air force charged with the suicidal mission of crashing an aircraft laden with explosives into an enemy target, especially a warship.', 'Definition [edit].', 'Definition of man. Definition of Man, also known as the Definition of Human, originated from a summary essay of Kenneth Burke (1897â\x80\x931993) which he included in his 1966 work, Language as Symbolic Action.', 'Japanese term or phrase: kotobuki.', 'This is the British English definition of king. View American English definition of king.']","A member of a special corps in the Japanese air force charged with the suicidal mission of crashing an aircraft laden with explosives into an enemy target, especially a warship.",,0.6666666666666666,0.6781966172568118,0.0
caffeine takes how long effect,"['This amount of caffeine should not have an effect on people, however.', ""However, like Ted said, how long caffeine takes to wear off varies greatly from person to person, and also depends on how high the person's tolerance (literally ability to tolerate a drug's effects) is."", 'Caffeine, on the other hand, can be very harmful to the body especially when consumed in large quantities. Caffeine is intended to be used as a stimulant and in effect does harm to the body rather than add nutritional value.', ""Caffeine Myth No. 1: Caffeine Is Addictive. This one has some truth to it, depending on what you mean by addictive.. Caffeine is a stimulant to the central nervous system, and regular use of caffeine does cause mild physical dependence. But caffeine doesn't threaten your physical, social, or economic health the way addictive drugs do."", ""You may want to take a look at just how much caffeine you get in a typical day, especially if you're bothered by headaches, restlessness or anxiety. If your caffeine habit totals more than 500 milligrams (mg) a day, you may want to consider cutting back.""]",I cannot answer from the given context.,,0.0,0.0,0.0
what is the definition of experience modifier,"[""An experience modifier is an adjustment factor assigned to an Employer's FEIN by the rating bureau (NCCI or State Bureau)."", 'In grammar, a modifier is an optional element in phrase structure or clause structure. A modifier is so called because it is said to modify (change the meaning of) another element in the structure, on which it is dependent. Typically the modifier can be removed without affecting the grammar of the sentence.', 'A modifier is a word, phrase, or clause that functions as an adjective or adverb to limit, qualify, or clarify the meaning of another word or word group. A modifier is a word, phrase, or clause that functions as an adjective or adverb to limit, qualify, or clarify the meaning of another word or word group.', 'modifier (grammar) Search the site GO', '99 - Multiple Modifiers: Under certain circumstances two or more modifiers may be necessary to completely delineate a service. In such situations modifier 99 should be added to the basic procedure, and oth The above description is abbreviated.']",An experience modifier is an adjustment factor assigned to an Employer's FEIN by the rating bureau (NCCI or State Bureau).,,1.0,0.6474558067585612,0.0
what's good for sinus pressure,"['Keeping your nose and sinuses moist is good for sinus health, says Kelleher. When sinuses get too dry, the mucociliary transport system that traps and moves irritants stops working.', ""Cephalexin isn't recommended for sinus infections."", 'first find temporary relief with an over the counter pain reliever with a decongestant such as tylenol sinus congestion and pain you may also find comfort by keeping your nasal passages moist using a vaporizer or humidifier relieve sinus headaches from pain and congestion', 'How to Dry Out a Sinus That Is Congested With Mucus.', 'A sinus infection, also known as sinusitis or rhinosinusitis, can occur when the sinus cavities become inflamed or irritated. This inflammation can inhibit the sinuses from draining, causing mucus to build up in the nasal passages.']",I cannot answer from the given context.,,0.0,0.0,0.0
lactose symptoms,"['Common symptoms of lactose intolerance include: 1  Watery, bulky, odd-smelling stools.', 'Lactase is necessary to digest lactoseâ\x80\x94the natural sugar found in milk and other dairy products. In the intestines, undigested lactose leads to the buildup of gas. Within 30 minutes to 2 hours after eating dairy products containing lactose, people with lactose intolerance start to develop stomach cramps and diarrhea. These two symptoms must be present for a person to be diagnosed with lactose intolerance.', 'When lactose moves through the large intestine (colon) without being properly digested, it can cause uncomfortable symptoms such as gas, belly pain, and bloating. Some people who have lactose intolerance cannot digest any milk products.', 'Lactose intolerance. Lactose intolerance is a condition in which people have symptoms due to the decreased ability to digest lactose, a sugar found in milk products. Those affected vary in the amount of lactose they can tolerate before symptoms develop.', 'Lactose intolerance is a common problem.']","Common symptoms of lactose intolerance include watery, bulky, odd-smelling stools, stomach cramps, diarrhea, gas, belly pain, and bloating.",,1.0,0.8554059183652986,0.0
what is the meaning of the name Brandon,"[""Shakespearean Meaning: The name Brandon is a Shakespearean baby name.n Teutonic the meaning of the name Brandon is: From the beacon hill. English Meaning: The name Brandon is an English baby name. In English the meaning of the name Brandon is: Derived from a surname and place name based on the Old English for 'hill covered with broom'."", ""The name Brandon is a Teutonic baby name. In Teutonic the meaning of the name Brandon is: From the beacon hill. English Meaning: The name Brandon is an English baby name. In English the meaning of the name Brandon is: Derived from a surname and place name based on the Old English for 'hill covered with broom'.Broom is a prolific weed."", ""English Meaning: The name Brian is an English baby name. In English the meaning of the name Brian is: Brought to England by the Breton companions of William the Conqueror, this name is originally derived from the Irish word for hill. Welsh Meaning:The name Brian is a Welsh baby name.In Welsh the meaning of the name Brian is: Legendary son of Turenn. 'Strong'.eltic Meaning: The name Brian is a Celtic baby name. In Celtic the meaning of the name Brian is: In use in England since the Middle Ages."", 'Latin Meaning: The name Victor is a Latin baby name. In Latin the meaning of the name Victor is: Conqueror. American Meaning: The name Victor is an American baby name.In American the meaning of the name Victor is: Conqueror.Spanish Meaning: The name Victor is a Spanish baby name.In Spanish the meaning of the name Victor is: Victor.n American the meaning of the name Victor is: Conqueror. Spanish Meaning: The name Victor is a Spanish baby name. In Spanish the meaning of the name Victor is: Victor.', 'The name Lizette is an English baby name. In English the meaning of the name Lizette is: My God is bountiful;God of plenty. American Meaning: The name Lizette is an American baby name. In American the meaning of the name Lizette is: My God is bountiful;God of plenty.']","The name Brandon means ""From the beacon hill"" in Teutonic and is derived from a surname and place name based on the Old English for ""hill covered with broom"" in English.",,1.0,0.9099428865880963,0.0
who is nicole kidman's husband,"['EXCLUSIVE: Nicole Kidman Reveals How She Makes It Work With Husband Keith Urban After 10 Years Together.', 'This has been an extremely trying time, Nicole and her husband Reed said exclusively in a joint statement to ET on Monday, the first time the couple has spoken publicly about the affair since it was revealed on RHOC.', 'Nicole Williams is a successful model who has been dating Larry English of the Tampa Bay Buccaneers for five years now.', ""Nicole Kidman and Keith Urban are celebrating their 10 year wedding anniversary in June, and they're clearly more in love with one another than ever."", ""Giada De Laurentiis DENIES split from husband of 11 years was 'due to affairs with co-workers Matt Lauer or Bobby Flay'. Celebrity chef Giada De Laurentiis announced her split from husband Todd Thompson after 11 years of marriage last week.""]",Nicole Kidman's husband is Keith Urban.,,1.0,0.9079841112204153,0.0
what is process control equipment,"['The control device usually does not affect the process being controlled and thus is add-on technology, as opposed to a scheme to control pollution through altering the basic process itself.', 'explore For Automation / Process Control Applications:', 'A process control engineer requires significant formal education.', 'Most control actions are performed automatically by RTUs or by PLCs.ata acquisition begins at the RTU or PLC level and includes meter readings and equipment status reports that are communicated to SCADA as required. Data is then compiled and formatted in such a way that a control room operator using the HMI can make supervisory decisions to adjust or override normal RTU (PLC) controls.', 'There are many processes that take place at manufacturing facilities, and process control engineers oversee that they happen according to plan.']",I cannot answer from the given context.,,0.0,0.0,0.0
when do used car prices drop,"['Used Car Seasonal Price Trends. Many used car dealers put a higher price on a vehicle then gradually drop the price. Car dealers actually drop the price of used cars on an average of 1.32 times per month.', ""One reason why used car prices bottom near the end of the year is because fewer people are shopping for a used car during the end of year holiday season. Another is because used cars technically become one year older on January 1st which affects buyer's perceptions of the vehicle's worth."", 'Prices drop a bit in the shoulder season, which runs from November through March and from June through August.', 'That also correlates with a drop in insurance and lower prices on rental cars.', 'Gas prices continue to drop in most areas compared to the week before.']","Used car prices drop near the end of the year, during the shoulder season which runs from November through March and from June through August.",,1.0,0.9460960643407348,0.0
what is wrong if your ear keeps popping,"['It is always a concern if this is coming from the middle ear as it can affect hearing. Any discharge that is coming out of the ear indicates a rupture of the ear drum if it stems from the middle ear.This could be glue ear so do not get fooled by the lack of pain or itching.', 'So, the question is what does an ear infection look like.', 'I suggest that you see your doctor to examine your ear (s) to see if there are discrete lesions/ rash or color change noticeable.', 'popping noise from kitchen sink. popping noise from kitchen sink.', 'An ear infection occurs when a bacterial or viral infection affects the middle ear â\x80\x94 the sections of your ear just behind the eardrum. Ear infections can be painful because of inflammation and fluid build-up in the middle ear. Ear infections can be chronic or acute. Acute ear infections are painful but short in duration. Chronic ear infections either do not clear up, or they recur many times. Chronic ear infections can cause permanent damage to the middle and inner ear.']",I cannot answer from the given context.,,0.0,0.0,0.0
withdrawal symptoms for coffee,"['Headaches, irritability, lethargy, nervousness, and mild depression are all fairly common withdrawal symptoms associated with caffeine intake.', 'Withdrawal Symptoms Of Diet Soda: Diet soda is bad, really bad. I recently quit drinking Diet Pepsi (again) and I totally felt withdrawal symptoms.', 'Symptoms of alcohol withdrawal may begin from 4 to 12 hours after you cut down or stop drinking, or as long as several days after the last drink, and can last a few days.', 'Opiate withdrawal symptoms usually start 12-24 hours after your last dose. But, the timing of withdrawal symptoms depends upon the drug taken, length of time youâ\x80\x99ve been taking it, and how you react to medications. The physical withdrawals usually last 3-7 days, with days 3 and 4 being the worst.', 'Lamictal Withdrawal Symptoms: List Of Possibilities.']","Headaches, irritability, lethargy, nervousness, and mild depression are all fairly common withdrawal symptoms associated with caffeine intake.",,1.0,0.8242541969514597,0.0
law for full time benefits how many hours do you have to work,"[""For example, I worked at a warehouse where full time was 40 hours a week, then worked at a mall where full time was 32 hours a week, and now I'm at dollar general where full time is 30 hours a week."", 'In 2010, two-thirds of workers not covered by an employer health insurance plan were part-time employees, reports the Employee Benefit Research Institute. If your new job isnâ\x80\x99t full time, you may have to work a minimum number of hours a week to have employer-based health insurance.', 'Employers are only required to allow employees to use 40 hours in a year, however. The law was amended in 2017 to make clear that an employer may limit the number of paid sick time hours an employee may accrue to 40 hours per year.', 'Straight time is equal to the task hours an employee is expected to work in a day. If employees are required to work 8 hours a day, you would enter 8 hours for straight time in the work week overtime condition of their overtime rule.', 'Then you would be working 50 weeks of the year, and if you work a typical 40 hours a week, you have a total of 2,000 hours of work each year.']",I cannot answer from the given context.,,0.0,0.0,0.0
laws synonyms,"['Synonyms for law in Free Thesaurus. Antonyms for law. 117 synonyms for law: constitution, code, legislation, charter, jurisprudence, the police, constabulary, the police force, law enforcement agency.... What are synonyms for law? Law synonyms, law antonyms - FreeThesaurus.com', 'See more synonyms on Thesaurus.com.', 'See more synonyms on Thesaurus.com.', 'See Synonyms at refuse 1.', 'Synonyms are two words that are different words, but mean the same thing.']","117 synonyms for law: constitution, code, legislation, charter, jurisprudence, the police, constabulary, the police force, law enforcement agency.",,1.0,0.8847747541526786,0.9999999999
what is the meaning of service tenure,"[""Tenure is the act or length of time that something is held or the achieved status of having one's employment position become permanent."", 'An example of tenure is holding a piece of property in your possession only until death as part of a real estate agreement.', 'But when combined with the ability of teachers unions to fight tooth and nail over any accusation leveled against a protected teacher, tenure can keep bad teachers in the classroom or at least on the payroll for decades after initial charges.', 'What is a Debt Service Ratio?', 'This is the provider of the web service. The service provider implements the service and makes it available on the Internet or intranet.']",I cannot answer from the given context.,,0.0,0.0,0.0
lewiston idaho fedex express phone number,"['Fedex Lewiston Idaho has shown its customer service address detail for its customers that are shown below. Address detail : 420 Burrell Avenue, Lewiston, Idaho 83501, United States customer service number : +1 (800) 463-3339', 'FedEx Locations - Irvine, KY. You can drop off your FedEx Express shipments, pick up shipping supplies, and more at any FedEx Ship CenterÂ®. FedEx Office provides reliable printing, packing and shipping services. FedEx Kinkoâ\x80\x99s is now FedEx Office. FedEx Express Drop Boxes accept most letters and packages up to 20 x 12 x 6.', 'Phoenix, AZ Fedex Phone Number.', 'Get packaging supplies and tips, plus all the other shipping support you need at this FedEx location at 5832 Grand Haven Rd in Muskegon, Michigan. 1  Location Details.ccess the services you need at the FedEx Ship Center at 5832 Grand Haven Rd to meet your timeline with FedEx Express Â® and FedEx Ground Â® services.', 'Clarks Customer Support Service Phone Number The customer support phone number of Clarks is +44-8444-995544, Fax: +44-1458-447547 (Click phone number to call). The postal and official address, email address and phone number (helpline) of Clarks Service Center and Clarks customer service phone number is given below.']",+1 (800) 463-3339,,1.0,0.3707068800268863,0.0
biological culture definition,"['Biological cultures are a common laboratory means in order to study living organisms. There are different types of biological cultures, such as cell culture, tissue culture, and organ culture. Cell culture is a biological culture of cells of multicellular eukaryotes. Tissue culture is the cultivation of tissues from multicellular organisms. Organ culture is the cultivation of a part or all of an animal organ in a sterile controlled medium.', '(2) The biological culture such cells.', 'A pure culture is one in which only one kind of microbial species is found whereas in mixed culture two or more microbial species formed colonies. pure culture is a culture consisting of only one strain. YOU CAN OBTAIN A PURE CULTURE BY PICKING OUT A SMALL PORTION OF THE MIXED CULTURE(which will form the pure culture) AND GROWING THEM ON A NEW CULTURE MEDIA.', 'culture', 'The modern genetic definition of biological evolution is A.']","Biological cultures are a common laboratory means in order to study living organisms. There are different types of biological cultures, such as cell culture, tissue culture, and organ culture. Cell culture is a biological culture of cells of multicellular eukaryotes. Tissue culture is the cultivation of tissues from multicellular organisms. Organ culture is the cultivation of a part or all of an animal organ in a sterile controlled medium.",,1.0,0.6258738404558808,0.0
what part of georgia is international convention center,"['The Georgia International Convention Center is located in College Park and is next to the Atlanta Airport.', 'As of the 2010 census, the city had a population of 721.[4] It is part of the Augusta, Georgia metropolitan area.', ""It's also connected to the convention center with a walkway/bridge."", 'The movie was filmed in part in Savannah, Brunswick, Hilton Head, South Carolina and at the Georgia State Prison in Reidsville, Ga.', 'The highest area in Georgia is Brasstown Bald which is 1,458 m (4,784 ft) above sea level, while the lowest is at sea level, at the Atlantic Ocean. Georgia is located at approximately 33Â° N 83.5Â° W.']","The Georgia International Convention Center is located in College Park, Georgia.",,1.0,0.9197599243866762,0.0
can eating cabbage help you lose weight,"['You can include the Cabbage in your diet either in the form of juice, raw, or in a curry. The best form recommended for the weigh loss is Cabbage juice.', 'It can help weight loss by decreasing your hunger or making you feel full longer.', ""Flat Belly Drink: Green Tea Besides reducing your risk of cancer and heart disease, green tea contains catechins, antioxidants that studies show can help reduce belly fat. That's right: Green tea can actually help you lose weight."", ""The key to weight loss is to consume fewer calories than you burn. For most people, it's possible to lower their calorie intake to a greater degree than it is to burn more calories through increased exercise. That's why cutting calories through dieting is generally more effective for weight loss. But doing both â\x80\x94 cutting calories and exercising â\x80\x94 can help give you the weight-loss edge. Exercise can help burn even more calories than just dieting. Exercise also is important because it can help you maintain your weight loss."", 'Eating significant amounts of beans may interfere with weight loss.']","Yes, eating cabbage can help you lose weight, especially in the form of cabbage juice.",,1.0,0.9620000574699944,0.9999999999
when do ligament pains start in pregnancy,"['It can be stressful, especially for first time mothers, to discern between normal pains and when there is a possible complication from a sharp pain during pregnancy.', 'When will my pregnancy start to show? When will my baby bump start to show?', 'One of the earliest symptoms of pregnancy is constipation, but does constipation actually start during ovulation? The hormone likely responsible for pre-pregnancy and pregnancy constipation, from a reproductive standpoint, is progesterone and both pregnant and non-pregnant women suffer from this uncomfortable symptom.', 'The first week of pregnancy symptoms should prompt you to go in for a home pregnancy test or a blood test to confirm the pregnancy as these symptoms could also be due to menstruation or health problems.s long as you do not get back pain, cramping or increased bleeding, implantation bleeding can do no harm. The first week of pregnancy symptoms include feeling tired, getting irritated, tenderness of breasts, either craving or aversion to food, heightening of the sensitivity to smell, light-headedness or feeling dizzy.', 'These pains are usually self limiting and resolve in a matter of minutes but some pains may take a few hours to resolve.']",I cannot answer from the given context.,,1.0,-0.0,0.0
what is sucrose used for,"['(Elements & Compounds) Also called: sucrose or saccharose a white crystalline sweet carbohydrate, a disaccharide, found in many plants and extracted from sugar cane and sugar beet: it is used esp as a sweetening agent in food and drinks.', 'The word sucrose was coined in 1857 by the English chemist William Miller from the French sucre (sugar) and the generic chemical suffix for sugars-ose. The abbreviated term Suc is often used for sucrose in scientific literature.he word sucrose was coined in 1857 by the English chemist William Miller from the French sucre (sugar) and the generic chemical suffix for sugars-ose. The abbreviated term Suc is often used for sucrose in scientific literature.', 'The total number of atoms in a molecule of sucrose is 45. This total is calculated by adding the number of atoms noted in its molecular formula, C12H22O11.... The total number of atoms in a molecule of sucrose is 45. This total is calculated by adding the number of atoms noted in its molecular formula, C12H22O11.', 'Sucrose (sugar), the most well-known sweetener, is made by crystallizing sugar cane or beet juice. Sucrose is also made up of the same two simple sugars, glucose and fructose, joined together to form a single molecule containing one glucose molecule and one fructose molecule, an exact one-to-one ratio. The proportion of fructose to glucose in both HFCS 42 and HFCS 55 is similar to that of sucrose.', 'FERRLECIT (sodium ferric gluconate complex in sucrose injection) is contraindicated.']",Sucrose is used especially as a sweetening agent in food and drinks.,,1.0,0.956360780335312,0.0
how long do allergic rashes last,"['How long a rash lasts depends on its cause. However, most rashes usually disappear within a few days. For example, the rash of a roseola viral infection usually lasts 1 to 2 days, whereas the rash of measles disappears within 6 to 7 days. Rashes caused by an antibiotic allergy may last 3 to 14 days, whereas diaper rash almost always clears up within 1 week (if diapers are changed frequently). Rashes resulting from lupus or dermatomyositis may last for an extended period of time.', 'A rash is a temporary eruption or discoloration of the skin and is often inflamed or swollen. Rashes come in many forms and levels of severity, and they last for different amounts of time. Some common causes of rashes include:', 'a rash is an inflammatory reaction of the skin rashes can be caused by a wide variety of mild to serious diseases disorders and conditions rashes can affect a small area of the skin or the full body and occur in all age groups and populations', 'How Long Does Hamburg Last? How long do hamburgers last? Fresh hamburgers last 1-2 days beyond a sell by date on the package. The shelf life of hamburgers (hamburg) depends upon a variety of factors such as the sell by date, the preparation method and how the hamburger was stored.', 'Chronic hives occur almost daily for more than six weeks and are typically itchy. Each hive lasts less than 24 hours.']",Rashes caused by an antibiotic allergy may last 3 to 14 days.,,1.0,0.7763592146504644,0.9999999999
what it means significant amount of protein in upep test,"['Also known as: Urine protein electrophoresis and UPEP. A urine protein electrophoresis is a test that estimates how much of certain proteins you have in your urine.', 'There are lots of cases where something in the environment changes the amount of protein that is made.', ""What is proteinuria? 1  Proteinuria means you have protein in your urine. 2  The kidneys act as filters and keep protein in your body. 3  Protein in the urine may be an early sign that the kidney's filters have been damaged by disease, allowing protein to leak into the urine.hat is proteinuria? 1  Proteinuria means you have protein in your urine. 2  The kidneys act as filters and keep protein in your body. 3  Protein in the urine may be an early sign that the kidney's filters have been damaged by disease, allowing protein to leak into the urine."", 'High blood protein (hyperproteinemia) is an increase in the concentration of protein in the bloodstream. High blood protein is not a specific disease or condition in itself, but it might indicate you have a disease. High blood protein rarely causes signs or symptoms on its own.', 'The CRP (C-Reactive Protein) test is a blood test that measures the concentration of a special type of protein produced in the liver.']",I cannot answer from the given context.,,0.0,0.0,0.0
where was paul newman born,"['Paul Newman. Paul Newman (born January 26, 1925 - September 26, 2008) was an American actor.', 'Born on October 13, 1977, Paul Anthony Pierce spent his childhood in Inglewood, California, a Los Angeles suburb.', 'Richard Jenkins was born on May 4, 1947 in DeKalb, Illinois.He earned a degree in drama from Illinois Wesleyan University and then relocated to Rhode Island where he started his career as a stage actor.irth Date: May 4, 1947. Richard Jenkins was born on May 4, 1947 in DeKalb, Illinois.', 'He was born in 1943.', 'Paul Newman played Harper in the 1966 film of the same name.']",I cannot answer from the given context.,,0.5,0.0,0.0
loperamide effects,"[""Loperamide (Imodium) is a medication for the treatment and relief of acute, chronic, or travler's diarrhea. Imodium usually cures diarrhea in a couple of days. Common side effects of Imodium are fatigue, dizziness, abdominal pain, and constipation."", '3  Anti-diarrheal medications. 4  For severe diarrhea, loperamide (Imodium) may be effective.', 'Common side effects may include: stomach pain or upset, constipation; tired feeling; mild skin rash; or ; numbness or tingling in your hands or feet. This is not a complete list of side effects and others may occur. Call your doctor for medical advice about side effects.', 'Common side effects', 'There are several possible side effects of Dianabol use.']","Loperamide (Imodium) is effective for the treatment and relief of acute, chronic, or traveler's diarrhea. Common side effects of loperamide include fatigue, dizziness, abdominal pain, and constipation.",,1.0,0.7805550671408108,0.0
what is the benefit of trans fats,"['Replacing trans and saturated fats with omega-3, omega-6, and omega-9 has been shown to prevent atherosclerosis or â\x80\x9chardening of the arteries.â\x80\x9d Think of saturated or trans fats as solids that can eventually clog your arteries, which keeps the blood from flowing properly.', 'One of the most important improvements you can make to your diet is to limit saturated fats and entirely cut out trans fats.', 'This determination will significantly reduce the use of PHOs, the major source of artificial trans fats, in the food supply. The Food and Drug Administration announced Tuesday that it is removing trans fats, whose source is partially hydrogenated oils, from the list of foods generally recognized as safe.', '1 Trans fat formed naturally â\x80\x93 this type of trans fat is produced in the gut of some grazing animals. 2  Thatâ\x80\x99s why small quantities of trans fat can be found in animal products like meat, milk, and milk products.', 'These fats work differently than other types of saturated fat in the body. However, research on the effects of these types of fats in the body is very preliminary.']",I cannot answer from the given context.,,0.0,0.0,0.0
where was tupac shot on his body,"['During the first shooting Tupac was in, where on his body was he shot?', 'was shot twice at point blank range in his Detroit home.', '1968: Martin Luther King shot dead. Dr King was shot dead in the southern US city of Memphis, Tennessee, where he was to lead a march of sanitation workers protesting against low wages and poor working conditions.He was shot in the neck as he stood on a hotel balcony and died in hospital soon afterwards.r King advocated the use of non-violent tactics such as sit-ins and protest marches.', 'selena â\x80¦ got shot right when she took off the friendship ring yolanda gave her. then yolanda shot her in the shoulder blade. what i fixed ^^ must of the is true but Yolanda was not her manager and yolanda shot her in a vain where the upper right arm starts so she was pumbing out blood.', 'Read A 17-Year-Old Rashida Jonesâ\x80\x99 Fiery Letter To Tupac In 1993.']",I cannot answer from the given context.,,0.0,0.0,0.0
diamond production in namibia,"['Namibia and Diamonds: Namibia is one of the worldâ\x80\x99s largest producers of gem quality diamonds, with about 98% of diamonds produced being gem quality.', 'Orapa diamond mine located 240km west of Francistown city in Central Botswana is the ninth largest diamond mine in the world by reserve.', 'The Israel Diamond Exchange (IDE) is creating some interesting precedents for the wider global diamond industry.', 'Namibia produced a total of 1.4 Mct in 2003.', 'Diamond City is a fortified settlement in the Commonwealth.']","Namibia is one of the world’s largest producers of gem quality diamonds, with about 98% of diamonds produced being gem quality. In 2003, Namibia produced a total of 1.4 million carats (Mct).",,1.0,0.8768263341235869,0.0
what is the lcd math,"[""In October 2007, Samsung introducing a ten-millimeter thick, 40-inch LCD television panel, followed in October 2008 by the world's first 7.9-mm panel. Samsung developed panels for 24-inch LCD monitors (3.5 mm) and 12.1-inch laptops (1.64 mm)."", ""Planar's complete portfolio of high-quality LCD video walls encompass a wide range of different sizes, resolutions and technologies. Our large scale display systems are designed by video wall experts with decades of experience in video wall display technology.Featuring the narrowest bezels, most flexible mounting systems and slimmest installation depths, Planar's LED LCD video walls are best-in-class.ur large scale display systems are designed by video wall experts with decades of experience in video wall display technology. Featuring the narrowest bezels, most flexible mounting systems and slimmest installation depths, Planar's LED LCD video walls are best-in-class."", 'Math Practice Test.', 'The system is controlled through a 6.5-inch LCD color display with 16GB of flash memory, replacing the previous DVD-based system.', 'Your child will be using Accelerated Math software for math practice and tests.']",I cannot answer from the given context.,,0.0,0.0,0.0
where is hartwell ga,"['Hartwell is a city in Hart County, Georgia, United States.', 'Hartwell is located at 34Â°21â\x80²10â\x80³N 82Â°55â\x80²52â\x80³W / 34.35278Â°N 82.93111Â°W / 34.35278; -82.93111 (34.352738, -82.931161). It sits upon the southern border of Lake Hartwell.', '27 Hawks Farm RoadWhite, GA 30184.', 'Snellgrove Properties Inc in Warner Robins, GA | Photos | Reviews | 81 building permits.', 'Superintendent of Schools Savannah-Chatham Co.Public School System 208 Bull Street Savannah, GA 31401 (912) 395-5600.']","Hartwell is a city in Hart County, Georgia, United States. It is located at 34°21′10″N 82°55′52″W, sitting upon the southern border of Lake Hartwell.",,1.0,0.7464907251170351,0.0
during what phase of meiosis does this occur,"['In female animals (also in woman) meiosis occurs in the ovaria. During the meiotic process asymmetrical divisions occur so that all cytoplasm is gathered in only one of the meiotic products . This large cell becomes an egg cell, whereas the other cells produced by meiosis disappear.', 'Before meiosis begins, during S phase of the cell cycle, the DNA of each chromosome is replicated so that it consists of two identical sister chromatids.', 'Homologue pairs separate during a first round of cell division, called meiosis I. Sister chromatids separate during a second round, called meiosis II. Since cell division occurs twice during meiosis, one starting cell can produce four gametes (eggs or sperm). In each round of division, cells go through four stages: prophase, metaphase, anaphase, and telophase.', 'Meiosis The process of meiosis produces gametes or sex cells. While some parts of this cell division process are similar to the asexual cell division process of mitosis, there are several key differences.Meiosis produces gametes, while mitosis produces other cell types.The process of meiosis halves the chromosome number from the original parent cell in the four cells it forms. It does this by having two cell divisions forming four cells, where mitosis has only one cell division forming two cells.eiosis produces gametes, while mitosis produces other cell types. The process of meiosis halves the chromosome number from the original parent cell in the four cells it forms. It does this by having two cell divisions forming four cells, where mitosis has only one cell division forming two cells.', 'In meiosis, DNA replication is followed by two rounds of cell division to produce four daughter cells each with half the number of chromosomes as the original parent cell. The two meiotic divisions are known as meiosis I and meiosis II.ecause the number of chromosomes is halved during meiosis, gametes can fuse (i.e.']",I cannot answer from the given context.,,0.0,0.0,0.0
where is george michael buried,"['Friends reveal George Michael will â\x80\x98be buried beside his beloved motherâ\x80\x99 in familyâ\x80\x99s private plot in Highgate Cemetery.', 'Buried in Warner Bros.', 'He was buried the next day.', 'His brother, Senator Robert Kennedy, was buried nearby in June 1968. In August 2009, his brother, Senator Edward M. Kennedy, was also buried near his two brothers.', 'Corporal Phillips was a member of the 1st Battalion, 7th Marines, 1st Marine Division. He was Killed in Action while engaged with the enemy in Korea on September 27, 1950.Corporal Phillips is buried in Section 15 of Arlington National Cemetery. Robert William Phillips, Second Lieutenant, United States Marine Corps (24 October 1928-31 July 1951) is buried with him.here is no record of Lieutenant Phillips being killed in the Korean War.']",George Michael is buried in a family’s private plot in Highgate Cemetery.,,1.0,0.9281494892164449,0.0
what's the weather in riga in celsius,"['Riga was founded in 1201 and is a former Hanseatic League member.', ""Riga's historical centre is a UNESCO World Heritage Site, noted for its Art Nouveau/Jugendstil architecture and 19th century wooden architecture. Riga was the European Capital of Culture during 2014, along with UmeÃ¥ in Sweden."", 'Weekly Weather Report for Riga, Latvia. Looking at the weather in Riga, Latvia over the next 7 days, the maximum temperature will be 13â\x84\x83 (or 56â\x84\x89) on Monday 10th April at around 2 pm.', ""Riga hosted the 2006 NATO Summit, the Eurovision Song Contest 2003, and the 2006 IIHF Men's World Ice Hockey Championships."", 'Weather in Dahlonega in December 2017. Expect 11Â°C daytime maximum temperatures in the shade with on average 4 hours of sunshine per day in Dahlonega in December. Check more long-term weather averages for Dahlonega in December before you book your next holiday to Georgia (USA) in 2017.']",The maximum temperature in Riga will be 13°C on Monday 10th April.,,1.0,0.7733413402084034,0.0
what is the population of falls in wyoming county pa,"['Location of Falls Township in Pennsylvania. Location of Pennsylvania in the United States. Falls Township is a township in Wyoming County, Pennsylvania, United States.', ""Nawadaha Falls - Physical Feature (Falls) in Gogebic County Nawadaha Falls is a physical feature (falls) in Gogebic County. The primary coordinates for Nawadaha Falls places it within the MI 49968 ZIP Code delivery area. In the Maps and Aerial Photos section below, you'll find links to: (1) Local area photos around Nawadaha Falls, (2) A listing of the nearest hotels to Nawadaha Falls and (3) Driving Directions to Nawadaha Falls from almost anywhere."", 'User submitted facts and corrections: 1  Whitehall (Whitehall Township), PA is in Lehigh County and not near Pittsburgh.', 'state of Wyoming. As of the 2010 census, the population was 4,812, making it the second-least populous county in Wyoming.', 'Schuylkill County PA School District Information.']",I cannot answer from the given context.,,0.5,-0.0,0.0
what language does trinidad speak,"['Although the official language of Trinidad and Tobago is English, the most commonly spoken languages are Trinidadian Creole English and Tobagonian Creole English. Trinidadian usage includes a large number of local words and expressions.', 'Tswana is an official language and lingua franca of Botswana.The majority of Tswana speakers are found in South Africa, where four million people speak the language, and where an urbanised variety known as Pretoria Sotho is the principal language of that city.swana is an official language and lingua franca of Botswana.', ""Dutch and the local language of Papiamento are the official languages of Aruba, but most Arubans speak a minimum of four languages including English and Spanish.ruba's native language of Papiamento embodies the friendliness for which the local population is known, with the language marked with an inclusive and open nature as represented in its unique sayings and mannerisms."", 'This is the weather that makes Trinidad and Tobago the perfect vacation spot.', 'Trinidad and Tobago is just south of the hurricane belt and rarely experiences hurricanes.']","Trinidad speaks Trinidadian Creole English, in addition to English.",,1.0,0.8806343447489949,0.0
what word means inflammation of the throat,"['What is pharyngitis? Pharyngitis is inflammation of the pharynx, which is in the back of the throat. Itâ\x80\x99s most often referred to simply as â\x80\x9csore throat.â\x80\x9d Pharyngitis can also cause scratchiness in the throat and difficulty swallowing.', ""The word inflammation comes from the Latin inflammo , meaning I set alight, I ignite . Inflammation is part of the body's immune response."", 'Acute rheumatic fever may occur following an infection of the throat by the bacteria Streptococcus pyogenes.', 'The inflammation of the air ways.', 'Causes and Symptoms of a Trachea Infection. Tracheitis is the inflammation of the windpipe (trachea). Most cases of tracheitis are due to a bacterial infection, however, a number of other factors, both infectious and non-infectious, may also cause inflammation of the trachea.']",Pharyngitis,,1.0,0.9018633672529507,0.0
meaning of black flag,"['A black flag (Black Standard) was used by Muhammad to represent his religion.', ""During the German Peasants' War in the 16th century the black flag was used by the revolting farmers."", 'Flag upside down is a sign of distress - help needed or base taken...surrender is a white flag only.', 'This is actually furthest from the true meaning of a black candle and in fact, black candles are supposed to be the color you burn when you are trying to destroy negative forces and energy.', 'The Democratic Republic of the Congo Flag Meaning: Originally the stars on the left side of the flag represented the six provinces of the Democratic Republic of Congo, but this is no longer appropriate. The Democratic Republic of the Congo Flag History:The Democratic Republic of the Congo flag was adopted on May 17, 1997.']",A black flag (Black Standard) was used by Muhammad to represent his religion.,,1.0,0.6983617721996161,0.0
how a cars manufacturer date,"[""When comparing two or more cars on the lot, the relative dates give you a good idea of how long they've been on the lot relative to each other. If one has a date of 08/15 and the other has a date of 10/15, you can conclude that the latter one has been on the lot one to three months less."", 'These cars are sold by new car dealers and typically represent used cars that have the manufacturer standing behind them.', 'How to Calculate the Date of the Deadline.', 'Really depends on how it is taken care of, but most cars will need parts replaced around 100-150K miles.', 'manufacture or age of an TEMPSTARÂ® furnace or other TEMPSTARÂ® HVAC unit. TEMPSTARÂ®. How to determine the date of production/manufacture or age of an TEMPSTARÂ® furnace or other TEMPSTARÂ® HVAC unit. The date of production/manufacture or age of an TEMPSTARÂ® furnace or other TEMPSTARÂ® HVAC equipment can be determined from the serial number. Every effort is undertaken to offer you correct and concise information to assist you in determining the age or manufacture date of HVAC equipment.']",I cannot answer from the given context.,,0.0,0.0,0.0
what is the charter of french liberties,"['Charter of 1814. Written By: Charter of 1814, French Charte Constitutionnelle, French constitution issued by Louis XVIII after he became king (see Bourbon Restoration). The charter, which was revised in 1830 and remained in effect until 1848, preserved many liberties won by the French Revolution.', 'An Act Declaring the Rights and Liberties of the Subject and Settling the Succession of the Crown.', 'charter B.', ""Civil Liberties are rights that the govt CAN'T take away. (Often thought of as the rights guaranteed in the Bill of Rights). Civil Rights are rights that the govt MUST enforce.(Often those rights not previously mentioned but have become evident that they exist, such as Universal Sufferage).eport Abuse. Civil Liberties are rights that the govt CAN'T take away. (Often thought of as the rights guaranteed in the Bill of Rights). Civil Rights are rights that the govt MUST enforce."", 'The English Bill put in place a constitutional form of government in which the rights and liberties of the individual were protected under English law. The English Bill of Rights had a great influence on the colonies in North America and on the Constitution of the United States.rapped up in this combination of ideas is the English Bill of Rights of 1689.']",I cannot answer from the given context.,,0.0,0.0,0.0
when was explorer of the seas refurbished,"['1  The Explorer of the Seas was built in 2000, and refurbished in 2015.', 'Explorer of the Seas at a Glance.', 'Oasis of the Seas Luxury Cruise Liner. Oasis of the Seas is the first of the Oasis Class (formerly the Genesis Class or project Genesis) luxury cruise ships in the Royal Caribbean International fleet.', 'Five times larger than the Titanic, Royal Caribbeanâ\x80\x99s Oasis of the Seas is the worldâ\x80\x99s largest passenger vessel ever built.', 'dubbed after launch, Explorer I..']",Explorer of the Seas was refurbished in 2015.,,1.0,0.9371263854793378,0.0
where is tea tree oil from,"['TEA TREE OIL Side Effects & Safety. Tea tree oil is POSSIBLY SAFE for most people when put on the skin, but it can cause skin irritation and swelling.', 'Tea tree oil has been used traditionally as a topical antiseptic and antifungal treatment. One study found that tea tree oil worked as well as 5% benzoyl peroxide in controlling the symptoms of acne.', 'Tea tree, also known as melaleuca, is well-known for its powerful antiseptic properties and ability to treat wounds. Tea tree oil (TTO), the volatile essential oil derived mainly from the Australian native plant Melaleuca alternifolia has been widely used throughout Australia for at least the past 100 years.', 'Tea tree oil may also be toxic to pets if ingested. Veterinary toxicologists found that large amounts of undiluted tea tree oil applied to the skin of cats and dogs caused a hypersensitivity (allergic) reaction.', 'Thuja essential oil information. Thuja oil is extracted from Thuja occidentalis of the Cupressaceae family and is also known as swamp, white, northern white, eastern white cedar, cedar leaf, tree of life and American arborvitae.']",Tea tree oil is derived mainly from the Australian native plant Melaleuca alternifolia.,,1.0,0.860966821302108,0.0
meaning of pyuria,"[""pyuria pyÂ·uÂ·riÂ·a (pÄ«-yur'Ä\x93-É\x99) n."", 'Tags: contribution meaning in telugu, contribution ka matalab telugu me, telugu meaning of contribution, contribution meaning dictionary. contribution in telugu. Translation and meaning of contribution in English telugu dictionary.', 'The priestess, engulfed in fumes escaping from a fissure, is called the Pythia.', 'Meaning of Lily.', 'The name Cadence is an English baby name. In English the meaning of the name Cadence is: meaning a rhythmic flow of sounds. American Meaning: The name Cadence is an American baby name. In American the meaning of the name Cadence is: meaning a rhythmic flow of sounds.']",I cannot answer from the given context.,,0.0,0.0,0.0
who sang i feel wonderful tonight,"['Wonderful Tonight is written by Eric Clapton.', 'The group became his backing musicians for a surprise performance of Wonderful Tonight during their set.', 'May 15, 2015, 7:02 AM|During a blues concert hosted by the White House in 2012, President Obama sang a few bars of Sweet Home Chicago with blues singers Buddy Guy and B.B.', 'Tony Bennett did go on to cover What A Wonderful World several times, as in 2003 with K.D.', 'Wonderful things are happening in our home.']",I cannot answer from the given context.,,1.0,-0.0,0.0
what is npt standard,"['The National Fire Prevention Association (NFPA) standard â\x80\x9cNFPA 704: Standard System for the Identification of the Hazards of Materials for Emergency Responseâ\x80\x9d is a safety standard that defines how hazardous materials are identified for emergency responders.', 'National Pipe Thread Taper (NPT) is a U.S. standard for tapered threads used on threaded pipes and fittings.', 'This document is very important because it is the method in which the standard has evolved over the years.', ""This standard is the bedrock of PCC's information security policies and standards, and is consistent with PCC's data management and records management standards."", 'Industry Profile for an OSHA Standard displays the industry NAICS codes in which a specified Federal OSHA standard is most often cited.']",National Pipe Thread Taper (NPT) is a U.S. standard for tapered threads used on threaded pipes and fittings.,,1.0,0.5863977742650547,0.0
meaning of yean,"['Eman name meaning and complete information on the meaning of Eman, its Czech name origin, variations, popularity and more as a baby boy name. What does Eman mean and its numerology, with etymology, analysis of Eman all included to give you a better understanding of Eman name. Eman name meaning and complete information on the meaning of Eman, its Czech name origin, variations, popularity and more as a baby boy name.', 'The meaning of Yannick has more than one different etymologies.', 'Common english terms translated into the Ojiwa language include: â\x80\x9cAaniiâ\x80\x9d, meaning â\x80\x9cHelloâ\x80\x9d, â\x80\x9cMigwetchâ\x80\x9d, meaning â\x80\x9cThank-Youâ\x80\x9d, â\x80\x9cGi zah ginâ\x80\x9d, meaning â\x80\x9c Ilove youâ\x80\x9d, and â\x80\x9cGigawabamin Nagutchâ\x80\x9d, meaning â\x80\x9cSee you laterâ\x80\x9d.', 'It was at first a status surname for a peasant farmer or husbandman, the derivation being from either the Old Norse-Viking word bonde, or the Olde English and Anglo-Saxon word buan, both meaning to dwell, but an alternative is from bindan, meaning to bind.t was at first a status surname for a peasant farmer or husbandman, the derivation being from either the Old Norse-Viking word bonde, or the Olde English and Anglo-Saxon word buan, both meaning to dwell, but an alternative is from bindan, meaning to bind.', 'The name Etan is identical to the adjective ×\x90×\x99×ª×\x9f (etan), meaning ever-flowing or perennial: Loading: ×\x99×ª×\x9f (or click this link) For a meaning of the name Ethan, NOBSE Study Bible Name List reads Perpetuity.']",I cannot answer from the given context.,,0.0,0.0,0.0
child support legal definition of,"['College support may be in addition to child support, a part of child support, or a separate payment after regular child support ends.', 'Michigan child support is handled by Child Support Services â\x80\x93 a division of the Department of Human Services. The Friend of the Court office performs all administrative functions involving Michigan child support. You can view their website at: www.michigan.gov/childsupport.', 'Child Maintenance and child support payments are paid by one parent to the other parent to help with the costs of a bringing up a child aged less than 18 years.', 'Many of my clients are surprised that they will probably have to provide family child support payments until their children reach 21 years of age. However, in New York, a parent can not stop child support payments until a child reaches 21 years of age.', 'Mississippi Child Support Customer Service Phone Number. Phone Number of Mississippi Child Support is 1-877-882-4916 . Mississippi Child Support is a welfare program in the US state of Mississippi.']",I cannot answer from the given context.,,0.0,0.0,0.0
what is pennsylvania's minimum wage,"[""The Pennsylvania Minimum Wage is currently $7.25 per hour. Pennsylvania's minimum wage is the same as the current federal minimum wage of $7.25 per hour. The minimum wage will likely remain at $7.25 until the federal minimum wage is raised. Please Note: Fourteen states have raised their minimum wage as of January 1, 2017."", 'Pennsylvania Overtime Wage Law. All Pennsylvania employees working over 40 hours in a work week are entitled an overtime wage of at least 1.5 times their regular hourly pay rate-therefore, the overtime minimum wage in PA is $10.88 per hour.In addition, Pennsylvania law requires all employees working over 0 hours in a single day to be paid overtime.he Pennsylvania Minimum Wage is the lowest hourly wage that an employee working in Pennsylvania can legally be paid.', ""Minimum Wage By State 2015. Twenty states have raised their Minimum Wage rates as of January 1 2015. The following chart lists the state-set minimum wage rates for each U.S. State and territory.In any state with a minimum wage of lower then the current Federal Minimum Wage of $7.25/hr, the Federal Minimum Wage will take precedent.or a visual representation of the applicable Minimum Wage across the states, visit the minimum wage map. For details on a specific state's current minimum wage rate and minimum wage factsheets, find your state in the list below."", ""The current minimum wage in West Virginia is $8.75 per hour. West Virginia raised their minimum wage above the $7.25 federal minimum wage for the first time on December 31, 2014. The state minimum wage was raised to $8.75 on December 31, 2015. West Virginia's minimum wage is applicable to all employers of 6 or more employees, unless they are specifically exempt."", 'The federal minimum wage provisions are contained in the Fair Labor Standards Act (FLSA). The federal minimum wage is $7.25 per hour effective July 24, 2009.Many states also have minimum wage laws. Some state laws provide greater employee protections; employers must comply with both.inimum Wage.']",Pennsylvania's minimum wage is currently $7.25 per hour.,,1.0,0.8713802542808512,0.0
what is it called the thing that hold the tire,"['Rim (wheel) The rim is the outer edge of a wheel, holding the tire. It makes up the outer circular design of the wheel on which the inside edge of the tire is mounted on vehicles such as automobiles. For example, on a bicycle wheel the rim is a large hoop attached to the outer ends of the spokes of the wheel that holds the tire and tube.', 'The etymology of tire is that the word is a short form of attire, and that a wheel with a tire is a dressed wheel. The spelling tyre does not appear until the 1840s when the English began shrink fitting railway car wheels with malleable iron.', ""1  Spare Tire Picture It's easy to forget that your spare tire is aging."", ""The sensors physically measure the tire pressure in each tire and report it to the vehicle's instrument cluster or a corresponding monitor. Some units also measure and alert temperatures of the tire as well."", '2  Unscrew the plastic cap on the air valve and be sure not to lose it. 3  Press the tire pressure gauge against the air valve and hold it there firmly.']",It is called the rim.,,1.0,0.4396989154542262,0.9999999999
who is robert walton,"['The novel itself begins with a series of letters from the explorer Robert Walton to his sister, Margaret Saville.', 'Ralph Waite, who played John Walton Sr.', 'Robert J.', 'Robert E.', 'Robert S.']",I cannot answer from the given context.,,0.0,0.0,0.0
where is south la,"['BHC South LA Council to Meet Building Healthy Communities South LA will have a Council meeting on Thursday, Nov.', ""It borders Woodhaven, Richmond Hill, South Ozone Park, Howard Beach, and Brooklyn. The area has bee populated by a succession of immigrant groups.Yes, South Ozone Park isn't south of Ozone Park.) The boundary to the south is South Conduit Avenue and the Lindenwood section of Howard Beach."", 'The South Household Hazardous waste facility is located at 8105 5th Ave S, Seattle, WA 98108 (across the street from the South Transfer Station).', 'Lake South Lida. South Lida Lake is an 856-acre mesotrophic (moderately fertile) lake located in northwest Otter Tail County approximately five miles east of Pelican Rapids, MN. South Lida Lake is connected to North L...', 'LA I rest mycase.']",I cannot answer from the given context.,,1.0,0.0,0.0
medications for oppositional defiant disorder,"['oppositional defiant disorder.', 'ADHD medication may help improve symptoms of oppositional defiant disorder, Vitiello says.', 'Synonym(s): oppositional disorder.', '4  Post-traumatic stress disorder (PTSD).5  Panic disorder (PD).nxiety medications are used either alone or in combination with psychotherapy to treat a number of different disorders all classified as â\x80\x9canxiety disorders.â\x80\x9d These include:', 'Medications for bipolar disorder include: Mood stabilizers are the first-line treatment for bipolar disorder. Lithium and certain anticonvulsants are often effective at managing the extreme mood swings associated with bipolar disorder. All mood stabilizers treat the symptoms of mania.']",I cannot answer from the given context.,,0.0,-0.0,0.0
does florida state university have rotc program,"['Army ROTC. Florida State College at Jacksonville students interested in a commission as an officer in the United States Army may enroll in the basic Army ROTC College program at the University of North Florida.tudents will be enrolled as Military Science Leadership students, college program students, or Army ROTC scholarship students based on the program in which they are accepted. Students who successfully complete the basic course are eligible to enter the advanced program at any university that offers Army ROTC.', 'Residents of Florida pay an annual total price of $17,771 to attend Florida State University on a full time basis. This fee is comprised of $4,640 for tuition, $10,264 room and board, $1,000 for books and supplies and $1,867 for other fees. Out of state residents are charged a total cost of $32,215 which is 81.3% higher than Florida residents.', 'What does ROTC stand for? Why is there ROTC? Is the training at ROTC like being in Basic Training? What is the ROTC training schedule?', 'The University of South Florida serves more than 48,000 students at its institutions in Tampa, St.', 'Nova Southeastern University, the University of Florida and the University of Central Florida round out the top five average salaries.']",I cannot answer from the given context.,,1.0,-0.0,0.0
what is physical therapy on an overuse syndrome?,"['Usually this means a need for physical therapy to assist in rebuilding strength and endurence to the patients potential.', 'Treatments for these disorders include physical therapy or anti-inflammatory pills or injections.', 'We offer physical therapy services (or OT, SLP) that include: 1  hippotherapy. 2  hippotherapy as a treatment strategy.', ""Welcome to Peak Performance Physical Therapy's patient resource about Iliotibial Band Syndrome. Iliotibial band (ITB) syndrome is an overuse problem that is often seen in bicyclists, runners, and long-distance walkers."", 'Chronic overuse injuries (also called repetitive stress injuries), which may take weeks or months to develop, are often caused by the same muscles being used for long periods of time - even though the demand on the muscles is low.']",I cannot answer from the given context.,,0.0,0.0,0.249999999975
what is ppm in manufacturing,"['PPM (Parts per million) is a measurement used today by many customers to measure quality performance. Definition: One PPM means one (defect or event) in a million or 1/1,000,000. There was a time when you were considered a pretty good supplier when your defect rate was less than 1%, (10,000 PPM), then the expectation was increased to 0.1% or 1,000 PPM.', 'manufacturing is a process of converting raw material in to finished product by using various processes,machines and energy.it is a narrow term. production is a process of converting inputs in to outputs.it is a broder term. every type of manufacturing can be production, but every production is not a manufacturing', 'The Scope of Virtual Manufacturing: The scope of VM can be to define the product, processes and resources within cost, weight, investment, timing and quality constraints in the context of the plant in a collaborative environment.he general idea one can find behind most definitions is that â\x80\x9cVirtual Manufacturing is nothing but manufacturing in the computerâ\x80\x9d.', 'How is energy used in manufacturing defined?', 'The manufacturing process for PSL results in a strong, consistent material that is resistant to seasoning stresses.']","PPM (Parts per million) is a measurement used to measure quality performance in manufacturing. One PPM means one defect or event in a million or 1/1,000,000.",,1.0,0.9332693192720055,0.0
where is setaf headquarters,"['The corporate headquarters address is as follows.', 'The headquarters of the company is located in Voorhees, New Jersey, United States.', 'It has its headquarters in Bengaluru, India.', 'Today, our corporate headquarters is located centrally in Greenbelt, Maryland, a suburb of Washington, DC, with regional offices in Chantilly, VA, Miami, FL and San Antonio, TX.', 'Jet.com Corporate Office Headquarters HQ.']",I cannot answer from the given context.,,1.0,0.0,0.0
what transport molecule transports oxygen,"['molecule of hemoglobin can pick up and transport 8 atoms of oxygen.', 'Explain how the electron transport chain is utilized in oxidative phosphorylation. In the third stage of respiration, the electron transport chain accepts electrons from the breakdown products of the first two stages (most often via NADH) and passes these electrons from one molecule to another. At the end of the chain, the electrons are combined with molecular oxygen and hydrogen ions, forming water.', 'When an ozone molecule absorbs even low-energy ultraviolet radiation, it splits into an ordinary oxygen molecule and a free oxygen atom. Usually this free oxygen atom quickly re-joins with an oxygen molecule to form another ozone molecule.', 'The final acceptor of electrons in the electron transport chain is molecular oxygen. Electron transport chains are used for extracting energy via redox reactions from sunlight in photosynthesis or, such as in the case of the oxidation of sugars, cellular respiration.lectron transport chains are redox reactions that transfer electrons from an electron donor to an electron acceptor.', 'Their sole purpose is to transport oxygen throughout the body.']",The transport molecule that transports oxygen is hemoglobin.,,1.0,0.8494441239259457,0.9999999999
mitt trainings,"[""Mitt Romney's Case Against a Mitt Romney Presidency."", 'MITT, mastery in transformational training, is an emotional intelligence workshop built for success-oriented leaders seeking to take their life to the next level of success.', ""3  CNN Corrects Mitt Romney's Denial Of Ad He Approved."", 'Practical Training.', ""It's about as easy to lose track of Mitt Romney's political gaffes as it is to lose track of the number of drinks you've had during a beer pong tournament.""]",I cannot answer from the given context.,,0.0,0.0,0.0
who started the tesla car company,"['He also founded electric car company Tesla and rocket company SpaceX.', 'Tesla, Inc. (originally Tesla Motors) was incorporated in July 2003 by Martin Eberhard and Marc Tarpenning, who financed the company until the Series A round of funding.', 'Tesla to make gas-electric car. For its sedan, Tesla will bring a Chevy Volt-like car to market. Tesla Motors, the people who put the all-electric car on the map, are going to work with gas too.', 'Tesla also markets electric powertrain components, including lithium-ion battery packs to automakers including Daimler and Toyota. CEO Elon Musk has said that he envisions Tesla Motors as an independent automaker, aimed at eventually offering electric cars at prices affordable to the average consumer.esla manufactures the Model S in Fremont, California, in an assembly plant formerly operated by NUMMI, a defunct joint venture of Toyota and General Motors, now called Tesla Factory.', 'Recent Posts: Tesla Motors Inc (TSLA) disclosed over the weekend that it met its 2015 goal of delivering at least 50,000 units. To be exact, TSLA sold 50,580 units during the year, and with its Gigafactory in Nevada now complete, CEO Elon Musk thinks the company can produce 1,600 Model X and Model S cars a week by the end of 2016.']","Tesla, Inc. was incorporated by Martin Eberhard and Marc Tarpenning.",,1.0,0.8030924303905217,0.0
when did women in usa get right to vote,"['In 1899 women in Western Australia were enfranchised. In 1902 the Commonwealth Franchise Act gave all white women in Australia the vote and the right to stand for election to the Australian Federal Parliament. Aboriginal women in Australia, as well as aboriginal men, did not receive the vote until 1962.', 'Passed by Congress June 4, 1919, and ratified on August 18, 1920, the 19th amendment granted women the right to vote. The 19th amendment guarantees all American women the right to vote.', 'The role of women changed significantly in the 1920s. The 19th Amendment to the US Constitution gave women the opportunity to vote and take a more proactive role in politics.Women were allowed to attend colleges and universities throughout the country.uring the 1920s (1918-1929), after the World War I, is the age  when the role of women had changed from passive to active in  society.', ""It wasn't until 1869, when the Fifthteenth Amendment was ratified, that males of all races got the vote. It took another 50 years, with the ratification of the Nineteenth Amendment, for women to finally get suffrage."", 'â\x80\x9cWe want to expand the right to vote for everybody, not suppress the vote,â\x80\x9d said Bertha Lewis, who heads up the Black Institute, in the newspaper.']","Women in the USA got the right to vote with the ratification of the 19th amendment on August 18, 1920.",,1.0,0.9400739212510405,0.0
what is slack space,"['Slack space is the unused space between the end of the actual file and the end of the the defined data unit (cluster).', 'When a file is written, and does not occupy the entire cluster, the remaining space is slack space.', 'In the Unicode character set, there is an additional space character called the nonbreaking space character that has a decimal value of 160.', 'A pleural effusion is a build-up of fluid in the space between the lungs and the chest wall. This space is called the pleural space. Thoracentesis is a procedure to remove fluid from this area.eatured Stories about pleural fluid color. Pleural Effusion www.lifescript.com/health/a-z/conditions_a-z/conditions/p/pleural_effusion.aspx. Pleural effusion is the buildup of excess fluid in the space between the pleura.', 'In between the two is a thin space known as the pleural cavity or pleural space.']",Slack space is the unused space between the end of the actual file and the end of the defined data unit (cluster).,,1.0,0.8334254084588019,0.0
most popular depression glass patterns,"['Depression glass was also made in amber, iridescent, opaque white known as Monax, and several other colors as well.', 'Some of the most popular patterns buyers seek today are Cameo, Mayfair, American Sweetheart, Princess and Royal Lace.', 'American artist Beth Lipman is known for her complex clear glass assemblages comprising fruits, flowers and topiary forms; Scandinavian artist Ingalena Klenell is recognized for her kiln-formed clear glass often overlaid with lacework patterns.', 'Pre-1970 automobiles, ALL MAKES & MODELS, have flat glass that can be made at your local glass shop if you have the right pattern.', 'Shown below are signatures and marks found on glassware from various countries. See also: Glass Labels. Murano / Italian Glass Signatures + Markings.']","Some of the most popular patterns buyers seek today are Cameo, Mayfair, American Sweetheart, Princess and Royal Lace.",,1.0,0.37694272528034994,0.0
who makes jammy dodgers,"['Jammie Dodgers. Jammie Dodgers are a popular British biscuit, made from shortbread with a raspberry or strawberry flavoured jam filling.', ""In 2009, Jammie Dodgers were the most popular children's sweet biscuit brand in the United Kingdom, with 40% of the years' sales consumed by adults."", ""A 1980 advertisement for the Los Angeles Dodgers boasts of the team's high five saluteDodger Stadium, Mark Langill."", 'The Los Angeles Dodgers were just sold for $2.1 billion to a group of investors.', 'The Dodgers selected Kemp in the sixth round of the 2003 MLB draft.']",I cannot answer from the given context.,,0.0,0.0,0.0
what should you eat if you have a hernia?,"['Bananas are good for soothing your stomach with so you should eat a banana. Bananas help counteract the acid that is usually associated with an upset stomach and helps with diarrhea problems as well. Crackers are also good for you to eat when you are suffering from an upset stomach.', ""The author was clearly stating that if you eat a 'big' meal then you should wait 2-3 hours before exercising but a 'snack' or 'small meal' can and should be eaten an hour before exercising. Damian15154122 1 year.he author was clearly stating that if you eat a 'big' meal then you should wait 2-3 hours before exercising but a 'snack' or 'small meal' can and should be eaten an hour before exercising."", 'Following a hernia surgery, patients should eat foods high in fiber, such as dried fruits, popcorn, nuts, raw fruits and vegetables and whole-grain cereals and breads, according to University Hospitals Case Medical Center.', ""On average, a woman needs 2,000 calories per day, while men need 2,500 calories. Removing 300 calories for snacks -- a rough estimate -- you're left with about 1,700 meal calories for females, and 2,200 meal calories for males.Dividing those numbers by three, the average woman should eat about 565 calories per meal, while the average man should eat about 735 calories per meal.If you eat more snacks, have smaller meals, and vice versa. These numbers work for weight maintenance; if you eat more calories than you burn, you'll gain weight.ividing those numbers by three, the average woman should eat about 565 calories per meal, while the average man should eat about 735 calories per meal."", 'Eat and drink without pain.']","You should eat foods high in fiber, such as dried fruits, popcorn, nuts, raw fruits and vegetables, and whole-grain cereals and breads.",,1.0,0.45613061372463065,0.0
what normal blood pressure by age,"['To read a blood pressure chart by age, locate your age range, then view the corresponding normal systolic and diastolic numbers, notes Disabled World. The chart offered by Disabled World features average blood pressure readings for 14 different age ranges. For adults between the ages of 25 and 29, a normal blood pressure reading is 120/80 millimeters of mercury. Average blood pressure increases with age.', 'A normal diastolic blood pressure number is less than 80. A diastolic blood pressure between 80 and 89 indicates prehypertension. A diastolic blood pressure number of 90 or higher is considered to be hypertension or high blood pressure.', 'The diastolic blood pressure number or the bottom number indicates the pressure in the arteries when the heart rests between beats. A normal diastolic blood pressure number is 80 or less. A diastolic blood pressure between 80 and 89 is normal but higher than ideal.A diastolic blood pressure number of 90 or higher, on repeated measurements, is considered to be hypertension or high blood pressure.he systolic blood pressure number is always said first, and then the diastolic blood pressure number is given. For example, your blood pressure may be read as â\x80\x9c120 over 80â\x80\x9d or written 120/80.', 'A normal blood pressure reading measures 120/80 millimeters of mercury, as stated by WebMD.', 'A normal reading would be any blood pressure below 120/80 mm Hg and above 90/60 mm Hg.']","For adults between the ages of 25 and 29, a normal blood pressure reading is 120/80 millimeters of mercury. Average blood pressure increases with age.",,1.0,0.788820354431774,0.0
what type of account is valuation allowance,"['Definition of Valuation Allowance Valuation AllowanceA contra-or reduction account to deferred tax assets. The valuation allowance represents that portion of total deferred tax assets that the firm judges is unlikely to be realized.', ""A valuation account used to estimate the portion of a bank's loan portfolio that will ultimately be uncollectible."", ""A valuation account used to estimate the portion of a bank's loan portfolio that will ultimately be uncollectible."", '4  This type of account is exempt from with-holdings.', 'Account Highlights: Balances maintained in an Analyzed Business Checking account earn an earnings credit allowance that can help you reduce or eliminate service charges.']",I cannot answer from the given context.,,0.0,0.0,0.3333333333
net worth for rupert grint,"['It has been announced that Rupert Grint net worth reaches 50 million dollars. He is known as an actor who became an international celebrity when he together with his two co-stars appeared in the movie series of Harry Potter where he portrayed a character of Ron Weasley and which added a lot of revenues to the overall amount of Rupert Grint net worth.', 'Emmitt Smith Net Worth is $26 Million. Emmitt Smith is a retired football player whose net worth equals $26 million. Emmitt Smith earned his net worth through his years in the NFL as a runningback for the Dallas Cowboys and Arizona Cardinals.', 'Sam Waterston. Sam Waterston Net Worth is $35 Million. Samuel Atkinson Sam Waterston is an American actor and occasional producer and director, with a net worth of $35 million. Sam Waterston has earned his net worth from many movie and TV roles such as Award-win. Samuel Atkinson Sam Waters...', 'Tom Hiddleston Net Worth Tom Steyer Net Worth 2017, Biography & Wiki Thomas Steyer Net Worth: Thomas Steyer is an American hedge fund manager that has a net worth of $1.6 billion.', 'Her estimated net worth is $100 million, according to reports on Celebrity Net Worth and The Richest, and she was already pulling in $40,000 for motivational speaking tours when she was known as Bruce.']",Rupert Grint's net worth is 50 million dollars.,,1.0,0.8994554856400582,0.0
netgear help desk number,"['Alllll NETGEAR tech support number (18442349752) NETGEAR router number 1-844-234-9752 Netgear router help desk number Big netgear tech support phone number =1-844-234-9752= NETGEAR Router customer service number NETGEAR router support number', '- Go into the Netgear router to set the IP address to use.', 'Netgear N300 WNR2000: This is a quality router and the limited lifetime warranty means if you run into any issues while using it, you can contact Netgear to help fix the problem.', '3  24x7 Help Desk Support.', 'Toll free number, Customer Service Number : 1 800 Hydrofarm. Look out here for toll free customer service number or helpline number of Hydrofarm with customer Support number and address.']",1-844-234-9752,,1.0,0.3648457325292247,0.0
what is the weather in salem ohio,"['Salem, OH Weather. The average temperature of Salem is 49.39Â°F, which is lower than the Ohio average temperature of 50.88Â°F and is much lower than the national average temperature of 54.45Â°F.', 'Re: What is the weather like in October?', 'Police in the city of Salem are currently searching for the suspect.', ""I've never been during that time of year, so I was wondering what the weather is typically like."", 'In the weather log below, you will see that most of the time it is sunny with some overcast days in October.']","The average temperature of Salem, OH is 49.39°F, which is lower than the Ohio average temperature of 50.88°F and much lower than the national average temperature of 54.45°F. In October, it is typically sunny with some overcast days.",,1.0,0.7175832983844698,0.0
difference between statutory and regulatory requirements,"['What are the difference between statutory and regulatory? Statutory refers to laws passed by the state of federal government. Regulatory means a rule issued by some agency that the government has given authority to regulate an indust â\x80¦ ry.', 'Due to there being no formal or regulatory governing boards, requirements can vary from state to state.', 'â\x80¢ Regulations are subordinate to the laws though they are enforceable just like laws. â\x80¢ Regulations are introduced to help in the implementation of laws. Related posts: 1  Difference Between Act and Regulation.', '3  Difference Between Act and Bill.', 'Regulatory Information.']","Statutory refers to laws passed by the state or federal government, while regulatory means a rule issued by an agency that the government has given authority to regulate an industry.",,1.0,0.8967309496244257,0.0
define the term codon,"['The shaded part is a codon and unshaded part is an anticodon.', 'codon. A codon is a sequence of three DNA or RNA nucleotides that corresponds with a specific amino acid or stop signal during protein synthesis.', 'Codons In the production of mRNA, codons are responsible for creating the blueprint of amino acid sequences. Each codon is composed of three nucleotides and is degenerate, continuous and non-overlapping.', 'Point mutations in the coding region of DNA can have one of three consequences: 1) No effect if the mutated codon still codes for the same amino acid.', 'A frameshift mutation may cause a change in the codon sequence,  specifically the 3-base sequence which is responsible for coding a  specific amino acid.']",A codon is a sequence of three DNA or RNA nucleotides that corresponds with a specific amino acid or stop signal during protein synthesis.,,0.5,0.9345547282739476,0.0
what is the best size grout lines to use for tiling shower,"[""You'll use sanded grout for the floor. Ask if sanded caulk is available in a color that matches your grout for the floor/tub and floor/wall tile joints."", 'Good tile for shower walls includes pretty much any type suitable for very wet locations. Glazed ceramic and porcelain tile are the most commonly used types, from the ubiquitous 4 1/4-inch white squares to large-format tiles of almost any size (provided your installer is up to the task).', 'Other grout formulas may require a shorter or longer drying time, and epoxy-based grouts may allow you to skip the sealer, thus the wait time before using your shower or bathtub.', ""Even though your shower grout looks dry, using it too early or sealing it before it's ready may damage it, leading to premature failure."", 'The secret to success in tiling is having well-established guide or layout lines.']",I cannot answer from the given context.,,0.0,-0.0,0.0
what to use to take rust out of clothes,"['Rust stains can be a challenge to remove because the stain consists of tiny iron oxide particles, plus some treatments actually set the stain rather than remove it. Use a little chemistry know-how to successfully remove a rust stain.', 'More information pertaining to the extent of the rust and location of the rust is needed.', 'Rust Off removes rust from most any surface in seconds! Just spray and watch as the rust stains disappear!', 'How to Remove Rust Stains from a Tub with a Porcelain Interior. These instructions are for PORCELAIN TUBS ONLY â\x80\x93 DO NOT use this cleaning method on a REFINISHED TUB! Surface rust should come off with a mild cleanser.You can use a more abrasive cleaner Bon AmiÂ® or ZUDÂ® for tougher surface stains.ow to Remove Rust Stains from a Tub with a Porcelain Interior. These instructions are for PORCELAIN TUBS ONLY â\x80\x93 DO NOT use this cleaning method on a REFINISHED TUB! Surface rust should come off with a mild cleanser.', 'I seem to have a nasty case of rust in my garden - a bit of a first.']",I cannot answer from the given context.,,0.0,-0.0,0.0
on what date did the japanese launch pearl harbor,"['The Japanese carried out a surprise attack on the Pearl Harbor on December 7, 1941.', ""The attack on Pearl Harbor was a surprise military strike by the Imperial Japanese Navy Air Service against the United States naval base at Pearl Harbor, Hawaii Territory, on the morning of December 7, 1941. The attack, also known as the Battle of Pearl Harbor, led to the United States' entry into World War II. The Japanese military leadership referred to the attack as the Hawaii Operation and Operation AI, and as Operation Z during its planning. Japan intended the attack as a preventive action"", 'On December 7, 1941, the Japanese bombed Pearl Harbor and the United States entered World War II.', 'Attack on Pearl Harbor. On December 7, 1941, Japan launches a surprise attack on American soil at Pearl Harbor.', 'Japanese Admiral Isoroku Yamamoto conceived the Pearl Harbor attack and Captain Minoru Genda planned it. Two things inspired Yamamotoâ\x80\x99s Pearl Harbor idea: a prophetic book and a historic attack.']","On December 7, 1941.",,1.0,0.7285243179595168,0.0
early signs of thyroid problems,"['An uncomfortable and potentially dangerous side effect of thyroid disease includes breathing difficulties. Breathing problems are associated with certain kinds of thyroid disorders.', ""You might not notice signs or symptoms of Hashimoto's disease at first, or you may notice a swelling at the front of your throat (goiter). Hashimoto's disease typically progresses slowly over years and causes chronic thyroid damage, leading to a drop in thyroid hormone levels in your blood.igns and symptoms of hypothyroidism include: 1  Fatigue and sluggishness."", 'SYMPTOMS OF IODINE OR THYROID DEFICIENCY. SYMPTOMS OF THYROID EXCESS.', 'There are two main types of thyroid problems: hypothyroidism (an underactive thyroid) and hyperthyroidism (an overactive thyroid). While there are other thyroid issues as well, the majority of cases fall into one of these two categories. Hypothyroidism is by far the more common type of thyroid problem.', ""Thatâ\x80\x99s when your thyroid gland doesn't make enough of the thyroid hormone.""]",I cannot answer from the given context.,,0.0,-0.0,0.0
do clouds form in the vab,"['The VAB is so large, in fact, that it has its own weather.', 'A thin, hazy cloud formation made up of ice crystals, often covering the sky in sheets and producing a halo effect around the sun. Cirrostratus clouds form at upper levels of the atmosphere.', 'Some would have enough gravity to attract even more gas and dust, eventually forming planets.ost of the time these clouds form a type of star called a brown dwarf.', 'High cirrus clouds may occur in long feather-like streaks.', ""Clouds are flat on the bottom because this is the transition point where the temperature & pressure are at a point where the air cannot hold all of it's water in its gaseous form (clouds are made of water in its liquid or solid state).""]",I cannot answer from the given context.,,0.0,-0.0,0.0
different colors of sea urchin roe,"['The green sea urchin is an echinoderm, which means it belongs to a group of radially symmetrical, invertebrate animals that includes starfish, sand dollars and sea cucumbers. There are several urchin species distributed in boreal waters around the world, but only the green sea urchin, which has one of the longest scientific names (Strongylocentrotus droebachiensis), is found in the Gulf of Maine.', 'While colloquially referred to as the roe (eggs), uni is actually the animalâ\x80\x99s gonads (which produce the milt or roe).', 'The colors of it is usually a little pearly or yellow.', ""Other, harmless snakes have similar colors in a different order. The rhyme red and yellow kill a fellow can help you remember that the coral snake's red and yellow colors touch, but the harmless milk snake has red touching black.ther, harmless snakes have similar colors in a different order. The rhyme red and yellow kill a fellow can help you remember that the coral snake's red and yellow colors touch, but the harmless milk snake has red touching black."", 'The body of the Sea Apple, or Australian Sea Apple, is light to dark blue, and it has red feet.']",I cannot answer from the given context.,,0.0,-0.0,0.0
what region was rome in,"['Rome is in the Lazio region of central Italy on the Tiber river (Italian: Tevere).', 'Roman Empire Timeline. Timeline Description: The Roman Empire was one of the greatest civilizations in history. It began in Rome in 753 BC.', 'The Rome Pieta, pietÃ\xa0 located At.', ""I'm coming to Rome for the first time in September."", 'Rome controlled over two million square miles stretching from the Rhine River to Egypt and from Britain to Asia Minor.']",Rome is in the Lazio region of central Italy.,,1.0,0.8617961399090271,0.0
who were the kings of denmark,"['the modern kingdom of denmark dates back to harthacnut s son gorm the old gorm den gamle who reigned in the early 10th century the danes were united and officially christianized in 965 ce by harald bluetooth the story of which is recorded on the jelling stones', 'The first written sources for the history of Denmark â\x80\x93 the Royal Frankish Annals from 804 â\x80\x93 say that Sliasthorp played an important role in the Viking Age.', ""There's a reason he says state of Denmark rather than just Denmark: the fish is rotting from the head downâ\x80\x94all is not well at the top of the political hierarchy."", 'queen margrethe ii ascended the throne on the death of her father king frederick ix on 14 january 1972 on her accession queen margrethe ii became the first female monarch of denmark since margrethe i ruler of the scandinavian countries in 1375 1412 during the kalmar union', 'Denmark, South Carolina. Denmark is a city in Bamberg County, South Carolina, United States.']",I cannot answer from the given context.,,0.0,-0.0,0.0
who's voice come from?,"[""The voice of the newscaster at the beginning is provided by Gene Simmons (the band's bassist)."", 'Active voice vs.', 'The Voice is an American reality television singing competition broadcast on NBC.', ""Singer Tim Storms holds the record for the deepest voice of any human being. The man who holds the record for the world's lowest voice can hit notes so low that only animals as massive as elephants are able to hear them."", 'Veteran H-B voice artist Don Messick was the original voice of Scooby and spent decades working on the character.']",I cannot answer from the given context.,,0.0,0.0,0.0
parceling definition,"['parceling - the act of distributing by allotting or apportioning; distribution according to a plan; the apportionment of seats in the House of Representatives is based on the relative population of each state', 'Definition of Flank.', 'definition paragraphs. A definition paragraph is a paragraph explaining a term or subject, so your audience comprehends the topic of the paragraph.', 'Full Definition of DRESSAGE.', 'Full Definition of WAGON.']",The definition of parceling is the act of distributing by allotting or apportioning; distribution according to a plan.,,1.0,0.9052494087711845,0.0
where does the name nadia come from,"[""The name Nadia is of Russian origin. The meaning of Nadia is hope. Nadia is generally used as a girl's name."", ""My name is Tajana, which is an older Slavic name that comes from Tajna, meaning secret.It's very similar to Tiana, but it's pronounced like Diana.iana does not mean Princess. My name is Tajana, which is an older Slavic name that comes from Tajna, meaning secret."", 'Her name appears to come from Aradia, a goddess and witch from Neo-Pagan folklore and Megido, the place where a number of religions believe the final battle will take place (the word Armageddon is derived from the Hebrew name for Mt.', ""What does Zariah mean? Zariah [zari-ah] as a boys' name (also used more regularly as girls' name Zariah) is of Hebrew origin, and the meaning of the name Zariah is helped by God. Zariah is an alternate form of Azariah (Hebrew): from Azarel."", 'Muslim Meaning: The name Fatima is a Muslim baby name.']",The name Nadia comes from Russian origin.,,1.0,0.9457314394626466,0.0
patricia longley alaska,"['Patricia Longley Cochran was born and raised in Nome, Alaska.', 'Patricia Cooper.', 'Patricia was the daughter of Willie (deceased) and Elaine Cooper.', 'Cochran serves as Executive Director of the Alaska Native Science Commission, an organization that brings together research and science in partnership with Alaska Native communities.', 'Patricia Anne Cooper departed this life for the next to be with the Savior.']",I cannot answer from the given context.,,0.0,0.0,0.0
how long do I bake skinless seared chicken breast at 350,"[""Not knowing whether it has skin and bone, whether you will cook it in a sauce, or how large it is, I would bake it at 350 degrees farenheit for about 30 minutes.After 30 mins., stick a fork in the thickest part of the breast.If the liquid runs clear, it's done.eport Abuse. Not knowing whether it has skin and bone, whether you will cook it in a sauce, or how large it is, I would bake it at 350 degrees farenheit for about 30 minutes."", 'Bake for a short time at a high temperature. Baking for 30 minutes at 350 degrees will yield dry meat. But baking for just 20 minutes at 450 degrees will result in delightfully juicy baked chicken breast, every time.', 'whole chicken will need about 1 1/4 - 1 1/2 hours in the oven.(Internal temperature of 180Â°F).ou should bake 2 lbs. of chicken breasts in the oven at 350  degrees for one hour if the chicken is on the bone. If the chicken  is boneless it will take less time. Boneles â\x80¦ s chicken will be done  in 30-40 minutes.', 'Best Answer: There are two methods for roasting a whole chicken: Regular method: Preheat oven to 350 degrees F (175 degrees C). Roast whole (thawed) chickens for 20 minutes per pound, plus an additional 15 minutes.High heat method (this creates a crispy, darker skin): Preheat oven to 450 degrees F (230 degrees C) and cook whole (thawed) chicken for 10-15 minutes.Then reduce the temperature to 350 degrees F (175 degrees C) and roast for 20 minutes per pound.et the chicken in a roasting pan, breast side up. Step 2: Preheat the oven and season the chicken.', 'While the exact amount of baking time for a dish depends on the temperature, a 5-pound chicken can be baked at 350 F for approximately 2 hours and 5 minutes. At this temperature, the general guideline is to bake a chicken 20 minutes for each pound, plus an additional 15 minutes.']",I cannot answer from the given context.,,0.0,-0.0,0.9999999999
what to call a graduation speech,"['A graduation speech (or what could be called a valedictory speech) is an inspirational and persuasive speech.', 'Someone who has not finished his/her graduation (an academic study of three years) is called undergraduate. The graduation is the first degree awarded to a college or university student, hence the undergraduate, canâ\x80\x99t stand qualified to take the degree, unless he/she finishes the same in the given terms.', '1  A speech of definition or description is simply a speech in which you define or describe a thing or concept. 2  What Is A Definition Speech.', 'Graduation at the University of Cincinnati is a multi-step process.', 'pep talk - a speech of exhortation attempting to instill enthusiasm and determination in a team or staff.']",A valedictory speech.,,1.0,0.8621514629130572,0.0
what is metal au,"['A pure metal is an element. Some metals are alloys, which mean they have more than one metal or element in them. The metal bronze is made â\x80¦ of two elements, the metal tin and the metal copper.his means that Lithium is the least reactive of the Group 1 elements and Francium the most reactive.', 'Metal Ore is a resource that can be obtained by mining the Mineral Rocks that spawn in the world. It can also be obtained by picking up small Metal Ore rocks in the game world. Doing so will reward the player with 50 Metal Ore.', 'This is the lowest of the four AU grades, with the others being AU53, AU55, and AU58.', ""1  A metal is a lattice of positive metal 'ions' in a 'sea' of delocalised electrons. 2  Metallic bonding refers to the interaction between the delocalised electrons and the metal nuclei. 3  The physical properties of metals are the result of the delocalisation of the electrons involved in metallic bonding. Metallic bonding refers to the interaction between the delocalised electrons and the metal nuclei. 2  The physical properties of metals are the result of the delocalisation of the electrons involved in metallic bonding. 3  The physical properties of solid metals are:"", 'Brass is a metal that consists of both copper and zinc. Bronze is a metal that consists of copper and tin. Bronze is the most popular metal for cast metal sculptures or bronze sculptures.']",I cannot answer from the given context.,,0.0,0.0,0.0
what is the ops stat for baseball,"['Major League Baseball transactions. Major League Baseball transactions are changes made to the roster of a major league team during or after the season. They may include waiving, releasing, and trading players, as well as assigning players to minor league teams.', ""Baseball is a game played at the edge of biological time, just within the limits of a human's ability to react."", 'such terms have been reported to, and confirmed by, the Office of the Commissioner of Baseball and the Major League. Baseball Players Association.', 'Minor League Baseball. Minor League Baseball is a hierarchy of professional baseball leagues in the Americas that compete at levels below Major League Baseball (MLB) and provide opportunities for player development and a way to prepare for the major leagues. All of the minor leagues are operated as independent businesses.', 'Baseball Almanac is pleased to present the top one-hundred all-time single season leaders in Major League grand slam (research courtesy of David Vincent).']",I cannot answer from the given context.,,0.0,-0.0,0.0
who is venus de milo,"['The Venus de Milo is an ancient Greek statue.', 'The Venus de Milo represents Aphrodite, the goddess of love in Greek mythology.', 'The Venus de Milo was found on 8 April 1820 on the Aegean island of Melos.', 'King Louis XVIII of France presented the Venus de Milo to the Louvre in 1821.', 'Venus she is identified with the Planet. venus']",I cannot answer from the given context.,,0.0,0.0,0.0
phone number for amtrak information,"[""This is Amtrak's best phone number, the real-time current wait on hold and tools for skipping right through those phone lines to get right to a Amtrak agent. This phone number is Amtrak's Best Phone Number because 199,170 customers like you used this contact information over the last 18 months and gave us feedback."", 'Porter helping you on board at the Anaheim Amtrak station. Waiting on the platform for the Amtrak train to San Diego from Anaheim.', ""cities is operated by Amtrak. Regular trains travel up to 90 mph, while Amtrak's Acela Express trains can travel up to 150 mph. Amtrak offers USA Rail passes for tourists wishing to save money, as well as a variety of commuter passes for students and business people.Amtrak tickets are available on the company's website. Typical costs:egular trains travel up to 90 mph, while Amtrak's Acela Express trains can travel up to 150 mph. Amtrak offers USA Rail passes for tourists wishing to save money, as well as a variety of commuter passes for students and business people. Amtrak tickets are available on the company's website."", 'The main phone number for U.s.', 'The Amtrak call center that you call into has employees from Pennsylvania and is open 24 hours, 7 days according to customers.']",I cannot answer from the given context.,,0.0,-0.0,0.9999999999
who directed hostel,"['No, the Hostel movies are not based on a true story. They are labeled based on a true story, but this is essentially a lie.', 'Propaganda Hostel 88%.', 'Directed by Gabor Csupo.', 'It was written by Stephen Sustarsic and directed by Andrew D.', 'Refn, who directed the self-consciously macho Drive, is also having a bit of fun here, I suspect.']",I cannot answer from the given context.,,0.0,0.0,0.0
what is mercury's orbital period,"['The Earth has a shorter orbital period than Mars, it passes in between Mars and the Sun approximately every 780 days, or 2 years and 50 days.', 'The synchronization of rotation and orbital period means that, for an observer on the surface of the Earth, an object in geosynchronous orbit returns to exactly the same position in the sky after a period of one sidereal day. special case of geosynchronous orbit is the geostationary orbit, which is a circular geosynchronous orbit at zero inclination (that is, directly above the equator).', ""The reason I was surprised about Mercury's gravity."", '(It was unclear from sources of the orbital distance included a correction eccentricity. I get an orbital distance of 9.41e+8 using 2 pi A.U.)', 'In 2005, the first planets around main-sequence stars that may be terrestrial were found: Gliese 876 d, has a mass 7 to 9 times that of Earth and an orbital period of just two Earth days.']",I cannot answer from the given context.,,1.0,0.0,0.0
what is the u.s. dollar worth in india,"['By contrast, the one currency that has always had a higher value than the U.S. dollar, the British pound, has actually lost value against the U.S. dollar compared to the early 1970s and 1980s and it is the only najor currency to have a lower value against the U.S. dollar compared to early 2000.urthermore, the Australian dollar has also gained a higher value than the U.S.', 'Dollar = approximately 33.99 Thai Baht (as of Aug 21,08) One U.S. Dollar = approximately 33.99 Thai Baht (as of Aug 21,08)', 'The Australian dollar had been worth less than the US dollar for a number of years but, for some time recently, exceeded the US dollar in value.', ""DEFINITION of 'Weak Dollar' A weak dollar is a situation where the U.S."", 'Essentially, a weak dollar means that a U.S. dollar can exchange for fewer amounts of foreign currency.']",I cannot answer from the given context.,,1.0,-0.0,0.0
which battle marked the turning point of the civil war?,"['Battle of Antietam, because it was a blood bath and it ended in a draw   The Battle of Gettysburg (May, 1863) proved to be the turning point of the Civil war.', 'why were the battles of Gettysburg and Vicksburg the turning point in the Civil War.', ""The battle involved the largest number of casualties of the entire war and is often described as the war's turning point."", ""The first major Civil War battle west of the Mississippi River took place on August 10, 1861 at Wilson's Creek, Missouri, while the largest battle west of the Mississippi River was the Battle of Westport in Kansas City in 1864."", 'Fort Henry Summary: The Battle of Fort Henry was the first significant Union victory of the American Civil War.']",The Battle of Gettysburg marked the turning point of the Civil War.,,1.0,0.6725798844005008,0.49999999995
how long does chicken tortilla soup last in fridge,"[""Nutrition summary: There are 220 calories in a 1 bowl serving of Applebee's Chicken Tortilla Soup (Bowl)."", ""Store the chicken in the fridge or freezer immediately if you're not cooking it right away. Chicken can be stored in the coolest part of your refrigerator for two days; if you plan on cooking it a few days later or even a long time later, you should freeze it right away."", 'A chicken soup can stay good for 5-7 days in the fridge.', 'Store chicken in a Leakproof Glass Container in the fridge (40Â°F or below) for 1-2 days, or keep cut-up chicken in the freezer (0Â°F or below) for up to 9 months.*.', 'According to Foodsafety.gov, uncooked poultry is safe in the refrigerator for 1-2 days, and safe in the freezer for 9 months (for pieces) and up to 12 months for whole chickens or turkey.Cooked poultry is safe refrigerated for 3-4 days.You can also freeze your cooked breaded chicken cutlets (tightly wrapped in foil or saran wrap and place in freezer bags) for 1-3 months. Just pull it out the night before you want to have it and thaw in the fridge.f I have breaded chicken cutlet Iâ\x80\x99m never sure how long (it can last in the refrigerator) and I tend to cook it all at once.']",I cannot answer from the given context.,,0.0,0.0,0.0
what level does zubat evolves to,"['PokÃ©mon it evolves From charmander starting at level 16 and evolves Into charizard starting at level.', 'Zubat will evolve into Golbat when it reaches level 22. Golbat will evolve into Crobat when it has a high enough happiness stat.', 'What level does wingull evolve in Pokemon emerald? Wingull evolves into Pelipper starting at Level 25 (if evolve is  deferred at level 25, it will continue to try to evolve every time  it gains a level thereafter).', 'Best Answer: It evolves at Level 20, your Magikarp will learn tackle at a certain level from that until 20.', ""Since Pichu evolves at 220 Friendship, you don't have much to do to get it to that level if you capture the Pichu in a Friend Ball.""]",Zubat will evolve into Golbat when it reaches level 22.,,1.0,0.8573360060677563,0.0
population of quartzsite az,"['Quartzsite, Arizona. Quartzsite is a town in La Paz County, Arizona, United States.', 'Interstate 10 runs directly through Quartzsite and is at the intersection of U.S. Route 95 and Arizona State Route 95 with I-10.', ""Local Information about Quartzsite, AZ. and Surrounding Areas Here is a copy of The Quartzsite Area Guide where you will find lots of information on what's happening, in and around Quartzsite, AZ., including a Calandar of Events, business listings and much, much more. Town of Quartzsite - Official Web Site for the Town of Quartzsite. Quartzsite Chamber of Commerce. Local News, Blogs and other information on The Town of Quartzsite, AZ - The Desert Messenger."", 'The population of the Riviera Maya is around 150,000. The estimated population of Mexico is 108,700,891, and the population of Quintana Roo, the state in which the Riviera Maya is located, is approximately 880,000.', 'Census Bureau, the city had an estimated population of 475,378 in 2015, making it the 36th largest city by population in the United States.']",I cannot answer from the given context.,,0.5,0.0,0.0
average money market interest rates,"['Average Savings Account Interest Rate. As of April 2016, the national average savings account interest rate is only 0.06 percent for all balances, according to the FDIC â\x80\x94 the same as it was before the fed funds rate increase at the end of 2015. The national average money market account interest rate is slightly higher, however. For deposits less than $100,000, the average money market account interest rate is 0.08 percent; for deposits of $100,000 and higher, the rate is 0.12 percent.', 'Average Personal Loan Interest Rates for 2017. For 2017, the average personal loan interest rates are between 10% to 28%. Actual interest rates vary based on the qualifications of a borrower, the length of the loan, the loan amount and the lender. Below, we have compiled the average personal loan interest rates by credit score and by lender.', 'Average Commercial Real Estate Loan Rates by Loan Type. Depending on the type of loan you choose, interest rates will vary from 3.5% to upwards of 30%. Government-backed loans, such as SBA or USDA loans, and conventional commercial mortgages will typically offer the most competitive interest rates.', 'You can deposit money into your Money Market Account at any time by check, direct deposit, or a transfer through Online Banking.', 'Notes: Weekly national average rates on conventional, conforming, 30- and 15-year fixed and 1-Year CMT-indexed.']","For deposits less than $100,000, the average money market account interest rate is 0.08 percent; for deposits of $100,000 and higher, the rate is 0.12 percent.",,1.0,0.8451062719264862,0.0
can you file bankruptcy separately if you are getting divorced,"['Therefore, you and your spouse can eliminate unsecured debt which takes away the fight over debt. Warning, if you and your spouse file for a Chapter 13 bankruptcy then you are both responsible for the repayment plan.', ""But if you're getting divorced and need a quick decision from a judge about who gets the kids, the car, the money in the bank accounts, or the house for now -- or if you need money for support right away -- obviously you can't wait that long."", 'If you file for Chapter 7 bankruptcy in New Hampshire, you can protect some or all of your property with New Hampshireâ\x80\x99s bankruptcy exemptions. The bankruptcy exemptions in New Hampshire also play a role in Chapter 13 bankruptcy.', 'If your inheritance is deemed to be property of the bankruptcy estate, the trustee can take it unless you can exempt its full value.', 'If you file separately, you will only be responsible for the accuracy and payment of taxes for your own return. So, if you know or suspects that your spouse is omitting income or overstating deductions and/or credits, you may want to file a separate return.']",I cannot answer from the given context.,,0.0,0.0,0.0
average wpm typing speed,"['The average typing speed is 38-40 words per minute (wpm) for adults in a professional working environment (despite many incorrect reports on the web that it is 50-60 wpm). <br /> <br /> Some administrative assistants can type 70-80 wpm or more.', 'An average typist can achieve about 30 to 45 WPM (usually the minimum required for dispatch positions and other typing data entry jobs). Advanced typists generally are expected to operate at typing speeds above 60 WPM.', 'What is the average typing speed on 10FastFingers? Its hard to calculate the average typing speed as this highly depends on the language and on the word-difficulty. For the normal version of the english typing test we have calculated an average of 41 WPM, this value is based on over 73 million typing results.', 'An average touch typer can type at around 60 WPM (word per minute).', 'WPM â\x80\x93 your known current typing words per minute rate; An average number of characters in typed words (also known as keystrokes), which we set to 5']","The average typing speed is 38-40 words per minute (wpm) for adults in a professional working environment. Additionally, an average typist can achieve about 30 to 45 WPM, and an average touch typist can type at around 60 WPM. The average on 10FastFingers is calculated to be 41 WPM.",,1.0,0.7743432892754414,0.0
what was the major result of the industrial revolution,"['A major result of the Industrial Revolution was an increase in global trade.Many industrial countries sought new markets for their goods, and raw materials from which to make those goods. A result of this increase in trade was imperialism of Africa, India, China, and much of the rest of Asia.he Industrial Revolution began in Great Britain in the early 19th century before spreading to Belgium, France, Germany, the United States and Japan.', 'The Industrial Revolution began in Great Britain in the early 19th century before spreading to Belgium, France, Germany, the United States and Japan. It was a fundamental change in the way goods were produced, and altered the way people lived.A result of the Industrial Revolution was a movement of people and goods all around the world as global trade and migrations increased.', 'One of the defining and most lasting features of the Industrial Revolution was the rise of cities.', '1  Industrial Revolution: The Industrial Revolution in Great Britain-The Industrial Revolution in Great Britain The ground was prepared by the voyages of discovery from ...', 'The Industrial Revolution in Great Britain.']",A major result of the Industrial Revolution was an increase in global trade.,,1.0,0.9238453364295783,0.0
what tests can doctors do to check to see if you are at risk of heart attack,"['See a cardiologist asap and get the follow up results. The only real way to tell if you have had a heart attack is to do a double comparison blood test after the event.Start investigating your condition.ee a cardiologist asap and get the follow up results. The only real way to tell if you have had a heart attack is to do a double comparison blood test after the event.', 'This is the cause of the majority of heart attacks. If you worry you might be at risk for a heart attack, you can follow a few simple steps to prevent one from happening.', 'Stress Test. Stress tests are most often used to evaluate chest pain or other symptoms that can indicate blocked heart arteries. These tests measure blood flow to your heart muscle under stress conditions. The â\x80\x9cstressâ\x80\x9d in a stress test is usually physical exercise, such as walking on a treadmill to increase your heart rate and blood pressure.', 'An MRI of the heart can provide a visual image of the size and thickness of the walls of the chambers of the heart. If you had a heart attack or have heart disease, an MRI can show how much damage has been done to your heart.', ""A heart attack happens when the flow of oxygen-rich blood to a section of heart muscle suddenly becomes blocked and the heart can't get oxygen. If blood flow isn't restored quickly, the section of heart muscle begins to die.Heart attacks are a leading killer of both men and women in the United States.ome of the most common warning symptoms of a heart attack for both men and women are: 1  Chest pain or discomfort. 2  Most heart attacks involve discomfort in the center or left side of the chest.""]","Doctors can perform a stress test to evaluate chest pain or other symptoms that can indicate blocked heart arteries. Additionally, a double comparison blood test can be done after an event to determine if a heart attack has occurred. An MRI of the heart can also provide information about heart damage if a heart attack or heart disease is suspected.",,1.0,0.8237666320962361,0.0
caffeine effects on exercise,"['If you use caffeine to improve your exercise ability, use relatively low doses.', 'Consumption of caffeine drinks has increased dramatically in the last 5 years and consequently the numbers of individuals suffering adverse effects is greater also. Some people suffer an intolerance to caffeine. Caffeine is a stimulant which means it can make you feel alert and less sleepy for a short period of time. Caffeine is also a natural diuretic which means it can increase the amount of urine you produce.', 'Some teens who are more sensitive to caffeine will feel stronger effects with smaller amounts than others who are less sensitive to it. Having too much caffeine can cause side effects like â\x80\x9cthe jittersâ\x80\x9d, restlessness, anxiety, insomnia (trouble sleeping), headaches, high blood pressure and a fast heart rate. Caffeine is a diuretic, which means that it will make you have to urinate (pee) more often.', 'Coffee and energy drinks do share caffeine in common. However what you need to recognize first and foremost is that coffee has higher concentrations of caffeine which will have more of a sudden impact on the central nervous system.', 'Most of you are very familiar with the side effects of caffeine: agitation, tremors, insomnia, headache. Overall, despite documented cases of dependence and withdrawal, caffeine consumption has a generally attractive safety profile with a wide therapeutic range.']","If you use caffeine to improve your exercise ability, use relatively low doses.",,1.0,0.8480655696712488,0.0
what is the weather like in toronto,"['What to Pack for Toronto in July', 'The best time all year to apartment hunt in Toronto is March-April for April-May occupancy to take advantage of the end of the Winter semester. You could grab something then and move in early or sublet it out for a few months, but for simplicity in your case, start hunting in May-June for August-September occupancy.', 'Re: What is the weather like in October?', ""Toronto has edged ahead of Chicago to become North America's fourth most populous city. Already the largest city in Canada, Toronto's new population estimate is 2.79 million â\x80\x94 beating Chicago's 2.7 million people."", ""I've never been during that time of year, so I was wondering what the weather is typically like.""]",I cannot answer from the given context.,,1.0,0.0,0.0
which function automatically counts cells that meet multiple conditions,"['This Excel tutorial explains how to use the Excel COUNTIF function with syntax and examples. The Microsoft Excel COUNTIF function counts the number of cells in a range, that meets a given criteria. If you wish to apply multiple criteria, try using the COUNTIFS function.', '3  It identifies and counts the number of the various types of white blood cells present.', 'Best Answer: it is a function that takes the number from the previous row and automatically increments by one.', 'To learn more about COUNTIF, see COUNTIF function. To learn about an even more powerful function introduced in Excel 2007 that lets you use multiple criteria and ranges, see COUNTIFS function.', 'Picture column A full of comments like feedback from a survey question. Now picture column B with a formula which counts occurrances of particular key words within each comment.']",The function that automatically counts cells that meet multiple conditions is the COUNTIFS function.,,1.0,0.9766082779600781,0.0
what is the zip code for helena mt,"['The Helena Zip Code in Montana is 59601, 59602, 59604, 59620, 59623, 59624, 59625, 59626. By pressing keys ctrol + F you can search Helena zip codes by its streets, highways, and know the ZIP+4 US ZIP Code.', 'Zip Code 19061 Description Zip Code 19061 is located in the state of Pennsylvania in the Metro Philadelphia metro area. Zip code 19061 is primarily located in Delaware County. The official US Postal Service name for 19061 is MARCUS HOOK, Pennsylvania.', 'below you can find map of monticello or look up other zip codes in new york or other us states if monticello s zip code is duplicated and other places have same zip code number you can use our zip code searcher by number 12701', '45205 zip code is part of Hamilton County. 45205 zip code has 2.90 square miles of land area and has no water area.As of 2010, the total 45205 zip code population is 19,389, which has shrunk 16.22% since 2000. The population growth rate is much lower than the state average rate of 1.62% and is much lower than the national average rate of 9.71%.5205 zip code is part of Hamilton County. 45205 zip code has 2.90 square miles of land area and has no water area.', 'Zip Code 43537 Population. 43537 is located in the state of Ohio in the Toledo metro area. Zip code 43537 is primarily located in Lucas County. The official postal service name used for 43537 is MAUMEE, Ohio.']","The zip codes for Helena, MT are 59601, 59602, 59604, 59620, 59623, 59624, 59625, and 59626.",,1.0,0.8754163413074384,0.0
why are clouds flat at the bottom,"[""Clouds are flat on the bottom because this is the transition point where the temperature & pressure are at a point where the air cannot hold all of it's water in its gaseous form (clouds are made of water in its liquid or solid state)."", 'It has a complex cloud  structure with water clouds presumably being the deepest and  methane clouds at the top.', ""The Troposphere. The troposphere is the lowest layer of Earth's atmosphere. The troposphere starts at Earth's surface and goes up to a height of 7 to 20 km (4 to 12 miles, or 23,000 to 65,000 feet) above sea level.Most of the mass (about 75-80%) of the atmosphere is in the troposphere. Almost all weather occurs within this layer.ir pressure and the density of the air are also less at high altitudes. The layer above the troposphere is called the stratosphere. Nearly all of the water vapor and dust particles in the atmosphere are in the troposphere. That is why most clouds are found in this lowest layer, too."", 'There are four basic types of clouds. High clouds, middle clouds, low clouds, and clouds with vertical developement.', 'It is of interest to note the appearance of the sky when cumulus clouds are present. There were cumulus clouds of varying closeness all the time. cumulus clouds, when they are well defined, and advance with the wind, foretell fine weather.']",Clouds are flat on the bottom because this is the transition point where the temperature and pressure are at a point where the air cannot hold all of its water in its gaseous form.,,1.0,0.989170061081844,0.0
putrescine definition,"['Definition of man. Definition of Man, also known as the Definition of Human, originated from a summary essay of Kenneth Burke (1897â\x80\x931993) which he included in his 1966 work, Language as Symbolic Action.', 'Putrescine, or tetramethylenediamine, is a foul-smelling[1] organic chemical compound NH2(CH2)4NH2 (1,4-diaminobutane or butanediamine) that is related to cadaverine; both are produced by the breakdown of amino acids in living and dead organisms and both are toxic in large doses.[2][3] The two compounds are largely responsible for the foul odor of ...', 'This is the British English definition of king. View American English definition of king.', 'Praesent in placerat urna.', 'This is the British English definition of analgesic. View American English definition of analgesic.']","Putrescine, or tetramethylenediamine, is a foul-smelling organic chemical compound NH2(CH2)4NH2 (1,4-diaminobutane or butanediamine) that is related to cadaverine; both are produced by the breakdown of amino acids in living and dead organisms and both are toxic in large doses.",,1.0,0.7132343696659031,0.49999999995
what produces connective tissue fibers,"['Specialized connective tissue includes: 1  Dense regular connective tissue (found in tendons and ligaments) 2  Cartilage (a type of supporting connective tissue that consists of chondrocyte cells, collagen fibers, and elastic fibers; semi-solid or flexible matrix; includes hyaline cartilage, fibrocartilage, and elastic cartilage)', 'The extracellular spaces (space outside of cells) in connective tissue are referred to as the extracellular matrix. Connective tissue, therefore, is made up of cells and extracellular matrix. The extracellular matrix is composed of glycosaminoglycans and proteoglycans. It is variations in the composition of the extracellular matrix that determine properties of the connective tissue. Connective tissue is made up of: Fibrous components (collagen and elastin)', 'Dense irregular tissues have fibroblasts and matrix fibers (mostly collagen) that are oriented differently, i.e., not oriented in a parallel fashion. This tissue is present in the skin.It consists primarily of collagenous fibers, but fibroblasts and ground substance are also present.ense irregular connective tissue has fibers that are not arranged in parallel bundles as in dense regular connective tissue. This tissue comprises a large portion of the dermis.', 'Cartilage is a type of supporting connective tissue. Cartilage is a dense connective tissue, consisting of the chondrocyte cells. Cartilage connective tissue includes hyaline cartilage, fibrocartilage and elastic cartilage. The fibers in the cartilage connective tissue include collagen and elastic fibers.emapoetic or lymphatic connective tissue is another type of fluid connective tissue.', 'Elastic tissue is classified as connective tissue proper.']",I cannot answer from the given context.,,0.0,0.0,0.3333333333
what language jamaica speak,"['Tswana is an official language and lingua franca of Botswana.The majority of Tswana speakers are found in South Africa, where four million people speak the language, and where an urbanised variety known as Pretoria Sotho is the principal language of that city.swana is an official language and lingua franca of Botswana.', ""Dutch and the local language of Papiamento are the official languages of Aruba, but most Arubans speak a minimum of four languages including English and Spanish.ruba's native language of Papiamento embodies the friendliness for which the local population is known, with the language marked with an inclusive and open nature as represented in its unique sayings and mannerisms."", 'The Process of Freedom in Jamaica â\x80\x94 Apprenticeship being the last stage of slavery than the first stage of freedom. The Process of Freedom in Jamaica â\x80\x94 Apprenticeship being the last stage of slavery than the first stage of freedom. The Process of Freedom in Jamaica â\x80\x94 Apprenticeship being the last stage of slavery than the first stage of freedom.', 'In English, Bengali refers to both the language and the people who speak it.', 'The Pashtuns speak Pashto, which is an Indo-European language and one of the two official languages of Afghanistan.']",I cannot answer from the given context.,,0.0,0.0,0.0
which pair of chromosomes would result in the birth of a male,"['Each person normally has 23 pairs of chromosomes in each cell (23 pairs = 46 chromosomes). One of these pairs carries chromosomes called the X and Y chromosomes, which determine whether you will be male or female.If you are male, you have an XY pair.ach person normally has 23 pairs of chromosomes in each cell (23 pairs = 46 chromosomes). One of these pairs carries chromosomes called the X and Y chromosomes, which determine whether you will be male or female.', 'Males have one Y chromosome and one X chromosome, while females have two X chromosomes. In mammals, the Y chromosome contains a gene, SRY, which triggers embryonic development as a male.ost mammals have only one pair of sex chromosomes in each cell. Males have one Y chromosome and one X chromosome, while females have two X chromosomes. In mammals, the Y chromosome contains a gene, SRY, which triggers embryonic development as a male.', 'Most mammals have only one pair of sex chromosomes in each cell.', 'The normal human karyotypes contain 22 pairs of autosomal chromosomes and one pair of sex chromosomes. Normal karyotypes for females contain two X chromosomes and are denoted 46,XX; males have both an X and a Y chromosome denoted 46,XY.Any variation from the standard karyotype may lead to developmental abnormalities.he number of chromosomes in the karyotype between (relatively) unrelated species is hugely variable.', 'Aneuploidy originates during cell division when the chromosomes do not separate properly between the two cells. Most cases of aneuploidy result in miscarriage and the most common extra autosomal chromosomes among live births are 21, 18 and 13. Different species normally have different numbers of chromosomes from one another, and the terms aneuploid and polyploid refer to the chromosome number being different from the usual number for that species.']",The pair of chromosomes that would result in the birth of a male is XY.,,1.0,0.9114967544193093,0.0
wpm average speed,"['The average typing speed is 38-40 words per minute (wpm) for adults in a professional working environment (despite many incorrect reports on the web that it is 50-60 wpm). <br /> <br /> Some administrative assistants can type 70-80 wpm or more.', 'WPM â\x80\x93 your known current typing words per minute rate; An average number of characters in typed words (also known as keystrokes), which we set to 5', 'An average typist can achieve about 30 to 45 WPM (usually the minimum required for dispatch positions and other typing data entry jobs). Advanced typists generally are expected to operate at typing speeds above 60 WPM.', 'Our testing and results reflect the environment you would be working in, so our formula for converting WPM to KPH is based on this.', 'An average touch typer can type at around 60 WPM (word per minute).']","The average typing speed is 38-40 words per minute (wpm) for adults in a professional working environment. An average typist can achieve about 30 to 45 WPM, while advanced typists generally are expected to operate at speeds above 60 WPM. An average touch typist can type at around 60 WPM.",,1.0,0.46062977382607445,0.19999999998
why does yahoo keep freezing,"['Q: my computer keeps freezing up. why does my computer keep freezing up on me and what can i do to fix it i have windows7 i have 32 bit.', 'Contact Yahoo Customer Service at @(+1)-800-946-8199@.', 'So, we offer necessary third party Yahoo email technical support, you just have to call our Yahoo Customer Service Number (866-688-6581). we assure you to give you complete,quick & professional assistance to remove all the problems & issue with your yahoo account. Its a toll free Yahoo Contact number.', '6  Why does steam download so fast, while my browser downloads VERY slow.', 'Yahoo email services are availed by a large number of folks these days because of its high security and performance. Yahoo mail services were very popular before Gmail came into existence.']",I cannot answer from the given context.,,1.0,-0.0,0.0
discover meaning in english,"['Examination of Old English words along with their modern meanings can give you a glimpse of how languages develop through time. The first form of English as a language is termed Old English and came into being during the 5th century. Many common words and verbs can be found in Old English that hold the same meaning today.', 'â\x80¢ DISCOVER (verb) The verb DISCOVER has 8 senses: 1. discover or determine the existence, presence, or fact of.', 'English grammar is the way in which meanings are encoded into wordings in the English language.', 'discover meaning, definition, what is discover: to find someone or something, either by ...: Learn more.', 'The name Cadence is an English baby name. In English the meaning of the name Cadence is: meaning a rhythmic flow of sounds. American Meaning: The name Cadence is an American baby name. In American the meaning of the name Cadence is: meaning a rhythmic flow of sounds.']","The verb ""discover"" means to find someone or something, either by determining the existence, presence, or fact of it.",,1.0,0.8356007972583099,0.0
when did the hittites start,"['The Hittites invade the region of the Hatti and begin a systematic campaign against them.', 'Einstein did not start speaking until he was four, or so I was told by friends when they learned that Vincent, my toddler son, had a problem with his speech development.', 'Under the Hittite Warrior-King Hattusili, campaigns are carried to completion subjugating the Hatti. Hattusa is re-built as the Hittite capital.', 'Best Answer: Hitler did not start the Nazi party.', 'It was about 700 B.C.']",I cannot answer from the given context.,,0.5,-0.0,0.0
who is deputy director andrew mccabe,"[""The editor is Kevin O'Sullivan who succeeded Geraldine Kennedy in 2011; the deputy editor is Denis Staunton."", 'Incumbent Deputy General Manager.', 'The Deputy Director of the Federal Bureau of Investigation (formerly known as the Associate Director) is a senior United States government position in the Federal Bureau of Investigation. The office is second in command to the Director of the Federal Bureau of Investigation.', 'Andrew McCabe.', 'Andrew R.']",I cannot answer from the given context.,,0.0,0.0,0.0
why is it important to have a good job description for any position,"['Why You Need Job Descriptions. Writing job descriptions is an important step in planning your staffing programs.', 'Highlight your accomplishments. Update your resumeâ\x80\x99s job description section with a bulleted list of your strongest accomplishments for your current employer. As youâ\x80\x99re updating your accomplishments, keep in mind the position youâ\x80\x99re applying for, and tie in accomplishments that would be important in the new position.', 'Feel free to revise this job description to meet your specific job duties and job requirements.', 'You must know about the new position to make such a comment, so always obtain a full copy of the job description before your interview.', 'Writing job descriptions on your dairy farm is not difficult, especially if you approach the task in a step-by-step manner. additional labor needs on the dairy farm. Conducting a Job Analysis: Identify the key positions already in existence on your dairy farm.Be sure to include every position in the job analysis process â\x80\x93 including the positions and tasks performed by the owners and managers at your dairy farm. Then for each position, conduct a job analysis.A job analysis is simply the process of breaking down and understanding the various elements of a position.onducting a Job Analysis: Identify the key positions already in existence on your dairy farm. Be sure to include every position in the job analysis process â\x80\x93 including the positions and tasks performed by the owners and managers at your dairy farm. Then for each position, conduct a job analysis.']",I cannot answer from the given context.,,0.0,0.0,0.0
are spasms harmful,"['1  Muscle spasms are not dangerous.', 'Muscle spasms - esp.', 'There are 35 conditions associated with muscle cramps or spasms (painful) (back), muscle cramps or spasms (painful) (leg), pain or discomfort and sudden numbness or weakness on one side of body.', 'Some people have spasms that occur frequently throughout the day.', 'Muscles in your scalp, neck, and face tighten and contract, causing spasms and pain.']",Muscle spasms are not dangerous.,,1.0,0.8625106103723165,0.0
what is the county north randall oh,"['North Randall is located in Cuyahoga County, OH.', 'There are 1 public schools in North Randall with an average Homefacts rating of C-. The total crime rate for North Randall is moderate, and there are 1 registered sex offenders residing in the city.', ""North Royalton's public library is a branch of the Cuyahoga County Public Library (CCPL), the busiest per-capita system in the country."", 'Grandview Heights, OH County Government.', 'North Park is a 3,075-acre (12 km 2) county park in Allegheny County, Pennsylvania, United States.']",Cuyahoga County,,1.0,0.3203535810907361,0.0
who wrote jude the obscure,"[""Preview â\x80\x94 Jude the Obscure by Thomas Hardy. Jude the Obscure. In 1895 Hardy's final novel, the great tale of Jude The Obscure, sent shockwaves of indignation rolling across Victorian England."", 'The most successful song with an Irish angle of the decade was published by the New York firm Witmark, copyright 1912; the credits were shared by George Graff Junior and Chauncey Olcott who wrote the words, and Ernest R.', 'Dixon is the pen name used by a variety of different authors (Leslie McFarlane, a Canadian author, being the first) who wrote The Hardy Boys novels for the Stratemeyer Syndicate (now owned by Simon & Schuster).', ""Robinson Crusoe is a novel by Daniel Defoe,  first published on 25 April 1719. This first edition credited the  work's fictional protagonist Robinson Crusoe as its author, l â\x80¦ eading  many readers to believe he was a real person and the book a  travelogue of true incidents,3 people found this useful.aniel Defoe wrote Robinson crusoe but it was based on a true story of Alexander Selkirk, who was put ashore of the uninhabited island of Juan Fernandez in 1704."", '09 Sep, 2012 who wrote 0.']",Thomas Hardy wrote Jude the Obscure.,,1.0,0.9527449772196025,0.0
what is the difference between thrombosis and embolism?,"['So the difference between the two would be a thrombosis is a blood clot which ...A venous thrombus is a blood clot (thrombus) that forms within a vein. Thrombosis is a term for a blood clot occurring inside a blood vessel.', 'HIT predisposes to thrombosis, the abnormal formation of blood clots inside a blood vessel, and when thrombosis is identified the condition is called heparin-induced thrombocytopenia and thrombosis (HITT).', 'What is the difference between non-chlorine and chlorine bleach?', '(It stays in ...An embolism is the sudden blockage of a blood vessel by an ...', 'What is the difference between CNC and conventional lathes?']",I cannot answer from the given context.,,0.0,0.0,0.0
sagging meaning,"['what causes sagging eye lids. The most common reason for sagging eyelids is aging. In reality, the eyelids themselves do not actually sag, but rather, there is a decrease in the volume behind the eyelids.', 'Sagging definition, to sink or bend downward by weight or pressure, especially in the middle: The roof sags.', 'If the chassis is sagging then weak springs are likely the cause.', 'When signs of fine lines and sagging start to show up on your skin, you should be vigilant about taking steps to control the damage.', ""Drooping eyelids may seem like an inevitable effect of getting older, but sagging eyelids not only age a person's face, they can impair peripheral vision too.""]","Sagging definition, to sink or bend downward by weight or pressure, especially in the middle: The roof sags.",,1.0,0.9269435870928242,0.0
sales tax meaning,"['A sales tax is a tax imposed by state and local governments on transactions that occur within their jurisdictions. The taxing authority determines which transactions are subject to tax and the flat rate at which the tax is calculated.', 'In some short sales and foreclosed properties the bank may ask that the buyer payes the sales tax on a house.', 'â\x80¢ Tax rates are the same as sales tax.', '3  Sales Tax is to be charged at the rate of 6% prior to July 15, 2006. 4  Sales Tax is to be charged at the rate of 7% on and after July 15, 2006.', 'Example: You live and run your business in Kearney, NE where the sales tax rate is 7%, but you sell to a customer in Norfolk, NE. The sales tax rate in Norfolk, NE is 7.5%, so you would charge your customer that 7.5% rate.']",A sales tax is a tax imposed by state and local governments on transactions that occur within their jurisdictions. The taxing authority determines which transactions are subject to tax and the flat rate at which the tax is calculated.,,1.0,0.8656651060131225,0.0
where on the map is macedonia located number,"['Macedonia is a landlocked country surrounded on the north by Serbia, on the south by Greece, on the west by Albania, and on the east by Bulgaria. The terrain of Macedonia is rather hilly, with deep basins and valleys. Macedonia has three large lakes, Lake Prespa, Lake Doiran, and Lake Ohrid.acedonia is a land-locked nation located in southeastern Europe.', 'Macedonia is slightly larger than the state of Vermont with a total area of 9,781 square miles (25,333 square kilometers).', ""Where is Hungary located on the world map? The given Hungary location map shows that Hungary is located in the Central Europe and it is a landlocked country.s it is shown on the Hungary map that Hungary is a landlocked country hence it has a continental climate with hot summers and mildly cold snowy winters. Interestingly, Hungary is one of the most popular tourist's destinations on the world map. Millions of tourists across the world visit Hungary every year."", 'When you are on the map page you can see where you have travel and where you need to travel.', 'where the Village of Eight is located on the other side of it. Turning onto road which leads to the village of eight.']",I cannot answer from the given context.,,0.0,0.0,0.0
what vitamin is lacking in elderly women,"['Depression in Elderly Women Linked to Vitamin B-12 Deficiency. May 11, 2000 -- Researchers have found a link between depression and deficiencies of vitamin B-12, which is thought to be essential to proper functioning of our brains and nervous systems. In a study of 700 elderly women, those with vitamin B-12 deficiencies were twice as likely as others to be severely depressed. Our most important finding was that vitamin B-12 deficiency and depression are correlated.', 'For the study, 30 women with fibromyalgia â\x80\x93 who were also deficient in vitamin D â\x80\x93 were divided into two groups.', 'So what causes low vitamin D?', 'What Causes Low Vitamin D? Vitamin D is a necessary nutrient for bone health, since it helps your body absorb and use calcium.', 'Women should consume 75 milligrams daily, while men need 90 milligrams of vitamin C each day.']",Vitamin B-12.,,0.0,0.41305356500106205,0.9999999999
scar meaning in swahili,"['Today, the Swahili tribe reside in most of the coastal towns in Kenya and Tanzania, including Mombasa and Malindi, and on the Indian Ocean islands of Lamu, Pemba and Zanzibar.oday, the Swahili tribe reside in most of the coastal towns in Kenya and Tanzania, including Mombasa and Malindi, and on the Indian Ocean islands of Lamu, Pemba and Zanzibar.', 'All other names are real Swahili names.', 'To start with, TATAKI checks whether a missing Swahili word does have a semantic equivalent in any of the vernacular languages.', ""Scar is the main antagonist of Disney's 1994 animated feature film, The Lion King."", 'The scar tissue makes the liver lumpy and hard, and after a while, the organ will start to fail. The scar tissue makes it tough for blood to get through a large vein (the portal vein) that goes into the liver. When blood backs up into the portal vein, it can get into your spleen and cause trouble in that organ, too.']",I cannot answer from the given context.,,0.0,0.0,0.0
scriptural definition of idol,"['Idol definition, an image or other material object representing a deity to which religious worship is addressed.', 'She rose to fame as the winner of the third season of the reality television series American Idol in 2004.', 'He tries his best to be a big idol to all the boys and girls out there.', 'RELATED PICS: Top-Earning American Idol Alums.', 'LÃ¤r roman mythology a tutelary deity or spirit Of an.']",I cannot answer from the given context.,,0.0,0.0,0.0
who is maryam mirzakhani,"['Maryam Mirzakhani. Maryam Mirzakhani (Persian: Ù\x85Ø±Û\x8cÙ\x85 Ù\x85Û\x8cØ±Ø²Ø§Ø®Ø§Ù\x86Û\x8câ\x80\x8eâ\x80\x8e), born on May 3, 1977, is an Iranian-American mathematician and a professor of mathematics at Stanford University.', 'Profile: Who is Satya Nadella.', 'someone who is ineffective or irresponsible The definition of feckless is  someone who is ineffective or irresponsible. A person who cannot be trusted to take on responsibility is an example of someone who would be described as feckless.', 'Mohammed K Rashid, M.D.', 'Child Definition: A young individual who is under the legal age of majority, or who is the natural offspring of another. A minor; an individual who is not yet an adult or who has not reached the age of majority. Most jurisdictions have defined child in terms of a specified age of majority.']","Maryam Mirzakhani is an Iranian-American mathematician and a professor of mathematics at Stanford University, born on May 3, 1977.",,1.0,0.8933005540820181,0.0
blisovi dangerous side effects,"['Blisovi Fe 1.5/30 (28) oral Side Effects Nausea, vomiting, headache, bloating, breast tenderness, swelling of the ankles/feet (fluid retention), or weight change may occur.', 'Like most strong antibiotics, Bactrim side effects are common. However, do not allow side effects to cause you to stop taking your medication, as the benefits of taking Bactrim outweigh the side effects in the long run. The most frequent complaints that Bactrim users remark on include: 1  Nausea/upset stomach.', 'Side effects â\x80\x94 The major side effects of sulfasalazine can be classified according to how frequently the side effect occurs: commonly, uncommonly, and rarely. Common side effects â\x80\x94 The most common side effects of sulfasalazine are headache, nausea, fever, rash, and reversible infertility in men.', 'As with any medicine, side effects are possible with acyclovir ointment.', 'Reported side effects include inflammation, problems with blood clotting and the immune system, nausea, and diarrhea.']",I cannot answer from the given context.,,0.0,-0.0,0.9999999999
what month is the balloon festival in new mexico,"[""Hot Air Balloon Rides in Albuquerque during the Largest Balloon Festival in the World. We offer hot air balloon flights during the time of the big Balloon Festival in Albuquerque (October 5th - 17th, 2017). As with all hot air balloon companies in Albuquerque other than the Festival's contracted balloon ride concessionaire, we are not participants in the event."", ""The New Mexico skies are painted as hundreds of balloons lift off from Albuquerque's Balloon Fiesta Park."", 'La Tomatina festival is a tomato throwing festival held on the last Wednesday of August every year in the town of Bunol, near Valencia in eastern Spain. La Tomatina festival is a tomato throwing festival held on the last Wednesday of August every year in the town of Bunol, near Valencia in eastern Spain.', 'It is celebrated in the month of July and usually has a new theme every year.', 'Roadrunner (The Chaparral Bird)The official state bird of New Mexico is the chaparral bird, commonly called roadrunner, adopted in 1949.']",The balloon festival in New Mexico is in October.,,1.0,0.913985297111562,0.0
> what is powershell,"['Microsoft Windows PowerShell 4.0. Microsoft Windows PowerShell 4.0 is the version of the PowerShell scripting language found in Windows Server 2012 R2. Microsoft Windows PowerShell Direct.', 'PowerShell (including Windows PowerShell and PowerShell Core) is a task automation and configuration management framework from Microsoft, consisting of a command-line shell and associated scripting language built on the .NET Framework and .NET Core.', 'PowerShell ISE - Computer Definition. ( 1 PowerShell Integrated Scripting Environment) The Windows integrated development environment (IDE) for executing PowerShell commands and creating PowerShell applications.', 'HKEY_LOCAL_MACHINE\\SOFTWARE\\Microsoft\\PowerShell\\3\\PowerShellEngine\\PowerShellVersion. To determine the version of PowerShell that is installed from a .ps1 script, you can use the following one-liner, as detailed on PowerShell.com in Which PowerShell Version Am I Running.KEY_LOCAL_MACHINE\\SOFTWARE\\Microsoft\\PowerShell\\3\\PowerShellEngine\\PowerShellVersion. To determine the version of PowerShell that is installed from a .ps1 script, you can use the following one-liner, as detailed on PowerShell.com in Which PowerShell Version Am I Running.', 'Microsoft Windows PowerShell Direct is a feature of Windows Server 2016 and Windows 10 that allows a user to manage a VM without ...']","PowerShell (including Windows PowerShell and PowerShell Core) is a task automation and configuration management framework from Microsoft, consisting of a command-line shell and associated scripting language built on the .NET Framework and .NET Core.",,1.0,0.9799993710738774,0.0
what states are reciprocal with massachusetts,"['The following group of eleven states offers complete reciprocity with Massachusetts: CT, RI, WV, NE, IA, TN, MI, CO, GA, PA, and NM. In addition, there are four states with specific conditions for real estate license reciprocity: OK, NY, NH and ME.', 'Are you doing business in Massachusetts or just getting started?', 'Let me explain Alabamaâ\x80\x99s Reciprocal License process.', 'Massachusetts Marijuana Laws. Marijuana possession, sale, and manufacture are regulated by both state and federal law. In Massachusetts, marijuana is classified as a class D substance, and until recently was completely illegal.', 'But the Massachusetts Legislature and Gov.']","The states that offer complete reciprocity with Massachusetts are CT, RI, WV, NE, IA, TN, MI, CO, GA, PA, and NM.",,1.0,0.7995270711599319,0.0
what is the real color of saturn,"['Saturn revolves or orbits around the sun once every 29.4 Earth years, or once every 10,755.7 Earth days, which is roughly 10755 days, 3 hours and 15 minutes. Saturn travels atâ\x80¦ an average speed of 21,637 miles per hour or 34,821 kilometers per hour in its orbit around the sun.', 'Where does the majority of the energy (heat) on Saturn come from? Saturn generates the majority of its own energy.', 'Saturn in a medium telecope (180x power) [2]. Saturn in a large, quality telescope (360x power) [3].', 'Saturn is described as having a yellowish-brown color.', 'Saturn Sky car review. The Saturn Sky is one of the most exciting new vehicles to come down the pike, not because of its blazing speed (itâ\x80\x99s not all that fast), its excellent cornering and road feel, or its technology; but because it provides the looks of the first-generation Dodge Viper in a cute, sporty, small package.']",Saturn is described as having a yellowish-brown color.,,1.0,0.8909460392288037,0.0
how to change ip address on netgear router,"['- Go into the Netgear router to set the IP address to use.', 'To change the WAN IP (external IP) address of the router, you have 2 options : - Go into the parent router (for exemple : the box) to set a static IP address for your router.', 'Alllll NETGEAR tech support number (18442349752) NETGEAR router number 1-844-234-9752 Netgear router help desk number Big netgear tech support phone number =1-844-234-9752= NETGEAR Router customer service number NETGEAR router support number', ""Finding the IP address for your Router. Your router IP is determined by the brand of router you use. For example Linksys routers use 192.168.1.1, while D-Link routers usually use 192.168.0.1.The documentation that comes with your router will provide your router IP address, however if you can't find your manual you can find the IP address using ipconfig.Type cmd in the search or run box from your Windows Start Menu.or example Linksys routers use 192.168.1.1, while D-Link routers usually use 192.168.0.1. The documentation that comes with your router will provide your router IP address, however if you can't find your manual you can find the IP address using ipconfig."", 'You can find it by doing one of the following: 1  Either find your router IP address using this guide: How To Find Your Routers IP Address. 2  Or you can use our Free Software to find your router IP address.']","To change the WAN IP (external IP) address of the Netgear router, you have 2 options: go into the parent router to set a static IP address for your router or go into the Netgear router to set the IP address to use.",,1.0,0.8733702393472206,0.0
cooperative building definition,"['Best Answer: A co-op apartment or a housing cooperative is a unit in generally a large building that is leased exclusively to the person who purchases it. Buying a co-op apartment is different than buying a house.', 'Cooperative education (or co-operative education) is a structured method of combining classroom-based education with practical work experience. A cooperative education experience, commonly known as a co-op, provides academic credit for structured job experience. Cooperative education is taking on new importance in helping young people to make the school-to-work transition, service learning, and experiential learning initiatives.', 'Cooperative Business Development Training Program is a rigorous course for participants to develop the skills to start a new cooperative and assist groups to start new cooperative enterprises.', 'Cooperative Extension Service.', '- The advantages of housing cooperative ownership include shared property taxes and stable neighbors. Find more about the advantages of co-op ownership.']",I cannot answer from the given context.,,0.0,0.0,0.0
department of labor sedentary definition,"['Department of Labor as defined in the Dictionary of.', 'To estimate a sedentary womanâ\x80\x99s individualized calorie needs, multiply her body weight by 13.', 'The Bureau of Labor Statistics (BLS) is a unit of the United States Department of Labor.', 'Department of Labor Bureau of Labor Statistics.', 'Department of Labor Bureau of Labor Statistics']",I cannot answer from the given context.,,0.0,0.0,0.0
difference between mozzarella and cheddar,"['The Difference Between Mozzarella and Cheddar Cheese. Mozzarella and Cheddar are the two types of cheeses which shows prominent differences among them when it comes to its method of preparation and their nutrient content. Mozzarella is said to be originated from Italy, where theCheddar cheeseis known to have originated from a small village known as cheddar in Somerset situated in England.', 'Whereas, cheddar is white and slightly yellow in color. At the same time, mozzarella is not very hard in texture, whereas, cheddarâ\x80\x99s texture is very hard. Whereas, the texture of mozzarella is semi-soft.', 'Cheddar is made up of cowâ\x80\x99s milk and mozzarella is made up of buffaloâ\x80\x99s milk.', 'Difference Between Ice Cream and Sorbet.', 'Breaded Mozzarella Sticks.']","Mozzarella and Cheddar differ in several ways: Mozzarella originates from Italy, while Cheddar comes from a village in Somerset, England. In terms of color, Cheddar is white and slightly yellow, whereas Mozzarella does not have a specified color. The texture of Mozzarella is semi-soft, while Cheddar has a very hard texture. Additionally, Mozzarella is made from buffalo's milk, while Cheddar is made from cow's milk.",,0.8888888888888888,0.9538024658356626,0.5833333333041666
calories in a flour wrap,"['Calories In turkey lunch meat wrap Calories: 335, Fat: 20g, Carbs: 9g, Protein: 32g, Fiber: 1g. Calories In Turkey Lunch meat wrap Calories: 151, Fat: 0g, Carbs: 2g, Protein: 0g, Fiber: 1g.', 'Calories in Wraps. The favorite choice for the term Wraps is 1 7-8 Flour Tortilla which has about 140 calories. Calorie and nutritional information for a variety of types and serving sizes of Wraps is shown below. Popular Types of Wraps.', ""There are 280 calories in 1 wrap of Dunkin' Donuts Turkey Sausage Wake-Up Wrap."", 'wrap - a sandwich in which the filling is rolled up in a soft tortilla.', 'There are 110 calories in a 53 pretzels serving of Rold Gold Pretzel Sticks.']",The favorite choice for the term Wraps is 1 7-8 Flour Tortilla which has about 140 calories.,,1.0,0.3878428022215916,0.0
how big are hedgehog litters,"['The average hedgehog has about 5,000 to 6,500 quills that are strong on the outer surface but filled with air pockets on the inside. When the creature is rolled into a ball, the quills on the back protect the tucked head, feet, and belly, which are not quilled.edgehogs have a relatively long lifespan for their size.', 'When litters are large, length is often less.', 'Housing Hedgehogs. Hedgehogs need a safe and secure home that they can not climb out of or squeeze through the bars. The home should provide adequate ventilation/circulation, but not be drafty.And it should be large enough to provide needed exercise.A minimum of 16â\x80\x9d x 24â\x80\x9d is recommended.lso make sure that they can not climb on any other cage accessories such as the hiding place or an exercise wheel if it were to get jammed or tipped over, thus, enabling the hedgehog to climb out.', 'Most baby hedgehogs are born in June and July, with an average litter size of four or five young, of which two or three are usually weaned successfully.', 'Q: How big is Deepstone, Inc.']",Hedgehog litters typically have an average size of four or five young.,,1.0,0.8849436994235428,0.0
strategery definition,"['scrum is a framework for developing and sustaining complex products this guide contains the definition of scrum this definition consists of scrum s roles events artifacts and the rules that bind them togetherken schwaber and jeff sutherland developed scrum the scrum guide is written and provided by themcrum is a framework for developing and sustaining complex products this guide contains the definition of scrum this definition consists of scrum s roles events artifacts and the rules that bind them together', ""Definition of 'ploy'."", 'Definition of man. Definition of Man, also known as the Definition of Human, originated from a summary essay of Kenneth Burke (1897â\x80\x931993) which he included in his 1966 work, Language as Symbolic Action.', 'A creative strategist is somebody with answers.', 'This is the British English definition of king. View American English definition of king.']",I cannot answer from the given context.,,0.0,0.0,0.0
hopalong cassidy's horse's name,"[""Hopalong Cassidy's horse was named Topper. The horse was discovered on a ranch in 1937 and named Topper by the wife of the actor who played Hopalong Cassidy on film and television. The horse was named after the Topper book series by Thorne Smith."", ""An easy way to identify this is to pinch up a skin fold along the horse's back."", 'Cassidy is a given name derived from an Irish surname and ultimately from the Gaelic given name Caiside, meaning clever or curly-haired..The name Caiside comes from the Gaelic word element cas, according to Behindthename.com. Cassidy was the 244th most popular name for girls born in the United States in 2009.he name Caiside comes from the Gaelic word element cas, according to Behindthename.com. Cassidy was the 244th most popular name for girls born in the United States in 2009.', 'Jack, known as jacksepticeye, and real name Sean SÃ©an McLoughlin (mcloughlin origin of his name at:3).', 'Famous Bearer: Mark Twain (1835-1910).Mark Twains real name was Samuel Clemens..ther origins for the name Marc include-English, Latin-American, French.The name Marc is most often used as a boy name or male name.']",Topper,,1.0,0.08799056753607222,0.0
